university_id,system,year,rank
massachusetts-institute-technology-mit,qs,2026,1
massachusetts-institute-technology-mit,usnews,2026,2
massachusetts-institute-technology-mit,the,2011,3
massachusetts-institute-technology-mit,the,2012,7
massachusetts-institute-technology-mit,the,2013,5
massachusetts-institute-technology-mit,the,2014,5
massachusetts-institute-technology-mit,the,2015,6
massachusetts-institute-technology-mit,the,2016,5
massachusetts-institute-technology-mit,the,2017,5
massachusetts-institute-technology-mit,the,2018,5
massachusetts-institute-technology-mit,the,2019,4
massachusetts-institute-technology-mit,the,2020,5
massachusetts-institute-technology-mit,the,2021,5
massachusetts-institute-technology-mit,the,2022,5
massachusetts-institute-technology-mit,the,2023,5
massachusetts-institute-technology-mit,the,2024,3
massachusetts-institute-technology-mit,the,2025,2
massachusetts-institute-technology-mit,the,2026,2
university-oxford,qs,2026,4
university-oxford,usnews,2026,4
university-oxford,the,2011,6
university-oxford,the,2012,4
university-oxford,the,2013,2
university-oxford,the,2014,2
university-oxford,the,2015,3
university-oxford,the,2016,2
university-oxford,the,2017,1
university-oxford,the,2018,1
university-oxford,the,2019,1
university-oxford,the,2020,1
university-oxford,the,2021,1
university-oxford,the,2022,1
university-oxford,the,2023,1
university-oxford,the,2024,1
university-oxford,the,2025,1
university-oxford,the,2026,1
harvard-university,qs,2026,5
harvard-university,usnews,2026,1
harvard-university,the,2011,1
harvard-university,the,2012,2
harvard-university,the,2013,4
harvard-university,the,2014,2
harvard-university,the,2015,2
harvard-university,the,2016,6
harvard-university,the,2017,6
harvard-university,the,2018,6
harvard-university,the,2019,6
harvard-university,the,2020,7
harvard-university,the,2021,3
harvard-university,the,2022,2
harvard-university,the,2023,2
harvard-university,the,2024,4
harvard-university,the,2025,3
harvard-university,the,2026,5
imperial-college-london,qs,2026,2
imperial-college-london,usnews,2026,14
imperial-college-london,the,2011,9
imperial-college-london,the,2012,8
imperial-college-london,the,2013,8
imperial-college-london,the,2014,10
imperial-college-london,the,2015,9
imperial-college-london,the,2016,8
imperial-college-london,the,2017,8
imperial-college-london,the,2018,8
imperial-college-london,the,2019,9
imperial-college-london,the,2020,10
imperial-college-london,the,2021,11
imperial-college-london,the,2022,12
imperial-college-london,the,2023,10
imperial-college-london,the,2024,8
imperial-college-london,the,2025,9
imperial-college-london,the,2026,8
stanford-university,qs,2026,2
stanford-university,usnews,2026,3
stanford-university,the,2011,4
stanford-university,the,2012,2
stanford-university,the,2013,2
stanford-university,the,2014,4
stanford-university,the,2015,4
stanford-university,the,2016,3
stanford-university,the,2017,3
stanford-university,the,2018,3
stanford-university,the,2019,3
stanford-university,the,2020,4
stanford-university,the,2021,2
stanford-university,the,2022,4
stanford-university,the,2023,3
stanford-university,the,2024,2
stanford-university,the,2025,6
stanford-university,the,2026,5
university-cambridge,qs,2026,6
university-cambridge,usnews,2026,5
university-cambridge,the,2011,6
university-cambridge,the,2012,6
university-cambridge,the,2013,7
university-cambridge,the,2014,7
university-cambridge,the,2015,5
university-cambridge,the,2016,4
university-cambridge,the,2017,4
university-cambridge,the,2018,2
university-cambridge,the,2019,2
university-cambridge,the,2020,3
university-cambridge,the,2021,6
university-cambridge,the,2022,5
university-cambridge,the,2023,3
university-cambridge,the,2024,5
university-cambridge,the,2025,5
university-cambridge,the,2026,3
princeton-university,qs,2026,27
princeton-university,usnews,2026,14
princeton-university,the,2011,5
princeton-university,the,2012,5
princeton-university,the,2013,6
princeton-university,the,2014,6
princeton-university,the,2015,7
princeton-university,the,2016,7
princeton-university,the,2017,7
princeton-university,the,2018,7
princeton-university,the,2019,7
princeton-university,the,2020,6
princeton-university,the,2021,9
princeton-university,the,2022,7
princeton-university,the,2023,7
princeton-university,the,2024,6
princeton-university,the,2025,4
princeton-university,the,2026,3
tsinghua-university,qs,2026,14
tsinghua-university,usnews,2026,6
tsinghua-university,the,2011,58
tsinghua-university,the,2012,71
tsinghua-university,the,2013,52
tsinghua-university,the,2014,50
tsinghua-university,the,2015,49
tsinghua-university,the,2016,47
tsinghua-university,the,2017,35
tsinghua-university,the,2018,30
tsinghua-university,the,2019,22
tsinghua-university,the,2020,23
tsinghua-university,the,2021,20
tsinghua-university,the,2022,16
tsinghua-university,the,2023,16
tsinghua-university,the,2024,12
tsinghua-university,the,2025,12
tsinghua-university,the,2026,12
california-institute-technology-caltech,qs,2026,7
california-institute-technology-caltech,usnews,2026,23
california-institute-technology-caltech,the,2011,2
california-institute-technology-caltech,the,2012,1
california-institute-technology-caltech,the,2013,1
california-institute-technology-caltech,the,2014,1
california-institute-technology-caltech,the,2015,1
california-institute-technology-caltech,the,2016,1
california-institute-technology-caltech,the,2017,2
california-institute-technology-caltech,the,2018,3
california-institute-technology-caltech,the,2019,5
california-institute-technology-caltech,the,2020,2
california-institute-technology-caltech,the,2021,4
california-institute-technology-caltech,the,2022,2
california-institute-technology-caltech,the,2023,6
california-institute-technology-caltech,the,2024,7
california-institute-technology-caltech,the,2025,7
california-institute-technology-caltech,the,2026,7
university-california-berkeley-ucb,qs,2026,20
university-california-berkeley-ucb,usnews,2026,7
university-california-berkeley-ucb,the,2011,8
university-california-berkeley-ucb,the,2012,10
university-california-berkeley-ucb,the,2013,9
university-california-berkeley-ucb,the,2014,8
university-california-berkeley-ucb,the,2015,8
university-california-berkeley-ucb,the,2016,13
university-california-berkeley-ucb,the,2017,10
university-california-berkeley-ucb,the,2018,18
university-california-berkeley-ucb,the,2019,15
university-california-berkeley-ucb,the,2020,13
university-california-berkeley-ucb,the,2021,7
university-california-berkeley-ucb,the,2022,8
university-california-berkeley-ucb,the,2023,8
university-california-berkeley-ucb,the,2024,9
university-california-berkeley-ucb,the,2025,8
university-california-berkeley-ucb,the,2026,9
eth-zurich,qs,2026,8
eth-zurich,the,2011,15
eth-zurich,the,2012,15
eth-zurich,the,2013,12
eth-zurich,the,2014,14
eth-zurich,the,2015,13
eth-zurich,the,2016,9
eth-zurich,the,2017,9
eth-zurich,the,2018,10
eth-zurich,the,2019,11
eth-zurich,the,2020,13
eth-zurich,the,2021,14
eth-zurich,the,2022,15
eth-zurich,the,2023,11
eth-zurich,the,2024,11
eth-zurich,the,2025,11
eth-zurich,the,2026,11
ucl,qs,2026,8
ucl,the,2011,22
ucl,the,2012,17
ucl,the,2013,17
ucl,the,2014,21
ucl,the,2015,22
ucl,the,2016,14
ucl,the,2017,15
ucl,the,2018,16
ucl,the,2019,14
ucl,the,2020,15
ucl,the,2021,16
ucl,the,2022,18
ucl,the,2023,22
ucl,the,2024,22
ucl,the,2025,22
ucl,the,2026,22
yale-university,qs,2026,16
yale-university,usnews,2026,8
yale-university,the,2011,10
yale-university,the,2012,11
yale-university,the,2013,11
yale-university,the,2014,11
yale-university,the,2015,9
yale-university,the,2016,12
yale-university,the,2017,12
yale-university,the,2018,12
yale-university,the,2019,8
yale-university,the,2020,8
yale-university,the,2021,8
yale-university,the,2022,9
yale-university,the,2023,9
yale-university,the,2024,10
yale-university,the,2025,10
yale-university,the,2026,10
usn-university-college-london-501693,usnews,2026,9
national-university-singapore-nus,qs,2026,10
national-university-singapore-nus,usnews,2026,16
national-university-singapore-nus,the,2011,34
national-university-singapore-nus,the,2012,40
national-university-singapore-nus,the,2013,29
national-university-singapore-nus,the,2014,26
national-university-singapore-nus,the,2015,25
national-university-singapore-nus,the,2016,26
national-university-singapore-nus,the,2017,24
national-university-singapore-nus,the,2018,22
national-university-singapore-nus,the,2019,23
national-university-singapore-nus,the,2020,25
national-university-singapore-nus,the,2021,25
national-university-singapore-nus,the,2022,21
national-university-singapore-nus,the,2023,19
national-university-singapore-nus,the,2024,19
national-university-singapore-nus,the,2025,17
national-university-singapore-nus,the,2026,17
columbia-university,qs,2026,43
columbia-university,usnews,2026,10
columbia-university,the,2011,18
columbia-university,the,2012,12
columbia-university,the,2013,14
columbia-university,the,2014,13
columbia-university,the,2015,14
columbia-university,the,2016,15
columbia-university,the,2017,16
columbia-university,the,2018,14
columbia-university,the,2019,16
columbia-university,the,2020,16
columbia-university,the,2021,17
columbia-university,the,2022,11
columbia-university,the,2023,11
columbia-university,the,2024,17
columbia-university,the,2025,18
columbia-university,the,2026,20
university-hong-kong,qs,2026,11
university-hong-kong,usnews,2026,40
university-hong-kong,the,2011,21
university-hong-kong,the,2012,34
university-hong-kong,the,2013,35
university-hong-kong,the,2014,43
university-hong-kong,the,2015,43
university-hong-kong,the,2016,44
university-hong-kong,the,2017,43
university-hong-kong,the,2018,40
university-hong-kong,the,2019,36
university-hong-kong,the,2020,35
university-hong-kong,the,2021,39
university-hong-kong,the,2022,30
university-hong-kong,the,2023,31
university-hong-kong,the,2024,35
university-hong-kong,the,2025,35
university-hong-kong,the,2026,33
university-california-los-angeles-ucla,qs,2026,49
university-california-los-angeles-ucla,usnews,2026,11
university-california-los-angeles-ucla,the,2011,11
university-california-los-angeles-ucla,the,2012,13
university-california-los-angeles-ucla,the,2013,13
university-california-los-angeles-ucla,the,2014,12
university-california-los-angeles-ucla,the,2015,12
university-california-los-angeles-ucla,the,2016,16
university-california-los-angeles-ucla,the,2017,14
university-california-los-angeles-ucla,the,2018,15
university-california-los-angeles-ucla,the,2019,17
university-california-los-angeles-ucla,the,2020,17
university-california-los-angeles-ucla,the,2021,15
university-california-los-angeles-ucla,the,2022,20
university-california-los-angeles-ucla,the,2023,21
university-california-los-angeles-ucla,the,2024,18
university-california-los-angeles-ucla,the,2025,18
university-california-los-angeles-ucla,the,2026,18
nanyang-technological-university-singapore-ntu-singapore,qs,2026,12
nanyang-technological-university-singapore-ntu-singapore,the,2011,174
nanyang-technological-university-singapore-ntu-singapore,the,2012,169
nanyang-technological-university-singapore-ntu-singapore,the,2013,86
nanyang-technological-university-singapore-ntu-singapore,the,2014,76
nanyang-technological-university-singapore-ntu-singapore,the,2015,61
nanyang-technological-university-singapore-ntu-singapore,the,2016,55
nanyang-technological-university-singapore-ntu-singapore,the,2017,54
nanyang-technological-university-singapore-ntu-singapore,the,2018,52
nanyang-technological-university-singapore-ntu-singapore,the,2019,51
nanyang-technological-university-singapore-ntu-singapore,the,2020,48
nanyang-technological-university-singapore-ntu-singapore,the,2021,47
nanyang-technological-university-singapore-ntu-singapore,the,2022,46
nanyang-technological-university-singapore-ntu-singapore,the,2023,36
nanyang-technological-university-singapore-ntu-singapore,the,2024,32
nanyang-technological-university-singapore-ntu-singapore,the,2025,30
nanyang-technological-university-singapore-ntu-singapore,the,2026,31
university-washington,qs,2026,92
university-washington,usnews,2026,12
university-washington,the,2011,23
university-washington,the,2012,25
university-washington,the,2013,24
university-washington,the,2014,25
university-washington,the,2015,26
university-washington,the,2016,32
university-washington,the,2017,25
university-washington,the,2018,25
university-washington,the,2019,28
university-washington,the,2020,26
university-washington,the,2021,29
university-washington,the,2022,29
university-washington,the,2023,26
university-washington,the,2024,25
university-washington,the,2025,25
university-washington,the,2026,25
peking-university,qs,2026,13
peking-university,usnews,2026,19
peking-university,the,2011,37
peking-university,the,2012,49
peking-university,the,2013,46
peking-university,the,2014,45
peking-university,the,2015,48
peking-university,the,2016,42
peking-university,the,2017,29
peking-university,the,2018,27
peking-university,the,2019,31
peking-university,the,2020,24
peking-university,the,2021,23
peking-university,the,2022,16
peking-university,the,2023,17
peking-university,the,2024,14
peking-university,the,2025,13
peking-university,the,2026,13
cornell-university,qs,2026,16
cornell-university,usnews,2026,13
cornell-university,the,2011,14
cornell-university,the,2012,20
cornell-university,the,2013,18
cornell-university,the,2014,19
cornell-university,the,2015,19
cornell-university,the,2016,18
cornell-university,the,2017,19
cornell-university,the,2018,19
cornell-university,the,2019,19
cornell-university,the,2020,19
cornell-university,the,2021,19
cornell-university,the,2022,22
cornell-university,the,2023,20
cornell-university,the,2024,20
cornell-university,the,2025,20
cornell-university,the,2026,18
university-pennsylvania,qs,2026,15
university-pennsylvania,usnews,2026,17
university-pennsylvania,the,2011,19
university-pennsylvania,the,2012,16
university-pennsylvania,the,2013,15
university-pennsylvania,the,2014,16
university-pennsylvania,the,2015,16
university-pennsylvania,the,2016,17
university-pennsylvania,the,2017,13
university-pennsylvania,the,2018,10
university-pennsylvania,the,2019,12
university-pennsylvania,the,2020,11
university-pennsylvania,the,2021,13
university-pennsylvania,the,2022,13
university-pennsylvania,the,2023,14
university-pennsylvania,the,2024,16
university-pennsylvania,the,2025,14
university-pennsylvania,the,2026,14
university-chicago,qs,2026,24
university-chicago,usnews,2026,25
university-chicago,the,2011,12
university-chicago,the,2012,9
university-chicago,the,2013,10
university-chicago,the,2014,9
university-chicago,the,2015,11
university-chicago,the,2016,10
university-chicago,the,2017,10
university-chicago,the,2018,9
university-chicago,the,2019,10
university-chicago,the,2020,9
university-chicago,the,2021,10
university-chicago,the,2022,10
university-chicago,the,2023,13
university-chicago,the,2024,13
university-chicago,the,2025,14
university-chicago,the,2026,15
johns-hopkins-university,qs,2026,20
johns-hopkins-university,usnews,2026,17
johns-hopkins-university,the,2011,13
johns-hopkins-university,the,2012,14
johns-hopkins-university,the,2013,16
johns-hopkins-university,the,2014,15
johns-hopkins-university,the,2015,15
johns-hopkins-university,the,2016,11
johns-hopkins-university,the,2017,17
johns-hopkins-university,the,2018,13
johns-hopkins-university,the,2019,12
johns-hopkins-university,the,2020,12
johns-hopkins-university,the,2021,12
johns-hopkins-university,the,2022,13
johns-hopkins-university,the,2023,15
johns-hopkins-university,the,2024,15
johns-hopkins-university,the,2025,16
johns-hopkins-university,the,2026,16
chinese-university-hong-kong-cuhk,qs,2026,18
chinese-university-hong-kong-cuhk,usnews,2026,28
chinese-university-hong-kong-cuhk,the,2012,151
chinese-university-hong-kong-cuhk,the,2013,124
chinese-university-hong-kong-cuhk,the,2014,109
chinese-university-hong-kong-cuhk,the,2015,129
chinese-university-hong-kong-cuhk,the,2016,138
chinese-university-hong-kong-cuhk,the,2017,76
chinese-university-hong-kong-cuhk,the,2018,58
chinese-university-hong-kong-cuhk,the,2019,53
chinese-university-hong-kong-cuhk,the,2020,57
chinese-university-hong-kong-cuhk,the,2021,56
chinese-university-hong-kong-cuhk,the,2022,49
chinese-university-hong-kong-cuhk,the,2023,45
chinese-university-hong-kong-cuhk,the,2024,53
chinese-university-hong-kong-cuhk,the,2025,44
chinese-university-hong-kong-cuhk,the,2026,41
university-new-south-wales-unsw-sydney,qs,2026,19
university-new-south-wales-unsw-sydney,usnews,2026,33
university-toronto,qs,2026,32
university-toronto,usnews,2026,20
university-toronto,the,2011,17
university-toronto,the,2012,19
university-toronto,the,2013,21
university-toronto,the,2014,20
university-toronto,the,2015,20
university-toronto,the,2016,19
university-toronto,the,2017,22
university-toronto,the,2018,22
university-toronto,the,2019,21
university-toronto,the,2020,18
university-toronto,the,2021,18
university-toronto,the,2022,18
university-toronto,the,2023,18
university-toronto,the,2024,21
university-toronto,the,2025,21
university-toronto,the,2026,21
university-michigan-ann-arbor,qs,2026,51
university-michigan-ann-arbor,usnews,2026,21
university-michigan-ann-arbor,the,2011,15
university-michigan-ann-arbor,the,2012,18
university-michigan-ann-arbor,the,2013,20
university-michigan-ann-arbor,the,2014,18
university-michigan-ann-arbor,the,2015,17
university-michigan-ann-arbor,the,2016,21
university-michigan-ann-arbor,the,2017,21
university-michigan-ann-arbor,the,2018,21
university-michigan-ann-arbor,the,2019,20
university-michigan-ann-arbor,the,2020,21
university-michigan-ann-arbor,the,2021,22
university-michigan-ann-arbor,the,2022,24
university-michigan-ann-arbor,the,2023,23
university-michigan-ann-arbor,the,2024,23
university-michigan-ann-arbor,the,2025,22
university-michigan-ann-arbor,the,2026,23
epfl-ecole-polytechnique-federale-de-lausanne,qs,2026,22
university-melbourne,qs,2026,22
university-melbourne,usnews,2026,28
university-melbourne,the,2011,36
university-melbourne,the,2012,37
university-melbourne,the,2013,28
university-melbourne,the,2014,34
university-melbourne,the,2015,33
university-melbourne,the,2016,33
university-melbourne,the,2017,33
university-melbourne,the,2018,32
university-melbourne,the,2019,32
university-melbourne,the,2020,32
university-melbourne,the,2021,31
university-melbourne,the,2022,33
university-melbourne,the,2023,34
university-melbourne,the,2024,37
university-melbourne,the,2025,39
university-melbourne,the,2026,37
usn-university-of-california-san-francisco-110699,usnews,2026,22
university-california-san-diego-ucsd,qs,2026,81
university-california-san-diego-ucsd,usnews,2026,23
university-california-san-diego-ucsd,the,2011,32
university-california-san-diego-ucsd,the,2012,33
university-california-san-diego-ucsd,the,2013,38
university-california-san-diego-ucsd,the,2014,40
university-california-san-diego-ucsd,the,2015,41
university-california-san-diego-ucsd,the,2016,39
university-california-san-diego-ucsd,the,2017,41
university-california-san-diego-ucsd,the,2018,31
university-california-san-diego-ucsd,the,2019,30
university-california-san-diego-ucsd,the,2020,31
university-california-san-diego-ucsd,the,2021,33
university-california-san-diego-ucsd,the,2022,34
university-california-san-diego-ucsd,the,2023,32
university-california-san-diego-ucsd,the,2024,34
university-california-san-diego-ucsd,the,2025,34
university-california-san-diego-ucsd,the,2026,47
carnegie-mellon-university,qs,2026,55
carnegie-mellon-university,usnews,2026,112
carnegie-mellon-university,the,2011,20
carnegie-mellon-university,the,2012,21
carnegie-mellon-university,the,2013,22
carnegie-mellon-university,the,2014,24
carnegie-mellon-university,the,2015,24
carnegie-mellon-university,the,2016,22
carnegie-mellon-university,the,2017,23
carnegie-mellon-university,the,2018,24
carnegie-mellon-university,the,2019,24
carnegie-mellon-university,the,2020,27
carnegie-mellon-university,the,2021,28
carnegie-mellon-university,the,2022,28
carnegie-mellon-university,the,2023,28
carnegie-mellon-university,the,2024,24
carnegie-mellon-university,the,2025,24
carnegie-mellon-university,the,2026,24
technical-university-munich,qs,2026,25
technical-university-munich,usnews,2026,73
technical-university-munich,the,2011,101
technical-university-munich,the,2012,88
technical-university-munich,the,2013,105
technical-university-munich,the,2014,87
technical-university-munich,the,2015,98
technical-university-munich,the,2016,53
technical-university-munich,the,2017,46
technical-university-munich,the,2018,41
technical-university-munich,the,2019,44
technical-university-munich,the,2020,43
technical-university-munich,the,2021,41
technical-university-munich,the,2022,38
technical-university-munich,the,2023,30
technical-university-munich,the,2024,30
technical-university-munich,the,2025,26
technical-university-munich,the,2026,27
fudan-university,qs,2026,26
fudan-university,usnews,2026,49
fudan-university,the,2012,226
fudan-university,the,2013,201
fudan-university,the,2014,201
fudan-university,the,2015,193
fudan-university,the,2016,201
fudan-university,the,2017,155
fudan-university,the,2018,116
fudan-university,the,2019,104
fudan-university,the,2020,109
fudan-university,the,2021,70
fudan-university,the,2022,60
fudan-university,the,2023,51
fudan-university,the,2024,44
fudan-university,the,2025,36
fudan-university,the,2026,36
university-tokyo,qs,2026,39
university-tokyo,usnews,2026,72
university-tokyo,the,2011,26
university-tokyo,the,2012,30
university-tokyo,the,2013,27
university-tokyo,the,2014,23
university-tokyo,the,2015,23
university-tokyo,the,2016,43
university-tokyo,the,2017,39
university-tokyo,the,2018,46
university-tokyo,the,2019,42
university-tokyo,the,2020,36
university-tokyo,the,2021,36
university-tokyo,the,2022,35
university-tokyo,the,2023,39
university-tokyo,the,2024,29
university-tokyo,the,2025,28
university-tokyo,the,2026,26
northwestern-university,qs,2026,45
northwestern-university,usnews,2026,26
northwestern-university,the,2011,25
northwestern-university,the,2012,26
northwestern-university,the,2013,19
northwestern-university,the,2014,22
northwestern-university,the,2015,21
northwestern-university,the,2016,25
northwestern-university,the,2017,20
northwestern-university,the,2018,20
northwestern-university,the,2019,25
northwestern-university,the,2020,22
northwestern-university,the,2021,24
northwestern-university,the,2022,24
northwestern-university,the,2023,26
northwestern-university,the,2024,28
northwestern-university,the,2025,31
northwestern-university,the,2026,30
usn-nanyang-technological-university-503366,usnews,2026,27
university-sydney,qs,2026,28
university-sydney,usnews,2026,31
university-sydney,the,2011,71
university-sydney,the,2012,58
university-sydney,the,2013,62
university-sydney,the,2014,72
university-sydney,the,2015,60
university-sydney,the,2016,56
university-sydney,the,2017,60
university-sydney,the,2018,61
university-sydney,the,2019,59
university-sydney,the,2020,60
university-sydney,the,2021,51
university-sydney,the,2022,58
university-sydney,the,2023,54
university-sydney,the,2024,60
university-sydney,the,2025,61
university-sydney,the,2026,53
duke-university,qs,2026,70
duke-university,usnews,2026,30
duke-university,the,2011,24
duke-university,the,2012,22
duke-university,the,2013,23
duke-university,the,2014,17
duke-university,the,2015,18
duke-university,the,2016,20
duke-university,the,2017,18
duke-university,the,2018,17
duke-university,the,2019,18
duke-university,the,2020,20
duke-university,the,2021,20
duke-university,the,2022,23
duke-university,the,2023,25
duke-university,the,2024,26
duke-university,the,2025,27
duke-university,the,2026,28
australian-national-university-anu,qs,2026,29
australian-national-university-anu,usnews,2026,81
australian-national-university-anu,the,2011,43
australian-national-university-anu,the,2012,38
australian-national-university-anu,the,2013,37
australian-national-university-anu,the,2014,48
australian-national-university-anu,the,2015,45
australian-national-university-anu,the,2016,52
australian-national-university-anu,the,2017,47
australian-national-university-anu,the,2018,48
australian-national-university-anu,the,2019,49
australian-national-university-anu,the,2020,50
australian-national-university-anu,the,2021,59
australian-national-university-anu,the,2022,54
australian-national-university-anu,the,2023,62
australian-national-university-anu,the,2024,67
australian-national-university-anu,the,2025,73
australian-national-university-anu,the,2026,73
university-edinburgh,qs,2026,35
university-edinburgh,usnews,2026,41
university-edinburgh,the,2011,40
university-edinburgh,the,2012,36
university-edinburgh,the,2013,32
university-edinburgh,the,2014,39
university-edinburgh,the,2015,36
university-edinburgh,the,2016,24
university-edinburgh,the,2017,27
university-edinburgh,the,2018,27
university-edinburgh,the,2019,29
university-edinburgh,the,2020,30
university-edinburgh,the,2021,30
university-edinburgh,the,2022,30
university-edinburgh,the,2023,29
university-edinburgh,the,2024,30
university-edinburgh,the,2025,29
university-edinburgh,the,2026,29
mcgill-university,qs,2026,30
mcgill-university,usnews,2026,68
mcgill-university,the,2011,35
mcgill-university,the,2012,28
mcgill-university,the,2013,34
mcgill-university,the,2014,35
mcgill-university,the,2015,39
mcgill-university,the,2016,38
mcgill-university,the,2017,42
mcgill-university,the,2018,42
mcgill-university,the,2019,44
mcgill-university,the,2020,42
mcgill-university,the,2021,40
mcgill-university,the,2022,44
mcgill-university,the,2023,46
mcgill-university,the,2024,49
mcgill-university,the,2025,45
mcgill-university,the,2026,41
monash-university,qs,2026,31
monash-university,usnews,2026,38
monash-university,the,2011,178
monash-university,the,2012,117
monash-university,the,2013,99
monash-university,the,2014,91
monash-university,the,2015,83
monash-university,the,2016,73
monash-university,the,2017,74
monash-university,the,2018,80
monash-university,the,2019,84
monash-university,the,2020,75
monash-university,the,2021,64
monash-university,the,2022,57
monash-university,the,2023,44
monash-university,the,2024,54
monash-university,the,2025,58
monash-university,the,2026,58
new-york-university-nyu,qs,2026,58
new-york-university-nyu,usnews,2026,36
new-york-university-nyu,the,2011,60
new-york-university-nyu,the,2012,44
new-york-university-nyu,the,2013,41
new-york-university-nyu,the,2014,40
new-york-university-nyu,the,2015,38
new-york-university-nyu,the,2016,30
new-york-university-nyu,the,2017,32
new-york-university-nyu,the,2018,27
new-york-university-nyu,the,2019,27
new-york-university-nyu,the,2020,29
new-york-university-nyu,the,2021,26
new-york-university-nyu,the,2022,26
new-york-university-nyu,the,2023,24
new-york-university-nyu,the,2024,27
new-york-university-nyu,the,2025,33
new-york-university-nyu,the,2026,31
washington-university-st-louis,qs,2026,162
washington-university-st-louis,usnews,2026,32
washington-university-st-louis,the,2011,38
washington-university-st-louis,the,2012,41
washington-university-st-louis,the,2013,44
washington-university-st-louis,the,2014,42
washington-university-st-louis,the,2015,42
washington-university-st-louis,the,2016,60
washington-university-st-louis,the,2017,57
washington-university-st-louis,the,2018,50
washington-university-st-louis,the,2019,54
washington-university-st-louis,the,2020,52
washington-university-st-louis,the,2021,50
washington-university-st-louis,the,2022,51
washington-university-st-louis,the,2023,57
washington-university-st-louis,the,2024,68
washington-university-st-louis,the,2025,69
washington-university-st-louis,the,2026,67
hong-kong-university-science-technology,qs,2026,33
hong-kong-university-science-technology,usnews,2026,82
hong-kong-university-science-technology,the,2011,41
hong-kong-university-science-technology,the,2012,62
hong-kong-university-science-technology,the,2013,65
hong-kong-university-science-technology,the,2014,57
hong-kong-university-science-technology,the,2015,51
hong-kong-university-science-technology,the,2016,59
hong-kong-university-science-technology,the,2017,49
hong-kong-university-science-technology,the,2018,44
hong-kong-university-science-technology,the,2019,41
hong-kong-university-science-technology,the,2020,47
hong-kong-university-science-technology,the,2021,56
hong-kong-university-science-technology,the,2022,66
hong-kong-university-science-technology,the,2023,58
hong-kong-university-science-technology,the,2024,64
hong-kong-university-science-technology,the,2025,66
hong-kong-university-science-technology,the,2026,58
usn-swiss-federal-institute-of-technology-zurich-502241,usnews,2026,33
universite-psl,qs,2026,34
the-lmu-munich,the,2011,61
the-lmu-munich,the,2012,45
the-lmu-munich,the,2013,48
the-lmu-munich,the,2014,55
the-lmu-munich,the,2015,29
the-lmu-munich,the,2016,29
the-lmu-munich,the,2017,30
the-lmu-munich,the,2018,34
the-lmu-munich,the,2019,32
the-lmu-munich,the,2020,32
the-lmu-munich,the,2021,32
the-lmu-munich,the,2022,32
the-lmu-munich,the,2023,33
the-lmu-munich,the,2024,38
the-lmu-munich,the,2025,38
the-lmu-munich,the,2026,34
zhejiang-university,qs,2026,47
zhejiang-university,usnews,2026,35
zhejiang-university,the,2011,197
zhejiang-university,the,2012,301
zhejiang-university,the,2013,301
zhejiang-university,the,2014,301
zhejiang-university,the,2015,301
zhejiang-university,the,2016,251
zhejiang-university,the,2017,201
zhejiang-university,the,2018,177
zhejiang-university,the,2019,101
zhejiang-university,the,2020,107
zhejiang-university,the,2021,94
zhejiang-university,the,2022,75
zhejiang-university,the,2023,67
zhejiang-university,the,2024,55
zhejiang-university,the,2025,47
zhejiang-university,the,2026,39
the-ecole-polytechnique-federale-de-lausanne,the,2011,48
the-ecole-polytechnique-federale-de-lausanne,the,2012,46
the-ecole-polytechnique-federale-de-lausanne,the,2013,40
the-ecole-polytechnique-federale-de-lausanne,the,2014,37
the-ecole-polytechnique-federale-de-lausanne,the,2015,34
the-ecole-polytechnique-federale-de-lausanne,the,2016,31
the-ecole-polytechnique-federale-de-lausanne,the,2017,30
the-ecole-polytechnique-federale-de-lausanne,the,2018,38
the-ecole-polytechnique-federale-de-lausanne,the,2019,35
the-ecole-polytechnique-federale-de-lausanne,the,2020,38
the-ecole-polytechnique-federale-de-lausanne,the,2021,43
the-ecole-polytechnique-federale-de-lausanne,the,2022,40
the-ecole-polytechnique-federale-de-lausanne,the,2023,41
the-ecole-polytechnique-federale-de-lausanne,the,2024,33
the-ecole-polytechnique-federale-de-lausanne,the,2025,32
the-ecole-polytechnique-federale-de-lausanne,the,2026,35
shanghai-jiao-tong-university,qs,2026,36
shanghai-jiao-tong-university,usnews,2026,37
shanghai-jiao-tong-university,the,2012,301
shanghai-jiao-tong-university,the,2013,276
shanghai-jiao-tong-university,the,2014,301
shanghai-jiao-tong-university,the,2015,276
shanghai-jiao-tong-university,the,2016,301
shanghai-jiao-tong-university,the,2017,201
shanghai-jiao-tong-university,the,2018,188
shanghai-jiao-tong-university,the,2019,189
shanghai-jiao-tong-university,the,2020,157
shanghai-jiao-tong-university,the,2021,100
shanghai-jiao-tong-university,the,2022,84
shanghai-jiao-tong-university,the,2023,52
shanghai-jiao-tong-university,the,2024,43
shanghai-jiao-tong-university,the,2025,52
shanghai-jiao-tong-university,the,2026,40
kings-college-london,qs,2026,37
kings-college-london,usnews,2026,42
kings-college-london,the,2011,77
kings-college-london,the,2012,56
kings-college-london,the,2013,57
kings-college-london,the,2014,38
kings-college-london,the,2015,40
kings-college-london,the,2016,27
kings-college-london,the,2017,36
kings-college-london,the,2018,36
kings-college-london,the,2019,38
kings-college-london,the,2020,36
kings-college-london,the,2021,35
kings-college-london,the,2022,35
kings-college-london,the,2023,35
kings-college-london,the,2024,38
kings-college-london,the,2025,36
kings-college-london,the,2026,38
seoul-national-university,qs,2026,38
seoul-national-university,usnews,2026,121
seoul-national-university,the,2011,109
seoul-national-university,the,2012,124
seoul-national-university,the,2013,59
seoul-national-university,the,2014,44
seoul-national-university,the,2015,50
seoul-national-university,the,2016,85
seoul-national-university,the,2017,72
seoul-national-university,the,2018,74
seoul-national-university,the,2019,63
seoul-national-university,the,2020,64
seoul-national-university,the,2021,60
seoul-national-university,the,2022,54
seoul-national-university,the,2023,56
seoul-national-university,the,2024,62
seoul-national-university,the,2025,62
seoul-national-university,the,2026,58
university-amsterdam,qs,2026,60
university-amsterdam,usnews,2026,39
university-amsterdam,the,2011,165
university-amsterdam,the,2012,92
university-amsterdam,the,2013,83
university-amsterdam,the,2014,83
university-amsterdam,the,2015,77
university-amsterdam,the,2016,58
university-amsterdam,the,2017,63
university-amsterdam,the,2018,59
university-amsterdam,the,2019,62
university-amsterdam,the,2020,62
university-amsterdam,the,2021,66
university-amsterdam,the,2022,65
university-amsterdam,the,2023,60
university-amsterdam,the,2024,61
university-amsterdam,the,2025,58
university-amsterdam,the,2026,62
university-manchester,qs,2026,40
university-manchester,usnews,2026,68
university-manchester,the,2011,87
university-manchester,the,2012,48
university-manchester,the,2013,49
university-manchester,the,2014,58
university-manchester,the,2015,52
university-manchester,the,2016,56
university-manchester,the,2017,55
university-manchester,the,2018,54
university-manchester,the,2019,57
university-manchester,the,2020,55
university-manchester,the,2021,51
university-manchester,the,2022,50
university-manchester,the,2023,54
university-manchester,the,2024,51
university-manchester,the,2025,53
university-manchester,the,2026,56
university-queensland,qs,2026,40
university-queensland,the,2011,81
university-queensland,the,2012,74
university-queensland,the,2013,65
university-queensland,the,2014,63
university-queensland,the,2015,65
university-queensland,the,2016,60
university-queensland,the,2017,60
university-queensland,the,2018,65
university-queensland,the,2019,69
university-queensland,the,2020,66
university-queensland,the,2021,62
university-queensland,the,2022,54
university-queensland,the,2023,53
university-queensland,the,2024,70
university-queensland,the,2025,77
university-queensland,the,2026,80
university-illinois-urbana-champaign,qs,2026,74
university-illinois-urbana-champaign,usnews,2026,98
university-illinois-urbana-champaign,the,2011,33
university-illinois-urbana-champaign,the,2012,31
university-illinois-urbana-champaign,the,2013,33
university-illinois-urbana-champaign,the,2014,29
university-illinois-urbana-champaign,the,2015,29
university-illinois-urbana-champaign,the,2016,36
university-illinois-urbana-champaign,the,2017,36
university-illinois-urbana-champaign,the,2018,37
university-illinois-urbana-champaign,the,2019,50
university-illinois-urbana-champaign,the,2020,48
university-illinois-urbana-champaign,the,2021,48
university-illinois-urbana-champaign,the,2022,48
university-illinois-urbana-champaign,the,2023,48
university-illinois-urbana-champaign,the,2024,42
university-illinois-urbana-champaign,the,2025,46
university-illinois-urbana-champaign,the,2026,41
georgia-institute-technology,qs,2026,142
georgia-institute-technology,usnews,2026,94
georgia-institute-technology,the,2011,27
georgia-institute-technology,the,2012,24
georgia-institute-technology,the,2013,25
georgia-institute-technology,the,2014,28
georgia-institute-technology,the,2015,27
georgia-institute-technology,the,2016,41
georgia-institute-technology,the,2017,33
georgia-institute-technology,the,2018,33
georgia-institute-technology,the,2019,34
georgia-institute-technology,the,2020,38
georgia-institute-technology,the,2021,38
georgia-institute-technology,the,2022,45
georgia-institute-technology,the,2023,38
georgia-institute-technology,the,2024,36
georgia-institute-technology,the,2025,40
georgia-institute-technology,the,2026,41
yonsei-university,qs,2026,42
yonsei-university,usnews,2026,135
yonsei-university,the,2011,190
yonsei-university,the,2012,226
yonsei-university,the,2013,183
yonsei-university,the,2014,190
yonsei-university,the,2015,201
yonsei-university,the,2016,301
yonsei-university,the,2017,251
yonsei-university,the,2018,201
yonsei-university,the,2019,201
yonsei-university,the,2020,197
yonsei-university,the,2021,187
yonsei-university,the,2022,151
yonsei-university,the,2023,78
yonsei-university,the,2024,76
yonsei-university,the,2025,102
yonsei-university,the,2026,86
university-british-columbia,qs,2026,45
university-british-columbia,usnews,2026,42
university-british-columbia,the,2011,30
university-british-columbia,the,2012,22
university-british-columbia,the,2013,30
university-british-columbia,the,2014,31
university-british-columbia,the,2015,32
university-british-columbia,the,2016,34
university-british-columbia,the,2017,36
university-british-columbia,the,2018,34
university-british-columbia,the,2019,37
university-british-columbia,the,2020,34
university-british-columbia,the,2021,34
university-british-columbia,the,2022,37
university-british-columbia,the,2023,40
university-british-columbia,the,2024,41
university-british-columbia,the,2025,41
university-british-columbia,the,2026,45
usn-university-of-queensland-australia-500164,usnews,2026,42
institut-polytechnique-de-paris,qs,2026,43
institut-polytechnique-de-paris,usnews,2026,328
institut-polytechnique-de-paris,the,2022,91
institut-polytechnique-de-paris,the,2023,95
institut-polytechnique-de-paris,the,2024,71
institut-polytechnique-de-paris,the,2025,71
institut-polytechnique-de-paris,the,2026,68
university-copenhagen,qs,2026,90
university-copenhagen,usnews,2026,45
university-copenhagen,the,2011,177
university-copenhagen,the,2012,135
university-copenhagen,the,2013,130
university-copenhagen,the,2014,150
university-copenhagen,the,2015,160
university-copenhagen,the,2016,82
university-copenhagen,the,2017,120
university-copenhagen,the,2018,109
university-copenhagen,the,2019,116
university-copenhagen,the,2020,101
university-copenhagen,the,2021,84
university-copenhagen,the,2022,96
university-copenhagen,the,2023,114
university-copenhagen,the,2024,103
university-copenhagen,the,2025,97
university-copenhagen,the,2026,90
ku-leuven,qs,2026,59
ku-leuven,usnews,2026,48
ku-leuven,the,2011,119
ku-leuven,the,2012,67
ku-leuven,the,2013,58
ku-leuven,the,2014,61
ku-leuven,the,2015,55
ku-leuven,the,2016,35
ku-leuven,the,2017,40
ku-leuven,the,2018,47
ku-leuven,the,2019,48
ku-leuven,the,2020,45
ku-leuven,the,2021,45
ku-leuven,the,2022,42
ku-leuven,the,2023,42
ku-leuven,the,2024,45
ku-leuven,the,2025,43
ku-leuven,the,2026,46
usn-icahn-school-of-medicine-at-mount-sinai-193405,usnews,2026,46
city-university-hong-kong-cityuhk,qs,2026,52
city-university-hong-kong-cityuhk,usnews,2026,47
city-university-hong-kong-cityuhk,the,2012,193
city-university-hong-kong-cityuhk,the,2013,182
city-university-hong-kong-cityuhk,the,2014,201
city-university-hong-kong-cityuhk,the,2015,192
city-university-hong-kong-cityuhk,the,2016,201
city-university-hong-kong-cityuhk,the,2017,119
city-university-hong-kong-cityuhk,the,2018,119
city-university-hong-kong-cityuhk,the,2019,110
city-university-hong-kong-cityuhk,the,2020,126
city-university-hong-kong-cityuhk,the,2021,126
city-university-hong-kong-cityuhk,the,2022,151
city-university-hong-kong-cityuhk,the,2023,99
city-university-hong-kong-cityuhk,the,2024,82
city-university-hong-kong-cityuhk,the,2025,78
city-university-hong-kong-cityuhk,the,2026,73
delft-university-technology,qs,2026,48
delft-university-technology,usnews,2026,170
delft-university-technology,the,2011,151
delft-university-technology,the,2012,104
delft-university-technology,the,2013,77
delft-university-technology,the,2014,69
delft-university-technology,the,2015,71
delft-university-technology,the,2016,65
delft-university-technology,the,2017,59
delft-university-technology,the,2018,63
delft-university-technology,the,2019,58
delft-university-technology,the,2020,67
delft-university-technology,the,2021,78
delft-university-technology,the,2022,75
delft-university-technology,the,2023,70
delft-university-technology,the,2024,48
delft-university-technology,the,2025,56
delft-university-technology,the,2026,57
the-paris-sciences-et-lettres-psl-research-university-paris,the,2018,72
the-paris-sciences-et-lettres-psl-research-university-paris,the,2019,41
the-paris-sciences-et-lettres-psl-research-university-paris,the,2020,45
the-paris-sciences-et-lettres-psl-research-university-paris,the,2021,46
the-paris-sciences-et-lettres-psl-research-university-paris,the,2022,40
the-paris-sciences-et-lettres-psl-research-university-paris,the,2023,47
the-paris-sciences-et-lettres-psl-research-university-paris,the,2024,40
the-paris-sciences-et-lettres-psl-research-university-paris,the,2025,42
the-paris-sciences-et-lettres-psl-research-university-paris,the,2026,48
universitat-heidelberg,qs,2026,86
universitat-heidelberg,usnews,2026,68
universitat-heidelberg,the,2011,83
universitat-heidelberg,the,2012,73
universitat-heidelberg,the,2013,78
universitat-heidelberg,the,2014,68
universitat-heidelberg,the,2015,70
universitat-heidelberg,the,2016,37
universitat-heidelberg,the,2017,43
universitat-heidelberg,the,2018,45
universitat-heidelberg,the,2019,47
universitat-heidelberg,the,2020,44
universitat-heidelberg,the,2021,42
universitat-heidelberg,the,2022,42
universitat-heidelberg,the,2023,43
universitat-heidelberg,the,2024,47
universitat-heidelberg,the,2025,47
universitat-heidelberg,the,2026,49
hong-kong-polytechnic-university,qs,2026,50
hong-kong-polytechnic-university,usnews,2026,52
hong-kong-polytechnic-university,the,2011,149
hong-kong-polytechnic-university,the,2012,251
hong-kong-polytechnic-university,the,2013,251
hong-kong-polytechnic-university,the,2014,251
hong-kong-polytechnic-university,the,2015,201
hong-kong-polytechnic-university,the,2016,201
hong-kong-polytechnic-university,the,2017,192
hong-kong-polytechnic-university,the,2018,182
hong-kong-polytechnic-university,the,2019,159
hong-kong-polytechnic-university,the,2020,171
hong-kong-polytechnic-university,the,2021,129
hong-kong-polytechnic-university,the,2022,91
hong-kong-polytechnic-university,the,2023,79
hong-kong-polytechnic-university,the,2024,87
hong-kong-polytechnic-university,the,2025,84
hong-kong-polytechnic-university,the,2026,80
university-texas-austin,qs,2026,72
university-texas-austin,usnews,2026,56
university-texas-austin,the,2012,29
university-texas-austin,the,2013,25
university-texas-austin,the,2014,27
university-texas-austin,the,2015,28
university-texas-austin,the,2016,46
university-texas-austin,the,2017,50
university-texas-austin,the,2018,49
university-texas-austin,the,2019,39
university-texas-austin,the,2020,38
university-texas-austin,the,2021,44
university-texas-austin,the,2022,47
university-texas-austin,the,2023,50
university-texas-austin,the,2024,52
university-texas-austin,the,2025,50
university-texas-austin,the,2026,50
usn-university-of-munich-500951,usnews,2026,50
university-science-technology-china,qs,2026,134
university-science-technology-china,the,2011,49
university-science-technology-china,the,2012,192
university-science-technology-china,the,2013,201
university-science-technology-china,the,2014,201
university-science-technology-china,the,2015,201
university-science-technology-china,the,2016,201
university-science-technology-china,the,2017,153
university-science-technology-china,the,2018,132
university-science-technology-china,the,2019,93
university-science-technology-china,the,2020,80
university-science-technology-china,the,2021,87
university-science-technology-china,the,2022,88
university-science-technology-china,the,2023,74
university-science-technology-china,the,2024,57
university-science-technology-china,the,2025,53
university-science-technology-china,the,2026,51
humboldt-universitat-zu-berlin,qs,2026,140
humboldt-universitat-zu-berlin,usnews,2026,51
korea-university,qs,2026,52
korea-university,usnews,2026,255
korea-university,the,2012,226
korea-university,the,2013,226
korea-university,the,2014,201
korea-university,the,2015,201
korea-university,the,2016,251
korea-university,the,2017,201
korea-university,the,2018,201
korea-university,the,2019,198
korea-university,the,2020,179
korea-university,the,2021,167
korea-university,the,2022,201
korea-university,the,2023,201
korea-university,the,2024,201
korea-university,the,2025,189
korea-university,the,2026,156
london-school-economics-political-science-lse,qs,2026,62
london-school-economics-political-science-lse,usnews,2026,223
london-school-economics-political-science-lse,the,2011,86
london-school-economics-political-science-lse,the,2012,47
london-school-economics-political-science-lse,the,2013,39
london-school-economics-political-science-lse,the,2014,32
london-school-economics-political-science-lse,the,2015,34
london-school-economics-political-science-lse,the,2016,23
london-school-economics-political-science-lse,the,2017,25
london-school-economics-political-science-lse,the,2018,25
london-school-economics-political-science-lse,the,2019,26
london-school-economics-political-science-lse,the,2020,27
london-school-economics-political-science-lse,the,2021,27
london-school-economics-political-science-lse,the,2022,27
london-school-economics-political-science-lse,the,2023,37
london-school-economics-political-science-lse,the,2024,46
london-school-economics-political-science-lse,the,2025,50
london-school-economics-political-science-lse,the,2026,52
university-wisconsin-madison,qs,2026,131
university-wisconsin-madison,usnews,2026,60
university-wisconsin-madison,the,2012,27
university-wisconsin-madison,the,2013,31
university-wisconsin-madison,the,2014,30
university-wisconsin-madison,the,2015,29
university-wisconsin-madison,the,2016,50
university-wisconsin-madison,the,2017,45
university-wisconsin-madison,the,2018,43
university-wisconsin-madison,the,2019,43
university-wisconsin-madison,the,2020,51
university-wisconsin-madison,the,2021,49
university-wisconsin-madison,the,2022,58
university-wisconsin-madison,the,2023,81
university-wisconsin-madison,the,2024,63
university-wisconsin-madison,the,2025,56
university-wisconsin-madison,the,2026,53
university-chinese-academy-sciences-ucas,qs,2026,360
university-chinese-academy-sciences-ucas,usnews,2026,53
usn-karolinska-institute-503151,usnews,2026,57
usn-karolinska-institute-503151,the,2011,43
usn-karolinska-institute-503151,the,2012,32
usn-karolinska-institute-503151,the,2013,42
usn-karolinska-institute-503151,the,2014,36
usn-karolinska-institute-503151,the,2015,44
usn-karolinska-institute-503151,the,2016,28
usn-karolinska-institute-503151,the,2017,28
usn-karolinska-institute-503151,the,2018,38
usn-karolinska-institute-503151,the,2019,40
usn-karolinska-institute-503151,the,2020,41
usn-karolinska-institute-503151,the,2021,36
usn-karolinska-institute-503151,the,2022,39
usn-karolinska-institute-503151,the,2023,49
usn-karolinska-institute-503151,the,2024,50
usn-karolinska-institute-503151,the,2025,49
usn-karolinska-institute-503151,the,2026,53
national-taiwan-university-ntu,qs,2026,54
national-taiwan-university-ntu,usnews,2026,233
national-taiwan-university-ntu,the,2011,115
national-taiwan-university-ntu,the,2012,154
national-taiwan-university-ntu,the,2013,134
national-taiwan-university-ntu,the,2014,142
national-taiwan-university-ntu,the,2015,155
national-taiwan-university-ntu,the,2016,167
national-taiwan-university-ntu,the,2017,195
national-taiwan-university-ntu,the,2018,198
national-taiwan-university-ntu,the,2019,170
national-taiwan-university-ntu,the,2020,120
national-taiwan-university-ntu,the,2021,97
national-taiwan-university-ntu,the,2022,113
national-taiwan-university-ntu,the,2023,187
national-taiwan-university-ntu,the,2024,152
national-taiwan-university-ntu,the,2025,172
national-taiwan-university-ntu,the,2026,140
utrecht-university,qs,2026,113
utrecht-university,usnews,2026,54
utrecht-university,the,2011,143
utrecht-university,the,2012,68
utrecht-university,the,2013,67
utrecht-university,the,2014,74
utrecht-university,the,2015,79
utrecht-university,the,2016,62
utrecht-university,the,2017,86
utrecht-university,the,2018,68
utrecht-university,the,2019,74
utrecht-university,the,2020,75
utrecht-university,the,2021,75
utrecht-university,the,2022,69
utrecht-university,the,2023,66
university-north-carolina-chapel-hill,qs,2026,158
university-north-carolina-chapel-hill,usnews,2026,55
university-north-carolina-chapel-hill,the,2011,30
university-north-carolina-chapel-hill,the,2012,43
university-north-carolina-chapel-hill,the,2013,42
university-north-carolina-chapel-hill,the,2014,47
university-north-carolina-chapel-hill,the,2015,46
university-north-carolina-chapel-hill,the,2016,63
university-north-carolina-chapel-hill,the,2017,56
university-north-carolina-chapel-hill,the,2018,56
university-north-carolina-chapel-hill,the,2019,56
university-north-carolina-chapel-hill,the,2020,54
university-north-carolina-chapel-hill,the,2021,56
university-north-carolina-chapel-hill,the,2022,52
university-north-carolina-chapel-hill,the,2023,69
university-north-carolina-chapel-hill,the,2024,72
university-north-carolina-chapel-hill,the,2025,70
university-north-carolina-chapel-hill,the,2026,78
universiti-malaya-um,qs,2026,56
universiti-malaya-um,usnews,2026,311
universiti-malaya-um,the,2018,351
universiti-malaya-um,the,2019,301
universiti-malaya-um,the,2020,301
universiti-malaya-um,the,2021,301
universiti-malaya-um,the,2022,301
universiti-malaya-um,the,2023,351
universiti-malaya-um,the,2024,251
universiti-malaya-um,the,2025,251
universiti-malaya-um,the,2026,201
university-bristol,qs,2026,57
university-bristol,usnews,2026,115
university-bristol,the,2011,68
university-bristol,the,2012,66
university-bristol,the,2013,74
university-bristol,the,2014,79
university-bristol,the,2015,74
university-bristol,the,2016,69
university-bristol,the,2017,71
university-bristol,the,2018,76
university-bristol,the,2019,78
university-bristol,the,2020,87
university-bristol,the,2021,91
university-bristol,the,2022,92
university-bristol,the,2023,76
university-bristol,the,2024,81
university-bristol,the,2025,78
university-bristol,the,2026,80
university-pittsburgh,qs,2026,279
university-pittsburgh,usnews,2026,57
usn-university-of-science-technology-of-china-cas-505547,usnews,2026,59
ludwig-maximilians-universitat-munchen,qs,2026,61
kyoto-university,qs,2026,64
kyoto-university,usnews,2026,162
kyoto-university,the,2011,57
kyoto-university,the,2012,52
kyoto-university,the,2013,54
kyoto-university,the,2014,52
kyoto-university,the,2015,59
kyoto-university,the,2016,88
kyoto-university,the,2017,91
kyoto-university,the,2018,74
kyoto-university,the,2019,65
kyoto-university,the,2020,65
kyoto-university,the,2021,54
kyoto-university,the,2022,61
kyoto-university,the,2023,68
kyoto-university,the,2024,55
kyoto-university,the,2025,55
kyoto-university,the,2026,61
leiden-university,qs,2026,119
leiden-university,usnews,2026,61
leiden-university,the,2011,124
leiden-university,the,2012,79
leiden-university,the,2013,64
leiden-university,the,2014,67
leiden-university,the,2015,64
leiden-university,the,2016,67
leiden-university,the,2017,77
leiden-university,the,2018,67
leiden-university,the,2019,68
leiden-university,the,2020,67
leiden-university,the,2021,70
leiden-university,the,2022,71
leiden-university,the,2023,77
leiden-university,the,2024,77
leiden-university,the,2025,73
leiden-university,the,2026,70
usn-universite-de-paris-529677,usnews,2026,61
nanjing-university,qs,2026,90
nanjing-university,usnews,2026,77
nanjing-university,the,2011,120
nanjing-university,the,2012,251
nanjing-university,the,2013,251
nanjing-university,the,2014,251
nanjing-university,the,2015,251
nanjing-university,the,2016,251
nanjing-university,the,2017,201
nanjing-university,the,2018,169
nanjing-university,the,2019,134
nanjing-university,the,2020,144
nanjing-university,the,2021,111
nanjing-university,the,2022,105
nanjing-university,the,2023,95
nanjing-university,the,2024,73
nanjing-university,the,2025,65
nanjing-university,the,2026,62
kfupm,qs,2026,63
freie-universitaet-berlin,qs,2026,98
freie-universitaet-berlin,usnews,2026,63
university-zurich,qs,2026,98
university-zurich,usnews,2026,64
university-zurich,the,2011,90
university-zurich,the,2012,61
university-zurich,the,2013,89
university-zurich,the,2014,121
university-zurich,the,2015,103
university-zurich,the,2016,104
university-zurich,the,2017,106
university-zurich,the,2018,136
university-zurich,the,2019,90
university-zurich,the,2020,90
university-zurich,the,2021,73
university-zurich,the,2022,75
university-zurich,the,2023,82
university-zurich,the,2024,80
university-california-davis,qs,2026,137
university-california-davis,usnews,2026,95
university-california-davis,the,2011,54
university-california-davis,the,2012,38
university-california-davis,the,2013,44
university-california-davis,the,2014,52
university-california-davis,the,2015,55
university-california-davis,the,2016,44
university-california-davis,the,2017,51
university-california-davis,the,2018,54
university-california-davis,the,2019,59
university-california-davis,the,2020,55
university-california-davis,the,2021,64
university-california-davis,the,2022,67
university-california-davis,the,2023,63
university-california-davis,the,2024,59
university-california-davis,the,2025,62
university-california-davis,the,2026,64
emory-university,qs,2026,183
emory-university,usnews,2026,64
emory-university,the,2011,61
emory-university,the,2012,75
emory-university,the,2013,79
emory-university,the,2014,80
emory-university,the,2015,93
emory-university,the,2016,90
emory-university,the,2017,82
emory-university,the,2018,98
emory-university,the,2019,84
emory-university,the,2020,80
emory-university,the,2021,85
emory-university,the,2022,82
emory-university,the,2023,82
emory-university,the,2024,106
emory-university,the,2025,98
emory-university,the,2026,102
usn-ohio-state-university-columbus-204796,usnews,2026,64
kaist,qs,2026,65
brown-university,qs,2026,66
brown-university,usnews,2026,144
brown-university,the,2011,55
brown-university,the,2012,49
brown-university,the,2013,51
brown-university,the,2014,52
brown-university,the,2015,54
brown-university,the,2016,51
brown-university,the,2017,51
brown-university,the,2018,50
brown-university,the,2019,53
brown-university,the,2020,53
brown-university,the,2021,61
brown-university,the,2022,64
brown-university,the,2023,61
brown-university,the,2024,64
brown-university,the,2025,58
brown-university,the,2026,65
wageningen-university-research,qs,2026,154
wageningen-university-research,the,2011,144
wageningen-university-research,the,2012,75
wageningen-university-research,the,2013,70
wageningen-university-research,the,2014,77
wageningen-university-research,the,2015,73
wageningen-university-research,the,2016,47
wageningen-university-research,the,2017,65
wageningen-university-research,the,2018,64
wageningen-university-research,the,2019,59
wageningen-university-research,the,2020,59
wageningen-university-research,the,2021,62
wageningen-university-research,the,2022,53
wageningen-university-research,the,2023,59
wageningen-university-research,the,2024,64
wageningen-university-research,the,2025,67
wageningen-university-research,the,2026,66
university-auckland,qs,2026,67
university-auckland,usnews,2026,117
university-auckland,the,2011,145
university-auckland,the,2012,173
university-auckland,the,2013,161
university-auckland,the,2014,164
university-auckland,the,2015,175
university-auckland,the,2016,172
university-auckland,the,2017,165
university-auckland,the,2018,192
university-auckland,the,2019,201
university-auckland,the,2020,179
university-auckland,the,2021,147
university-auckland,the,2022,137
university-auckland,the,2023,139
university-auckland,the,2024,150
university-auckland,the,2025,152
university-auckland,the,2026,156
sorbonne-university,qs,2026,73
sorbonne-university,usnews,2026,67
sorbonne-university,the,2019,73
sorbonne-university,the,2020,80
sorbonne-university,the,2021,87
sorbonne-university,the,2022,88
sorbonne-university,the,2023,90
sorbonne-university,the,2024,75
sorbonne-university,the,2025,76
sorbonne-university,the,2026,76
university-warwick,qs,2026,68
university-warwick,usnews,2026,200
university-warwick,the,2012,157
university-warwick,the,2013,124
university-warwick,the,2014,141
university-warwick,the,2015,103
university-warwick,the,2016,80
university-warwick,the,2017,82
university-warwick,the,2018,91
university-warwick,the,2019,79
university-warwick,the,2020,77
university-warwick,the,2021,77
university-warwick,the,2022,78
university-warwick,the,2023,104
university-warwick,the,2024,106
university-warwick,the,2025,106
university-warwick,the,2026,122
university-birmingham,qs,2026,68
university-birmingham,usnews,2026,97
university-birmingham,the,2011,145
university-birmingham,the,2012,148
university-birmingham,the,2013,158
university-birmingham,the,2014,153
university-birmingham,the,2015,148
university-birmingham,the,2016,119
university-birmingham,the,2017,130
university-birmingham,the,2018,141
university-birmingham,the,2019,116
university-birmingham,the,2020,112
university-birmingham,the,2021,107
university-birmingham,the,2022,105
university-birmingham,the,2023,108
university-birmingham,the,2024,101
university-birmingham,the,2025,93
university-birmingham,the,2026,98
universite-paris-saclay,qs,2026,76
universite-paris-saclay,usnews,2026,82
universite-paris-saclay,the,2021,178
universite-paris-saclay,the,2022,117
universite-paris-saclay,the,2023,93
universite-paris-saclay,the,2024,58
universite-paris-saclay,the,2025,64
universite-paris-saclay,the,2026,68
vanderbilt-university,qs,2026,265
vanderbilt-university,usnews,2026,68
vanderbilt-university,the,2011,51
vanderbilt-university,the,2012,70
vanderbilt-university,the,2013,106
vanderbilt-university,the,2014,88
vanderbilt-university,the,2015,96
vanderbilt-university,the,2016,87
vanderbilt-university,the,2017,108
vanderbilt-university,the,2018,105
vanderbilt-university,the,2019,121
vanderbilt-university,the,2020,116
vanderbilt-university,the,2021,111
vanderbilt-university,the,2022,113
vanderbilt-university,the,2023,98
vanderbilt-university,the,2024,92
vanderbilt-university,the,2025,90
vanderbilt-university,the,2026,92
usn-korea-advanced-institute-of-science-and-technology-506336,usnews,2026,245
usn-korea-advanced-institute-of-science-and-technology-506336,the,2011,79
usn-korea-advanced-institute-of-science-and-technology-506336,the,2012,94
usn-korea-advanced-institute-of-science-and-technology-506336,the,2013,68
usn-korea-advanced-institute-of-science-and-technology-506336,the,2014,56
usn-korea-advanced-institute-of-science-and-technology-506336,the,2015,52
usn-korea-advanced-institute-of-science-and-technology-506336,the,2016,148
usn-korea-advanced-institute-of-science-and-technology-506336,the,2017,89
usn-korea-advanced-institute-of-science-and-technology-506336,the,2018,95
usn-korea-advanced-institute-of-science-and-technology-506336,the,2019,102
usn-korea-advanced-institute-of-science-and-technology-506336,the,2020,110
usn-korea-advanced-institute-of-science-and-technology-506336,the,2021,96
usn-korea-advanced-institute-of-science-and-technology-506336,the,2022,99
usn-korea-advanced-institute-of-science-and-technology-506336,the,2023,91
usn-korea-advanced-institute-of-science-and-technology-506336,the,2024,83
usn-korea-advanced-institute-of-science-and-technology-506336,the,2025,82
usn-korea-advanced-institute-of-science-and-technology-506336,the,2026,70
lund-university,qs,2026,71
lund-university,usnews,2026,124
lund-university,the,2011,89
lund-university,the,2012,80
lund-university,the,2013,82
lund-university,the,2014,123
lund-university,the,2015,119
lund-university,the,2016,90
lund-university,the,2017,96
lund-university,the,2018,93
lund-university,the,2019,98
lund-university,the,2020,96
lund-university,the,2021,103
lund-university,the,2022,116
lund-university,the,2023,119
lund-university,the,2024,106
lund-university,the,2025,95
lund-university,the,2026,95
university-california-santa-barbara-ucsb,qs,2026,173
university-california-santa-barbara-ucsb,usnews,2026,100
university-california-santa-barbara-ucsb,the,2011,29
university-california-santa-barbara-ucsb,the,2012,35
university-california-santa-barbara-ucsb,the,2013,35
university-california-santa-barbara-ucsb,the,2014,33
university-california-santa-barbara-ucsb,the,2015,37
university-california-santa-barbara-ucsb,the,2016,39
university-california-santa-barbara-ucsb,the,2017,48
university-california-santa-barbara-ucsb,the,2018,53
university-california-santa-barbara-ucsb,the,2019,52
university-california-santa-barbara-ucsb,the,2020,57
university-california-santa-barbara-ucsb,the,2021,68
university-california-santa-barbara-ucsb,the,2022,68
university-california-santa-barbara-ucsb,the,2023,64
university-california-santa-barbara-ucsb,the,2024,69
university-california-santa-barbara-ucsb,the,2025,67
university-california-santa-barbara-ucsb,the,2026,72
university-southern-california,qs,2026,153
university-southern-california,usnews,2026,74
university-southern-california,the,2011,73
university-southern-california,the,2012,55
university-southern-california,the,2013,56
university-southern-california,the,2014,70
university-southern-california,the,2015,75
university-southern-california,the,2016,68
university-southern-california,the,2017,60
university-southern-california,the,2018,66
university-southern-california,the,2019,66
university-southern-california,the,2020,62
university-southern-california,the,2021,53
university-southern-california,the,2022,63
university-southern-california,the,2023,65
university-southern-california,the,2024,74
university-southern-california,the,2025,72
university-southern-california,the,2026,73
sun-yat-sen-university,qs,2026,258
sun-yat-sen-university,usnews,2026,74
sun-yat-sen-university,the,2011,171
sun-yat-sen-university,the,2012,276
sun-yat-sen-university,the,2013,301
sun-yat-sen-university,the,2014,351
sun-yat-sen-university,the,2015,301
sun-yat-sen-university,the,2016,351
sun-yat-sen-university,the,2017,401
sun-yat-sen-university,the,2018,351
sun-yat-sen-university,the,2019,301
sun-yat-sen-university,the,2020,251
sun-yat-sen-university,the,2021,251
sun-yat-sen-university,the,2022,251
sun-yat-sen-university,the,2023,251
sun-yat-sen-university,the,2024,201
sun-yat-sen-university,the,2025,201
sun-yat-sen-university,the,2026,201
trinity-college-dublin-university-dublin,qs,2026,75
boston-university,qs,2026,94
boston-university,usnews,2026,96
boston-university,the,2011,59
boston-university,the,2012,54
boston-university,the,2013,54
boston-university,the,2014,50
boston-university,the,2015,57
boston-university,the,2016,64
boston-university,the,2017,64
boston-university,the,2018,70
boston-university,the,2019,74
boston-university,the,2020,61
boston-university,the,2021,54
boston-university,the,2022,62
boston-university,the,2023,71
boston-university,the,2024,78
boston-university,the,2025,75
boston-university,the,2026,76
usn-university-of-minnesota-twin-cities-174066,usnews,2026,76
university-western-australia,qs,2026,77
university-western-australia,usnews,2026,90
university-western-australia,the,2012,189
university-western-australia,the,2013,190
university-western-australia,the,2014,168
university-western-australia,the,2015,157
university-western-australia,the,2016,109
university-western-australia,the,2017,125
university-western-australia,the,2018,111
university-western-australia,the,2019,134
university-western-australia,the,2020,131
university-western-australia,the,2021,139
university-western-australia,the,2022,132
university-western-australia,the,2023,131
university-western-australia,the,2024,143
university-western-australia,the,2025,149
university-western-australia,the,2026,153
university-leeds,qs,2026,77
university-leeds,usnews,2026,146
university-leeds,the,2011,168
university-leeds,the,2012,133
university-leeds,the,2013,142
university-leeds,the,2014,139
university-leeds,the,2015,146
university-leeds,the,2016,133
university-leeds,the,2017,133
university-leeds,the,2018,139
university-leeds,the,2019,153
university-leeds,the,2020,155
university-leeds,the,2021,160
university-leeds,the,2022,127
university-leeds,the,2023,128
university-leeds,the,2024,129
university-leeds,the,2025,123
university-leeds,the,2026,118
university-glasgow,qs,2026,80
university-glasgow,usnews,2026,77
university-glasgow,the,2011,128
university-glasgow,the,2012,102
university-glasgow,the,2013,139
university-glasgow,the,2014,117
university-glasgow,the,2015,94
university-glasgow,the,2016,76
university-glasgow,the,2017,88
university-glasgow,the,2018,80
university-glasgow,the,2019,93
university-glasgow,the,2020,99
university-glasgow,the,2021,92
university-glasgow,the,2022,86
university-glasgow,the,2023,82
university-glasgow,the,2024,87
university-glasgow,the,2025,87
university-glasgow,the,2026,84
university-groningen,qs,2026,157
university-groningen,usnews,2026,77
university-groningen,the,2011,170
university-groningen,the,2012,134
university-groningen,the,2013,89
university-groningen,the,2014,98
university-groningen,the,2015,117
university-groningen,the,2016,74
university-groningen,the,2017,80
university-groningen,the,2018,83
university-groningen,the,2019,79
university-groningen,the,2020,73
university-groningen,the,2021,80
university-groningen,the,2022,80
university-groningen,the,2023,75
university-groningen,the,2024,79
university-groningen,the,2025,80
university-groningen,the,2026,82
adelaide-university,qs,2026,79
adelaide-university,usnews,2026,85
adelaide-university,the,2011,73
adelaide-university,the,2012,201
adelaide-university,the,2013,176
adelaide-university,the,2014,201
adelaide-university,the,2015,164
adelaide-university,the,2016,149
adelaide-university,the,2017,142
adelaide-university,the,2018,134
adelaide-university,the,2019,135
adelaide-university,the,2020,120
adelaide-university,the,2021,118
adelaide-university,the,2022,111
adelaide-university,the,2023,88
adelaide-university,the,2024,111
adelaide-university,the,2025,128
adelaide-university,the,2026,133
the-unsw-sydney,the,2011,152
the-unsw-sydney,the,2012,173
the-unsw-sydney,the,2013,85
the-unsw-sydney,the,2014,114
the-unsw-sydney,the,2015,109
the-unsw-sydney,the,2016,82
the-unsw-sydney,the,2017,78
the-unsw-sydney,the,2018,85
the-unsw-sydney,the,2019,96
the-unsw-sydney,the,2020,71
the-unsw-sydney,the,2021,67
the-unsw-sydney,the,2022,70
the-unsw-sydney,the,2023,71
the-unsw-sydney,the,2024,84
the-unsw-sydney,the,2025,83
the-unsw-sydney,the,2026,79
usn-ecole-polytechnique-federale-of-lausanne-501629,usnews,2026,80
kth-royal-institute-technology,qs,2026,82
kth-royal-institute-technology,the,2011,193
kth-royal-institute-technology,the,2012,187
kth-royal-institute-technology,the,2013,140
kth-royal-institute-technology,the,2014,117
kth-royal-institute-technology,the,2015,126
kth-royal-institute-technology,the,2016,155
kth-royal-institute-technology,the,2017,159
kth-royal-institute-technology,the,2018,173
kth-royal-institute-technology,the,2019,187
kth-royal-institute-technology,the,2020,201
kth-royal-institute-technology,the,2021,201
kth-royal-institute-technology,the,2022,201
kth-royal-institute-technology,the,2023,155
kth-royal-institute-technology,the,2024,97
kth-royal-institute-technology,the,2025,95
kth-royal-institute-technology,the,2026,98
university-sheffield,qs,2026,82
university-sheffield,usnews,2026,186
university-sheffield,the,2011,137
university-sheffield,the,2012,101
university-sheffield,the,2013,110
university-sheffield,the,2014,112
university-sheffield,the,2015,121
university-sheffield,the,2016,97
university-sheffield,the,2017,109
university-sheffield,the,2018,104
university-sheffield,the,2019,106
university-sheffield,the,2020,117
university-sheffield,the,2021,121
university-sheffield,the,2022,110
university-sheffield,the,2023,114
university-sheffield,the,2024,105
university-sheffield,the,2025,98
university-sheffield,the,2026,108
university-maryland-college-park,qs,2026,252
university-maryland-college-park,usnews,2026,82
university-maryland-college-park,the,2011,98
university-maryland-college-park,the,2012,94
university-maryland-college-park,the,2013,97
university-maryland-college-park,the,2014,108
university-maryland-college-park,the,2015,132
university-maryland-college-park,the,2016,117
university-maryland-college-park,the,2017,67
university-maryland-college-park,the,2018,69
university-maryland-college-park,the,2019,82
university-maryland-college-park,the,2020,91
university-maryland-college-park,the,2021,90
university-maryland-college-park,the,2022,93
university-maryland-college-park,the,2023,104
university-maryland-college-park,the,2024,114
university-maryland-college-park,the,2025,112
university-maryland-college-park,the,2026,116
universidad-de-buenos-aires-uba,qs,2026,84
durham-university,qs,2026,85
durham-university,usnews,2026,270
durham-university,the,2011,85
durham-university,the,2012,83
durham-university,the,2013,80
durham-university,the,2014,80
durham-university,the,2015,83
durham-university,the,2016,70
durham-university,the,2017,96
durham-university,the,2018,97
durham-university,the,2019,114
durham-university,the,2020,133
durham-university,the,2021,149
durham-university,the,2022,162
durham-university,the,2023,198
durham-university,the,2024,174
durham-university,the,2025,172
durham-university,the,2026,175
university-technology-sydney-uts,qs,2026,87
university-technology-sydney-uts,usnews,2026,85
university-technology-sydney-uts,the,2013,351
university-technology-sydney-uts,the,2014,301
university-technology-sydney-uts,the,2015,226
university-technology-sydney-uts,the,2016,201
university-technology-sydney-uts,the,2017,201
university-technology-sydney-uts,the,2018,201
university-technology-sydney-uts,the,2019,196
university-technology-sydney-uts,the,2020,194
university-technology-sydney-uts,the,2021,160
university-technology-sydney-uts,the,2022,143
university-technology-sydney-uts,the,2023,133
university-technology-sydney-uts,the,2024,148
university-technology-sydney-uts,the,2025,154
university-technology-sydney-uts,the,2026,145
wuhan-university,qs,2026,165
wuhan-university,usnews,2026,85
wuhan-university,the,2012,350
wuhan-university,the,2015,351
wuhan-university,the,2016,401
wuhan-university,the,2017,401
wuhan-university,the,2018,401
wuhan-university,the,2019,301
wuhan-university,the,2020,351
wuhan-university,the,2021,301
wuhan-university,the,2022,157
wuhan-university,the,2023,173
wuhan-university,the,2024,164
wuhan-university,the,2025,134
wuhan-university,the,2026,122
usn-purdue-university-west-lafayette-243780,usnews,2026,152
usn-purdue-university-west-lafayette-243780,the,2011,106
usn-purdue-university-west-lafayette-243780,the,2012,98
usn-purdue-university-west-lafayette-243780,the,2013,69
usn-purdue-university-west-lafayette-243780,the,2014,62
usn-purdue-university-west-lafayette-243780,the,2015,102
usn-purdue-university-west-lafayette-243780,the,2016,113
usn-purdue-university-west-lafayette-243780,the,2017,70
usn-purdue-university-west-lafayette-243780,the,2018,60
usn-purdue-university-west-lafayette-243780,the,2019,64
usn-purdue-university-west-lafayette-243780,the,2020,88
usn-purdue-university-west-lafayette-243780,the,2021,94
usn-purdue-university-west-lafayette-243780,the,2022,105
usn-purdue-university-west-lafayette-243780,the,2023,127
usn-purdue-university-west-lafayette-243780,the,2024,86
usn-purdue-university-west-lafayette-243780,the,2025,79
usn-purdue-university-west-lafayette-243780,the,2026,85
politecnico-di-milano,qs,2026,87
politecnico-di-milano,the,2012,301
politecnico-di-milano,the,2013,301
politecnico-di-milano,the,2014,276
politecnico-di-milano,the,2015,301
politecnico-di-milano,the,2016,201
politecnico-di-milano,the,2017,201
politecnico-di-milano,the,2018,301
politecnico-di-milano,the,2019,301
politecnico-di-milano,the,2020,301
politecnico-di-milano,the,2021,351
politecnico-di-milano,the,2022,351
politecnico-di-milano,the,2023,301
politecnico-di-milano,the,2024,201
politecnico-di-milano,the,2025,201
politecnico-di-milano,the,2026,201
uppsala-university,qs,2026,87
uppsala-university,usnews,2026,146
uppsala-university,the,2011,147
uppsala-university,the,2012,87
uppsala-university,the,2013,106
uppsala-university,the,2014,111
uppsala-university,the,2015,98
uppsala-university,the,2016,81
uppsala-university,the,2017,93
uppsala-university,the,2018,86
uppsala-university,the,2019,87
uppsala-university,the,2020,102
uppsala-university,the,2021,111
uppsala-university,the,2022,131
uppsala-university,the,2023,148
uppsala-university,the,2024,140
uppsala-university,the,2025,130
uppsala-university,the,2026,128
sungkyunkwan-university-skku,qs,2026,108
sungkyunkwan-university-skku,usnews,2026,244
sungkyunkwan-university-skku,the,2012,301
sungkyunkwan-university-skku,the,2013,201
sungkyunkwan-university-skku,the,2014,201
sungkyunkwan-university-skku,the,2015,148
sungkyunkwan-university-skku,the,2016,153
sungkyunkwan-university-skku,the,2017,137
sungkyunkwan-university-skku,the,2018,111
sungkyunkwan-university-skku,the,2019,82
sungkyunkwan-university-skku,the,2020,89
sungkyunkwan-university-skku,the,2021,101
sungkyunkwan-university-skku,the,2022,122
sungkyunkwan-university-skku,the,2023,170
sungkyunkwan-university-skku,the,2024,145
sungkyunkwan-university-skku,the,2025,102
sungkyunkwan-university-skku,the,2026,87
university-minnesota-system,qs,2026,255
university-minnesota-system,the,2011,52
university-minnesota-system,the,2012,42
university-minnesota-system,the,2013,47
university-minnesota-system,the,2014,46
university-minnesota-system,the,2015,46
university-minnesota-system,the,2016,65
university-minnesota-system,the,2017,53
university-minnesota-system,the,2018,56
university-minnesota-system,the,2019,71
university-minnesota-system,the,2020,79
university-minnesota-system,the,2021,85
university-minnesota-system,the,2022,86
university-minnesota-system,the,2023,101
university-minnesota-system,the,2024,85
university-minnesota-system,the,2025,87
university-minnesota-system,the,2026,88
usn-university-of-barcelona-500261,usnews,2026,88
usn-university-of-barcelona-500261,the,2011,142
usn-university-of-barcelona-500261,the,2012,201
usn-university-of-barcelona-500261,the,2013,201
usn-university-of-barcelona-500261,the,2014,226
usn-university-of-barcelona-500261,the,2015,201
usn-university-of-barcelona-500261,the,2016,174
usn-university-of-barcelona-500261,the,2017,201
usn-university-of-barcelona-500261,the,2018,201
usn-university-of-barcelona-500261,the,2019,201
usn-university-of-barcelona-500261,the,2020,201
usn-university-of-barcelona-500261,the,2021,198
usn-university-of-barcelona-500261,the,2022,193
usn-university-of-barcelona-500261,the,2023,182
usn-university-of-barcelona-500261,the,2024,152
usn-university-of-barcelona-500261,the,2025,149
usn-university-of-barcelona-500261,the,2026,145
erasmus-university-rotterdam,qs,2026,148
erasmus-university-rotterdam,usnews,2026,89
erasmus-university-rotterdam,the,2011,159
erasmus-university-rotterdam,the,2012,157
erasmus-university-rotterdam,the,2013,72
erasmus-university-rotterdam,the,2014,73
erasmus-university-rotterdam,the,2015,72
erasmus-university-rotterdam,the,2016,71
erasmus-university-rotterdam,the,2017,69
erasmus-university-rotterdam,the,2018,72
erasmus-university-rotterdam,the,2019,70
erasmus-university-rotterdam,the,2020,69
erasmus-university-rotterdam,the,2021,72
erasmus-university-rotterdam,the,2022,72
erasmus-university-rotterdam,the,2023,80
erasmus-university-rotterdam,the,2024,99
erasmus-university-rotterdam,the,2025,107
erasmus-university-rotterdam,the,2026,107
the-humboldt-university-berlin,the,2011,178
the-humboldt-university-berlin,the,2012,109
the-humboldt-university-berlin,the,2013,99
the-humboldt-university-berlin,the,2014,94
the-humboldt-university-berlin,the,2015,80
the-humboldt-university-berlin,the,2016,49
the-humboldt-university-berlin,the,2017,57
the-humboldt-university-berlin,the,2018,62
the-humboldt-university-berlin,the,2019,67
the-humboldt-university-berlin,the,2020,74
the-humboldt-university-berlin,the,2021,80
the-humboldt-university-berlin,the,2022,74
the-humboldt-university-berlin,the,2023,86
the-humboldt-university-berlin,the,2024,87
the-humboldt-university-berlin,the,2025,84
the-humboldt-university-berlin,the,2026,89
vrije-universiteit-amsterdam,qs,2026,185
vrije-universiteit-amsterdam,usnews,2026,91
vrije-universiteit-amsterdam,the,2011,139
vrije-universiteit-amsterdam,the,2012,159
vrije-universiteit-amsterdam,the,2013,140
vrije-universiteit-amsterdam,the,2014,144
vrije-universiteit-amsterdam,the,2015,136
vrije-universiteit-amsterdam,the,2016,154
vrije-universiteit-amsterdam,the,2017,156
vrije-universiteit-amsterdam,the,2018,165
vrije-universiteit-amsterdam,the,2019,166
vrije-universiteit-amsterdam,the,2020,138
vrije-universiteit-amsterdam,the,2021,116
vrije-universiteit-amsterdam,the,2022,115
vrije-universiteit-amsterdam,the,2023,121
vrije-universiteit-amsterdam,the,2024,125
vrije-universiteit-amsterdam,the,2025,136
vrije-universiteit-amsterdam,the,2026,176
the-charite-universitatsmedizin-berlin,the,2016,195
the-charite-universitatsmedizin-berlin,the,2018,126
the-charite-universitatsmedizin-berlin,the,2019,90
the-charite-universitatsmedizin-berlin,the,2020,80
the-charite-universitatsmedizin-berlin,the,2021,75
the-charite-universitatsmedizin-berlin,the,2022,73
the-charite-universitatsmedizin-berlin,the,2023,73
the-charite-universitatsmedizin-berlin,the,2024,94
the-charite-universitatsmedizin-berlin,the,2025,93
the-charite-universitatsmedizin-berlin,the,2026,91
pennsylvania-state-university,qs,2026,92
rwth-aachen-university,qs,2026,104
rwth-aachen-university,usnews,2026,223
rwth-aachen-university,the,2011,182
rwth-aachen-university,the,2012,168
rwth-aachen-university,the,2013,154
rwth-aachen-university,the,2014,129
rwth-aachen-university,the,2015,156
rwth-aachen-university,the,2016,110
rwth-aachen-university,the,2017,78
rwth-aachen-university,the,2018,79
rwth-aachen-university,the,2019,87
rwth-aachen-university,the,2020,99
rwth-aachen-university,the,2021,107
rwth-aachen-university,the,2022,108
rwth-aachen-university,the,2023,99
rwth-aachen-university,the,2024,90
rwth-aachen-university,the,2025,92
rwth-aachen-university,the,2026,92
huazhong-university-science-technology,qs,2026,307
huazhong-university-science-technology,usnews,2026,92
huazhong-university-science-technology,the,2016,501
huazhong-university-science-technology,the,2017,401
huazhong-university-science-technology,the,2018,401
huazhong-university-science-technology,the,2019,351
huazhong-university-science-technology,the,2020,301
huazhong-university-science-technology,the,2021,301
huazhong-university-science-technology,the,2022,181
huazhong-university-science-technology,the,2023,176
huazhong-university-science-technology,the,2024,158
huazhong-university-science-technology,the,2025,166
huazhong-university-science-technology,the,2026,176
usn-pennsylvania-state-university-university-park-214777,usnews,2026,92
usn-university-of-bonn-504578,usnews,2026,179
usn-university-of-bonn-504578,the,2011,178
usn-university-of-bonn-504578,the,2013,171
usn-university-of-bonn-504578,the,2014,181
usn-university-of-bonn-504578,the,2015,195
usn-university-of-bonn-504578,the,2016,94
usn-university-of-bonn-504578,the,2017,113
usn-university-of-bonn-504578,the,2018,100
usn-university-of-bonn-504578,the,2019,110
usn-university-of-bonn-504578,the,2020,105
usn-university-of-bonn-504578,the,2021,114
usn-university-of-bonn-504578,the,2022,112
usn-university-of-bonn-504578,the,2023,89
usn-university-of-bonn-504578,the,2024,91
usn-university-of-bonn-504578,the,2025,89
usn-university-of-bonn-504578,the,2026,92
university-osaka,qs,2026,95
university-osaka,usnews,2026,264
university-osaka,the,2011,130
university-osaka,the,2012,119
university-osaka,the,2013,147
university-osaka,the,2014,144
university-osaka,the,2015,157
university-osaka,the,2016,251
university-osaka,the,2017,251
university-osaka,the,2018,201
university-osaka,the,2019,251
university-osaka,the,2020,301
university-osaka,the,2021,351
university-osaka,the,2022,301
university-osaka,the,2023,251
university-osaka,the,2024,175
university-osaka,the,2025,162
university-osaka,the,2026,151
university-vienna,qs,2026,140
university-vienna,usnews,2026,193
university-vienna,the,2011,195
university-vienna,the,2012,139
university-vienna,the,2013,162
university-vienna,the,2014,170
university-vienna,the,2015,182
university-vienna,the,2016,142
university-vienna,the,2017,161
university-vienna,the,2018,165
university-vienna,the,2019,143
university-vienna,the,2020,134
university-vienna,the,2021,164
university-vienna,the,2022,137
university-vienna,the,2023,124
university-vienna,the,2024,119
university-vienna,the,2025,110
university-vienna,the,2026,95
university-alberta,qs,2026,96
university-alberta,usnews,2026,164
university-alberta,the,2011,127
university-alberta,the,2012,100
university-alberta,the,2013,121
university-alberta,the,2014,109
university-alberta,the,2015,124
university-alberta,the,2016,137
university-alberta,the,2017,107
university-alberta,the,2018,119
university-alberta,the,2019,132
university-alberta,the,2020,136
university-alberta,the,2021,131
university-alberta,the,2022,125
university-alberta,the,2023,118
university-alberta,the,2024,109
university-alberta,the,2025,116
university-alberta,the,2026,119
institute-science-tokyo,qs,2026,97
institute-science-tokyo,usnews,2026,338
institute-science-tokyo,the,2026,166
university-nottingham,qs,2026,97
university-nottingham,usnews,2026,155
university-nottingham,the,2011,174
university-nottingham,the,2012,140
university-nottingham,the,2013,120
university-nottingham,the,2014,157
university-nottingham,the,2015,171
university-nottingham,the,2016,143
university-nottingham,the,2017,147
university-nottingham,the,2018,147
university-nottingham,the,2019,149
university-nottingham,the,2020,152
university-nottingham,the,2021,158
university-nottingham,the,2022,141
university-nottingham,the,2023,130
university-nottingham,the,2024,130
university-nottingham,the,2025,136
university-nottingham,the,2026,145
university-california-irvine,qs,2026,252
university-california-irvine,usnews,2026,99
university-california-irvine,the,2011,49
university-california-irvine,the,2012,86
university-california-irvine,the,2013,96
university-california-irvine,the,2014,93
university-california-irvine,the,2015,88
university-california-irvine,the,2016,106
university-california-irvine,the,2017,98
university-california-irvine,the,2018,99
university-california-irvine,the,2019,96
university-california-irvine,the,2020,96
university-california-irvine,the,2021,98
university-california-irvine,the,2022,98
university-california-irvine,the,2023,95
university-california-irvine,the,2024,92
university-california-irvine,the,2025,90
university-california-irvine,the,2026,97
the-university-tubingen,the,2011,189
the-university-tubingen,the,2012,187
the-university-tubingen,the,2013,201
the-university-tubingen,the,2014,201
the-university-tubingen,the,2015,113
the-university-tubingen,the,2016,78
the-university-tubingen,the,2017,89
the-university-tubingen,the,2018,94
the-university-tubingen,the,2019,89
the-university-tubingen,the,2020,91
the-university-tubingen,the,2021,78
the-university-tubingen,the,2022,78
the-university-tubingen,the,2023,86
the-university-tubingen,the,2024,95
the-university-tubingen,the,2025,100
the-university-tubingen,the,2026,98
purdue-university,qs,2026,100
university-college-dublin,qs,2026,100
university-college-dublin,usnews,2026,258
university-college-dublin,the,2011,94
university-college-dublin,the,2012,159
university-college-dublin,the,2013,187
university-college-dublin,the,2014,161
university-college-dublin,the,2015,226
university-college-dublin,the,2016,176
university-college-dublin,the,2017,201
university-college-dublin,the,2018,201
university-college-dublin,the,2019,201
university-college-dublin,the,2020,201
university-college-dublin,the,2021,251
university-college-dublin,the,2022,201
university-college-dublin,the,2023,201
university-college-dublin,the,2024,201
university-college-dublin,the,2025,201
university-college-dublin,the,2026,201
queen-mary-university-london,qs,2026,103
queen-mary-university-london,usnews,2026,101
queen-mary-university-london,the,2011,120
queen-mary-university-london,the,2012,127
queen-mary-university-london,the,2013,145
queen-mary-university-london,the,2014,114
queen-mary-university-london,the,2015,107
queen-mary-university-london,the,2016,98
queen-mary-university-london,the,2017,113
queen-mary-university-london,the,2018,121
queen-mary-university-london,the,2019,130
queen-mary-university-london,the,2020,110
queen-mary-university-london,the,2021,110
queen-mary-university-london,the,2022,117
queen-mary-university-london,the,2023,124
queen-mary-university-london,the,2024,135
queen-mary-university-london,the,2025,141
queen-mary-university-london,the,2026,134
aarhus-university,qs,2026,128
aarhus-university,usnews,2026,117
aarhus-university,the,2011,167
aarhus-university,the,2012,125
aarhus-university,the,2013,116
aarhus-university,the,2014,138
aarhus-university,the,2015,153
aarhus-university,the,2016,106
aarhus-university,the,2017,98
aarhus-university,the,2018,109
aarhus-university,the,2019,123
aarhus-university,the,2020,115
aarhus-university,the,2021,106
aarhus-university,the,2022,104
aarhus-university,the,2023,117
aarhus-university,the,2024,109
aarhus-university,the,2025,110
aarhus-university,the,2026,101
tohoku-university,qs,2026,102
tohoku-university,usnews,2026,268
tohoku-university,the,2011,132
tohoku-university,the,2012,120
tohoku-university,the,2013,137
tohoku-university,the,2014,150
tohoku-university,the,2015,165
tohoku-university,the,2016,201
tohoku-university,the,2017,201
tohoku-university,the,2018,201
tohoku-university,the,2019,251
tohoku-university,the,2020,251
tohoku-university,the,2021,201
tohoku-university,the,2022,201
tohoku-university,the,2023,201
tohoku-university,the,2024,130
tohoku-university,the,2025,120
tohoku-university,the,2026,103
university-arizona,qs,2026,313
university-arizona,usnews,2026,102
university-arizona,the,2011,95
university-arizona,the,2012,97
university-arizona,the,2013,98
university-arizona,the,2014,103
university-arizona,the,2015,86
university-arizona,the,2016,163
university-arizona,the,2017,156
university-arizona,the,2018,161
university-arizona,the,2019,159
university-arizona,the,2020,104
university-arizona,the,2021,124
university-arizona,the,2022,150
university-arizona,the,2023,180
university-arizona,the,2024,155
university-arizona,the,2025,136
university-arizona,the,2026,138
rice-university,qs,2026,122
rice-university,usnews,2026,201
rice-university,the,2011,47
rice-university,the,2012,72
rice-university,the,2013,75
rice-university,the,2014,65
rice-university,the,2015,69
rice-university,the,2016,101
rice-university,the,2017,87
rice-university,the,2018,86
rice-university,the,2019,86
rice-university,the,2020,105
rice-university,the,2021,124
rice-university,the,2022,136
rice-university,the,2023,147
rice-university,the,2024,119
rice-university,the,2025,112
rice-university,the,2026,103
usn-king-abdullah-university-of-science-and-technology-510489,usnews,2026,103
ghent-university,qs,2026,150
ghent-university,usnews,2026,104
ghent-university,the,2011,124
ghent-university,the,2012,106
ghent-university,the,2013,93
ghent-university,the,2014,85
ghent-university,the,2015,90
ghent-university,the,2016,118
ghent-university,the,2017,118
ghent-university,the,2018,107
ghent-university,the,2019,143
ghent-university,the,2020,123
ghent-university,the,2021,103
ghent-university,the,2022,96
ghent-university,the,2023,107
ghent-university,the,2024,115
ghent-university,the,2025,112
ghent-university,the,2026,115
technical-university-denmark,qs,2026,105
technical-university-denmark,usnews,2026,189
technical-university-denmark,the,2011,122
technical-university-denmark,the,2012,178
technical-university-denmark,the,2013,149
technical-university-denmark,the,2014,117
technical-university-denmark,the,2015,121
technical-university-denmark,the,2016,167
technical-university-denmark,the,2017,176
technical-university-denmark,the,2018,153
technical-university-denmark,the,2019,163
technical-university-denmark,the,2020,184
technical-university-denmark,the,2021,187
technical-university-denmark,the,2022,185
technical-university-denmark,the,2023,166
technical-university-denmark,the,2024,126
technical-university-denmark,the,2025,124
technical-university-denmark,the,2026,121
university-helsinki,qs,2026,123
university-helsinki,usnews,2026,109
university-helsinki,the,2011,102
university-helsinki,the,2012,91
university-helsinki,the,2013,109
university-helsinki,the,2014,100
university-helsinki,the,2015,103
university-helsinki,the,2016,76
university-helsinki,the,2017,91
university-helsinki,the,2018,90
university-helsinki,the,2019,99
university-helsinki,the,2020,96
university-helsinki,the,2021,98
university-helsinki,the,2022,101
university-helsinki,the,2023,110
university-helsinki,the,2024,121
university-helsinki,the,2025,107
university-helsinki,the,2026,105
university-oslo,qs,2026,131
university-oslo,usnews,2026,105
university-oslo,the,2012,181
university-oslo,the,2013,201
university-oslo,the,2014,185
university-oslo,the,2015,186
university-oslo,the,2016,135
university-oslo,the,2017,132
university-oslo,the,2018,146
university-oslo,the,2019,121
university-oslo,the,2020,131
university-oslo,the,2021,127
university-oslo,the,2022,119
university-oslo,the,2023,126
university-oslo,the,2024,127
university-oslo,the,2025,116
university-oslo,the,2026,113
michigan-state-university,qs,2026,182
michigan-state-university,usnews,2026,127
michigan-state-university,the,2011,122
michigan-state-university,the,2012,96
michigan-state-university,the,2013,94
michigan-state-university,the,2014,83
michigan-state-university,the,2015,82
michigan-state-university,the,2016,99
michigan-state-university,the,2017,101
michigan-state-university,the,2018,83
michigan-state-university,the,2019,93
michigan-state-university,the,2020,84
michigan-state-university,the,2021,105
michigan-state-university,the,2022,93
michigan-state-university,the,2023,106
michigan-state-university,the,2024,116
michigan-state-university,the,2025,122
michigan-state-university,the,2026,105
university-florida,qs,2026,228
university-florida,usnews,2026,105
university-florida,the,2012,125
university-florida,the,2013,122
university-florida,the,2014,128
university-florida,the,2015,126
university-florida,the,2016,120
university-florida,the,2017,134
university-florida,the,2018,143
university-florida,the,2019,156
university-florida,the,2020,175
university-florida,the,2021,152
university-florida,the,2022,154
university-florida,the,2023,151
university-florida,the,2024,132
university-florida,the,2025,130
university-florida,the,2026,134
university-colorado-boulder,qs,2026,320
university-colorado-boulder,usnews,2026,105
university-colorado-boulder,the,2011,67
university-colorado-boulder,the,2012,77
university-colorado-boulder,the,2013,91
university-colorado-boulder,the,2014,97
university-colorado-boulder,the,2015,97
university-colorado-boulder,the,2016,127
university-colorado-boulder,the,2017,116
university-colorado-boulder,the,2018,100
university-colorado-boulder,the,2019,114
university-colorado-boulder,the,2020,124
university-colorado-boulder,the,2021,131
university-colorado-boulder,the,2022,158
university-colorado-boulder,the,2023,148
university-colorado-boulder,the,2024,138
university-colorado-boulder,the,2025,143
university-colorado-boulder,the,2026,159
pohang-university-science-technology-postech,qs,2026,106
pohang-university-science-technology-postech,usnews,2026,345
pohang-university-science-technology-postech,the,2011,28
pohang-university-science-technology-postech,the,2012,53
pohang-university-science-technology-postech,the,2013,50
pohang-university-science-technology-postech,the,2014,60
pohang-university-science-technology-postech,the,2015,66
pohang-university-science-technology-postech,the,2016,116
pohang-university-science-technology-postech,the,2017,104
pohang-university-science-technology-postech,the,2018,137
pohang-university-science-technology-postech,the,2019,142
pohang-university-science-technology-postech,the,2020,146
pohang-university-science-technology-postech,the,2021,151
pohang-university-science-technology-postech,the,2022,185
pohang-university-science-technology-postech,the,2023,163
pohang-university-science-technology-postech,the,2024,149
pohang-university-science-technology-postech,the,2025,151
pohang-university-science-technology-postech,the,2026,141
king-saud-university,qs,2026,107
king-saud-university,usnews,2026,139
king-saud-university,the,2014,351
king-saud-university,the,2016,501
king-saud-university,the,2017,501
king-saud-university,the,2018,501
king-saud-university,the,2019,501
king-saud-university,the,2020,501
king-saud-university,the,2021,401
king-saud-university,the,2022,351
king-saud-university,the,2023,251
king-saud-university,the,2024,401
king-saud-university,the,2025,251
king-saud-university,the,2026,251
university-bern,qs,2026,191
university-bern,usnews,2026,113
university-bern,the,2012,112
university-bern,the,2013,151
university-bern,the,2014,157
university-bern,the,2015,132
university-bern,the,2016,120
university-bern,the,2017,110
university-bern,the,2018,105
university-bern,the,2019,110
university-bern,the,2020,113
university-bern,the,2021,109
university-bern,the,2022,101
university-bern,the,2023,94
university-bern,the,2024,116
university-bern,the,2025,104
university-bern,the,2026,108
ohio-state-university,qs,2026,201
ohio-state-university,the,2011,66
ohio-state-university,the,2012,57
ohio-state-university,the,2013,53
ohio-state-university,the,2014,59
ohio-state-university,the,2015,68
ohio-state-university,the,2016,90
ohio-state-university,the,2017,72
ohio-state-university,the,2018,70
ohio-state-university,the,2019,71
ohio-state-university,the,2020,70
ohio-state-university,the,2021,80
ohio-state-university,the,2022,85
ohio-state-university,the,2023,112
ohio-state-university,the,2024,99
ohio-state-university,the,2025,116
ohio-state-university,the,2026,108
usn-psl-research-university-paris-comue-529378,usnews,2026,108
the-penn-state-main-campus,the,2011,109
the-penn-state-main-campus,the,2012,51
the-penn-state-main-campus,the,2013,61
the-penn-state-main-campus,the,2014,49
the-penn-state-main-campus,the,2015,58
the-penn-state-main-campus,the,2016,75
the-penn-state-main-campus,the,2017,68
the-penn-state-main-campus,the,2018,77
the-penn-state-main-campus,the,2019,81
the-penn-state-main-campus,the,2020,78
the-penn-state-main-campus,the,2021,114
the-penn-state-main-campus,the,2022,119
the-penn-state-main-campus,the,2023,151
the-penn-state-main-campus,the,2024,122
the-penn-state-main-campus,the,2025,100
the-penn-state-main-campus,the,2026,108
qatar-university,qs,2026,109
qatar-university,usnews,2026,262
qatar-university,the,2016,601
qatar-university,the,2017,501
qatar-university,the,2018,401
qatar-university,the,2019,401
qatar-university,the,2020,401
qatar-university,the,2021,301
qatar-university,the,2022,301
qatar-university,the,2023,201
qatar-university,the,2024,251
qatar-university,the,2025,201
qatar-university,the,2026,201
kit-karlsruhe-institute-technology,qs,2026,110
tongji-university,qs,2026,146
tongji-university,usnews,2026,110
tongji-university,the,2016,501
tongji-university,the,2017,501
tongji-university,the,2018,401
tongji-university,the,2019,401
tongji-university,the,2020,401
tongji-university,the,2021,401
tongji-university,the,2022,301
tongji-university,the,2023,251
tongji-university,the,2024,185
tongji-university,the,2025,154
tongji-university,the,2026,141
sapienza-university-rome,qs,2026,111
sapienza-university-rome,usnews,2026,155
sapienza-university-rome,the,2012,301
sapienza-university-rome,the,2013,301
sapienza-university-rome,the,2014,301
sapienza-university-rome,the,2015,301
sapienza-university-rome,the,2016,201
sapienza-university-rome,the,2017,251
sapienza-university-rome,the,2018,301
sapienza-university-rome,the,2019,251
sapienza-university-rome,the,2020,251
sapienza-university-rome,the,2021,201
sapienza-university-rome,the,2022,197
sapienza-university-rome,the,2023,201
sapienza-university-rome,the,2024,181
sapienza-university-rome,the,2025,185
sapienza-university-rome,the,2026,170
university-southampton,qs,2026,111
university-southampton,usnews,2026,125
university-southampton,the,2011,90
university-southampton,the,2012,127
university-southampton,the,2013,130
university-southampton,the,2014,146
university-southampton,the,2015,132
university-southampton,the,2016,110
university-southampton,the,2017,121
university-southampton,the,2018,126
university-southampton,the,2019,118
university-southampton,the,2020,122
university-southampton,the,2021,127
university-southampton,the,2022,124
university-southampton,the,2023,108
university-southampton,the,2024,97
university-southampton,the,2025,115
university-southampton,the,2026,129
harbin-institute-technology,qs,2026,190
harbin-institute-technology,usnews,2026,111
harbin-institute-technology,the,2012,350
harbin-institute-technology,the,2016,501
harbin-institute-technology,the,2017,501
harbin-institute-technology,the,2018,501
harbin-institute-technology,the,2019,401
harbin-institute-technology,the,2020,401
harbin-institute-technology,the,2021,401
harbin-institute-technology,the,2022,501
harbin-institute-technology,the,2023,351
harbin-institute-technology,the,2024,168
harbin-institute-technology,the,2025,152
harbin-institute-technology,the,2026,131
the-university-massachusetts,the,2011,56
the-university-massachusetts,the,2012,64
the-university-massachusetts,the,2013,72
the-university-massachusetts,the,2014,132
the-university-massachusetts,the,2015,91
the-university-massachusetts,the,2016,141
the-university-massachusetts,the,2017,165
the-university-massachusetts,the,2018,191
the-university-massachusetts,the,2019,201
the-university-massachusetts,the,2020,201
the-university-massachusetts,the,2021,201
the-university-massachusetts,the,2022,201
the-university-massachusetts,the,2023,191
the-university-massachusetts,the,2024,123
the-university-massachusetts,the,2025,84
the-university-massachusetts,the,2026,112
university-waterloo,qs,2026,113
university-waterloo,usnews,2026,199
university-waterloo,the,2012,201
university-waterloo,the,2013,226
university-waterloo,the,2014,226
university-waterloo,the,2015,251
university-waterloo,the,2016,179
university-waterloo,the,2017,173
university-waterloo,the,2018,201
university-waterloo,the,2019,201
university-waterloo,the,2020,201
university-waterloo,the,2021,201
university-waterloo,the,2022,201
university-waterloo,the,2023,201
university-waterloo,the,2024,158
university-waterloo,the,2025,163
university-waterloo,the,2026,162
usn-university-of-texas-southwestern-medical-center-dallas-228635,usnews,2026,113
the-free-university-berlin,the,2012,151
the-free-university-berlin,the,2013,128
the-free-university-berlin,the,2014,86
the-free-university-berlin,the,2015,81
the-free-university-berlin,the,2016,72
the-free-university-berlin,the,2017,75
the-free-university-berlin,the,2018,88
the-free-university-berlin,the,2019,104
the-free-university-berlin,the,2020,117
the-free-university-berlin,the,2021,118
the-free-university-berlin,the,2022,83
the-free-university-berlin,the,2023,91
the-free-university-berlin,the,2024,102
the-free-university-berlin,the,2025,104
the-free-university-berlin,the,2026,113
lomonosov-moscow-state-university,qs,2026,115
lomonosov-moscow-state-university,the,2012,276
lomonosov-moscow-state-university,the,2013,201
lomonosov-moscow-state-university,the,2014,226
lomonosov-moscow-state-university,the,2015,196
lomonosov-moscow-state-university,the,2016,161
lomonosov-moscow-state-university,the,2017,188
lomonosov-moscow-state-university,the,2018,194
lomonosov-moscow-state-university,the,2019,199
lomonosov-moscow-state-university,the,2020,189
lomonosov-moscow-state-university,the,2021,174
lomonosov-moscow-state-university,the,2022,158
lomonosov-moscow-state-university,the,2023,163
lomonosov-moscow-state-university,the,2024,95
lomonosov-moscow-state-university,the,2025,107
lomonosov-moscow-state-university,the,2026,133
university-st-andrews,qs,2026,115
university-st-andrews,usnews,2026,375
university-st-andrews,the,2011,103
university-st-andrews,the,2012,85
university-st-andrews,the,2013,108
university-st-andrews,the,2014,117
university-st-andrews,the,2015,111
university-st-andrews,the,2016,86
university-st-andrews,the,2017,110
university-st-andrews,the,2018,143
university-st-andrews,the,2019,165
university-st-andrews,the,2020,198
university-st-andrews,the,2021,201
university-st-andrews,the,2022,201
university-st-andrews,the,2023,201
university-st-andrews,the,2024,193
university-st-andrews,the,2025,185
university-st-andrews,the,2026,162
hunan-university,qs,2026,477
hunan-university,usnews,2026,115
hunan-university,the,2016,601
hunan-university,the,2017,601
hunan-university,the,2018,601
hunan-university,the,2019,501
hunan-university,the,2020,401
hunan-university,the,2021,401
hunan-university,the,2022,401
hunan-university,the,2023,401
hunan-university,the,2024,351
hunan-university,the,2025,301
hunan-university,the,2026,251
mcmaster-university,qs,2026,174
mcmaster-university,usnews,2026,150
mcmaster-university,the,2011,93
mcmaster-university,the,2012,65
mcmaster-university,the,2013,88
mcmaster-university,the,2014,92
mcmaster-university,the,2015,94
mcmaster-university,the,2016,94
mcmaster-university,the,2017,113
mcmaster-university,the,2018,78
mcmaster-university,the,2019,77
mcmaster-university,the,2020,72
mcmaster-university,the,2021,69
mcmaster-university,the,2022,80
mcmaster-university,the,2023,85
mcmaster-university,the,2024,103
mcmaster-university,the,2025,116
mcmaster-university,the,2026,116
indian-institute-technology-delhi-iitd,qs,2026,118
indian-institute-technology-delhi-iitd,usnews,2026,697
indian-institute-technology-delhi-iitd,the,2014,351
indian-institute-technology-delhi-iitd,the,2016,401
indian-institute-technology-delhi-iitd,the,2017,401
indian-institute-technology-delhi-iitd,the,2018,501
indian-institute-technology-delhi-iitd,the,2019,501
indian-institute-technology-delhi-iitd,the,2020,401
pontificia-universidad-catolica-de-chile-uc,qs,2026,119
pontificia-universidad-catolica-de-chile-uc,the,2012,350
pontificia-universidad-catolica-de-chile-uc,the,2016,401
pontificia-universidad-catolica-de-chile-uc,the,2017,401
pontificia-universidad-catolica-de-chile-uc,the,2018,501
pontificia-universidad-catolica-de-chile-uc,the,2019,601
pontificia-universidad-catolica-de-chile-uc,the,2020,501
pontificia-universidad-catolica-de-chile-uc,the,2021,501
pontificia-universidad-catolica-de-chile-uc,the,2022,401
pontificia-universidad-catolica-de-chile-uc,the,2023,401
pontificia-universidad-catolica-de-chile-uc,the,2024,401
pontificia-universidad-catolica-de-chile-uc,the,2025,501
pontificia-universidad-catolica-de-chile-uc,the,2026,401
rmit-university,qs,2026,119
rmit-university,usnews,2026,173
rmit-university,the,2016,401
rmit-university,the,2017,401
rmit-university,the,2018,401
rmit-university,the,2019,401
rmit-university,the,2020,351
rmit-university,the,2021,301
rmit-university,the,2022,301
rmit-university,the,2023,301
rmit-university,the,2024,251
rmit-university,the,2025,251
rmit-university,the,2026,251
southern-university-science-technology-sustech,qs,2026,317
southern-university-science-technology-sustech,usnews,2026,119
southern-university-science-technology-sustech,the,2019,301
southern-university-science-technology-sustech,the,2020,301
southern-university-science-technology-sustech,the,2021,251
southern-university-science-technology-sustech,the,2022,162
southern-university-science-technology-sustech,the,2023,166
southern-university-science-technology-sustech,the,2024,201
southern-university-science-technology-sustech,the,2025,183
southern-university-science-technology-sustech,the,2026,160
usn-wageningen-university-and-research-center-501112,usnews,2026,119
university-basel,qs,2026,150
university-basel,usnews,2026,189
university-basel,the,2011,95
university-basel,the,2012,111
university-basel,the,2013,142
university-basel,the,2014,74
university-basel,the,2015,75
university-basel,the,2016,101
university-basel,the,2017,98
university-basel,the,2018,95
university-basel,the,2019,103
university-basel,the,2020,94
university-basel,the,2021,92
university-basel,the,2022,103
university-basel,the,2023,101
university-basel,the,2024,123
university-basel,the,2025,126
university-basel,the,2026,120
university-cape-town,qs,2026,184
university-cape-town,usnews,2026,122
university-cape-town,the,2011,107
university-cape-town,the,2012,103
university-cape-town,the,2013,113
university-cape-town,the,2014,126
university-cape-town,the,2015,124
university-cape-town,the,2016,120
university-cape-town,the,2017,148
university-cape-town,the,2018,171
university-cape-town,the,2019,156
university-cape-town,the,2020,136
university-cape-town,the,2021,155
university-cape-town,the,2022,183
university-cape-town,the,2023,160
university-cape-town,the,2024,167
university-cape-town,the,2025,180
university-cape-town,the,2026,164
king-abdulaziz-university-kau,qs,2026,200
king-abdulaziz-university-kau,usnews,2026,122
king-abdulaziz-university-kau,the,2013,301
king-abdulaziz-university-kau,the,2014,351
king-abdulaziz-university-kau,the,2016,251
king-abdulaziz-university-kau,the,2017,201
king-abdulaziz-university-kau,the,2018,201
king-abdulaziz-university-kau,the,2019,201
king-abdulaziz-university-kau,the,2020,201
king-abdulaziz-university-kau,the,2021,201
king-abdulaziz-university-kau,the,2022,190
king-abdulaziz-university-kau,the,2023,101
king-abdulaziz-university-kau,the,2024,251
king-abdulaziz-university-kau,the,2025,351
king-abdulaziz-university-kau,the,2026,351
university-gottingen,qs,2026,261
university-gottingen,usnews,2026,187
university-gottingen,the,2011,43
university-gottingen,the,2012,69
university-gottingen,the,2013,70
university-gottingen,the,2014,63
university-gottingen,the,2015,67
university-gottingen,the,2016,99
university-gottingen,the,2017,112
university-gottingen,the,2018,113
university-gottingen,the,2019,123
university-gottingen,the,2020,125
university-gottingen,the,2021,130
university-gottingen,the,2022,119
university-gottingen,the,2023,119
university-gottingen,the,2024,111
university-gottingen,the,2025,121
university-gottingen,the,2026,122
alma-mater-studiorum-universita-di-bologna,qs,2026,123
university-bath,qs,2026,125
university-bath,usnews,2026,386
university-bath,the,2012,251
university-bath,the,2013,276
university-bath,the,2014,276
university-bath,the,2015,301
university-bath,the,2016,251
university-bath,the,2017,251
university-bath,the,2018,251
university-bath,the,2019,201
university-bath,the,2020,251
university-bath,the,2021,201
university-bath,the,2022,201
university-bath,the,2023,251
university-bath,the,2024,251
university-bath,the,2025,251
university-bath,the,2026,251
universitat-hamburg,qs,2026,209
universitat-hamburg,usnews,2026,146
universitat-hamburg,the,2012,226
universitat-hamburg,the,2017,180
universitat-hamburg,the,2018,201
universitat-hamburg,the,2019,135
universitat-hamburg,the,2020,149
universitat-hamburg,the,2021,135
universitat-hamburg,the,2022,132
universitat-hamburg,the,2023,128
universitat-hamburg,the,2024,136
universitat-hamburg,the,2025,132
universitat-hamburg,the,2026,125
university-lausanne,qs,2026,233
university-lausanne,usnews,2026,179
university-lausanne,the,2011,136
university-lausanne,the,2012,116
university-lausanne,the,2013,130
university-lausanne,the,2014,132
university-lausanne,the,2015,136
university-lausanne,the,2016,144
university-lausanne,the,2017,151
university-lausanne,the,2018,152
university-lausanne,the,2019,176
university-lausanne,the,2020,198
university-lausanne,the,2021,191
university-lausanne,the,2022,176
university-lausanne,the,2023,135
university-lausanne,the,2024,143
university-lausanne,the,2025,134
university-lausanne,the,2026,125
usn-rockefeller-university-195049,usnews,2026,125
aalto-university,qs,2026,126
aalto-university,usnews,2026,290
aalto-university,the,2012,301
aalto-university,the,2013,251
aalto-university,the,2014,301
aalto-university,the,2015,251
aalto-university,the,2016,251
aalto-university,the,2017,201
aalto-university,the,2018,190
aalto-university,the,2019,181
aalto-university,the,2020,184
aalto-university,the,2021,201
aalto-university,the,2022,201
aalto-university,the,2023,201
aalto-university,the,2024,201
aalto-university,the,2025,196
aalto-university,the,2026,195
macquarie-university-sydney-australia,qs,2026,126
macquarie-university-sydney-australia,usnews,2026,173
macquarie-university-sydney-australia,the,2012,226
macquarie-university-sydney-australia,the,2013,251
macquarie-university-sydney-australia,the,2014,276
macquarie-university-sydney-australia,the,2015,301
macquarie-university-sydney-australia,the,2016,301
macquarie-university-sydney-australia,the,2017,251
macquarie-university-sydney-australia,the,2018,251
macquarie-university-sydney-australia,the,2019,201
macquarie-university-sydney-australia,the,2020,201
macquarie-university-sydney-australia,the,2021,195
macquarie-university-sydney-australia,the,2022,192
macquarie-university-sydney-australia,the,2023,175
macquarie-university-sydney-australia,the,2024,180
macquarie-university-sydney-australia,the,2025,178
macquarie-university-sydney-australia,the,2026,166
university-rochester,qs,2026,251
university-rochester,usnews,2026,208
university-rochester,the,2012,81
university-rochester,the,2013,102
university-rochester,the,2014,95
university-rochester,the,2015,121
university-rochester,the,2016,158
university-rochester,the,2017,151
university-rochester,the,2018,153
university-rochester,the,2019,163
university-rochester,the,2020,173
university-rochester,the,2021,147
university-rochester,the,2022,142
university-rochester,the,2023,154
university-rochester,the,2024,133
university-rochester,the,2025,127
university-rochester,the,2026,127
usn-london-school-of-hygiene-and-tropical-medicine-503353,usnews,2026,127
universiti-sains-malaysia-usm,qs,2026,128
universiti-sains-malaysia-usm,usnews,2026,378
universiti-sains-malaysia-usm,the,2016,601
universiti-sains-malaysia-usm,the,2017,601
universiti-sains-malaysia-usm,the,2018,601
universiti-sains-malaysia-usm,the,2019,601
universiti-sains-malaysia-usm,the,2020,601
universiti-sains-malaysia-usm,the,2021,601
universiti-sains-malaysia-usm,the,2022,601
universiti-sains-malaysia-usm,the,2023,601
universiti-sains-malaysia-usm,the,2024,401
universiti-sains-malaysia-usm,the,2025,401
universiti-sains-malaysia-usm,the,2026,401
university-geneva,qs,2026,168
university-geneva,usnews,2026,129
university-geneva,the,2011,118
university-geneva,the,2012,130
university-geneva,the,2013,133
university-geneva,the,2014,124
university-geneva,the,2015,107
university-geneva,the,2016,131
university-geneva,the,2017,137
university-geneva,the,2018,130
university-geneva,the,2019,135
university-geneva,the,2020,144
university-geneva,the,2021,149
university-geneva,the,2022,197
university-geneva,the,2023,201
university-geneva,the,2024,183
university-geneva,the,2025,171
university-geneva,the,2026,166
xian-jiaotong-university,qs,2026,296
xian-jiaotong-university,usnews,2026,129
xian-jiaotong-university,the,2016,501
xian-jiaotong-university,the,2017,501
xian-jiaotong-university,the,2018,501
xian-jiaotong-university,the,2019,501
xian-jiaotong-university,the,2020,501
xian-jiaotong-university,the,2021,401
xian-jiaotong-university,the,2022,401
xian-jiaotong-university,the,2023,501
xian-jiaotong-university,the,2024,251
xian-jiaotong-university,the,2025,201
xian-jiaotong-university,the,2026,201
universiti-kebangsaan-malaysia-ukm,qs,2026,130
universiti-kebangsaan-malaysia-ukm,usnews,2026,546
universiti-kebangsaan-malaysia-ukm,the,2016,601
universiti-kebangsaan-malaysia-ukm,the,2017,601
universiti-kebangsaan-malaysia-ukm,the,2018,601
universiti-kebangsaan-malaysia-ukm,the,2019,601
universiti-kebangsaan-malaysia-ukm,the,2020,601
universiti-kebangsaan-malaysia-ukm,the,2021,601
universiti-kebangsaan-malaysia-ukm,the,2022,601
universiti-kebangsaan-malaysia-ukm,the,2023,601
universiti-kebangsaan-malaysia-ukm,the,2024,401
universiti-kebangsaan-malaysia-ukm,the,2025,401
universiti-kebangsaan-malaysia-ukm,the,2026,301
usn-university-of-bologna-502210,usnews,2026,150
usn-university-of-bologna-502210,the,2012,226
usn-university-of-bologna-502210,the,2013,276
usn-university-of-bologna-502210,the,2014,276
usn-university-of-bologna-502210,the,2015,276
usn-university-of-bologna-502210,the,2016,201
usn-university-of-bologna-502210,the,2017,201
usn-university-of-bologna-502210,the,2018,201
usn-university-of-bologna-502210,the,2019,180
usn-university-of-bologna-502210,the,2020,168
usn-university-of-bologna-502210,the,2021,167
usn-university-of-bologna-502210,the,2022,172
usn-university-of-bologna-502210,the,2023,161
usn-university-of-bologna-502210,the,2024,155
usn-university-of-bologna-502210,the,2025,146
usn-university-of-bologna-502210,the,2026,130
maastricht-university,qs,2026,254
maastricht-university,usnews,2026,183
maastricht-university,the,2012,197
maastricht-university,the,2013,115
maastricht-university,the,2014,98
maastricht-university,the,2015,101
maastricht-university,the,2016,88
maastricht-university,the,2017,94
maastricht-university,the,2018,103
maastricht-university,the,2019,128
maastricht-university,the,2020,127
maastricht-university,the,2021,121
maastricht-university,the,2022,127
maastricht-university,the,2023,145
maastricht-university,the,2024,138
maastricht-university,the,2025,132
maastricht-university,the,2026,131
central-south-university,qs,2026,452
central-south-university,usnews,2026,131
central-south-university,the,2017,801
central-south-university,the,2018,601
central-south-university,the,2019,601
central-south-university,the,2020,401
central-south-university,the,2021,351
central-south-university,the,2022,301
central-south-university,the,2023,351
central-south-university,the,2026,251
usn-autonomous-university-of-barcelona-505700,usnews,2026,131
universidade-de-sao-paulo,qs,2026,133
universidade-de-sao-paulo,usnews,2026,134
southeast-university,qs,2026,335
southeast-university,usnews,2026,133
southeast-university,the,2017,501
southeast-university,the,2018,501
southeast-university,the,2019,501
southeast-university,the,2020,501
southeast-university,the,2021,501
southeast-university,the,2022,501
southeast-university,the,2023,401
southeast-university,the,2024,301
southeast-university,the,2025,301
southeast-university,the,2026,251
indian-institute-technology-bombay-iitb,qs,2026,134
indian-institute-technology-bombay-iitb,usnews,2026,657
indian-institute-technology-bombay-iitb,the,2012,301
indian-institute-technology-bombay-iitb,the,2013,251
indian-institute-technology-bombay-iitb,the,2015,351
indian-institute-technology-bombay-iitb,the,2016,351
indian-institute-technology-bombay-iitb,the,2017,351
indian-institute-technology-bombay-iitb,the,2018,351
indian-institute-technology-bombay-iitb,the,2019,401
indian-institute-technology-bombay-iitb,the,2020,401
beijing-normal-university,qs,2026,237
beijing-normal-university,usnews,2026,135
beijing-normal-university,the,2020,301
beijing-normal-university,the,2021,301
beijing-normal-university,the,2022,251
beijing-normal-university,the,2023,251
beijing-normal-university,the,2024,177
beijing-normal-university,the,2025,146
beijing-normal-university,the,2026,134
university-virginia,qs,2026,268
university-virginia,usnews,2026,135
university-virginia,the,2011,72
university-virginia,the,2012,135
university-virginia,the,2013,118
university-virginia,the,2014,112
university-virginia,the,2015,130
university-virginia,the,2016,147
university-virginia,the,2017,121
university-virginia,the,2018,113
university-virginia,the,2019,107
university-virginia,the,2020,107
university-virginia,the,2021,117
university-virginia,the,2022,127
university-virginia,the,2023,156
university-virginia,the,2024,166
university-virginia,the,2025,163
university-virginia,the,2026,166
university-exeter,qs,2026,136
university-exeter,usnews,2026,138
university-exeter,the,2011,184
university-exeter,the,2012,156
university-exeter,the,2013,153
university-exeter,the,2014,148
university-exeter,the,2015,154
university-exeter,the,2016,93
university-exeter,the,2017,126
university-exeter,the,2018,130
university-exeter,the,2019,141
university-exeter,the,2020,146
university-exeter,the,2021,174
university-exeter,the,2022,143
university-exeter,the,2023,137
university-exeter,the,2024,177
university-exeter,the,2025,172
university-exeter,the,2026,170
usn-scuola-normale-superiore-di-pisa-504541,usnews,2026,340
usn-scuola-normale-superiore-di-pisa-504541,the,2015,63
usn-scuola-normale-superiore-di-pisa-504541,the,2016,112
usn-scuola-normale-superiore-di-pisa-504541,the,2017,137
usn-scuola-normale-superiore-di-pisa-504541,the,2018,184
usn-scuola-normale-superiore-di-pisa-504541,the,2019,161
usn-scuola-normale-superiore-di-pisa-504541,the,2020,152
usn-scuola-normale-superiore-di-pisa-504541,the,2021,181
usn-scuola-normale-superiore-di-pisa-504541,the,2022,197
usn-scuola-normale-superiore-di-pisa-504541,the,2023,183
usn-scuola-normale-superiore-di-pisa-504541,the,2024,168
usn-scuola-normale-superiore-di-pisa-504541,the,2025,154
usn-scuola-normale-superiore-di-pisa-504541,the,2026,137
universiti-putra-malaysia-upm,qs,2026,138
universiti-putra-malaysia-upm,usnews,2026,543
universiti-putra-malaysia-upm,the,2016,601
universiti-putra-malaysia-upm,the,2017,601
universiti-putra-malaysia-upm,the,2018,601
universiti-putra-malaysia-upm,the,2019,801
universiti-putra-malaysia-upm,the,2020,601
universiti-putra-malaysia-upm,the,2021,601
universiti-putra-malaysia-upm,the,2022,601
universiti-putra-malaysia-upm,the,2023,601
universiti-putra-malaysia-upm,the,2024,501
universiti-putra-malaysia-upm,the,2025,601
universiti-putra-malaysia-upm,the,2026,501
usn-university-of-freiburg-503940,usnews,2026,227
usn-university-of-freiburg-503940,the,2011,132
usn-university-of-freiburg-503940,the,2012,189
usn-university-of-freiburg-503940,the,2013,144
usn-university-of-freiburg-503940,the,2014,152
usn-university-of-freiburg-503940,the,2015,163
usn-university-of-freiburg-503940,the,2016,84
usn-university-of-freiburg-503940,the,2017,95
usn-university-of-freiburg-503940,the,2018,82
usn-university-of-freiburg-503940,the,2019,76
usn-university-of-freiburg-503940,the,2020,86
usn-university-of-freiburg-503940,the,2021,83
usn-university-of-freiburg-503940,the,2022,108
usn-university-of-freiburg-503940,the,2023,113
usn-university-of-freiburg-503940,the,2024,128
usn-university-of-freiburg-503940,the,2025,128
usn-university-of-freiburg-503940,the,2026,138
university-liverpool,qs,2026,139
university-liverpool,usnews,2026,169
university-liverpool,the,2011,165
university-liverpool,the,2012,181
university-liverpool,the,2013,171
university-liverpool,the,2014,169
university-liverpool,the,2015,157
university-liverpool,the,2016,157
university-liverpool,the,2017,158
university-liverpool,the,2018,177
university-liverpool,the,2019,181
university-liverpool,the,2020,165
university-liverpool,the,2021,163
university-liverpool,the,2022,178
university-liverpool,the,2023,176
university-liverpool,the,2024,168
university-liverpool,the,2025,160
university-liverpool,the,2026,143
sichuan-university,qs,2026,300
sichuan-university,usnews,2026,139
sichuan-university,the,2016,601
sichuan-university,the,2017,601
sichuan-university,the,2018,601
sichuan-university,the,2019,601
sichuan-university,the,2020,601
sichuan-university,the,2021,601
sichuan-university,the,2022,401
sichuan-university,the,2023,196
sichuan-university,the,2024,150
sichuan-university,the,2025,201
sichuan-university,the,2026,201
university-california-santa-cruz,qs,2026,458
university-california-santa-cruz,usnews,2026,141
university-california-santa-cruz,the,2011,68
university-california-santa-cruz,the,2012,110
university-california-santa-cruz,the,2013,122
university-california-santa-cruz,the,2014,136
university-california-santa-cruz,the,2015,109
university-california-santa-cruz,the,2016,144
university-california-santa-cruz,the,2017,146
university-california-santa-cruz,the,2018,162
university-california-santa-cruz,the,2019,167
university-california-santa-cruz,the,2020,179
university-california-santa-cruz,the,2021,201
university-california-santa-cruz,the,2022,201
university-california-santa-cruz,the,2023,192
university-california-santa-cruz,the,2024,201
university-california-santa-cruz,the,2025,196
university-california-santa-cruz,the,2026,181
national-tsing-hua-university-nthu,qs,2026,142
western-university,qs,2026,142
western-university,usnews,2026,309
western-university,the,2012,201
western-university,the,2013,226
western-university,the,2014,226
western-university,the,2015,226
western-university,the,2016,201
western-university,the,2017,201
western-university,the,2018,201
western-university,the,2019,190
western-university,the,2020,201
western-university,the,2021,201
western-university,the,2022,201
western-university,the,2023,201
western-university,the,2024,201
western-university,the,2025,201
western-university,the,2026,201
deakin-university,qs,2026,227
deakin-university,usnews,2026,142
deakin-university,the,2012,350
deakin-university,the,2013,351
deakin-university,the,2014,301
deakin-university,the,2015,301
deakin-university,the,2016,301
deakin-university,the,2017,251
deakin-university,the,2018,301
deakin-university,the,2019,351
deakin-university,the,2020,301
deakin-university,the,2021,251
deakin-university,the,2022,251
deakin-university,the,2023,251
deakin-university,the,2024,251
deakin-university,the,2025,201
deakin-university,the,2026,201
usn-radboud-university-nijmegen-501519,usnews,2026,142
usn-radboud-university-nijmegen-501519,the,2012,159
usn-radboud-university-nijmegen-501519,the,2013,127
usn-radboud-university-nijmegen-501519,the,2014,131
usn-radboud-university-nijmegen-501519,the,2015,140
usn-radboud-university-nijmegen-501519,the,2016,125
usn-radboud-university-nijmegen-501519,the,2017,121
usn-radboud-university-nijmegen-501519,the,2018,122
usn-radboud-university-nijmegen-501519,the,2019,123
usn-radboud-university-nijmegen-501519,the,2020,128
usn-radboud-university-nijmegen-501519,the,2021,136
usn-radboud-university-nijmegen-501519,the,2022,139
usn-radboud-university-nijmegen-501519,the,2023,139
usn-radboud-university-nijmegen-501519,the,2024,140
usn-radboud-university-nijmegen-501519,the,2025,143
usn-radboud-university-nijmegen-501519,the,2026,154
newcastle-university,qs,2026,149
newcastle-university,usnews,2026,202
newcastle-university,the,2011,152
newcastle-university,the,2012,146
newcastle-university,the,2013,180
newcastle-university,the,2014,198
newcastle-university,the,2015,201
newcastle-university,the,2016,196
newcastle-university,the,2017,190
newcastle-university,the,2018,175
newcastle-university,the,2019,171
newcastle-university,the,2020,201
newcastle-university,the,2021,178
newcastle-university,the,2022,146
newcastle-university,the,2023,139
newcastle-university,the,2024,168
newcastle-university,the,2025,157
newcastle-university,the,2026,144
usn-baylor-college-of-medicine-223223,usnews,2026,144
universidad-nacional-autonoma-de-mexico-unam,qs,2026,145
university-macau,qs,2026,267
university-macau,usnews,2026,206
university-macau,the,2015,276
university-macau,the,2016,401
university-macau,the,2017,351
university-macau,the,2018,351
university-macau,the,2019,351
university-macau,the,2020,301
university-macau,the,2021,301
university-macau,the,2022,201
university-macau,the,2023,201
university-macau,the,2024,193
university-macau,the,2025,180
university-macau,the,2026,145
case-western-reserve-university,qs,2026,326
case-western-reserve-university,usnews,2026,189
case-western-reserve-university,the,2011,65
case-western-reserve-university,the,2012,93
case-western-reserve-university,the,2013,104
case-western-reserve-university,the,2014,88
case-western-reserve-university,the,2015,116
case-western-reserve-university,the,2016,133
case-western-reserve-university,the,2017,126
case-western-reserve-university,the,2018,158
case-western-reserve-university,the,2019,132
case-western-reserve-university,the,2020,119
case-western-reserve-university,the,2021,121
case-western-reserve-university,the,2022,126
case-western-reserve-university,the,2023,134
case-western-reserve-university,the,2024,164
case-western-reserve-university,the,2025,159
case-western-reserve-university,the,2026,145
nankai-university,qs,2026,329
nankai-university,usnews,2026,146
nankai-university,the,2019,351
nankai-university,the,2020,351
nankai-university,the,2021,351
nankai-university,the,2022,301
nankai-university,the,2023,301
nankai-university,the,2024,251
nankai-university,the,2025,201
nankai-university,the,2026,251
khalifa-university,qs,2026,147
khalifa-university,the,2018,301
khalifa-university,the,2019,301
khalifa-university,the,2020,351
khalifa-university,the,2021,351
khalifa-university,the,2022,351
khalifa-university,the,2023,351
khalifa-university,the,2024,251
khalifa-university,the,2025,201
khalifa-university,the,2026,201
universite-de-montreal,qs,2026,162
universite-de-montreal,the,2011,138
universite-de-montreal,the,2012,104
universite-de-montreal,the,2013,84
universite-de-montreal,the,2014,106
universite-de-montreal,the,2015,113
universite-de-montreal,the,2016,113
universite-de-montreal,the,2017,103
universite-de-montreal,the,2018,108
universite-de-montreal,the,2019,90
universite-de-montreal,the,2020,85
universite-de-montreal,the,2021,73
universite-de-montreal,the,2022,88
universite-de-montreal,the,2023,111
universite-de-montreal,the,2024,111
universite-de-montreal,the,2025,125
universite-de-montreal,the,2026,150
texas-am-university,qs,2026,169
texas-am-university,the,2012,164
texas-am-university,the,2013,156
texas-am-university,the,2014,159
texas-am-university,the,2015,141
texas-am-university,the,2016,193
texas-am-university,the,2017,169
texas-am-university,the,2018,159
texas-am-university,the,2019,171
texas-am-university,the,2020,178
texas-am-university,the,2021,197
texas-am-university,the,2022,193
texas-am-university,the,2023,181
texas-am-university,the,2024,118
texas-am-university,the,2025,143
texas-am-university,the,2026,151
eindhoven-university-technology,qs,2026,152
eindhoven-university-technology,usnews,2026,400
eindhoven-university-technology,the,2011,114
eindhoven-university-technology,the,2012,115
eindhoven-university-technology,the,2013,114
eindhoven-university-technology,the,2014,106
eindhoven-university-technology,the,2015,144
eindhoven-university-technology,the,2016,176
eindhoven-university-technology,the,2017,177
eindhoven-university-technology,the,2018,141
eindhoven-university-technology,the,2019,167
eindhoven-university-technology,the,2020,186
eindhoven-university-technology,the,2021,187
eindhoven-university-technology,the,2022,201
eindhoven-university-technology,the,2023,201
eindhoven-university-technology,the,2024,168
eindhoven-university-technology,the,2025,185
eindhoven-university-technology,the,2026,192
beijing-institute-technology,qs,2026,243
beijing-institute-technology,usnews,2026,152
beijing-institute-technology,the,2016,601
beijing-institute-technology,the,2017,601
beijing-institute-technology,the,2018,601
beijing-institute-technology,the,2019,601
beijing-institute-technology,the,2020,601
beijing-institute-technology,the,2021,501
beijing-institute-technology,the,2022,601
beijing-institute-technology,the,2023,501
beijing-institute-technology,the,2024,251
beijing-institute-technology,the,2025,201
beijing-institute-technology,the,2026,201
university-electronic-science-technology-china,qs,2026,488
university-electronic-science-technology-china,usnews,2026,152
university-electronic-science-technology-china,the,2016,601
university-electronic-science-technology-china,the,2017,801
university-electronic-science-technology-china,the,2018,801
university-electronic-science-technology-china,the,2020,601
university-electronic-science-technology-china,the,2021,501
university-electronic-science-technology-china,the,2022,501
university-electronic-science-technology-china,the,2023,401
university-electronic-science-technology-china,the,2024,351
university-electronic-science-technology-china,the,2025,301
university-electronic-science-technology-china,the,2026,301
university-york,qs,2026,158
university-york,usnews,2026,328
university-york,the,2011,81
university-york,the,2012,121
university-york,the,2013,103
university-york,the,2014,100
university-york,the,2015,113
university-york,the,2016,131
university-york,the,2017,129
university-york,the,2018,137
university-york,the,2019,119
university-york,the,2020,128
university-york,the,2021,133
university-york,the,2022,169
university-york,the,2023,139
university-york,the,2024,147
university-york,the,2025,146
university-york,the,2026,154
york-university,qs,2026,322
york-university,usnews,2026,328
york-university,the,2011,81
york-university,the,2012,121
york-university,the,2013,103
york-university,the,2014,100
york-university,the,2015,113
york-university,the,2016,131
york-university,the,2017,129
york-university,the,2018,137
york-university,the,2019,119
york-university,the,2020,128
york-university,the,2021,133
york-university,the,2022,169
york-university,the,2023,139
york-university,the,2024,147
york-university,the,2025,146
york-university,the,2026,154
hanyang-university,qs,2026,155
hanyang-university,usnews,2026,415
hanyang-university,the,2014,351
hanyang-university,the,2015,351
hanyang-university,the,2016,351
hanyang-university,the,2017,351
hanyang-university,the,2018,351
hanyang-university,the,2019,351
hanyang-university,the,2020,351
hanyang-university,the,2021,351
hanyang-university,the,2022,351
hanyang-university,the,2023,401
hanyang-university,the,2024,301
hanyang-university,the,2025,251
hanyang-university,the,2026,251
curtin-university,qs,2026,189
curtin-university,usnews,2026,155
curtin-university,the,2012,350
curtin-university,the,2015,351
curtin-university,the,2016,401
curtin-university,the,2017,401
curtin-university,the,2018,351
curtin-university,the,2019,301
curtin-university,the,2020,251
curtin-university,the,2021,201
curtin-university,the,2022,251
curtin-university,the,2023,201
curtin-university,the,2024,201
curtin-university,the,2025,251
curtin-university,the,2026,251
indiana-university-bloomington,qs,2026,360
indiana-university-bloomington,usnews,2026,155
usn-rutgers-the-state-university-of-new-jersey-new-brunswick-186380,usnews,2026,155
nagoya-university,qs,2026,156
nagoya-university,usnews,2026,328
nagoya-university,the,2012,201
nagoya-university,the,2013,201
nagoya-university,the,2014,201
nagoya-university,the,2015,226
nagoya-university,the,2016,301
nagoya-university,the,2017,301
nagoya-university,the,2018,301
nagoya-university,the,2019,301
nagoya-university,the,2020,301
nagoya-university,the,2021,351
nagoya-university,the,2022,351
nagoya-university,the,2023,301
nagoya-university,the,2024,201
nagoya-university,the,2025,201
nagoya-university,the,2026,201
the-university-pittsburgh-pittsburgh-campus,the,2011,64
the-university-pittsburgh-pittsburgh-campus,the,2012,59
the-university-pittsburgh-pittsburgh-campus,the,2013,76
the-university-pittsburgh-pittsburgh-campus,the,2014,78
the-university-pittsburgh-pittsburgh-campus,the,2015,91
the-university-pittsburgh-pittsburgh-campus,the,2016,79
the-university-pittsburgh-pittsburgh-campus,the,2017,80
the-university-pittsburgh-pittsburgh-campus,the,2018,100
the-university-pittsburgh-pittsburgh-campus,the,2019,110
the-university-pittsburgh-pittsburgh-campus,the,2020,113
the-university-pittsburgh-pittsburgh-campus,the,2021,133
the-university-pittsburgh-pittsburgh-campus,the,2022,140
the-university-pittsburgh-pittsburgh-campus,the,2023,144
the-university-pittsburgh-pittsburgh-campus,the,2024,145
the-university-pittsburgh-pittsburgh-campus,the,2025,141
the-university-pittsburgh-pittsburgh-campus,the,2026,156
technische-universitat-berlin-tu-berlin,qs,2026,158
universiti-teknologi-malaysia,qs,2026,158
universiti-teknologi-malaysia,usnews,2026,429
universiti-teknologi-malaysia,the,2016,401
universiti-teknologi-malaysia,the,2017,601
universiti-teknologi-malaysia,the,2018,601
universiti-teknologi-malaysia,the,2019,601
universiti-teknologi-malaysia,the,2020,601
universiti-teknologi-malaysia,the,2021,601
universiti-teknologi-malaysia,the,2022,601
universiti-teknologi-malaysia,the,2023,601
universiti-teknologi-malaysia,the,2024,401
universiti-teknologi-malaysia,the,2025,401
universiti-teknologi-malaysia,the,2026,401
university-massachusetts-amherst,qs,2026,260
university-massachusetts-amherst,usnews,2026,160
university-milan,qs,2026,270
university-milan,usnews,2026,160
university-milan,the,2012,226
university-milan,the,2013,251
university-milan,the,2014,276
university-milan,the,2015,276
university-milan,the,2016,301
university-milan,the,2017,301
university-milan,the,2018,301
university-milan,the,2019,301
university-milan,the,2020,301
university-milan,the,2021,351
university-milan,the,2022,301
university-milan,the,2023,301
university-milan,the,2024,351
university-milan,the,2025,301
university-milan,the,2026,301
usn-technical-university-of-berlin-506357,usnews,2026,252
usn-technical-university-of-berlin-506357,the,2015,226
usn-technical-university-of-berlin-506357,the,2017,82
usn-technical-university-of-berlin-506357,the,2018,92
usn-technical-university-of-berlin-506357,the,2019,131
usn-technical-university-of-berlin-506357,the,2020,149
usn-technical-university-of-berlin-506357,the,2021,140
usn-technical-university-of-berlin-506357,the,2022,139
usn-technical-university-of-berlin-506357,the,2023,156
usn-technical-university-of-berlin-506357,the,2024,136
usn-technical-university-of-berlin-506357,the,2025,140
usn-technical-university-of-berlin-506357,the,2026,160
south-china-university-technology,qs,2026,342
south-china-university-technology,usnews,2026,162
south-china-university-technology,the,2016,501
south-china-university-technology,the,2017,601
south-china-university-technology,the,2018,501
south-china-university-technology,the,2019,501
south-china-university-technology,the,2020,501
south-china-university-technology,the,2021,401
south-china-university-technology,the,2022,401
south-china-university-technology,the,2023,401
south-china-university-technology,the,2024,251
south-china-university-technology,the,2025,251
south-china-university-technology,the,2026,251
lancaster-university,qs,2026,164
lancaster-university,usnews,2026,324
lancaster-university,the,2011,124
lancaster-university,the,2012,131
lancaster-university,the,2013,145
lancaster-university,the,2014,137
lancaster-university,the,2015,131
lancaster-university,the,2016,130
lancaster-university,the,2017,137
lancaster-university,the,2018,150
lancaster-university,the,2019,146
lancaster-university,the,2020,139
lancaster-university,the,2021,136
lancaster-university,the,2022,122
lancaster-university,the,2023,122
lancaster-university,the,2024,155
lancaster-university,the,2025,168
lancaster-university,the,2026,184
university-cologne,qs,2026,269
university-cologne,usnews,2026,238
university-cologne,the,2014,251
university-cologne,the,2015,301
university-cologne,the,2016,156
university-cologne,the,2017,170
university-cologne,the,2018,145
university-cologne,the,2019,146
university-cologne,the,2020,157
university-cologne,the,2021,145
university-cologne,the,2022,172
university-cologne,the,2023,146
university-cologne,the,2024,160
university-cologne,the,2025,157
university-cologne,the,2026,164
swinburne-university-technology,qs,2026,291
swinburne-university-technology,usnews,2026,164
swinburne-university-technology,the,2012,350
swinburne-university-technology,the,2014,351
swinburne-university-technology,the,2015,351
swinburne-university-technology,the,2016,351
swinburne-university-technology,the,2017,351
swinburne-university-technology,the,2018,401
swinburne-university-technology,the,2019,401
swinburne-university-technology,the,2020,351
swinburne-university-technology,the,2021,351
swinburne-university-technology,the,2022,301
swinburne-university-technology,the,2023,301
swinburne-university-technology,the,2024,201
swinburne-university-technology,the,2025,251
swinburne-university-technology,the,2026,251
universitat-de-barcelona,qs,2026,165
tianjin-university,qs,2026,235
tianjin-university,usnews,2026,166
tianjin-university,the,2016,501
tianjin-university,the,2017,501
tianjin-university,the,2018,501
tianjin-university,the,2019,501
tianjin-university,the,2020,501
tianjin-university,the,2021,401
tianjin-university,the,2022,401
tianjin-university,the,2023,401
tianjin-university,the,2024,201
tianjin-university,the,2025,201
tianjin-university,the,2026,201
university-leicester,qs,2026,314
university-leicester,usnews,2026,166
university-leicester,the,2012,197
university-leicester,the,2013,196
university-leicester,the,2014,161
university-leicester,the,2015,199
university-leicester,the,2016,167
university-leicester,the,2017,172
university-leicester,the,2018,159
university-leicester,the,2019,167
university-leicester,the,2020,166
university-leicester,the,2021,170
university-leicester,the,2022,185
university-leicester,the,2023,163
university-leicester,the,2024,201
university-leicester,the,2025,191
university-leicester,the,2026,192
shenzhen-university,qs,2026,416
shenzhen-university,usnews,2026,166
shenzhen-university,the,2019,601
shenzhen-university,the,2020,501
shenzhen-university,the,2021,401
shenzhen-university,the,2022,351
shenzhen-university,the,2023,401
shenzhen-university,the,2024,351
shenzhen-university,the,2025,351
shenzhen-university,the,2026,351
usn-karlsruhe-institute-of-technology-502442,usnews,2026,299
usn-karlsruhe-institute-of-technology-502442,the,2011,187
usn-karlsruhe-institute-of-technology-502442,the,2012,196
usn-karlsruhe-institute-of-technology-502442,the,2013,151
usn-karlsruhe-institute-of-technology-502442,the,2014,154
usn-karlsruhe-institute-of-technology-502442,the,2015,165
usn-karlsruhe-institute-of-technology-502442,the,2016,138
usn-karlsruhe-institute-of-technology-502442,the,2017,144
usn-karlsruhe-institute-of-technology-502442,the,2018,133
usn-karlsruhe-institute-of-technology-502442,the,2019,135
usn-karlsruhe-institute-of-technology-502442,the,2020,175
usn-karlsruhe-institute-of-technology-502442,the,2021,201
usn-karlsruhe-institute-of-technology-502442,the,2022,180
usn-karlsruhe-institute-of-technology-502442,the,2023,189
usn-karlsruhe-institute-of-technology-502442,the,2024,140
usn-karlsruhe-institute-of-technology-502442,the,2025,166
usn-karlsruhe-institute-of-technology-502442,the,2026,166
stockholm-university,qs,2026,167
stockholm-university,usnews,2026,193
stockholm-university,the,2011,129
stockholm-university,the,2012,131
stockholm-university,the,2013,117
stockholm-university,the,2014,103
stockholm-university,the,2015,98
stockholm-university,the,2016,136
stockholm-university,the,2017,144
stockholm-university,the,2018,134
stockholm-university,the,2019,153
stockholm-university,the,2020,175
stockholm-university,the,2021,183
stockholm-university,the,2022,176
stockholm-university,the,2023,176
stockholm-university,the,2024,185
stockholm-university,the,2025,191
stockholm-university,the,2026,201
indian-institute-technology-madras-iitm,qs,2026,170
indian-institute-technology-madras-iitm,usnews,2026,626
indian-institute-technology-madras-iitm,the,2016,401
indian-institute-technology-madras-iitm,the,2017,401
indian-institute-technology-madras-iitm,the,2018,601
indian-institute-technology-madras-iitm,the,2019,601
indian-institute-technology-madras-iitm,the,2020,601
university-antwerp,qs,2026,277
university-antwerp,usnews,2026,206
university-antwerp,the,2012,276
university-antwerp,the,2013,192
university-antwerp,the,2014,164
university-antwerp,the,2015,170
university-antwerp,the,2016,190
university-antwerp,the,2017,201
university-antwerp,the,2018,201
university-antwerp,the,2019,201
university-antwerp,the,2020,198
university-antwerp,the,2021,170
university-antwerp,the,2022,143
university-antwerp,the,2023,131
university-antwerp,the,2024,161
university-antwerp,the,2025,168
university-antwerp,the,2026,170
university-utah,qs,2026,533
university-utah,usnews,2026,170
university-utah,the,2011,83
university-utah,the,2012,113
university-utah,the,2013,134
university-utah,the,2014,143
university-utah,the,2015,162
university-utah,the,2016,182
university-utah,the,2017,201
university-utah,the,2018,201
university-utah,the,2019,201
university-utah,the,2020,201
university-utah,the,2021,201
university-utah,the,2022,251
university-utah,the,2023,251
university-utah,the,2024,201
university-utah,the,2025,201
university-utah,the,2026,201
kyushu-university,qs,2026,171
kyushu-university,usnews,2026,331
kyushu-university,the,2012,251
kyushu-university,the,2013,301
kyushu-university,the,2014,301
kyushu-university,the,2015,351
kyushu-university,the,2016,401
kyushu-university,the,2017,351
kyushu-university,the,2018,351
kyushu-university,the,2019,401
kyushu-university,the,2020,401
kyushu-university,the,2021,401
kyushu-university,the,2022,501
kyushu-university,the,2023,501
kyushu-university,the,2024,301
kyushu-university,the,2025,301
kyushu-university,the,2026,301
arizona-state-university,qs,2026,172
arizona-state-university,the,2011,161
arizona-state-university,the,2012,127
arizona-state-university,the,2013,148
arizona-state-university,the,2014,146
arizona-state-university,the,2015,182
arizona-state-university,the,2016,189
arizona-state-university,the,2017,131
arizona-state-university,the,2018,126
arizona-state-university,the,2019,123
arizona-state-university,the,2020,155
arizona-state-university,the,2021,184
arizona-state-university,the,2022,132
arizona-state-university,the,2023,156
arizona-state-university,the,2024,182
arizona-state-university,the,2025,201
arizona-state-university,the,2026,201
queensland-university-technology-qut,qs,2026,240
queensland-university-technology-qut,usnews,2026,172
queensland-university-technology-qut,the,2012,276
queensland-university-technology-qut,the,2013,251
queensland-university-technology-qut,the,2014,276
queensland-university-technology-qut,the,2015,276
queensland-university-technology-qut,the,2016,251
queensland-university-technology-qut,the,2017,201
queensland-university-technology-qut,the,2018,201
queensland-university-technology-qut,the,2019,201
queensland-university-technology-qut,the,2020,179
queensland-university-technology-qut,the,2021,186
queensland-university-technology-qut,the,2022,193
queensland-university-technology-qut,the,2023,201
queensland-university-technology-qut,the,2024,199
queensland-university-technology-qut,the,2025,201
queensland-university-technology-qut,the,2026,201
usn-trinity-college-dublin-501570,usnews,2026,213
usn-trinity-college-dublin-501570,the,2011,76
usn-trinity-college-dublin-501570,the,2012,117
usn-trinity-college-dublin-501570,the,2013,110
usn-trinity-college-dublin-501570,the,2014,129
usn-trinity-college-dublin-501570,the,2015,138
usn-trinity-college-dublin-501570,the,2016,101
usn-trinity-college-dublin-501570,the,2017,131
usn-trinity-college-dublin-501570,the,2018,117
usn-trinity-college-dublin-501570,the,2019,120
usn-trinity-college-dublin-501570,the,2020,164
usn-trinity-college-dublin-501570,the,2021,155
usn-trinity-college-dublin-501570,the,2022,146
usn-trinity-college-dublin-501570,the,2023,161
usn-trinity-college-dublin-501570,the,2024,134
usn-trinity-college-dublin-501570,the,2025,139
usn-trinity-college-dublin-501570,the,2026,173
chalmers-university-technology,qs,2026,174
chalmers-university-technology,usnews,2026,348
chalmers-university-technology,the,2012,226
chalmers-university-technology,the,2013,226
chalmers-university-technology,the,2014,276
chalmers-university-technology,the,2015,276
chalmers-university-technology,the,2016,201
chalmers-university-technology,the,2017,251
chalmers-university-technology,the,2018,201
chalmers-university-technology,the,2019,201
chalmers-university-technology,the,2020,251
chalmers-university-technology,the,2021,201
chalmers-university-technology,the,2022,251
chalmers-university-technology,the,2023,251
chalmers-university-technology,the,2024,189
chalmers-university-technology,the,2025,201
chalmers-university-technology,the,2026,201
queens-university-belfast,qs,2026,174
queens-university-belfast,usnews,2026,241
queens-university-belfast,the,2012,251
queens-university-belfast,the,2013,276
queens-university-belfast,the,2014,251
queens-university-belfast,the,2015,251
queens-university-belfast,the,2016,200
queens-university-belfast,the,2017,201
queens-university-belfast,the,2018,201
queens-university-belfast,the,2019,201
queens-university-belfast,the,2020,201
queens-university-belfast,the,2021,200
queens-university-belfast,the,2022,201
queens-university-belfast,the,2023,198
queens-university-belfast,the,2024,201
queens-university-belfast,the,2025,201
queens-university-belfast,the,2026,198
the-tu-dresden,the,2012,251
the-tu-dresden,the,2013,276
the-tu-dresden,the,2014,251
the-tu-dresden,the,2015,135
the-tu-dresden,the,2016,158
the-tu-dresden,the,2017,164
the-tu-dresden,the,2018,155
the-tu-dresden,the,2019,151
the-tu-dresden,the,2020,157
the-tu-dresden,the,2021,152
the-tu-dresden,the,2022,172
the-tu-dresden,the,2023,156
the-tu-dresden,the,2024,161
the-tu-dresden,the,2025,160
the-tu-dresden,the,2026,174
usn-university-of-padua-502381,usnews,2026,175
usn-university-of-padua-502381,the,2012,226
usn-university-of-padua-502381,the,2013,301
usn-university-of-padua-502381,the,2014,301
usn-university-of-padua-502381,the,2015,301
usn-university-of-padua-502381,the,2016,301
usn-university-of-padua-502381,the,2017,301
usn-university-of-padua-502381,the,2018,351
usn-university-of-padua-502381,the,2019,201
usn-university-of-padua-502381,the,2020,201
usn-university-of-padua-502381,the,2021,251
usn-university-of-padua-502381,the,2022,201
usn-university-of-padua-502381,the,2023,201
usn-university-of-padua-502381,the,2024,201
usn-university-of-padua-502381,the,2025,201
usn-university-of-padua-502381,the,2026,201
xiamen-university,qs,2026,303
xiamen-university,usnews,2026,176
xiamen-university,the,2016,401
xiamen-university,the,2017,401
xiamen-university,the,2018,401
xiamen-university,the,2019,501
xiamen-university,the,2020,501
xiamen-university,the,2021,501
xiamen-university,the,2022,401
xiamen-university,the,2023,401
xiamen-university,the,2024,301
xiamen-university,the,2025,301
xiamen-university,the,2026,251
al-farabi-kazakh-national-university,qs,2026,177
al-farabi-kazakh-national-university,usnews,2026,1075
al-farabi-kazakh-national-university,the,2019,801
al-farabi-kazakh-national-university,the,2020,1001
al-farabi-kazakh-national-university,the,2021,1001
al-farabi-kazakh-national-university,the,2022,1201
al-farabi-kazakh-national-university,the,2023,1001
al-farabi-kazakh-national-university,the,2024,1201
al-farabi-kazakh-national-university,the,2025,1201
al-farabi-kazakh-national-university,the,2026,1201
national-yang-ming-chiao-tung-university-nycu-taiwan,qs,2026,177
national-yang-ming-chiao-tung-university-nycu-taiwan,usnews,2026,596
national-yang-ming-chiao-tung-university-nycu-taiwan,the,2022,301
national-yang-ming-chiao-tung-university-nycu-taiwan,the,2023,501
national-yang-ming-chiao-tung-university-nycu-taiwan,the,2024,401
national-yang-ming-chiao-tung-university-nycu-taiwan,the,2025,401
national-yang-ming-chiao-tung-university-nycu-taiwan,the,2026,401
university-gothenburg,qs,2026,225
university-gothenburg,usnews,2026,177
university-gothenburg,the,2012,201
university-gothenburg,the,2013,201
university-gothenburg,the,2014,201
university-gothenburg,the,2015,226
university-gothenburg,the,2016,180
university-gothenburg,the,2017,170
university-gothenburg,the,2018,198
university-gothenburg,the,2019,201
university-gothenburg,the,2020,186
university-gothenburg,the,2021,191
university-gothenburg,the,2022,185
university-gothenburg,the,2023,201
university-gothenburg,the,2024,201
university-gothenburg,the,2025,201
university-gothenburg,the,2026,201
usn-texas-am-university-college-station-228723,usnews,2026,177
cardiff-university,qs,2026,179
cardiff-university,usnews,2026,211
cardiff-university,the,2012,201
cardiff-university,the,2013,201
cardiff-university,the,2014,201
cardiff-university,the,2015,201
cardiff-university,the,2016,182
cardiff-university,the,2017,182
cardiff-university,the,2018,162
cardiff-university,the,2019,187
cardiff-university,the,2020,198
cardiff-university,the,2021,191
cardiff-university,the,2022,189
cardiff-university,the,2023,187
cardiff-university,the,2024,190
cardiff-university,the,2025,201
cardiff-university,the,2026,201
hokkaido-university,qs,2026,179
hokkaido-university,usnews,2026,405
hokkaido-university,the,2012,276
hokkaido-university,the,2013,301
hokkaido-university,the,2014,301
hokkaido-university,the,2015,351
hokkaido-university,the,2016,401
hokkaido-university,the,2017,401
hokkaido-university,the,2018,401
hokkaido-university,the,2019,401
hokkaido-university,the,2020,401
hokkaido-university,the,2021,501
hokkaido-university,the,2022,501
hokkaido-university,the,2023,501
hokkaido-university,the,2024,351
hokkaido-university,the,2025,351
hokkaido-university,the,2026,351
queens-university-kingston,qs,2026,179
usn-arizona-state-university-tempe-104151,usnews,2026,179
usn-university-of-wurzburg-505067,usnews,2026,249
usn-university-of-wurzburg-505067,the,2011,168
usn-university-of-wurzburg-505067,the,2012,201
usn-university-of-wurzburg-505067,the,2013,226
usn-university-of-wurzburg-505067,the,2014,226
usn-university-of-wurzburg-505067,the,2015,226
usn-university-of-wurzburg-505067,the,2016,185
usn-university-of-wurzburg-505067,the,2017,186
usn-university-of-wurzburg-505067,the,2018,165
usn-university-of-wurzburg-505067,the,2019,159
usn-university-of-wurzburg-505067,the,2020,163
usn-university-of-wurzburg-505067,the,2021,140
usn-university-of-wurzburg-505067,the,2022,165
usn-university-of-wurzburg-505067,the,2023,139
usn-university-of-wurzburg-505067,the,2024,175
usn-university-of-wurzburg-505067,the,2025,163
usn-university-of-wurzburg-505067,the,2026,179
dartmouth-college,qs,2026,270
dartmouth-college,usnews,2026,331
dartmouth-college,the,2011,99
dartmouth-college,the,2012,90
dartmouth-college,the,2013,124
dartmouth-college,the,2014,126
dartmouth-college,the,2015,152
dartmouth-college,the,2016,104
dartmouth-college,the,2017,82
dartmouth-college,the,2018,89
dartmouth-college,the,2019,99
dartmouth-college,the,2020,94
dartmouth-college,the,2021,101
dartmouth-college,the,2022,99
dartmouth-college,the,2023,123
dartmouth-college,the,2024,161
dartmouth-college,the,2025,168
dartmouth-college,the,2026,180
usn-medical-university-of-vienna-504165,usnews,2026,213
usn-medical-university-of-vienna-504165,the,2013,301
usn-medical-university-of-vienna-504165,the,2014,251
usn-medical-university-of-vienna-504165,the,2015,251
usn-medical-university-of-vienna-504165,the,2016,201
usn-medical-university-of-vienna-504165,the,2018,251
usn-medical-university-of-vienna-504165,the,2019,201
usn-medical-university-of-vienna-504165,the,2020,201
usn-medical-university-of-vienna-504165,the,2021,201
usn-medical-university-of-vienna-504165,the,2022,201
usn-medical-university-of-vienna-504165,the,2023,194
usn-medical-university-of-vienna-504165,the,2024,201
usn-medical-university-of-vienna-504165,the,2025,201
usn-medical-university-of-vienna-504165,the,2026,181
northwestern-polytechnical-university,qs,2026,425
northwestern-polytechnical-university,usnews,2026,182
northwestern-polytechnical-university,the,2016,601
northwestern-polytechnical-university,the,2017,601
northwestern-polytechnical-university,the,2018,601
northwestern-polytechnical-university,the,2019,601
northwestern-polytechnical-university,the,2020,601
northwestern-polytechnical-university,the,2021,501
northwestern-polytechnical-university,the,2022,501
northwestern-polytechnical-university,the,2023,501
northwestern-polytechnical-university,the,2024,301
northwestern-polytechnical-university,the,2025,251
northwestern-polytechnical-university,the,2026,251
universitat-autonoma-de-barcelona,qs,2026,211
universitat-autonoma-de-barcelona,the,2012,201
universitat-autonoma-de-barcelona,the,2013,201
universitat-autonoma-de-barcelona,the,2014,226
universitat-autonoma-de-barcelona,the,2015,226
universitat-autonoma-de-barcelona,the,2016,146
universitat-autonoma-de-barcelona,the,2017,163
universitat-autonoma-de-barcelona,the,2018,147
universitat-autonoma-de-barcelona,the,2019,145
universitat-autonoma-de-barcelona,the,2020,157
universitat-autonoma-de-barcelona,the,2021,182
universitat-autonoma-de-barcelona,the,2022,170
universitat-autonoma-de-barcelona,the,2023,183
universitat-autonoma-de-barcelona,the,2024,201
universitat-autonoma-de-barcelona,the,2025,199
universitat-autonoma-de-barcelona,the,2026,183
beihang-university-former-buaa,qs,2026,349
beihang-university-former-buaa,usnews,2026,183
beihang-university-former-buaa,the,2018,601
beihang-university-former-buaa,the,2019,501
beihang-university-former-buaa,the,2020,501
beihang-university-former-buaa,the,2021,501
beihang-university-former-buaa,the,2022,501
beihang-university-former-buaa,the,2023,501
beihang-university-former-buaa,the,2024,301
beihang-university-former-buaa,the,2025,251
beihang-university-former-buaa,the,2026,251
usn-weizmann-institute-of-science-506795,usnews,2026,183
universite-catholique-de-louvain-uclouvain,qs,2026,196
universite-catholique-de-louvain-uclouvain,the,2012,169
universite-catholique-de-louvain-uclouvain,the,2013,164
universite-catholique-de-louvain-uclouvain,the,2014,172
universite-catholique-de-louvain-uclouvain,the,2015,171
universite-catholique-de-louvain-uclouvain,the,2016,167
universite-catholique-de-louvain-uclouvain,the,2017,128
universite-catholique-de-louvain-uclouvain,the,2018,129
universite-catholique-de-louvain-uclouvain,the,2019,128
universite-catholique-de-louvain-uclouvain,the,2020,152
universite-catholique-de-louvain-uclouvain,the,2021,164
universite-catholique-de-louvain-uclouvain,the,2022,158
universite-catholique-de-louvain-uclouvain,the,2023,170
universite-catholique-de-louvain-uclouvain,the,2024,168
universite-catholique-de-louvain-uclouvain,the,2025,175
universite-catholique-de-louvain-uclouvain,the,2026,184
usn-king-fahd-university-of-petroleum-and-minerals-kfupm-506100,usnews,2026,322
usn-king-fahd-university-of-petroleum-and-minerals-kfupm-506100,the,2016,501
usn-king-fahd-university-of-petroleum-and-minerals-kfupm-506100,the,2017,401
usn-king-fahd-university-of-petroleum-and-minerals-kfupm-506100,the,2018,501
usn-king-fahd-university-of-petroleum-and-minerals-kfupm-506100,the,2019,601
usn-king-fahd-university-of-petroleum-and-minerals-kfupm-506100,the,2020,501
usn-king-fahd-university-of-petroleum-and-minerals-kfupm-506100,the,2021,501
usn-king-fahd-university-of-petroleum-and-minerals-kfupm-506100,the,2022,351
usn-king-fahd-university-of-petroleum-and-minerals-kfupm-506100,the,2023,201
usn-king-fahd-university-of-petroleum-and-minerals-kfupm-506100,the,2024,201
usn-king-fahd-university-of-petroleum-and-minerals-kfupm-506100,the,2025,176
usn-king-fahd-university-of-petroleum-and-minerals-kfupm-506100,the,2026,184
technische-universitat-dresden,qs,2026,185
universidad-de-chile,qs,2026,185
university-ottawa,qs,2026,228
university-ottawa,usnews,2026,264
university-ottawa,the,2012,185
university-ottawa,the,2013,171
university-ottawa,the,2014,185
university-ottawa,the,2015,188
university-ottawa,the,2016,201
university-ottawa,the,2017,251
university-ottawa,the,2018,201
university-ottawa,the,2019,176
university-ottawa,the,2020,141
university-ottawa,the,2021,145
university-ottawa,the,2022,162
university-ottawa,the,2023,137
university-ottawa,the,2024,177
university-ottawa,the,2025,191
university-ottawa,the,2026,187
universitat-pompeu-fabra-barcelona,qs,2026,263
universitat-pompeu-fabra-barcelona,usnews,2026,270
universitat-pompeu-fabra-barcelona,the,2011,155
universitat-pompeu-fabra-barcelona,the,2012,186
universitat-pompeu-fabra-barcelona,the,2013,201
universitat-pompeu-fabra-barcelona,the,2014,164
universitat-pompeu-fabra-barcelona,the,2015,165
universitat-pompeu-fabra-barcelona,the,2016,164
universitat-pompeu-fabra-barcelona,the,2017,175
universitat-pompeu-fabra-barcelona,the,2018,140
universitat-pompeu-fabra-barcelona,the,2019,135
universitat-pompeu-fabra-barcelona,the,2020,143
universitat-pompeu-fabra-barcelona,the,2021,152
universitat-pompeu-fabra-barcelona,the,2022,156
universitat-pompeu-fabra-barcelona,the,2023,186
universitat-pompeu-fabra-barcelona,the,2024,201
universitat-pompeu-fabra-barcelona,the,2025,176
universitat-pompeu-fabra-barcelona,the,2026,187
tecnologico-de-monterrey,qs,2026,188
tecnologico-de-monterrey,usnews,2026,603
tecnologico-de-monterrey,the,2016,501
tecnologico-de-monterrey,the,2017,501
tecnologico-de-monterrey,the,2018,601
tecnologico-de-monterrey,the,2019,601
tecnologico-de-monterrey,the,2020,601
tecnologico-de-monterrey,the,2021,601
tecnologico-de-monterrey,the,2022,601
tecnologico-de-monterrey,the,2023,801
tecnologico-de-monterrey,the,2024,601
tecnologico-de-monterrey,the,2025,601
tecnologico-de-monterrey,the,2026,601
university-alabama-birmingham,qs,2026,951
university-alabama-birmingham,usnews,2026,188
university-alabama-birmingham,the,2018,168
university-alabama-birmingham,the,2019,179
university-alabama-birmingham,the,2020,172
university-alabama-birmingham,the,2021,169
tufts-university,qs,2026,338
tufts-university,usnews,2026,275
tufts-university,the,2011,53
tufts-university,the,2012,77
tufts-university,the,2013,87
tufts-university,the,2014,80
tufts-university,the,2015,88
tufts-university,the,2016,127
tufts-university,the,2017,135
tufts-university,the,2018,169
tufts-university,the,2019,152
tufts-university,the,2020,139
tufts-university,the,2021,155
tufts-university,the,2022,172
tufts-university,the,2023,151
tufts-university,the,2024,191
tufts-university,the,2025,179
tufts-university,the,2026,189
university-twente,qs,2026,223
university-twente,usnews,2026,417
university-twente,the,2011,185
university-twente,the,2012,200
university-twente,the,2013,187
university-twente,the,2014,170
university-twente,the,2015,201
university-twente,the,2016,149
university-twente,the,2017,153
university-twente,the,2018,179
university-twente,the,2019,184
university-twente,the,2020,201
university-twente,the,2021,201
university-twente,the,2022,201
university-twente,the,2023,251
university-twente,the,2024,184
university-twente,the,2025,180
university-twente,the,2026,190
universite-paris-cite,qs,2026,303
universite-paris-cite,the,2020,130
universite-paris-cite,the,2021,136
universite-paris-cite,the,2022,155
universite-paris-cite,the,2023,114
universite-paris-cite,the,2024,152
universite-paris-cite,the,2025,183
universite-paris-cite,the,2026,190
national-cheng-kung-university-ncku,qs,2026,191
national-cheng-kung-university-ncku,usnews,2026,612
national-cheng-kung-university-ncku,the,2013,301
national-cheng-kung-university-ncku,the,2014,301
national-cheng-kung-university-ncku,the,2015,351
national-cheng-kung-university-ncku,the,2016,401
national-cheng-kung-university-ncku,the,2017,401
national-cheng-kung-university-ncku,the,2018,501
national-cheng-kung-university-ncku,the,2019,501
national-cheng-kung-university-ncku,the,2020,601
national-cheng-kung-university-ncku,the,2021,501
national-cheng-kung-university-ncku,the,2022,601
national-cheng-kung-university-ncku,the,2023,601
national-cheng-kung-university-ncku,the,2024,501
national-cheng-kung-university-ncku,the,2025,501
national-cheng-kung-university-ncku,the,2026,501
technische-universitat-wien,qs,2026,191
universitas-indonesia,qs,2026,191
universitas-indonesia,usnews,2026,727
universitas-indonesia,the,2016,601
universitas-indonesia,the,2017,801
universitas-indonesia,the,2018,801
universitas-indonesia,the,2019,601
universitas-indonesia,the,2020,601
universitas-indonesia,the,2021,801
universitas-indonesia,the,2022,801
universitas-indonesia,the,2023,1001
universitas-indonesia,the,2024,801
universitas-indonesia,the,2025,801
universitas-indonesia,the,2026,801
china-agricultural-university,qs,2026,477
china-agricultural-university,usnews,2026,192
china-agricultural-university,the,2016,501
china-agricultural-university,the,2017,501
china-agricultural-university,the,2018,601
china-agricultural-university,the,2019,601
china-agricultural-university,the,2020,601
china-agricultural-university,the,2021,601
china-agricultural-university,the,2022,601
tel-aviv-university,qs,2026,208
tel-aviv-university,usnews,2026,193
tel-aviv-university,the,2012,166
tel-aviv-university,the,2013,158
tel-aviv-university,the,2014,199
tel-aviv-university,the,2015,188
tel-aviv-university,the,2016,201
tel-aviv-university,the,2017,201
tel-aviv-university,the,2018,201
tel-aviv-university,the,2019,201
tel-aviv-university,the,2020,189
tel-aviv-university,the,2021,191
tel-aviv-university,the,2022,201
tel-aviv-university,the,2023,201
tel-aviv-university,the,2024,201
tel-aviv-university,the,2025,201
tel-aviv-university,the,2026,201
eberhard-karls-universitat-tubingen,qs,2026,230
eberhard-karls-universitat-tubingen,usnews,2026,193
usn-university-of-colorado-anschutz-medical-campus-529678,usnews,2026,193
usn-university-of-montreal-506159,usnews,2026,193
university-notre-dame,qs,2026,300
university-notre-dame,usnews,2026,378
university-notre-dame,the,2011,63
university-notre-dame,the,2012,89
university-notre-dame,the,2013,94
university-notre-dame,the,2014,90
university-notre-dame,the,2015,86
university-notre-dame,the,2016,108
university-notre-dame,the,2017,143
university-notre-dame,the,2018,150
university-notre-dame,the,2019,173
university-notre-dame,the,2020,157
university-notre-dame,the,2021,170
university-notre-dame,the,2022,183
university-notre-dame,the,2023,201
university-notre-dame,the,2024,199
university-notre-dame,the,2025,196
university-notre-dame,the,2026,194
university-wollongong,qs,2026,195
university-wollongong,usnews,2026,204
university-wollongong,the,2012,251
university-wollongong,the,2013,301
university-wollongong,the,2014,276
university-wollongong,the,2015,276
university-wollongong,the,2016,251
university-wollongong,the,2017,251
university-wollongong,the,2018,251
university-wollongong,the,2019,201
university-wollongong,the,2020,201
university-wollongong,the,2021,201
university-wollongong,the,2022,201
university-wollongong,the,2023,201
university-wollongong,the,2024,201
university-wollongong,the,2025,201
university-wollongong,the,2026,201
university-munster,qs,2026,370
university-munster,usnews,2026,218
university-munster,the,2012,276
university-munster,the,2013,251
university-munster,the,2014,226
university-munster,the,2015,251
university-munster,the,2016,125
university-munster,the,2017,161
university-munster,the,2018,173
university-munster,the,2019,184
university-munster,the,2020,189
university-munster,the,2021,195
university-munster,the,2022,201
university-munster,the,2023,185
university-munster,the,2024,193
university-munster,the,2025,188
university-munster,the,2026,195
education-university-hong-kong,qs,2026,406
education-university-hong-kong,usnews,2026,559
education-university-hong-kong,the,2026,195
university-reading,qs,2026,196
university-reading,usnews,2026,408
university-reading,the,2012,164
university-reading,the,2013,176
university-reading,the,2014,194
university-reading,the,2015,201
university-reading,the,2016,164
university-reading,the,2017,192
university-reading,the,2018,201
university-reading,the,2019,201
university-reading,the,2020,201
university-reading,the,2021,201
university-reading,the,2022,201
university-reading,the,2023,198
university-reading,the,2024,201
university-reading,the,2025,201
university-reading,the,2026,201
university-otago,qs,2026,198
university-otago,usnews,2026,290
university-otago,the,2012,201
university-otago,the,2013,226
university-otago,the,2014,226
university-otago,the,2015,251
university-otago,the,2016,201
university-otago,the,2017,201
university-otago,the,2018,201
university-otago,the,2019,201
university-otago,the,2020,201
university-otago,the,2021,201
university-otago,the,2022,201
university-otago,the,2023,301
university-otago,the,2024,301
university-otago,the,2025,351
university-otago,the,2026,351
the-indiana-university,the,2011,156
the-indiana-university,the,2012,123
the-indiana-university,the,2013,134
the-indiana-university,the,2014,132
the-indiana-university,the,2015,150
the-indiana-university,the,2016,201
the-indiana-university,the,2017,150
the-indiana-university,the,2018,117
the-indiana-university,the,2019,146
the-indiana-university,the,2020,134
the-indiana-university,the,2021,140
the-indiana-university,the,2022,167
the-indiana-university,the,2023,170
the-indiana-university,the,2024,198
the-indiana-university,the,2025,189
the-indiana-university,the,2026,198
complutense-university-madrid,qs,2026,199
complutense-university-madrid,usnews,2026,296
complutense-university-madrid,the,2016,401
complutense-university-madrid,the,2017,501
complutense-university-madrid,the,2018,501
complutense-university-madrid,the,2019,401
complutense-university-madrid,the,2020,501
complutense-university-madrid,the,2021,501
complutense-university-madrid,the,2022,501
complutense-university-madrid,the,2023,401
complutense-university-madrid,the,2024,501
complutense-university-madrid,the,2025,501
complutense-university-madrid,the,2026,501
university-calgary,qs,2026,249
university-calgary,usnews,2026,208
university-calgary,the,2012,226
university-calgary,the,2013,226
university-calgary,the,2014,201
university-calgary,the,2015,226
university-calgary,the,2016,201
university-calgary,the,2017,195
university-calgary,the,2018,201
university-calgary,the,2019,199
university-calgary,the,2020,201
university-calgary,the,2021,200
university-calgary,the,2022,201
university-calgary,the,2023,201
university-calgary,the,2024,201
university-calgary,the,2025,201
university-calgary,the,2026,200
waseda-university,qs,2026,201
waseda-university,usnews,2026,540
waseda-university,the,2012,350
waseda-university,the,2013,351
waseda-university,the,2015,351
waseda-university,the,2016,601
waseda-university,the,2017,601
waseda-university,the,2018,601
waseda-university,the,2019,601
waseda-university,the,2020,601
waseda-university,the,2021,801
waseda-university,the,2022,801
waseda-university,the,2023,1001
waseda-university,the,2024,801
waseda-university,the,2025,801
waseda-university,the,2026,801
hong-kong-baptist-university,qs,2026,216
hong-kong-baptist-university,usnews,2026,371
hong-kong-baptist-university,the,2011,111
hong-kong-baptist-university,the,2012,276
hong-kong-baptist-university,the,2013,301
hong-kong-baptist-university,the,2014,301
hong-kong-baptist-university,the,2015,301
hong-kong-baptist-university,the,2016,351
hong-kong-baptist-university,the,2017,351
hong-kong-baptist-university,the,2018,401
hong-kong-baptist-university,the,2019,401
hong-kong-baptist-university,the,2020,401
hong-kong-baptist-university,the,2021,351
hong-kong-baptist-university,the,2022,401
hong-kong-baptist-university,the,2023,501
hong-kong-baptist-university,the,2024,301
hong-kong-baptist-university,the,2025,251
hong-kong-baptist-university,the,2026,201
united-arab-emirates-university,qs,2026,217
united-arab-emirates-university,usnews,2026,285
united-arab-emirates-university,the,2016,501
united-arab-emirates-university,the,2017,501
united-arab-emirates-university,the,2018,501
united-arab-emirates-university,the,2019,351
united-arab-emirates-university,the,2020,301
united-arab-emirates-university,the,2021,301
united-arab-emirates-university,the,2022,351
united-arab-emirates-university,the,2023,251
united-arab-emirates-university,the,2024,301
united-arab-emirates-university,the,2025,251
united-arab-emirates-university,the,2026,201
university-surrey,qs,2026,246
university-surrey,usnews,2026,339
university-surrey,the,2012,301
university-surrey,the,2013,351
university-surrey,the,2014,351
university-surrey,the,2016,251
university-surrey,the,2017,251
university-surrey,the,2018,251
university-surrey,the,2019,251
university-surrey,the,2020,251
university-surrey,the,2021,251
university-surrey,the,2022,201
university-surrey,the,2023,201
university-surrey,the,2024,251
university-surrey,the,2025,201
university-surrey,the,2026,201
universite-libre-de-bruxelles,qs,2026,248
universite-libre-de-bruxelles,usnews,2026,275
universite-libre-de-bruxelles,the,2012,201
universite-libre-de-bruxelles,the,2013,226
universite-libre-de-bruxelles,the,2014,176
universite-libre-de-bruxelles,the,2015,201
universite-libre-de-bruxelles,the,2016,351
universite-libre-de-bruxelles,the,2017,201
universite-libre-de-bruxelles,the,2018,175
universite-libre-de-bruxelles,the,2019,201
universite-libre-de-bruxelles,the,2020,201
universite-libre-de-bruxelles,the,2021,201
universite-libre-de-bruxelles,the,2022,201
universite-libre-de-bruxelles,the,2023,201
universite-libre-de-bruxelles,the,2024,201
universite-libre-de-bruxelles,the,2025,201
universite-libre-de-bruxelles,the,2026,201
universiti-teknologi-petronas-utp,qs,2026,261
universiti-teknologi-petronas-utp,usnews,2026,875
universiti-teknologi-petronas-utp,the,2017,601
universiti-teknologi-petronas-utp,the,2018,601
universiti-teknologi-petronas-utp,the,2019,601
universiti-teknologi-petronas-utp,the,2020,601
universiti-teknologi-petronas-utp,the,2021,601
universiti-teknologi-petronas-utp,the,2022,501
universiti-teknologi-petronas-utp,the,2023,401
universiti-teknologi-petronas-utp,the,2024,301
universiti-teknologi-petronas-utp,the,2025,201
universiti-teknologi-petronas-utp,the,2026,201
university-sussex,qs,2026,273
university-sussex,usnews,2026,296
university-sussex,the,2011,79
university-sussex,the,2012,99
university-sussex,the,2013,110
university-sussex,the,2014,121
university-sussex,the,2015,111
university-sussex,the,2016,140
university-sussex,the,2017,149
university-sussex,the,2018,147
university-sussex,the,2019,161
university-sussex,the,2020,146
university-sussex,the,2021,160
university-sussex,the,2022,151
university-sussex,the,2023,201
university-sussex,the,2024,201
university-sussex,the,2025,201
university-sussex,the,2026,201
university-aberdeen,qs,2026,288
university-aberdeen,usnews,2026,376
university-aberdeen,the,2011,149
university-aberdeen,the,2012,151
university-aberdeen,the,2013,176
university-aberdeen,the,2014,188
university-aberdeen,the,2015,178
university-aberdeen,the,2016,172
university-aberdeen,the,2017,188
university-aberdeen,the,2018,185
university-aberdeen,the,2019,158
university-aberdeen,the,2020,168
university-aberdeen,the,2021,178
university-aberdeen,the,2022,158
university-aberdeen,the,2023,192
university-aberdeen,the,2024,201
university-aberdeen,the,2025,201
university-aberdeen,the,2026,201
georgetown-university,qs,2026,289
georgetown-university,usnews,2026,290
georgetown-university,the,2011,164
georgetown-university,the,2012,138
georgetown-university,the,2013,174
georgetown-university,the,2014,160
georgetown-university,the,2015,173
georgetown-university,the,2016,94
georgetown-university,the,2017,104
georgetown-university,the,2018,123
georgetown-university,the,2019,109
georgetown-university,the,2020,102
georgetown-university,the,2021,120
georgetown-university,the,2022,130
georgetown-university,the,2023,136
georgetown-university,the,2024,187
georgetown-university,the,2025,201
georgetown-university,the,2026,201
vrije-universiteit-brussel-vub,qs,2026,295
vrije-universiteit-brussel-vub,the,2012,301
vrije-universiteit-brussel-vub,the,2013,301
vrije-universiteit-brussel-vub,the,2014,251
vrije-universiteit-brussel-vub,the,2015,351
vrije-universiteit-brussel-vub,the,2016,301
vrije-universiteit-brussel-vub,the,2017,301
vrije-universiteit-brussel-vub,the,2018,301
vrije-universiteit-brussel-vub,the,2019,251
vrije-universiteit-brussel-vub,the,2020,201
vrije-universiteit-brussel-vub,the,2021,251
vrije-universiteit-brussel-vub,the,2022,251
vrije-universiteit-brussel-vub,the,2023,201
vrije-universiteit-brussel-vub,the,2024,201
vrije-universiteit-brussel-vub,the,2025,201
vrije-universiteit-brussel-vub,the,2026,201
ulsan-national-institute-science-technology-unist,qs,2026,299
ulsan-national-institute-science-technology-unist,usnews,2026,421
ulsan-national-institute-science-technology-unist,the,2018,201
ulsan-national-institute-science-technology-unist,the,2019,201
ulsan-national-institute-science-technology-unist,the,2020,201
ulsan-national-institute-science-technology-unist,the,2021,176
ulsan-national-institute-science-technology-unist,the,2022,178
ulsan-national-institute-science-technology-unist,the,2023,174
ulsan-national-institute-science-technology-unist,the,2024,199
ulsan-national-institute-science-technology-unist,the,2025,201
ulsan-national-institute-science-technology-unist,the,2026,201
linkoping-university,qs,2026,308
linkoping-university,usnews,2026,306
linkoping-university,the,2012,301
linkoping-university,the,2013,301
linkoping-university,the,2014,301
linkoping-university,the,2015,351
linkoping-university,the,2016,251
linkoping-university,the,2017,301
linkoping-university,the,2018,351
linkoping-university,the,2019,351
linkoping-university,the,2020,401
linkoping-university,the,2021,401
linkoping-university,the,2022,251
linkoping-university,the,2023,251
linkoping-university,the,2024,251
linkoping-university,the,2025,201
linkoping-university,the,2026,201
university-miami,qs,2026,338
university-miami,usnews,2026,233
university-miami,the,2012,172
university-miami,the,2013,193
university-miami,the,2014,185
university-miami,the,2015,169
university-miami,the,2016,161
university-miami,the,2017,182
university-miami,the,2018,186
university-miami,the,2019,201
university-miami,the,2020,201
university-miami,the,2021,201
university-miami,the,2022,201
university-miami,the,2023,194
university-miami,the,2024,201
university-miami,the,2025,201
university-miami,the,2026,201
abu-dhabi-university,qs,2026,348
abu-dhabi-university,usnews,2026,673
abu-dhabi-university,the,2023,301
abu-dhabi-university,the,2024,251
abu-dhabi-university,the,2025,191
abu-dhabi-university,the,2026,201
university-illinois-chicago-uic,qs,2026,370
university-illinois-chicago-uic,usnews,2026,252
university-illinois-chicago-uic,the,2011,197
university-illinois-chicago-uic,the,2012,167
university-illinois-chicago-uic,the,2013,184
university-illinois-chicago-uic,the,2014,191
university-illinois-chicago-uic,the,2015,201
university-illinois-chicago-uic,the,2016,201
university-illinois-chicago-uic,the,2017,200
university-illinois-chicago-uic,the,2018,251
university-illinois-chicago-uic,the,2019,251
university-illinois-chicago-uic,the,2020,251
university-illinois-chicago-uic,the,2021,251
university-illinois-chicago-uic,the,2022,301
university-illinois-chicago-uic,the,2023,251
university-illinois-chicago-uic,the,2024,201
university-illinois-chicago-uic,the,2025,201
university-illinois-chicago-uic,the,2026,201
george-washington-university,qs,2026,381
george-washington-university,usnews,2026,259
george-washington-university,the,2011,95
george-washington-university,the,2012,135
george-washington-university,the,2013,168
george-washington-university,the,2014,194
george-washington-university,the,2015,200
george-washington-university,the,2016,201
george-washington-university,the,2017,201
george-washington-university,the,2018,201
george-washington-university,the,2019,181
george-washington-university,the,2020,198
george-washington-university,the,2021,187
george-washington-university,the,2022,201
george-washington-university,the,2023,201
george-washington-university,the,2024,201
george-washington-university,the,2025,201
george-washington-university,the,2026,201
universitat-mannheim,qs,2026,425
universitat-mannheim,usnews,2026,795
universitat-mannheim,the,2016,106
universitat-mannheim,the,2017,102
universitat-mannheim,the,2018,125
universitat-mannheim,the,2019,123
universitat-mannheim,the,2020,157
universitat-mannheim,the,2021,140
universitat-mannheim,the,2022,146
universitat-mannheim,the,2023,179
universitat-mannheim,the,2024,187
universitat-mannheim,the,2025,199
universitat-mannheim,the,2026,201
universitat-potsdam,qs,2026,500
universitat-potsdam,usnews,2026,324
universitat-potsdam,the,2018,201
universitat-potsdam,the,2019,201
universitat-potsdam,the,2020,251
universitat-potsdam,the,2021,251
universitat-potsdam,the,2022,251
universitat-potsdam,the,2023,201
universitat-potsdam,the,2024,201
universitat-potsdam,the,2025,201
universitat-potsdam,the,2026,201
miami-university,qs,2026,1201
miami-university,usnews,2026,233
miami-university,the,2012,172
miami-university,the,2013,193
miami-university,the,2014,185
miami-university,the,2015,169
miami-university,the,2016,161
miami-university,the,2017,182
miami-university,the,2018,186
miami-university,the,2019,201
miami-university,the,2020,201
miami-university,the,2021,201
miami-university,the,2022,201
miami-university,the,2023,194
miami-university,the,2024,201
miami-university,the,2025,201
miami-university,the,2026,201
usn-university-of-erlangen-nuremberg-504002,usnews,2026,309
usn-university-of-erlangen-nuremberg-504002,the,2013,201
usn-university-of-erlangen-nuremberg-504002,the,2014,226
usn-university-of-erlangen-nuremberg-504002,the,2015,276
usn-university-of-erlangen-nuremberg-504002,the,2016,123
usn-university-of-erlangen-nuremberg-504002,the,2017,160
usn-university-of-erlangen-nuremberg-504002,the,2018,162
usn-university-of-erlangen-nuremberg-504002,the,2019,175
usn-university-of-erlangen-nuremberg-504002,the,2020,183
usn-university-of-erlangen-nuremberg-504002,the,2021,198
usn-university-of-erlangen-nuremberg-504002,the,2022,197
usn-university-of-erlangen-nuremberg-504002,the,2023,196
usn-university-of-erlangen-nuremberg-504002,the,2024,193
usn-university-of-erlangen-nuremberg-504002,the,2025,201
usn-university-of-erlangen-nuremberg-504002,the,2026,201
usn-friedrich-schiller-university-of-jena-500506,usnews,2026,410
usn-friedrich-schiller-university-of-jena-500506,the,2021,251
usn-friedrich-schiller-university-of-jena-500506,the,2022,201
usn-friedrich-schiller-university-of-jena-500506,the,2023,189
usn-friedrich-schiller-university-of-jena-500506,the,2024,201
usn-friedrich-schiller-university-of-jena-500506,the,2025,201
usn-friedrich-schiller-university-of-jena-500506,the,2026,201
usn-medical-university-of-innsbruck-505463,usnews,2026,479
usn-medical-university-of-innsbruck-505463,the,2020,251
usn-medical-university-of-innsbruck-505463,the,2021,201
usn-medical-university-of-innsbruck-505463,the,2022,201
usn-medical-university-of-innsbruck-505463,the,2023,201
usn-medical-university-of-innsbruck-505463,the,2024,251
usn-medical-university-of-innsbruck-505463,the,2025,251
usn-medical-university-of-innsbruck-505463,the,2026,201
usn-medical-university-of-graz-501562,usnews,2026,568
usn-medical-university-of-graz-501562,the,2018,301
usn-medical-university-of-graz-501562,the,2019,201
usn-medical-university-of-graz-501562,the,2020,201
usn-medical-university-of-graz-501562,the,2021,201
usn-medical-university-of-graz-501562,the,2022,196
usn-medical-university-of-graz-501562,the,2023,168
usn-medical-university-of-graz-501562,the,2024,201
usn-medical-university-of-graz-501562,the,2025,201
usn-medical-university-of-graz-501562,the,2026,201
the-goethe-university-frankfurt,the,2011,172
the-goethe-university-frankfurt,the,2012,181
the-goethe-university-frankfurt,the,2013,199
the-goethe-university-frankfurt,the,2014,201
the-goethe-university-frankfurt,the,2015,201
the-goethe-university-frankfurt,the,2016,201
the-goethe-university-frankfurt,the,2017,201
the-goethe-university-frankfurt,the,2018,251
the-goethe-university-frankfurt,the,2019,251
the-goethe-university-frankfurt,the,2020,301
the-goethe-university-frankfurt,the,2021,251
the-goethe-university-frankfurt,the,2022,301
the-goethe-university-frankfurt,the,2023,251
the-goethe-university-frankfurt,the,2024,201
the-goethe-university-frankfurt,the,2025,201
the-goethe-university-frankfurt,the,2026,201
the-university-sao-paulo,the,2012,178
the-university-sao-paulo,the,2013,158
the-university-sao-paulo,the,2014,226
the-university-sao-paulo,the,2015,201
the-university-sao-paulo,the,2016,201
the-university-sao-paulo,the,2017,251
the-university-sao-paulo,the,2018,251
the-university-sao-paulo,the,2019,251
the-university-sao-paulo,the,2020,251
the-university-sao-paulo,the,2021,201
the-university-sao-paulo,the,2022,201
the-university-sao-paulo,the,2023,201
the-university-sao-paulo,the,2024,201
the-university-sao-paulo,the,2025,199
the-university-sao-paulo,the,2026,201
the-northeastern-university-us,the,2012,201
the-northeastern-university-us,the,2013,201
the-northeastern-university-us,the,2014,184
the-northeastern-university-us,the,2015,185
the-northeastern-university-us,the,2016,201
the-northeastern-university-us,the,2017,182
the-northeastern-university-us,the,2018,193
the-northeastern-university-us,the,2019,184
the-northeastern-university-us,the,2020,173
the-northeastern-university-us,the,2021,176
the-northeastern-university-us,the,2022,168
the-northeastern-university-us,the,2023,168
the-northeastern-university-us,the,2024,201
the-northeastern-university-us,the,2025,201
the-northeastern-university-us,the,2026,201
the-indian-institute-science,the,2015,276
the-indian-institute-science,the,2016,251
the-indian-institute-science,the,2017,201
the-indian-institute-science,the,2018,251
the-indian-institute-science,the,2019,251
the-indian-institute-science,the,2020,301
the-indian-institute-science,the,2021,301
the-indian-institute-science,the,2022,301
the-indian-institute-science,the,2023,251
the-indian-institute-science,the,2024,201
the-indian-institute-science,the,2025,201
the-indian-institute-science,the,2026,201
the-santanna-school-advanced-studies-pisa,the,2016,180
the-santanna-school-advanced-studies-pisa,the,2017,190
the-santanna-school-advanced-studies-pisa,the,2018,155
the-santanna-school-advanced-studies-pisa,the,2019,153
the-santanna-school-advanced-studies-pisa,the,2020,149
the-santanna-school-advanced-studies-pisa,the,2021,170
the-santanna-school-advanced-studies-pisa,the,2022,201
the-santanna-school-advanced-studies-pisa,the,2023,201
the-santanna-school-advanced-studies-pisa,the,2024,201
the-santanna-school-advanced-studies-pisa,the,2025,201
the-santanna-school-advanced-studies-pisa,the,2026,201
chongqing-university,qs,2026,465
chongqing-university,usnews,2026,202
chongqing-university,the,2016,601
chongqing-university,the,2017,801
chongqing-university,the,2018,801
chongqing-university,the,2019,801
chongqing-university,the,2020,801
chongqing-university,the,2021,601
chongqing-university,the,2022,601
chongqing-university,the,2023,601
chongqing-university,the,2024,351
chongqing-university,the,2025,401
chongqing-university,the,2026,351
loughborough-university,qs,2026,203
loughborough-university,usnews,2026,494
loughborough-university,the,2012,350
loughborough-university,the,2013,351
loughborough-university,the,2014,351
loughborough-university,the,2016,351
loughborough-university,the,2017,301
loughborough-university,the,2018,301
loughborough-university,the,2019,401
loughborough-university,the,2020,351
loughborough-university,the,2021,351
loughborough-university,the,2022,351
loughborough-university,the,2023,351
loughborough-university,the,2024,251
loughborough-university,the,2025,301
loughborough-university,the,2026,301
universita-di-padova,qs,2026,204
china-university-geosciences,qs,2026,677
china-university-geosciences,usnews,2026,204
indian-institute-technology-kharagpur-iit-kgp,qs,2026,205
indian-institute-technology-kharagpur-iit-kgp,usnews,2026,791
indian-institute-technology-kharagpur-iit-kgp,the,2013,226
indian-institute-technology-kharagpur-iit-kgp,the,2014,351
indian-institute-technology-kharagpur-iit-kgp,the,2016,401
indian-institute-technology-kharagpur-iit-kgp,the,2017,501
indian-institute-technology-kharagpur-iit-kgp,the,2018,501
indian-institute-technology-kharagpur-iit-kgp,the,2019,501
indian-institute-technology-kharagpur-iit-kgp,the,2020,401
gadjah-mada-university,qs,2026,206
gadjah-mada-university,usnews,2026,1197
gadjah-mada-university,the,2018,801
gadjah-mada-university,the,2019,1001
gadjah-mada-university,the,2020,1001
gadjah-mada-university,the,2021,1001
gadjah-mada-university,the,2022,1201
gadjah-mada-university,the,2023,1201
gadjah-mada-university,the,2024,1201
gadjah-mada-university,the,2025,1201
gadjah-mada-university,the,2026,1201
politecnico-di-torino,qs,2026,206
zhengzhou-university,qs,2026,581
zhengzhou-university,usnews,2026,208
zhengzhou-university,the,2023,601
zhengzhou-university,the,2024,601
rheinische-friedrich-wilhelms-universitat-bonn,qs,2026,209
chulalongkorn-university,qs,2026,212
chulalongkorn-university,usnews,2026,491
chulalongkorn-university,the,2016,601
chulalongkorn-university,the,2017,601
chulalongkorn-university,the,2018,601
chulalongkorn-university,the,2019,801
chulalongkorn-university,the,2020,801
chulalongkorn-university,the,2021,601
chulalongkorn-university,the,2022,801
chulalongkorn-university,the,2023,801
chulalongkorn-university,the,2024,601
chulalongkorn-university,the,2025,601
chulalongkorn-university,the,2026,501
usn-technical-university-of-dresden-501011,usnews,2026,212
hamad-bin-khalifa-university-hbku,qs,2026,213
hamad-bin-khalifa-university-hbku,usnews,2026,487
keio-university,qs,2026,213
keio-university,usnews,2026,507
keio-university,the,2012,301
keio-university,the,2013,351
keio-university,the,2016,501
keio-university,the,2017,601
keio-university,the,2018,601
keio-university,the,2019,601
keio-university,the,2020,601
keio-university,the,2021,601
keio-university,the,2022,601
keio-university,the,2023,801
keio-university,the,2024,601
keio-university,the,2025,601
keio-university,the,2026,601
university-cincinnati,qs,2026,741
university-cincinnati,usnews,2026,213
massey-university,qs,2026,215
massey-university,usnews,2026,620
massey-university,the,2012,350
massey-university,the,2013,351
massey-university,the,2016,501
massey-university,the,2017,401
massey-university,the,2018,401
massey-university,the,2019,501
massey-university,the,2020,501
massey-university,the,2021,601
massey-university,the,2022,601
massey-university,the,2023,601
massey-university,the,2024,501
massey-university,the,2025,501
massey-university,the,2026,501
university-naples-federico-ii,qs,2026,401
university-naples-federico-ii,usnews,2026,216
university-naples-federico-ii,the,2016,301
university-naples-federico-ii,the,2017,401
university-naples-federico-ii,the,2018,401
university-naples-federico-ii,the,2019,301
university-naples-federico-ii,the,2020,351
university-naples-federico-ii,the,2021,401
university-naples-federico-ii,the,2022,401
university-naples-federico-ii,the,2023,351
university-naples-federico-ii,the,2024,351
university-naples-federico-ii,the,2025,351
university-naples-federico-ii,the,2026,301
usn-university-catholique-of-louvain-506348,usnews,2026,216
friedrich-alexander-universitat-erlangen-nurnberg,qs,2026,218
hebrew-university-jerusalem,qs,2026,218
hebrew-university-jerusalem,usnews,2026,288
hebrew-university-jerusalem,the,2012,121
hebrew-university-jerusalem,the,2013,137
hebrew-university-jerusalem,the,2014,191
hebrew-university-jerusalem,the,2015,201
hebrew-university-jerusalem,the,2016,178
hebrew-university-jerusalem,the,2017,186
hebrew-university-jerusalem,the,2018,201
hebrew-university-jerusalem,the,2019,201
hebrew-university-jerusalem,the,2020,201
hebrew-university-jerusalem,the,2021,201
hebrew-university-jerusalem,the,2022,301
hebrew-university-jerusalem,the,2023,251
hebrew-university-jerusalem,the,2024,301
hebrew-university-jerusalem,the,2025,301
hebrew-university-jerusalem,the,2026,251
usn-johann-wolfgang-goethe-university-frankfurt-am-main-503512,usnews,2026,218
usn-oregon-health-and-science-university-209490,usnews,2026,218
usn-oregon-health-and-science-university-209490,the,2016,201
usn-oregon-health-and-science-university-209490,the,2017,251
usn-oregon-health-and-science-university-209490,the,2018,251
usn-oregon-health-and-science-university-209490,the,2019,251
usn-oregon-health-and-science-university-209490,the,2020,251
usn-oregon-health-and-science-university-209490,the,2021,251
usn-oregon-health-and-science-university-209490,the,2022,251
usn-oregon-health-and-science-university-209490,the,2023,251
usn-oregon-health-and-science-university-209490,the,2024,301
usn-oregon-health-and-science-university-209490,the,2025,301
usn-oregon-health-and-science-university-209490,the,2026,351
university-college-cork,qs,2026,220
university-college-cork,usnews,2026,364
university-college-cork,the,2012,301
university-college-cork,the,2013,301
university-college-cork,the,2014,276
university-college-cork,the,2015,276
university-college-cork,the,2016,351
university-college-cork,the,2017,351
university-college-cork,the,2018,351
university-college-cork,the,2019,301
university-college-cork,the,2020,301
university-college-cork,the,2021,301
university-college-cork,the,2022,251
university-college-cork,the,2023,301
university-college-cork,the,2024,301
university-college-cork,the,2025,351
university-college-cork,the,2026,351
indian-institute-science-iisc-bangalore,qs,2026,221
indian-institute-science-iisc-bangalore,usnews,2026,592
indian-institute-technology-kanpur-iitk,qs,2026,221
indian-institute-technology-kanpur-iitk,usnews,2026,840
indian-institute-technology-kanpur-iitk,the,2014,351
indian-institute-technology-kanpur-iitk,the,2016,501
indian-institute-technology-kanpur-iitk,the,2017,401
indian-institute-technology-kanpur-iitk,the,2018,501
indian-institute-technology-kanpur-iitk,the,2019,501
indian-institute-technology-kanpur-iitk,the,2020,601
cairo-university,qs,2026,363
cairo-university,usnews,2026,221
cairo-university,the,2016,601
cairo-university,the,2017,801
cairo-university,the,2018,801
cairo-university,the,2019,801
cairo-university,the,2020,601
cairo-university,the,2021,601
cairo-university,the,2022,601
cairo-university,the,2023,801
cairo-university,the,2024,801
cairo-university,the,2025,801
cairo-university,the,2026,801
shandong-university,qs,2026,309
shandong-university,usnews,2026,222
shandong-university,the,2018,501
shandong-university,the,2019,501
shandong-university,the,2020,601
shandong-university,the,2021,601
shandong-university,the,2026,251
american-university-beirut-aub,qs,2026,223
american-university-beirut-aub,usnews,2026,550
american-university-beirut-aub,the,2016,501
american-university-beirut-aub,the,2017,501
american-university-beirut-aub,the,2018,501
american-university-beirut-aub,the,2019,401
american-university-beirut-aub,the,2020,351
american-university-beirut-aub,the,2021,301
american-university-beirut-aub,the,2022,301
american-university-beirut-aub,the,2023,351
american-university-beirut-aub,the,2024,501
american-university-beirut-aub,the,2025,501
johannes-gutenberg-universitat-mainz,qs,2026,500
johannes-gutenberg-universitat-mainz,usnews,2026,223
johannes-gutenberg-universitat-mainz,the,2013,201
johannes-gutenberg-universitat-mainz,the,2016,201
johannes-gutenberg-universitat-mainz,the,2017,251
johannes-gutenberg-universitat-mainz,the,2018,251
johannes-gutenberg-universitat-mainz,the,2019,251
johannes-gutenberg-universitat-mainz,the,2020,301
johannes-gutenberg-universitat-mainz,the,2021,301
johannes-gutenberg-universitat-mainz,the,2022,301
johannes-gutenberg-universitat-mainz,the,2023,251
johannes-gutenberg-universitat-mainz,the,2024,251
johannes-gutenberg-universitat-mainz,the,2025,251
johannes-gutenberg-universitat-mainz,the,2026,301
universidad-autonoma-de-madrid,qs,2026,226
griffith-university,qs,2026,230
griffith-university,usnews,2026,226
griffith-university,the,2012,350
griffith-university,the,2016,251
griffith-university,the,2017,251
griffith-university,the,2018,251
griffith-university,the,2019,251
griffith-university,the,2020,201
griffith-university,the,2021,201
griffith-university,the,2022,201
griffith-university,the,2023,251
griffith-university,the,2024,251
griffith-university,the,2025,301
griffith-university,the,2026,251
east-china-normal-university,qs,2026,394
east-china-normal-university,usnews,2026,227
east-china-normal-university,the,2016,501
east-china-normal-university,the,2017,501
east-china-normal-university,the,2018,501
east-china-normal-university,the,2019,501
east-china-normal-university,the,2020,501
east-china-normal-university,the,2021,351
east-china-normal-university,the,2022,301
east-china-normal-university,the,2023,351
east-china-normal-university,the,2024,301
east-china-normal-university,the,2025,251
east-china-normal-university,the,2026,251
national-kapodistrian-university-athens,qs,2026,402
national-kapodistrian-university-athens,usnews,2026,227
national-kapodistrian-university-athens,the,2016,401
national-kapodistrian-university-athens,the,2017,501
national-kapodistrian-university-athens,the,2018,501
national-kapodistrian-university-athens,the,2019,501
national-kapodistrian-university-athens,the,2020,501
national-kapodistrian-university-athens,the,2021,401
national-kapodistrian-university-athens,the,2022,401
national-kapodistrian-university-athens,the,2023,401
national-kapodistrian-university-athens,the,2024,501
national-kapodistrian-university-athens,the,2025,501
national-kapodistrian-university-athens,the,2026,401
university-strathclyde,qs,2026,230
university-strathclyde,usnews,2026,482
university-strathclyde,the,2012,350
university-strathclyde,the,2013,351
university-strathclyde,the,2016,401
university-strathclyde,the,2017,401
university-strathclyde,the,2018,401
university-strathclyde,the,2019,401
university-strathclyde,the,2020,401
university-strathclyde,the,2021,401
university-strathclyde,the,2022,401
university-strathclyde,the,2023,401
university-strathclyde,the,2024,301
university-strathclyde,the,2025,351
university-strathclyde,the,2026,351
university-turin,qs,2026,405
university-turin,usnews,2026,230
university-turin,the,2013,276
university-turin,the,2014,226
university-turin,the,2015,251
university-turin,the,2016,301
university-turin,the,2017,351
university-turin,the,2018,401
university-turin,the,2019,401
university-turin,the,2020,401
university-turin,the,2021,401
university-turin,the,2022,401
university-turin,the,2023,401
university-turin,the,2024,401
university-turin,the,2025,401
university-turin,the,2026,401
usn-charles-university-in-prague-502397,usnews,2026,230
northeastern-university,qs,2026,385
northeastern-university,usnews,2026,232
universidad-de-los-andes-colombia,qs,2026,233
jiangsu-university,qs,2026,701
jiangsu-university,usnews,2026,233
jiangsu-university,the,2017,801
jiangsu-university,the,2018,801
jiangsu-university,the,2019,801
jiangsu-university,the,2020,801
jiangsu-university,the,2021,801
jiangsu-university,the,2022,801
jiangsu-university,the,2023,601
jiangsu-university,the,2024,601
jiangsu-university,the,2025,501
jiangsu-university,the,2026,501
ecole-normale-superieure-de-lyon,qs,2026,235
ecole-normale-superieure-de-lyon,the,2011,100
ecole-normale-superieure-de-lyon,the,2012,141
ecole-normale-superieure-de-lyon,the,2013,170
ecole-normale-superieure-de-lyon,the,2014,156
ecole-normale-superieure-de-lyon,the,2015,160
ecole-normale-superieure-de-lyon,the,2016,201
ecole-normale-superieure-de-lyon,the,2017,201
ecole-normale-superieure-de-lyon,the,2018,182
ecole-normale-superieure-de-lyon,the,2019,201
ecole-normale-superieure-de-lyon,the,2020,201
ecole-normale-superieure-de-lyon,the,2021,251
ecole-normale-superieure-de-lyon,the,2022,301
ecole-normale-superieure-de-lyon,the,2023,301
ecole-normale-superieure-de-lyon,the,2024,251
ecole-normale-superieure-de-lyon,the,2025,251
ecole-normale-superieure-de-lyon,the,2026,301
usn-stony-brook-university-suny-196097,usnews,2026,236
university-lisbon,qs,2026,237
university-lisbon,usnews,2026,245
university-lisbon,the,2015,351
university-lisbon,the,2016,501
university-lisbon,the,2017,401
university-lisbon,the,2018,501
university-lisbon,the,2019,501
university-lisbon,the,2020,501
university-lisbon,the,2021,501
university-lisbon,the,2022,501
university-lisbon,the,2023,501
university-lisbon,the,2024,401
university-lisbon,the,2025,401
university-lisbon,the,2026,401
universita-vita-salute-san-raffaele,qs,2026,465
universita-vita-salute-san-raffaele,usnews,2026,237
universita-vita-salute-san-raffaele,the,2018,201
universita-vita-salute-san-raffaele,the,2019,201
universita-vita-salute-san-raffaele,the,2020,201
universita-vita-salute-san-raffaele,the,2021,251
universita-vita-salute-san-raffaele,the,2022,201
universita-vita-salute-san-raffaele,the,2023,201
universita-vita-salute-san-raffaele,the,2024,251
universita-vita-salute-san-raffaele,the,2025,201
universita-vita-salute-san-raffaele,the,2026,251
norwegian-university-science-technology,qs,2026,264
norwegian-university-science-technology,usnews,2026,238
norwegian-university-science-technology,the,2012,251
norwegian-university-science-technology,the,2013,251
norwegian-university-science-technology,the,2014,251
norwegian-university-science-technology,the,2015,276
norwegian-university-science-technology,the,2016,351
norwegian-university-science-technology,the,2017,251
norwegian-university-science-technology,the,2018,251
norwegian-university-science-technology,the,2019,351
norwegian-university-science-technology,the,2020,401
norwegian-university-science-technology,the,2021,401
norwegian-university-science-technology,the,2022,401
norwegian-university-science-technology,the,2023,401
norwegian-university-science-technology,the,2024,301
norwegian-university-science-technology,the,2025,301
norwegian-university-science-technology,the,2026,301
central-european-university,qs,2026,239
central-european-university,the,2017,301
central-european-university,the,2026,251
university-witwatersrand,qs,2026,302
university-witwatersrand,usnews,2026,240
university-witwatersrand,the,2012,251
university-witwatersrand,the,2013,226
university-witwatersrand,the,2014,226
university-witwatersrand,the,2015,251
university-witwatersrand,the,2016,201
university-witwatersrand,the,2017,182
university-witwatersrand,the,2018,251
university-witwatersrand,the,2019,201
university-witwatersrand,the,2020,194
university-witwatersrand,the,2021,201
university-witwatersrand,the,2022,251
university-witwatersrand,the,2023,251
university-witwatersrand,the,2024,301
university-witwatersrand,the,2025,301
university-witwatersrand,the,2026,301
la-trobe-university,qs,2026,241
la-trobe-university,usnews,2026,285
la-trobe-university,the,2012,350
la-trobe-university,the,2016,351
la-trobe-university,the,2017,351
la-trobe-university,the,2018,351
la-trobe-university,the,2019,301
la-trobe-university,the,2020,251
la-trobe-university,the,2021,201
la-trobe-university,the,2022,201
la-trobe-university,the,2023,251
la-trobe-university,the,2024,251
la-trobe-university,the,2025,251
la-trobe-university,the,2026,251
victoria-university-wellington,qs,2026,241
victoria-university-wellington,usnews,2026,476
victoria-university-wellington,the,2012,251
victoria-university-wellington,the,2013,251
victoria-university-wellington,the,2014,276
victoria-university-wellington,the,2015,276
victoria-university-wellington,the,2016,351
victoria-university-wellington,the,2017,351
victoria-university-wellington,the,2018,401
victoria-university-wellington,the,2019,401
victoria-university-wellington,the,2020,501
victoria-university-wellington,the,2021,501
victoria-university-wellington,the,2022,501
victoria-university-wellington,the,2023,401
victoria-university-wellington,the,2024,401
victoria-university-wellington,the,2025,401
victoria-university-wellington,the,2026,401
western-sydney-university,qs,2026,370
western-sydney-university,usnews,2026,242
western-sydney-university,the,2015,351
western-sydney-university,the,2016,401
western-sydney-university,the,2017,401
western-sydney-university,the,2018,401
western-sydney-university,the,2019,351
western-sydney-university,the,2020,251
western-sydney-university,the,2021,251
western-sydney-university,the,2022,201
western-sydney-university,the,2023,201
western-sydney-university,the,2024,301
western-sydney-university,the,2025,301
western-sydney-university,the,2026,301
university-newcastle-australia-uon,qs,2026,244
albert-ludwigs-universitaet-freiburg,qs,2026,245
universite-paris-1-pantheon-sorbonne,qs,2026,246
university-sharjah,qs,2026,283
university-sharjah,usnews,2026,247
university-sharjah,the,2018,801
university-sharjah,the,2019,801
university-sharjah,the,2020,601
university-sharjah,the,2021,601
university-sharjah,the,2022,401
university-sharjah,the,2023,251
university-sharjah,the,2024,351
university-sharjah,the,2025,301
university-sharjah,the,2026,301
aix-marseille-university,qs,2026,443
aix-marseille-university,usnews,2026,247
aix-marseille-university,the,2016,251
aix-marseille-university,the,2017,301
aix-marseille-university,the,2018,251
aix-marseille-university,the,2019,301
aix-marseille-university,the,2020,301
aix-marseille-university,the,2021,351
aix-marseille-university,the,2022,301
aix-marseille-university,the,2023,301
aix-marseille-university,the,2024,351
aix-marseille-university,the,2025,401
university-iowa,qs,2026,597
university-iowa,usnews,2026,249
university-iowa,the,2011,132
university-iowa,the,2012,141
university-iowa,the,2013,169
university-iowa,the,2014,161
university-iowa,the,2015,175
university-iowa,the,2016,201
university-iowa,the,2017,201
university-iowa,the,2018,201
university-iowa,the,2019,201
university-iowa,the,2020,201
university-iowa,the,2021,201
university-iowa,the,2022,251
university-iowa,the,2023,301
university-iowa,the,2024,201
university-iowa,the,2025,251
university-iowa,the,2026,301
usn-royal-institute-of-technology-505970,usnews,2026,249
technical-university-darmstadt,qs,2026,250
technical-university-darmstadt,usnews,2026,651
technical-university-darmstadt,the,2012,276
technical-university-darmstadt,the,2013,226
technical-university-darmstadt,the,2014,226
technical-university-darmstadt,the,2015,251
technical-university-darmstadt,the,2016,201
technical-university-darmstadt,the,2017,201
technical-university-darmstadt,the,2018,201
technical-university-darmstadt,the,2019,251
technical-university-darmstadt,the,2020,251
technical-university-darmstadt,the,2021,301
technical-university-darmstadt,the,2022,301
technical-university-darmstadt,the,2023,301
technical-university-darmstadt,the,2024,251
technical-university-darmstadt,the,2025,251
technical-university-darmstadt,the,2026,251
university-navarra,qs,2026,279
university-navarra,usnews,2026,394
university-navarra,the,2014,351
university-navarra,the,2015,351
university-navarra,the,2016,301
university-navarra,the,2017,301
university-navarra,the,2018,301
university-navarra,the,2019,251
university-navarra,the,2020,251
university-navarra,the,2021,251
university-navarra,the,2022,251
university-navarra,the,2023,251
university-navarra,the,2024,301
university-navarra,the,2025,251
university-navarra,the,2026,251
university-bergen,qs,2026,283
university-bergen,usnews,2026,275
university-bergen,the,2011,135
university-bergen,the,2012,191
university-bergen,the,2013,226
university-bergen,the,2014,201
university-bergen,the,2015,201
university-bergen,the,2016,182
university-bergen,the,2017,201
university-bergen,the,2018,201
university-bergen,the,2019,197
university-bergen,the,2020,201
university-bergen,the,2021,201
university-bergen,the,2022,201
university-bergen,the,2023,201
university-bergen,the,2024,251
university-bergen,the,2025,251
university-bergen,the,2026,251
university-southern-denmark-sdu,qs,2026,283
university-southern-denmark-sdu,usnews,2026,278
university-southern-denmark-sdu,the,2012,251
university-southern-denmark-sdu,the,2013,276
university-southern-denmark-sdu,the,2014,276
university-southern-denmark-sdu,the,2015,301
university-southern-denmark-sdu,the,2016,301
university-southern-denmark-sdu,the,2017,251
university-southern-denmark-sdu,the,2018,251
university-southern-denmark-sdu,the,2019,251
university-southern-denmark-sdu,the,2020,251
university-southern-denmark-sdu,the,2021,251
university-southern-denmark-sdu,the,2022,251
university-southern-denmark-sdu,the,2023,251
university-southern-denmark-sdu,the,2024,251
university-southern-denmark-sdu,the,2025,251
university-southern-denmark-sdu,the,2026,251
kyung-hee-university,qs,2026,309
kyung-hee-university,usnews,2026,408
kyung-hee-university,the,2012,350
kyung-hee-university,the,2016,401
kyung-hee-university,the,2017,351
kyung-hee-university,the,2018,401
kyung-hee-university,the,2019,351
kyung-hee-university,the,2020,301
kyung-hee-university,the,2021,251
kyung-hee-university,the,2022,251
kyung-hee-university,the,2023,251
kyung-hee-university,the,2024,251
kyung-hee-university,the,2025,251
kyung-hee-university,the,2026,251
university-tasmania,qs,2026,311
university-tasmania,usnews,2026,270
university-tasmania,the,2012,301
university-tasmania,the,2013,351
university-tasmania,the,2014,351
university-tasmania,the,2016,251
university-tasmania,the,2017,301
university-tasmania,the,2018,301
university-tasmania,the,2019,351
university-tasmania,the,2020,301
university-tasmania,the,2021,351
university-tasmania,the,2022,301
university-tasmania,the,2023,301
university-tasmania,the,2024,251
university-tasmania,the,2025,251
university-tasmania,the,2026,251
universitat-stuttgart,qs,2026,318
universitat-stuttgart,usnews,2026,633
universitat-stuttgart,the,2015,301
universitat-stuttgart,the,2016,201
universitat-stuttgart,the,2017,201
universitat-stuttgart,the,2018,201
universitat-stuttgart,the,2019,251
universitat-stuttgart,the,2020,251
universitat-stuttgart,the,2021,351
universitat-stuttgart,the,2022,301
universitat-stuttgart,the,2023,301
universitat-stuttgart,the,2024,251
universitat-stuttgart,the,2025,251
universitat-stuttgart,the,2026,251
aalborg-university,qs,2026,329
aalborg-university,usnews,2026,288
aalborg-university,the,2012,301
aalborg-university,the,2013,351
aalborg-university,the,2014,301
aalborg-university,the,2015,351
aalborg-university,the,2016,201
aalborg-university,the,2017,201
aalborg-university,the,2018,201
aalborg-university,the,2019,194
aalborg-university,the,2020,201
aalborg-university,the,2021,201
aalborg-university,the,2022,201
aalborg-university,the,2023,251
aalborg-university,the,2024,201
aalborg-university,the,2025,251
aalborg-university,the,2026,251
university-oulu,qs,2026,360
university-oulu,usnews,2026,348
university-oulu,the,2016,351
university-oulu,the,2017,201
university-oulu,the,2018,251
university-oulu,the,2019,251
university-oulu,the,2020,251
university-oulu,the,2021,301
university-oulu,the,2022,251
university-oulu,the,2023,301
university-oulu,the,2024,251
university-oulu,the,2025,251
university-oulu,the,2026,251
virginia-polytechnic-institute-state-university,qs,2026,366
virginia-polytechnic-institute-state-university,the,2012,251
virginia-polytechnic-institute-state-university,the,2013,276
virginia-polytechnic-institute-state-university,the,2014,276
virginia-polytechnic-institute-state-university,the,2015,276
virginia-polytechnic-institute-state-university,the,2016,251
virginia-polytechnic-institute-state-university,the,2017,251
virginia-polytechnic-institute-state-university,the,2018,301
virginia-polytechnic-institute-state-university,the,2019,251
virginia-polytechnic-institute-state-university,the,2020,201
virginia-polytechnic-institute-state-university,the,2021,201
virginia-polytechnic-institute-state-university,the,2022,251
virginia-polytechnic-institute-state-university,the,2023,251
virginia-polytechnic-institute-state-university,the,2024,251
virginia-polytechnic-institute-state-university,the,2025,251
virginia-polytechnic-institute-state-university,the,2026,251
university-luxembourg,qs,2026,376
university-luxembourg,usnews,2026,538
university-luxembourg,the,2016,193
university-luxembourg,the,2017,178
university-luxembourg,the,2018,179
university-luxembourg,the,2019,201
university-luxembourg,the,2020,201
university-luxembourg,the,2021,201
university-luxembourg,the,2022,251
university-luxembourg,the,2023,201
university-luxembourg,the,2024,201
university-luxembourg,the,2025,201
university-luxembourg,the,2026,251
university-east-anglia-uea,qs,2026,381
university-east-anglia-uea,usnews,2026,405
university-east-anglia-uea,the,2011,174
university-east-anglia-uea,the,2012,145
university-east-anglia-uea,the,2013,176
university-east-anglia-uea,the,2014,174
university-east-anglia-uea,the,2015,198
university-east-anglia-uea,the,2016,149
university-east-anglia-uea,the,2017,165
university-east-anglia-uea,the,2018,188
university-east-anglia-uea,the,2019,190
university-east-anglia-uea,the,2020,192
university-east-anglia-uea,the,2021,200
university-east-anglia-uea,the,2022,182
university-east-anglia-uea,the,2023,201
university-east-anglia-uea,the,2024,251
university-east-anglia-uea,the,2025,251
university-east-anglia-uea,the,2026,251
universita-cattolica-del-sacro-cuore,qs,2026,388
universita-cattolica-del-sacro-cuore,the,2016,401
universita-cattolica-del-sacro-cuore,the,2017,501
universita-cattolica-del-sacro-cuore,the,2018,501
universita-cattolica-del-sacro-cuore,the,2019,401
universita-cattolica-del-sacro-cuore,the,2020,501
universita-cattolica-del-sacro-cuore,the,2024,301
universita-cattolica-del-sacro-cuore,the,2025,301
universita-cattolica-del-sacro-cuore,the,2026,251
lut-university,qs,2026,390
lut-university,the,2015,276
lut-university,the,2016,501
lut-university,the,2017,501
lut-university,the,2018,501
lut-university,the,2019,501
lut-university,the,2020,501
lut-university,the,2021,351
lut-university,the,2022,251
lut-university,the,2023,301
lut-university,the,2024,251
lut-university,the,2025,251
lut-university,the,2026,251
macau-university-science-technology,qs,2026,398
macau-university-science-technology,usnews,2026,568
macau-university-science-technology,the,2020,251
macau-university-science-technology,the,2021,251
macau-university-science-technology,the,2022,251
macau-university-science-technology,the,2023,201
macau-university-science-technology,the,2024,251
macau-university-science-technology,the,2025,251
macau-university-science-technology,the,2026,251
sejong-university,qs,2026,398
sejong-university,usnews,2026,306
sejong-university,the,2016,601
sejong-university,the,2017,501
sejong-university,the,2018,501
sejong-university,the,2019,501
sejong-university,the,2020,401
sejong-university,the,2021,301
sejong-university,the,2022,251
sejong-university,the,2023,251
sejong-university,the,2024,251
sejong-university,the,2025,201
sejong-university,the,2026,251
ruhr-universitat-bochum,qs,2026,402
ruhr-universitat-bochum,usnews,2026,364
ruhr-universitat-bochum,the,2012,251
ruhr-universitat-bochum,the,2013,276
ruhr-universitat-bochum,the,2014,351
ruhr-universitat-bochum,the,2015,351
ruhr-universitat-bochum,the,2016,251
ruhr-universitat-bochum,the,2017,251
ruhr-universitat-bochum,the,2018,201
ruhr-universitat-bochum,the,2019,251
ruhr-universitat-bochum,the,2020,251
ruhr-universitat-bochum,the,2021,251
ruhr-universitat-bochum,the,2022,251
ruhr-universitat-bochum,the,2023,251
ruhr-universitat-bochum,the,2024,251
ruhr-universitat-bochum,the,2025,301
ruhr-universitat-bochum,the,2026,251
universitat-konstanz,qs,2026,425
universitat-konstanz,usnews,2026,573
universitat-konstanz,the,2011,186
universitat-konstanz,the,2012,194
universitat-konstanz,the,2013,201
universitat-konstanz,the,2014,226
universitat-konstanz,the,2015,226
universitat-konstanz,the,2016,175
universitat-konstanz,the,2017,194
universitat-konstanz,the,2018,201
universitat-konstanz,the,2019,189
universitat-konstanz,the,2020,201
universitat-konstanz,the,2021,251
universitat-konstanz,the,2022,201
universitat-konstanz,the,2023,201
universitat-konstanz,the,2024,251
universitat-konstanz,the,2025,251
universitat-konstanz,the,2026,251
lebanese-american-university,qs,2026,477
lebanese-american-university,the,2019,601
lebanese-american-university,the,2020,801
lebanese-american-university,the,2021,801
lebanese-american-university,the,2022,801
lebanese-american-university,the,2023,501
lebanese-american-university,the,2024,501
lebanese-american-university,the,2025,251
lebanese-american-university,the,2026,251
king-khalid-university,qs,2026,514
king-khalid-university,usnews,2026,306
king-khalid-university,the,2020,601
king-khalid-university,the,2021,501
king-khalid-university,the,2022,801
king-khalid-university,the,2023,801
king-khalid-university,the,2024,501
king-khalid-university,the,2025,301
king-khalid-university,the,2026,251
boston-college,qs,2026,549
boston-college,usnews,2026,491
boston-college,the,2011,161
boston-college,the,2012,195
boston-college,the,2013,150
boston-college,the,2014,135
boston-college,the,2015,126
boston-college,the,2016,190
boston-college,the,2017,201
boston-college,the,2018,301
boston-college,the,2019,301
boston-college,the,2020,301
boston-college,the,2021,301
boston-college,the,2022,251
boston-college,the,2023,251
boston-college,the,2024,251
boston-college,the,2025,251
boston-college,the,2026,251
ulm-university,qs,2026,575
ulm-university,usnews,2026,400
ulm-university,the,2012,201
ulm-university,the,2014,201
ulm-university,the,2015,201
ulm-university,the,2016,192
ulm-university,the,2017,135
ulm-university,the,2018,155
ulm-university,the,2019,149
ulm-university,the,2020,141
ulm-university,the,2021,140
ulm-university,the,2022,146
ulm-university,the,2023,148
ulm-university,the,2024,193
ulm-university,the,2025,199
ulm-university,the,2026,251
university-hawaii-manoa,qs,2026,643
university-hawaii-manoa,the,2011,115
university-hawaii-manoa,the,2012,251
university-hawaii-manoa,the,2015,251
university-hawaii-manoa,the,2016,201
university-hawaii-manoa,the,2017,201
university-hawaii-manoa,the,2018,201
university-hawaii-manoa,the,2019,201
university-hawaii-manoa,the,2020,201
university-hawaii-manoa,the,2021,201
university-hawaii-manoa,the,2022,251
university-hawaii-manoa,the,2023,251
university-hawaii-manoa,the,2024,201
university-hawaii-manoa,the,2025,251
university-hawaii-manoa,the,2026,251
usn-heinrich-heine-university-of-dusseldorf-503659,usnews,2026,440
usn-heinrich-heine-university-of-dusseldorf-503659,the,2022,251
usn-heinrich-heine-university-of-dusseldorf-503659,the,2023,251
usn-heinrich-heine-university-of-dusseldorf-503659,the,2024,251
usn-heinrich-heine-university-of-dusseldorf-503659,the,2025,251
usn-heinrich-heine-university-of-dusseldorf-503659,the,2026,251
usn-humanitas-university-529627,usnews,2026,460
usn-humanitas-university-529627,the,2023,201
usn-humanitas-university-529627,the,2024,251
usn-humanitas-university-529627,the,2025,251
usn-humanitas-university-529627,the,2026,251
usn-universita-della-svizzera-italiana-529681,usnews,2026,524
usn-universita-della-svizzera-italiana-529681,the,2020,301
usn-universita-della-svizzera-italiana-529681,the,2021,251
usn-universita-della-svizzera-italiana-529681,the,2022,301
usn-universita-della-svizzera-italiana-529681,the,2023,201
usn-universita-della-svizzera-italiana-529681,the,2024,251
usn-universita-della-svizzera-italiana-529681,the,2025,301
usn-universita-della-svizzera-italiana-529681,the,2026,251
usn-semmelweis-university-502811,usnews,2026,546
usn-semmelweis-university-502811,the,2016,501
usn-semmelweis-university-502811,the,2017,501
usn-semmelweis-university-502811,the,2018,401
usn-semmelweis-university-502811,the,2019,401
usn-semmelweis-university-502811,the,2020,401
usn-semmelweis-university-502811,the,2021,401
usn-semmelweis-university-502811,the,2022,251
usn-semmelweis-university-502811,the,2023,201
usn-semmelweis-university-502811,the,2024,251
usn-semmelweis-university-502811,the,2025,251
usn-semmelweis-university-502811,the,2026,251
the-rcsi-university-medicine-and-health-sciences,the,2015,351
the-rcsi-university-medicine-and-health-sciences,the,2016,251
the-rcsi-university-medicine-and-health-sciences,the,2017,201
the-rcsi-university-medicine-and-health-sciences,the,2018,201
the-rcsi-university-medicine-and-health-sciences,the,2019,201
the-rcsi-university-medicine-and-health-sciences,the,2020,201
the-rcsi-university-medicine-and-health-sciences,the,2021,201
the-rcsi-university-medicine-and-health-sciences,the,2022,201
the-rcsi-university-medicine-and-health-sciences,the,2023,201
the-rcsi-university-medicine-and-health-sciences,the,2024,251
the-rcsi-university-medicine-and-health-sciences,the,2025,251
the-rcsi-university-medicine-and-health-sciences,the,2026,251
the-southern-medical-university,the,2019,801
the-southern-medical-university,the,2020,1001
the-southern-medical-university,the,2021,601
the-southern-medical-university,the,2022,401
the-southern-medical-university,the,2023,401
the-southern-medical-university,the,2024,351
the-southern-medical-university,the,2025,251
the-southern-medical-university,the,2026,251
dalian-university-technology,qs,2026,463
dalian-university-technology,usnews,2026,254
dalian-university-technology,the,2016,601
dalian-university-technology,the,2017,601
dalian-university-technology,the,2018,601
dalian-university-technology,the,2019,601
dalian-university-technology,the,2020,601
dalian-university-technology,the,2021,601
dalian-university-technology,the,2022,601
dalian-university-technology,the,2023,601
dalian-university-technology,the,2024,401
dalian-university-technology,the,2025,401
dalian-university-technology,the,2026,401
university-porto,qs,2026,255
university-porto,usnews,2026,290
university-porto,the,2012,301
university-porto,the,2013,351
university-porto,the,2014,351
university-porto,the,2016,401
university-porto,the,2017,401
university-porto,the,2018,501
university-porto,the,2019,401
university-porto,the,2020,401
university-porto,the,2021,401
university-porto,the,2022,401
university-porto,the,2023,401
university-porto,the,2024,401
university-porto,the,2025,401
university-porto,the,2026,401
university-florence,qs,2026,409
university-florence,usnews,2026,255
university-florence,the,2014,351
university-florence,the,2015,351
university-florence,the,2016,351
university-florence,the,2017,401
university-florence,the,2018,401
university-florence,the,2019,401
university-florence,the,2020,351
university-florence,the,2021,401
university-florence,the,2022,401
university-florence,the,2023,401
university-florence,the,2024,351
university-florence,the,2025,351
university-florence,the,2026,351
jilin-university,qs,2026,488
jilin-university,usnews,2026,255
jilin-university,the,2016,601
jilin-university,the,2017,601
jilin-university,the,2019,801
jilin-university,the,2020,801
jilin-university,the,2021,801
jilin-university,the,2022,1001
university-canterbury-te-whare-wananga-o-waitaha,qs,2026,257
american-university-sharjah,qs,2026,258
american-university-sharjah,usnews,2026,894
american-university-sharjah,the,2016,601
american-university-sharjah,the,2017,601
american-university-sharjah,the,2018,601
american-university-sharjah,the,2019,801
american-university-sharjah,the,2020,801
american-university-sharjah,the,2021,801
american-university-sharjah,the,2022,801
american-university-sharjah,the,2023,601
american-university-sharjah,the,2024,601
american-university-sharjah,the,2025,601
american-university-sharjah,the,2026,501
usn-autonomous-university-of-madrid-502502,usnews,2026,259
usn-autonomous-university-of-madrid-502502,the,2012,276
usn-autonomous-university-of-madrid-502502,the,2013,301
usn-autonomous-university-of-madrid-502502,the,2014,301
usn-autonomous-university-of-madrid-502502,the,2015,301
usn-autonomous-university-of-madrid-502502,the,2016,301
usn-autonomous-university-of-madrid-502502,the,2017,351
usn-autonomous-university-of-madrid-502502,the,2018,351
usn-autonomous-university-of-madrid-502502,the,2019,351
usn-autonomous-university-of-madrid-502502,the,2020,251
usn-autonomous-university-of-madrid-502502,the,2021,301
usn-autonomous-university-of-madrid-502502,the,2022,301
usn-autonomous-university-of-madrid-502502,the,2023,301
usn-autonomous-university-of-madrid-502502,the,2024,351
usn-autonomous-university-of-madrid-502502,the,2025,351
usn-autonomous-university-of-madrid-502502,the,2026,351
usn-university-of-montpellier-528813,usnews,2026,259
usn-university-of-montpellier-528813,the,2012,276
usn-university-of-montpellier-528813,the,2013,276
usn-university-of-montpellier-528813,the,2014,251
usn-university-of-montpellier-528813,the,2015,276
usn-university-of-montpellier-528813,the,2016,301
usn-university-of-montpellier-528813,the,2017,351
usn-university-of-montpellier-528813,the,2018,351
usn-university-of-montpellier-528813,the,2019,301
usn-university-of-montpellier-528813,the,2020,301
usn-university-of-montpellier-528813,the,2021,301
usn-university-of-montpellier-528813,the,2022,301
usn-university-of-montpellier-528813,the,2023,301
usn-university-of-montpellier-528813,the,2024,301
usn-university-of-montpellier-528813,the,2025,351
usn-university-of-montpellier-528813,the,2026,401
university-california-riverside,qs,2026,398
university-california-riverside,usnews,2026,262
university-california-riverside,the,2011,117
university-california-riverside,the,2012,143
university-california-riverside,the,2013,154
university-california-riverside,the,2014,148
university-california-riverside,the,2015,150
university-california-riverside,the,2016,167
university-california-riverside,the,2017,165
university-california-riverside,the,2018,198
university-california-riverside,the,2019,201
university-california-riverside,the,2020,251
university-california-riverside,the,2021,251
university-california-riverside,the,2022,251
university-california-riverside,the,2023,251
university-california-riverside,the,2024,251
university-california-riverside,the,2025,251
university-california-riverside,the,2026,301
university-ibadan,qs,2026,1001
university-ibadan,usnews,2026,264
university-ibadan,the,2016,601
university-ibadan,the,2017,801
university-ibadan,the,2018,801
university-ibadan,the,2019,601
university-ibadan,the,2020,501
university-ibadan,the,2021,401
university-ibadan,the,2022,401
university-ibadan,the,2023,401
university-ibadan,the,2024,801
university-ibadan,the,2025,1001
university-ibadan,the,2026,801
singapore-university-technology-design,qs,2026,266
singapore-university-technology-design,usnews,2026,359
mansoura-university,qs,2026,1001
mansoura-university,usnews,2026,267
mansoura-university,the,2017,801
mansoura-university,the,2018,801
mansoura-university,the,2019,601
mansoura-university,the,2020,401
mansoura-university,the,2021,401
mansoura-university,the,2022,501
mansoura-university,the,2023,601
mansoura-university,the,2024,801
mansoura-university,the,2025,601
mansoura-university,the,2026,801
usn-north-carolina-state-university-raleigh-199193,usnews,2026,268
university-pisa,qs,2026,341
university-pisa,usnews,2026,270
university-pisa,the,2012,301
university-pisa,the,2013,301
university-pisa,the,2014,301
university-pisa,the,2015,301
university-pisa,the,2016,401
university-pisa,the,2017,401
university-pisa,the,2018,351
university-pisa,the,2019,301
university-pisa,the,2020,351
university-pisa,the,2021,401
university-pisa,the,2022,401
university-pisa,the,2023,401
university-pisa,the,2024,401
university-pisa,the,2025,351
university-pisa,the,2026,351
usn-university-of-valencia-504510,usnews,2026,270
usn-university-of-valencia-504510,the,2012,301
usn-university-of-valencia-504510,the,2013,351
usn-university-of-valencia-504510,the,2014,351
usn-university-of-valencia-504510,the,2015,301
usn-university-of-valencia-504510,the,2016,401
usn-university-of-valencia-504510,the,2017,501
usn-university-of-valencia-504510,the,2018,501
usn-university-of-valencia-504510,the,2019,401
usn-university-of-valencia-504510,the,2020,401
usn-university-of-valencia-504510,the,2021,401
usn-university-of-valencia-504510,the,2022,401
usn-university-of-valencia-504510,the,2023,501
usn-university-of-valencia-504510,the,2024,501
usn-university-of-valencia-504510,the,2025,501
usn-university-of-valencia-504510,the,2026,501
taylors-university,qs,2026,272
taylors-university,usnews,2026,783
charles-university,qs,2026,273
charles-university,the,2012,301
charles-university,the,2013,301
charles-university,the,2014,351
charles-university,the,2015,301
charles-university,the,2016,401
charles-university,the,2017,401
charles-university,the,2018,401
charles-university,the,2019,401
charles-university,the,2020,401
charles-university,the,2021,401
charles-university,the,2022,501
charles-university,the,2023,501
charles-university,the,2024,401
charles-university,the,2025,401
charles-university,the,2026,401
university-galway,qs,2026,275
university-galway,the,2012,350
university-galway,the,2013,301
university-galway,the,2014,301
university-galway,the,2015,251
university-galway,the,2016,251
university-galway,the,2017,201
university-galway,the,2018,201
university-galway,the,2019,301
university-galway,the,2020,251
university-galway,the,2021,301
university-galway,the,2022,351
university-galway,the,2023,301
university-galway,the,2024,301
university-galway,the,2025,351
university-galway,the,2026,351
universitas-airlangga,qs,2026,276
universitas-airlangga,usnews,2026,831
universitas-airlangga,the,2022,1201
universitas-airlangga,the,2023,1201
universitas-airlangga,the,2024,1201
universitas-airlangga,the,2025,1201
universitas-airlangga,the,2026,1201
universidade-estadual-de-campinas-unicamp,qs,2026,277
istanbul-technical-university,qs,2026,279
istanbul-technical-university,usnews,2026,639
istanbul-technical-university,the,2012,276
istanbul-technical-university,the,2013,276
istanbul-technical-university,the,2014,201
istanbul-technical-university,the,2015,165
istanbul-technical-university,the,2016,501
istanbul-technical-university,the,2017,501
istanbul-technical-university,the,2018,601
istanbul-technical-university,the,2019,601
istanbul-technical-university,the,2020,601
istanbul-technical-university,the,2021,801
istanbul-technical-university,the,2022,601
istanbul-technical-university,the,2023,601
istanbul-technical-university,the,2024,501
istanbul-technical-university,the,2025,501
istanbul-technical-university,the,2026,501
shanghai-university,qs,2026,443
shanghai-university,usnews,2026,279
shanghai-university,the,2016,601
shanghai-university,the,2017,801
shanghai-university,the,2018,601
shanghai-university,the,2019,801
shanghai-university,the,2020,801
shanghai-university,the,2021,801
shanghai-university,the,2022,601
shanghai-university,the,2023,601
shanghai-university,the,2024,501
shanghai-university,the,2025,401
shanghai-university,the,2026,501
al-azhar-university,qs,2026,1001
al-azhar-university,usnews,2026,279
al-azhar-university,the,2019,1001
al-azhar-university,the,2020,1001
al-azhar-university,the,2021,1001
al-azhar-university,the,2022,1001
al-azhar-university,the,2023,801
al-azhar-university,the,2024,801
al-azhar-university,the,2025,801
al-azhar-university,the,2026,801
university-johannesburg,qs,2026,292
university-johannesburg,usnews,2026,281
university-johannesburg,the,2017,601
university-johannesburg,the,2018,601
university-johannesburg,the,2019,601
university-johannesburg,the,2020,601
university-johannesburg,the,2021,601
university-johannesburg,the,2022,601
university-johannesburg,the,2023,601
university-johannesburg,the,2024,401
university-johannesburg,the,2025,401
university-johannesburg,the,2026,351
university-tartu,qs,2026,367
university-tartu,usnews,2026,281
university-tartu,the,2012,350
university-tartu,the,2013,351
university-tartu,the,2014,351
university-tartu,the,2016,351
university-tartu,the,2017,301
university-tartu,the,2018,301
university-tartu,the,2019,301
university-tartu,the,2020,301
university-tartu,the,2021,251
university-tartu,the,2022,251
university-tartu,the,2023,201
university-tartu,the,2024,301
university-tartu,the,2025,301
university-tartu,the,2026,301
usn-northwest-af-university-china-503600,usnews,2026,281
usn-universite-de-bordeaux-528820,usnews,2026,281
ucsi-university,qs,2026,282
ucsi-university,usnews,2026,817
radboud-university,qs,2026,283
usn-virginia-tech-233921,usnews,2026,285
institut-teknologi-bandung-itb,qs,2026,287
institut-teknologi-bandung-itb,the,2017,801
institut-teknologi-bandung-itb,the,2018,801
institut-teknologi-bandung-itb,the,2019,801
institut-teknologi-bandung-itb,the,2020,1001
institut-teknologi-bandung-itb,the,2021,1001
institut-teknologi-bandung-itb,the,2022,1001
institut-teknologi-bandung-itb,the,2023,1201
institut-teknologi-bandung-itb,the,2024,1201
institut-teknologi-bandung-itb,the,2025,1201
institut-teknologi-bandung-itb,the,2026,1201
university-warsaw,qs,2026,289
university-warsaw,usnews,2026,435
university-warsaw,the,2012,301
university-warsaw,the,2013,351
university-warsaw,the,2014,301
university-warsaw,the,2015,301
university-warsaw,the,2016,501
university-warsaw,the,2017,501
university-warsaw,the,2018,501
university-warsaw,the,2019,601
university-warsaw,the,2020,601
university-warsaw,the,2021,801
university-warsaw,the,2022,601
university-warsaw,the,2023,801
university-warsaw,the,2024,601
university-warsaw,the,2025,601
university-warsaw,the,2026,601
usn-ain-shams-university-500744,usnews,2026,290
usn-ain-shams-university-500744,the,2017,801
usn-ain-shams-university-500744,the,2018,801
usn-ain-shams-university-500744,the,2019,1001
usn-ain-shams-university-500744,the,2020,801
usn-ain-shams-university-500744,the,2021,1001
usn-ain-shams-university-500744,the,2022,1001
usn-ain-shams-university-500744,the,2023,1001
usn-ain-shams-university-500744,the,2024,1001
usn-ain-shams-university-500744,the,2025,1001
usn-ain-shams-university-500744,the,2026,801
usn-westlake-university-530200,usnews,2026,290
universidad-nacional-de-colombia,qs,2026,293
universidad-nacional-de-colombia,usnews,2026,605
university-waikato,qs,2026,293
university-waikato,usnews,2026,758
university-waikato,the,2012,301
university-waikato,the,2013,301
university-waikato,the,2014,301
university-waikato,the,2015,351
university-waikato,the,2016,401
university-waikato,the,2017,401
university-waikato,the,2018,351
university-waikato,the,2019,401
university-waikato,the,2020,501
university-waikato,the,2021,501
university-waikato,the,2022,401
university-waikato,the,2023,401
university-waikato,the,2024,401
university-waikato,the,2025,401
university-waikato,the,2026,401
stellenbosch-university,qs,2026,296
stellenbosch-university,usnews,2026,299
stellenbosch-university,the,2012,251
stellenbosch-university,the,2013,251
stellenbosch-university,the,2014,301
stellenbosch-university,the,2015,276
stellenbosch-university,the,2016,301
stellenbosch-university,the,2017,401
stellenbosch-university,the,2018,351
stellenbosch-university,the,2019,301
stellenbosch-university,the,2020,251
stellenbosch-university,the,2021,251
stellenbosch-university,the,2022,251
stellenbosch-university,the,2023,251
stellenbosch-university,the,2024,301
stellenbosch-university,the,2025,301
stellenbosch-university,the,2026,301
university-texas-san-antonio,qs,2026,1001
university-texas-san-antonio,usnews,2026,296
university-texas-san-antonio,the,2012,276
university-texas-san-antonio,the,2013,351
university-texas-san-antonio,the,2016,351
university-texas-san-antonio,the,2017,351
university-texas-san-antonio,the,2018,401
university-texas-san-antonio,the,2019,501
university-texas-san-antonio,the,2020,401
university-texas-san-antonio,the,2021,501
university-texas-san-antonio,the,2022,601
university-texas-san-antonio,the,2023,601
university-texas-san-antonio,the,2024,501
university-texas-san-antonio,the,2025,601
university-texas-san-antonio,the,2026,601
dalhousie-university,qs,2026,298
dalhousie-university,usnews,2026,410
dalhousie-university,the,2011,193
dalhousie-university,the,2012,226
dalhousie-university,the,2013,251
dalhousie-university,the,2014,251
dalhousie-university,the,2015,226
dalhousie-university,the,2016,201
dalhousie-university,the,2017,251
dalhousie-university,the,2018,251
dalhousie-university,the,2019,251
dalhousie-university,the,2020,251
dalhousie-university,the,2021,251
dalhousie-university,the,2022,251
dalhousie-university,the,2023,301
dalhousie-university,the,2024,301
dalhousie-university,the,2025,301
dalhousie-university,the,2026,351
universitat-leipzig,qs,2026,540
universitat-leipzig,usnews,2026,299
wuhan-university-technology,qs,2026,951
wuhan-university-technology,usnews,2026,299
wuhan-university-technology,the,2014,301
wuhan-university-technology,the,2015,351
wuhan-university-technology,the,2017,801
wuhan-university-technology,the,2018,801
wuhan-university-technology,the,2019,801
wuhan-university-technology,the,2020,801
wuhan-university-technology,the,2021,801
wuhan-university-technology,the,2022,801
wuhan-university-technology,the,2023,1001
usn-university-of-milan-bicocca-501339,usnews,2026,299
usn-university-of-milan-bicocca-501339,the,2012,226
usn-university-of-milan-bicocca-501339,the,2013,251
usn-university-of-milan-bicocca-501339,the,2014,226
usn-university-of-milan-bicocca-501339,the,2015,226
usn-university-of-milan-bicocca-501339,the,2016,301
usn-university-of-milan-bicocca-501339,the,2017,351
usn-university-of-milan-bicocca-501339,the,2018,401
usn-university-of-milan-bicocca-501339,the,2019,401
usn-university-of-milan-bicocca-501339,the,2020,401
usn-university-of-milan-bicocca-501339,the,2021,351
usn-university-of-milan-bicocca-501339,the,2022,301
usn-university-of-milan-bicocca-501339,the,2023,301
usn-university-of-milan-bicocca-501339,the,2024,351
usn-university-of-milan-bicocca-501339,the,2025,351
usn-university-of-milan-bicocca-501339,the,2026,401
simon-fraser-university,qs,2026,312
simon-fraser-university,usnews,2026,444
simon-fraser-university,the,2011,199
simon-fraser-university,the,2012,226
simon-fraser-university,the,2013,226
simon-fraser-university,the,2014,226
simon-fraser-university,the,2015,226
simon-fraser-university,the,2016,251
simon-fraser-university,the,2017,201
simon-fraser-university,the,2018,251
simon-fraser-university,the,2019,251
simon-fraser-university,the,2020,251
simon-fraser-university,the,2021,251
simon-fraser-university,the,2022,201
simon-fraser-university,the,2023,251
simon-fraser-university,the,2024,251
simon-fraser-university,the,2025,301
simon-fraser-university,the,2026,301
rutgers-university-new-brunswick,qs,2026,314
rutgers-university-new-brunswick,the,2011,105
rutgers-university-new-brunswick,the,2012,81
rutgers-university-new-brunswick,the,2013,99
rutgers-university-new-brunswick,the,2014,103
rutgers-university-new-brunswick,the,2015,144
rutgers-university-new-brunswick,the,2016,123
rutgers-university-new-brunswick,the,2017,141
rutgers-university-new-brunswick,the,2018,172
rutgers-university-new-brunswick,the,2019,176
rutgers-university-new-brunswick,the,2020,168
rutgers-university-new-brunswick,the,2021,166
rutgers-university-new-brunswick,the,2022,190
rutgers-university-new-brunswick,the,2023,201
rutgers-university-new-brunswick,the,2024,201
rutgers-university-new-brunswick,the,2025,301
rutgers-university-new-brunswick,the,2026,301
bauman-moscow-state-technical-university,qs,2026,318
bauman-moscow-state-technical-university,usnews,2026,1569
bauman-moscow-state-technical-university,the,2016,501
bauman-moscow-state-technical-university,the,2017,601
bauman-moscow-state-technical-university,the,2018,801
bauman-moscow-state-technical-university,the,2019,801
bauman-moscow-state-technical-university,the,2020,801
bauman-moscow-state-technical-university,the,2021,401
bauman-moscow-state-technical-university,the,2022,801
bauman-moscow-state-technical-university,the,2023,501
bauman-moscow-state-technical-university,the,2024,401
bauman-moscow-state-technical-university,the,2025,351
bauman-moscow-state-technical-university,the,2026,301
north-carolina-state-university,qs,2026,320
north-carolina-state-university,the,2013,301
north-carolina-state-university,the,2016,251
north-carolina-state-university,the,2017,201
north-carolina-state-university,the,2018,251
north-carolina-state-university,the,2019,251
north-carolina-state-university,the,2020,301
north-carolina-state-university,the,2021,301
north-carolina-state-university,the,2022,301
north-carolina-state-university,the,2023,351
north-carolina-state-university,the,2024,251
north-carolina-state-university,the,2025,251
north-carolina-state-university,the,2026,301
swansea-university,qs,2026,322
swansea-university,usnews,2026,394
swansea-university,the,2012,350
swansea-university,the,2016,351
swansea-university,the,2017,301
swansea-university,the,2018,251
swansea-university,the,2019,251
swansea-university,the,2020,251
swansea-university,the,2021,251
swansea-university,the,2022,251
swansea-university,the,2023,251
swansea-university,the,2024,251
swansea-university,the,2025,301
swansea-university,the,2026,301
koc-university,qs,2026,329
koc-university,usnews,2026,457
koc-university,the,2013,226
koc-university,the,2014,276
koc-university,the,2015,301
koc-university,the,2016,251
koc-university,the,2017,251
koc-university,the,2018,301
koc-university,the,2019,401
koc-university,the,2020,501
koc-university,the,2021,401
koc-university,the,2022,501
koc-university,the,2023,401
koc-university,the,2024,351
koc-university,the,2025,351
koc-university,the,2026,301
universitat-innsbruck,qs,2026,333
universitat-innsbruck,usnews,2026,447
universitat-innsbruck,the,2011,187
universitat-innsbruck,the,2012,201
universitat-innsbruck,the,2013,201
universitat-innsbruck,the,2014,201
universitat-innsbruck,the,2015,201
universitat-innsbruck,the,2016,301
universitat-innsbruck,the,2017,301
universitat-innsbruck,the,2018,251
universitat-innsbruck,the,2019,351
universitat-innsbruck,the,2020,401
universitat-innsbruck,the,2021,351
universitat-innsbruck,the,2022,401
universitat-innsbruck,the,2023,401
universitat-innsbruck,the,2024,301
universitat-innsbruck,the,2025,301
universitat-innsbruck,the,2026,301
technion-israel-institute-technology,qs,2026,334
technion-israel-institute-technology,usnews,2026,394
technion-israel-institute-technology,the,2012,201
technion-israel-institute-technology,the,2013,193
technion-israel-institute-technology,the,2014,201
technion-israel-institute-technology,the,2015,201
technion-israel-institute-technology,the,2016,251
technion-israel-institute-technology,the,2017,301
technion-israel-institute-technology,the,2018,301
technion-israel-institute-technology,the,2019,301
technion-israel-institute-technology,the,2020,401
technion-israel-institute-technology,the,2021,401
technion-israel-institute-technology,the,2022,401
technion-israel-institute-technology,the,2023,501
technion-israel-institute-technology,the,2024,351
technion-israel-institute-technology,the,2025,301
technion-israel-institute-technology,the,2026,301
birkbeck-university-london,qs,2026,354
birkbeck-university-london,usnews,2026,912
birkbeck-university-london,the,2011,152
birkbeck-university-london,the,2012,149
birkbeck-university-london,the,2013,200
birkbeck-university-london,the,2014,201
birkbeck-university-london,the,2015,226
birkbeck-university-london,the,2016,201
birkbeck-university-london,the,2017,201
birkbeck-university-london,the,2018,301
birkbeck-university-london,the,2019,301
birkbeck-university-london,the,2020,351
birkbeck-university-london,the,2021,351
birkbeck-university-london,the,2022,351
birkbeck-university-london,the,2023,351
birkbeck-university-london,the,2024,301
birkbeck-university-london,the,2025,301
birkbeck-university-london,the,2026,301
sunway-university,qs,2026,354
sunway-university,usnews,2026,497
sunway-university,the,2023,801
sunway-university,the,2024,601
sunway-university,the,2025,401
sunway-university,the,2026,301
city-st-georges-university-london,qs,2026,361
city-st-georges-university-london,the,2026,301
university-victoria-uvic,qs,2026,370
university-victoria-uvic,usnews,2026,417
university-victoria-uvic,the,2011,130
university-victoria-uvic,the,2012,177
university-victoria-uvic,the,2013,196
university-victoria-uvic,the,2014,201
university-victoria-uvic,the,2015,173
university-victoria-uvic,the,2016,201
university-victoria-uvic,the,2017,301
university-victoria-uvic,the,2018,301
university-victoria-uvic,the,2019,301
university-victoria-uvic,the,2020,301
university-victoria-uvic,the,2021,351
university-victoria-uvic,the,2022,301
university-victoria-uvic,the,2023,301
university-victoria-uvic,the,2024,351
university-victoria-uvic,the,2025,301
university-victoria-uvic,the,2026,301
flinders-university,qs,2026,374
flinders-university,usnews,2026,376
flinders-university,the,2012,350
flinders-university,the,2013,351
flinders-university,the,2016,251
flinders-university,the,2017,351
flinders-university,the,2018,301
flinders-university,the,2019,251
flinders-university,the,2020,251
flinders-university,the,2021,251
flinders-university,the,2022,251
flinders-university,the,2023,301
flinders-university,the,2024,301
flinders-university,the,2025,301
flinders-university,the,2026,301
university-turku,qs,2026,398
university-turku,usnews,2026,362
university-turku,the,2012,350
university-turku,the,2015,351
university-turku,the,2016,301
university-turku,the,2017,301
university-turku,the,2018,351
university-turku,the,2019,351
university-turku,the,2020,351
university-turku,the,2021,351
university-turku,the,2022,351
university-turku,the,2023,351
university-turku,the,2024,301
university-turku,the,2025,301
university-turku,the,2026,301
dublin-city-university,qs,2026,408
dublin-city-university,usnews,2026,828
dublin-city-university,the,2016,401
dublin-city-university,the,2017,401
dublin-city-university,the,2018,401
dublin-city-university,the,2019,401
dublin-city-university,the,2020,601
dublin-city-university,the,2021,501
dublin-city-university,the,2022,501
dublin-city-university,the,2023,401
dublin-city-university,the,2024,401
dublin-city-university,the,2025,351
dublin-city-university,the,2026,301
prince-mohammad-bin-fahd-university,qs,2026,421
prince-mohammad-bin-fahd-university,usnews,2026,996
prince-mohammad-bin-fahd-university,the,2025,251
prince-mohammad-bin-fahd-university,the,2026,301
tilburg-university,qs,2026,429
tilburg-university,usnews,2026,651
tilburg-university,the,2012,251
tilburg-university,the,2013,201
tilburg-university,the,2014,226
tilburg-university,the,2015,276
tilburg-university,the,2016,201
tilburg-university,the,2017,198
tilburg-university,the,2018,195
tilburg-university,the,2019,201
tilburg-university,the,2020,201
tilburg-university,the,2021,201
tilburg-university,the,2022,201
tilburg-university,the,2023,251
tilburg-university,the,2024,201
tilburg-university,the,2025,251
tilburg-university,the,2026,301
tampere-university,qs,2026,436
tampere-university,usnews,2026,451
tampere-university,the,2012,301
tampere-university,the,2013,301
tampere-university,the,2014,301
tampere-university,the,2015,301
tampere-university,the,2016,401
tampere-university,the,2017,251
tampere-university,the,2018,201
tampere-university,the,2019,201
tampere-university,the,2020,251
tampere-university,the,2021,301
tampere-university,the,2022,251
tampere-university,the,2023,301
tampere-university,the,2024,301
tampere-university,the,2025,301
tampere-university,the,2026,301
essex-university,qs,2026,438
essex-university,usnews,2026,707
essex-university,the,2012,201
essex-university,the,2013,251
essex-university,the,2014,251
essex-university,the,2015,301
essex-university,the,2016,301
essex-university,the,2017,301
essex-university,the,2018,251
essex-university,the,2019,251
essex-university,the,2020,251
essex-university,the,2021,301
essex-university,the,2022,301
essex-university,the,2023,301
essex-university,the,2024,301
essex-university,the,2025,351
essex-university,the,2026,301
university-dundee,qs,2026,447
university-dundee,usnews,2026,437
university-dundee,the,2011,140
university-dundee,the,2012,176
university-dundee,the,2013,201
university-dundee,the,2014,196
university-dundee,the,2015,201
university-dundee,the,2016,185
university-dundee,the,2017,180
university-dundee,the,2018,187
university-dundee,the,2019,201
university-dundee,the,2020,201
university-dundee,the,2021,201
university-dundee,the,2022,201
university-dundee,the,2023,201
university-dundee,the,2024,301
university-dundee,the,2025,301
university-dundee,the,2026,301
university-bayreuth,qs,2026,472
university-bayreuth,usnews,2026,762
university-bayreuth,the,2013,276
university-bayreuth,the,2014,301
university-bayreuth,the,2015,351
university-bayreuth,the,2016,251
university-bayreuth,the,2017,251
university-bayreuth,the,2018,251
university-bayreuth,the,2019,301
university-bayreuth,the,2020,351
university-bayreuth,the,2021,351
university-bayreuth,the,2022,351
university-bayreuth,the,2023,401
university-bayreuth,the,2024,351
university-bayreuth,the,2025,301
university-bayreuth,the,2026,301
florida-state-university,qs,2026,546
florida-state-university,usnews,2026,314
florida-state-university,the,2016,201
florida-state-university,the,2017,201
florida-state-university,the,2018,201
florida-state-university,the,2019,251
florida-state-university,the,2020,251
florida-state-university,the,2021,251
florida-state-university,the,2022,251
florida-state-university,the,2023,301
florida-state-university,the,2024,251
florida-state-university,the,2025,301
florida-state-university,the,2026,301
lingnan-university-hong-kong,qs,2026,581
lingnan-university-hong-kong,the,2026,301
universitat-bremen,qs,2026,581
universitat-bremen,usnews,2026,587
universitat-bremen,the,2015,251
universitat-bremen,the,2016,301
universitat-bremen,the,2017,301
universitat-bremen,the,2018,251
universitat-bremen,the,2019,301
universitat-bremen,the,2020,351
universitat-bremen,the,2021,401
universitat-bremen,the,2022,351
universitat-bremen,the,2023,351
universitat-bremen,the,2024,301
universitat-bremen,the,2025,301
universitat-bremen,the,2026,301
illinois-institute-technology,qs,2026,620
illinois-institute-technology,usnews,2026,821
illinois-institute-technology,the,2015,301
illinois-institute-technology,the,2021,301
illinois-institute-technology,the,2022,351
illinois-institute-technology,the,2023,401
illinois-institute-technology,the,2024,351
illinois-institute-technology,the,2025,351
illinois-institute-technology,the,2026,301
hasselt-university,qs,2026,639
hasselt-university,usnews,2026,912
hasselt-university,the,2017,401
hasselt-university,the,2018,401
hasselt-university,the,2019,401
hasselt-university,the,2020,351
hasselt-university,the,2021,351
hasselt-university,the,2022,351
hasselt-university,the,2023,301
hasselt-university,the,2024,351
hasselt-university,the,2025,301
hasselt-university,the,2026,301
victoria-university,qs,2026,696
victoria-university,usnews,2026,417
victoria-university,the,2011,130
victoria-university,the,2012,177
victoria-university,the,2013,196
victoria-university,the,2014,201
victoria-university,the,2015,173
victoria-university,the,2016,201
victoria-university,the,2017,301
victoria-university,the,2018,301
victoria-university,the,2019,301
victoria-university,the,2020,301
victoria-university,the,2021,351
victoria-university,the,2022,301
victoria-university,the,2023,301
victoria-university,the,2024,351
victoria-university,the,2025,301
victoria-university,the,2026,301
university-hohenheim,qs,2026,771
university-hohenheim,usnews,2026,891
university-hohenheim,the,2016,301
university-hohenheim,the,2017,251
university-hohenheim,the,2018,251
university-hohenheim,the,2019,201
university-hohenheim,the,2020,201
university-hohenheim,the,2021,201
university-hohenheim,the,2022,197
university-hohenheim,the,2023,201
university-hohenheim,the,2024,251
university-hohenheim,the,2025,301
university-hohenheim,the,2026,301
universitat-duisburg-essen,qs,2026,801
universitat-duisburg-essen,usnews,2026,314
universitat-duisburg-essen,the,2013,351
universitat-duisburg-essen,the,2014,351
universitat-duisburg-essen,the,2015,301
universitat-duisburg-essen,the,2016,201
universitat-duisburg-essen,the,2017,197
universitat-duisburg-essen,the,2018,201
universitat-duisburg-essen,the,2019,190
universitat-duisburg-essen,the,2020,194
universitat-duisburg-essen,the,2021,201
universitat-duisburg-essen,the,2022,251
universitat-duisburg-essen,the,2023,251
universitat-duisburg-essen,the,2025,251
universitat-duisburg-essen,the,2026,301
usn-china-medical-university-taiwan-503180,usnews,2026,351
usn-china-medical-university-taiwan-503180,the,2014,351
usn-china-medical-university-taiwan-503180,the,2016,401
usn-china-medical-university-taiwan-503180,the,2017,501
usn-china-medical-university-taiwan-503180,the,2018,501
usn-china-medical-university-taiwan-503180,the,2019,501
usn-china-medical-university-taiwan-503180,the,2020,501
usn-china-medical-university-taiwan-503180,the,2021,401
usn-china-medical-university-taiwan-503180,the,2022,301
usn-china-medical-university-taiwan-503180,the,2023,251
usn-china-medical-university-taiwan-503180,the,2024,301
usn-china-medical-university-taiwan-503180,the,2025,301
usn-china-medical-university-taiwan-503180,the,2026,301
usn-queens-university-500946,usnews,2026,415
usn-queens-university-500946,the,2012,173
usn-queens-university-500946,the,2013,201
usn-queens-university-500946,the,2014,226
usn-queens-university-500946,the,2015,251
usn-queens-university-500946,the,2016,251
usn-queens-university-500946,the,2017,201
usn-queens-university-500946,the,2018,251
usn-queens-university-500946,the,2019,251
usn-queens-university-500946,the,2020,251
usn-queens-university-500946,the,2021,251
usn-queens-university-500946,the,2022,251
usn-queens-university-500946,the,2023,251
usn-queens-university-500946,the,2024,251
usn-queens-university-500946,the,2025,301
usn-queens-university-500946,the,2026,301
usn-university-of-liege-506253,usnews,2026,421
usn-university-of-liege-506253,the,2012,301
usn-university-of-liege-506253,the,2013,351
usn-university-of-liege-506253,the,2014,301
usn-university-of-liege-506253,the,2015,351
usn-university-of-liege-506253,the,2016,251
usn-university-of-liege-506253,the,2017,301
usn-university-of-liege-506253,the,2018,301
usn-university-of-liege-506253,the,2019,301
usn-university-of-liege-506253,the,2020,301
usn-university-of-liege-506253,the,2021,351
usn-university-of-liege-506253,the,2022,351
usn-university-of-liege-506253,the,2023,351
usn-university-of-liege-506253,the,2024,301
usn-university-of-liege-506253,the,2025,251
usn-university-of-liege-506253,the,2026,301
the-stony-brook-university,the,2011,78
the-stony-brook-university,the,2012,114
the-stony-brook-university,the,2013,162
the-stony-brook-university,the,2014,178
the-stony-brook-university,the,2015,188
the-stony-brook-university,the,2016,201
the-stony-brook-university,the,2017,201
the-stony-brook-university,the,2018,251
the-stony-brook-university,the,2019,251
the-stony-brook-university,the,2020,301
the-stony-brook-university,the,2021,301
the-stony-brook-university,the,2022,301
the-stony-brook-university,the,2023,301
the-stony-brook-university,the,2024,251
the-stony-brook-university,the,2025,251
the-stony-brook-university,the,2026,301
the-university-buffalo,the,2012,201
the-university-buffalo,the,2013,198
the-university-buffalo,the,2014,176
the-university-buffalo,the,2015,191
the-university-buffalo,the,2016,201
the-university-buffalo,the,2017,251
the-university-buffalo,the,2018,251
the-university-buffalo,the,2019,201
the-university-buffalo,the,2020,251
the-university-buffalo,the,2021,251
the-university-buffalo,the,2022,251
the-university-buffalo,the,2023,301
the-university-buffalo,the,2024,301
the-university-buffalo,the,2025,251
the-university-buffalo,the,2026,301
the-tu-wien,the,2012,301
the-tu-wien,the,2013,251
the-tu-wien,the,2014,226
the-tu-wien,the,2015,226
the-tu-wien,the,2016,251
the-tu-wien,the,2017,251
the-tu-wien,the,2018,301
the-tu-wien,the,2019,251
the-tu-wien,the,2020,351
the-tu-wien,the,2021,401
the-tu-wien,the,2022,401
the-tu-wien,the,2023,401
the-tu-wien,the,2024,251
the-tu-wien,the,2025,301
the-tu-wien,the,2026,301
the-university-rome-ii-tor-vergata,the,2016,401
the-university-rome-ii-tor-vergata,the,2017,401
the-university-rome-ii-tor-vergata,the,2018,401
the-university-rome-ii-tor-vergata,the,2019,401
the-university-rome-ii-tor-vergata,the,2020,501
the-university-rome-ii-tor-vergata,the,2021,401
the-university-rome-ii-tor-vergata,the,2022,301
the-university-rome-ii-tor-vergata,the,2023,351
the-university-rome-ii-tor-vergata,the,2024,301
the-university-rome-ii-tor-vergata,the,2025,301
the-university-rome-ii-tor-vergata,the,2026,301
alexandria-university,qs,2026,801
alexandria-university,usnews,2026,304
alexandria-university,the,2011,147
alexandria-university,the,2012,301
alexandria-university,the,2016,601
alexandria-university,the,2017,801
alexandria-university,the,2018,801
alexandria-university,the,2019,801
alexandria-university,the,2020,1001
alexandria-university,the,2021,1001
alexandria-university,the,2022,1001
alexandria-university,the,2023,801
alexandria-university,the,2024,801
alexandria-university,the,2025,1001
alexandria-university,the,2026,801
zagazig-university,qs,2026,1201
zagazig-university,usnews,2026,304
zagazig-university,the,2019,1001
zagazig-university,the,2020,1001
zagazig-university,the,2021,1001
zagazig-university,the,2022,801
zagazig-university,the,2023,801
zagazig-university,the,2024,801
zagazig-university,the,2025,1001
zagazig-university,the,2026,1001
middle-east-technical-university,qs,2026,305
middle-east-technical-university,usnews,2026,568
middle-east-technical-university,the,2011,183
middle-east-technical-university,the,2012,276
middle-east-technical-university,the,2013,201
middle-east-technical-university,the,2014,201
middle-east-technical-university,the,2015,85
middle-east-technical-university,the,2016,501
middle-east-technical-university,the,2017,601
middle-east-technical-university,the,2018,601
middle-east-technical-university,the,2019,601
middle-east-technical-university,the,2020,601
middle-east-technical-university,the,2021,801
middle-east-technical-university,the,2022,601
middle-east-technical-university,the,2023,501
middle-east-technical-university,the,2024,351
middle-east-technical-university,the,2025,351
middle-east-technical-university,the,2026,351
sultan-qaboos-university,qs,2026,306
sultan-qaboos-university,usnews,2026,565
sultan-qaboos-university,the,2016,601
sultan-qaboos-university,the,2017,601
sultan-qaboos-university,the,2018,801
sultan-qaboos-university,the,2019,801
sultan-qaboos-university,the,2020,801
sultan-qaboos-university,the,2021,801
sultan-qaboos-university,the,2022,801
sultan-qaboos-university,the,2023,601
sultan-qaboos-university,the,2024,601
sultan-qaboos-university,the,2025,601
sultan-qaboos-university,the,2026,501
university-connecticut,qs,2026,458
university-connecticut,usnews,2026,312
university-connecticut,the,2013,251
university-connecticut,the,2014,301
university-connecticut,the,2015,301
university-connecticut,the,2016,301
university-connecticut,the,2017,301
university-connecticut,the,2018,301
university-connecticut,the,2019,301
university-connecticut,the,2020,351
university-connecticut,the,2021,401
university-connecticut,the,2022,401
university-connecticut,the,2023,401
university-connecticut,the,2024,351
university-connecticut,the,2025,301
university-connecticut,the,2026,351
soochow-university,qs,2026,711
soochow-university,usnews,2026,312
universidad-carlos-iii-de-madrid-uc3m,qs,2026,314
universidad-carlos-iii-de-madrid-uc3m,usnews,2026,894
university-tehran,qs,2026,367
university-tehran,usnews,2026,314
university-tehran,the,2016,601
university-tehran,the,2017,601
university-tehran,the,2018,601
university-tehran,the,2019,601
university-tehran,the,2020,601
university-tehran,the,2021,501
university-tehran,the,2022,801
university-tehran,the,2023,601
university-tehran,the,2024,401
university-tehran,the,2025,401
university-tehran,the,2026,401
university-lagos,qs,2026,1001
university-lagos,usnews,2026,314
university-lagos,the,2020,801
university-lagos,the,2021,601
university-lagos,the,2022,501
university-lagos,the,2023,401
university-lagos,the,2024,1001
university-lagos,the,2025,1001
university-lagos,the,2026,801
nanjing-agricultural-university,qs,2026,901
nanjing-agricultural-university,usnews,2026,318
nanjing-agricultural-university,the,2017,601
nanjing-agricultural-university,the,2018,601
nanjing-agricultural-university,the,2019,601
nanjing-agricultural-university,the,2020,801
nanjing-agricultural-university,the,2021,601
nanjing-agricultural-university,the,2023,601
usn-city-st-georges-university-of-london-530530,usnews,2026,318
universite-grenoble-alpes,qs,2026,387
universite-grenoble-alpes,usnews,2026,320
universite-grenoble-alpes,the,2017,301
universite-grenoble-alpes,the,2018,301
universite-grenoble-alpes,the,2019,301
universite-grenoble-alpes,the,2020,301
universite-grenoble-alpes,the,2021,351
universite-grenoble-alpes,the,2022,351
universite-grenoble-alpes,the,2023,401
universite-grenoble-alpes,the,2024,301
universite-grenoble-alpes,the,2025,351
universite-grenoble-alpes,the,2026,351
australian-catholic-university,qs,2026,851
australian-catholic-university,usnews,2026,320
australian-catholic-university,the,2017,601
australian-catholic-university,the,2018,501
australian-catholic-university,the,2019,401
australian-catholic-university,the,2020,351
australian-catholic-university,the,2021,251
australian-catholic-university,the,2022,251
australian-catholic-university,the,2023,251
australian-catholic-university,the,2024,401
australian-catholic-university,the,2025,401
australian-catholic-university,the,2026,401
university-delhi,qs,2026,322
university-delhi,usnews,2026,801
university-delhi,the,2016,601
university-delhi,the,2017,601
university-delhi,the,2018,601
university-delhi,the,2019,601
university-delhi,the,2020,601
university-delhi,the,2021,601
university-delhi,the,2022,801
university-delhi,the,2023,1001
university-delhi,the,2024,801
university-delhi,the,2025,801
university-delhi,the,2026,601
university-maryland-baltimore,qs,2026,801
university-maryland-baltimore,usnews,2026,322
jinan-university-china,qs,2026,483
jinan-university-china,usnews,2026,324
jinan-university-china,the,2017,801
jinan-university-china,the,2018,801
jinan-university-china,the,2019,801
jinan-university-china,the,2020,801
jinan-university-china,the,2021,601
jinan-university-china,the,2022,601
jinan-university-china,the,2023,601
jinan-university-china,the,2024,501
jinan-university-china,the,2025,501
jinan-university-china,the,2026,501
usn-university-of-texas-health-science-center-houston-229300,usnews,2026,324
heriot-watt-university,qs,2026,325
heriot-watt-university,usnews,2026,1090
heriot-watt-university,the,2012,350
heriot-watt-university,the,2013,351
heriot-watt-university,the,2014,301
heriot-watt-university,the,2016,401
heriot-watt-university,the,2017,401
heriot-watt-university,the,2018,351
heriot-watt-university,the,2019,301
heriot-watt-university,the,2020,251
heriot-watt-university,the,2021,351
heriot-watt-university,the,2022,501
heriot-watt-university,the,2023,501
heriot-watt-university,the,2024,351
heriot-watt-university,the,2025,401
heriot-watt-university,the,2026,401
university-jordan,qs,2026,326
university-jordan,usnews,2026,599
university-jordan,the,2016,601
university-jordan,the,2017,801
university-jordan,the,2018,801
university-jordan,the,2019,801
university-jordan,the,2020,801
university-jordan,the,2021,801
university-jordan,the,2022,801
university-jordan,the,2023,601
university-jordan,the,2024,601
university-jordan,the,2025,601
university-jordan,the,2026,601
university-pretoria,qs,2026,326
university-pretoria,usnews,2026,417
university-pretoria,the,2016,501
university-pretoria,the,2017,601
university-pretoria,the,2018,601
university-pretoria,the,2019,601
university-pretoria,the,2020,601
university-pretoria,the,2021,601
university-pretoria,the,2022,601
university-pretoria,the,2023,801
university-pretoria,the,2024,501
university-pretoria,the,2025,601
university-pretoria,the,2026,501
jagiellonian-university,qs,2026,329
jagiellonian-university,usnews,2026,394
jagiellonian-university,the,2012,301
jagiellonian-university,the,2013,351
jagiellonian-university,the,2016,601
jagiellonian-university,the,2017,601
jagiellonian-university,the,2018,601
jagiellonian-university,the,2019,601
jagiellonian-university,the,2020,601
jagiellonian-university,the,2021,501
jagiellonian-university,the,2022,501
jagiellonian-university,the,2023,601
jagiellonian-university,the,2024,601
jagiellonian-university,the,2025,601
jagiellonian-university,the,2026,501
usn-university-of-strasbourg-501292,usnews,2026,331
usn-university-of-strasbourg-501292,the,2012,201
usn-university-of-strasbourg-501292,the,2013,201
usn-university-of-strasbourg-501292,the,2014,201
usn-university-of-strasbourg-501292,the,2015,201
usn-university-of-strasbourg-501292,the,2016,301
usn-university-of-strasbourg-501292,the,2017,301
usn-university-of-strasbourg-501292,the,2018,351
usn-university-of-strasbourg-501292,the,2019,401
usn-university-of-strasbourg-501292,the,2020,401
usn-university-of-strasbourg-501292,the,2021,501
usn-university-of-strasbourg-501292,the,2022,501
usn-university-of-strasbourg-501292,the,2023,601
usn-university-paul-sabatier-toulouse-3-503302,usnews,2026,331
indian-institute-technology-roorkee-iitr,qs,2026,335
indian-institute-technology-roorkee-iitr,usnews,2026,904
indian-institute-technology-roorkee-iitr,the,2013,351
indian-institute-technology-roorkee-iitr,the,2014,351
indian-institute-technology-roorkee-iitr,the,2015,351
indian-institute-technology-roorkee-iitr,the,2016,501
indian-institute-technology-roorkee-iitr,the,2017,501
indian-institute-technology-roorkee-iitr,the,2018,501
indian-institute-technology-roorkee-iitr,the,2019,401
indian-institute-technology-roorkee-iitr,the,2020,501
university-georgia,qs,2026,536
university-georgia,usnews,2026,335
university-georgia,the,2012,201
university-georgia,the,2013,201
university-georgia,the,2014,276
university-georgia,the,2015,276
university-georgia,the,2016,251
university-georgia,the,2017,301
university-georgia,the,2018,351
university-georgia,the,2019,401
university-georgia,the,2020,401
university-georgia,the,2021,401
university-georgia,the,2022,351
university-georgia,the,2023,601
university-georgia,the,2024,351
university-georgia,the,2025,351
university-georgia,the,2026,351
usn-pontificia-university-catolica-de-chile-506168,usnews,2026,336
usn-university-of-tennessee-221759,usnews,2026,336
universidade-nova-de-lisboa,qs,2026,337
ln-gumilyov-eurasian-national-university-enu,qs,2026,338
ln-gumilyov-eurasian-national-university-enu,usnews,2026,1868
ln-gumilyov-eurasian-national-university-enu,the,2019,1001
ln-gumilyov-eurasian-national-university-enu,the,2020,1001
ln-gumilyov-eurasian-national-university-enu,the,2021,1001
ln-gumilyov-eurasian-national-university-enu,the,2022,1201
ln-gumilyov-eurasian-national-university-enu,the,2023,1201
ln-gumilyov-eurasian-national-university-enu,the,2024,1501
ln-gumilyov-eurasian-national-university-enu,the,2025,1501
ln-gumilyov-eurasian-national-university-enu,the,2026,1501
usn-khalifa-university-of-science-and-technology-529390,usnews,2026,340
usn-polytechnic-university-of-milan-502229,usnews,2026,340
university-coimbra,qs,2026,342
university-coimbra,usnews,2026,444
university-coimbra,the,2012,350
university-coimbra,the,2016,401
university-coimbra,the,2017,401
university-coimbra,the,2018,501
university-coimbra,the,2019,501
university-coimbra,the,2020,601
university-coimbra,the,2021,601
university-coimbra,the,2022,601
university-coimbra,the,2023,601
university-coimbra,the,2024,401
university-coimbra,the,2025,401
university-coimbra,the,2026,401
university-rome-tor-vergata,qs,2026,342
university-rome-tor-vergata,usnews,2026,391
renmin-peoples-university-china,qs,2026,521
renmin-peoples-university-china,usnews,2026,343
renmin-peoples-university-china,the,2013,301
renmin-peoples-university-china,the,2014,226
renmin-peoples-university-china,the,2015,301
renmin-peoples-university-china,the,2016,501
renmin-peoples-university-china,the,2017,401
renmin-peoples-university-china,the,2018,501
renmin-peoples-university-china,the,2019,501
renmin-peoples-university-china,the,2020,501
renmin-peoples-university-china,the,2021,501
renmin-peoples-university-china,the,2022,601
usn-catholic-university-of-sacred-heart-503167,usnews,2026,343
bogazici-university,qs,2026,345
bogazici-university,usnews,2026,466
bogazici-university,the,2012,301
bogazici-university,the,2013,276
bogazici-university,the,2014,199
bogazici-university,the,2015,139
bogazici-university,the,2016,401
bogazici-university,the,2017,401
bogazici-university,the,2018,401
bogazici-university,the,2019,501
bogazici-university,the,2020,601
bogazici-university,the,2021,601
bogazici-university,the,2022,801
bogazici-university,the,2023,801
bogazici-university,the,2024,601
bogazici-university,the,2025,601
bogazici-university,the,2026,401
mahidol-university,qs,2026,345
mahidol-university,usnews,2026,555
mahidol-university,the,2012,350
mahidol-university,the,2016,501
mahidol-university,the,2017,501
mahidol-university,the,2018,501
mahidol-university,the,2019,601
mahidol-university,the,2020,601
mahidol-university,the,2021,601
mahidol-university,the,2022,601
mahidol-university,the,2023,801
mahidol-university,the,2024,601
mahidol-university,the,2025,601
mahidol-university,the,2026,601
universiti-brunei-darussalam-ubd,qs,2026,345
universiti-brunei-darussalam-ubd,usnews,2026,762
universiti-brunei-darussalam-ubd,the,2020,401
universiti-brunei-darussalam-ubd,the,2021,351
universiti-brunei-darussalam-ubd,the,2022,351
universiti-brunei-darussalam-ubd,the,2023,301
universiti-brunei-darussalam-ubd,the,2024,401
universiti-brunei-darussalam-ubd,the,2025,501
universiti-brunei-darussalam-ubd,the,2026,351
university-southern-queensland,qs,2026,411
university-southern-queensland,usnews,2026,345
university-southern-queensland,the,2016,601
university-southern-queensland,the,2017,601
university-southern-queensland,the,2018,601
university-southern-queensland,the,2019,601
university-southern-queensland,the,2020,601
university-southern-queensland,the,2021,501
university-southern-queensland,the,2022,401
university-southern-queensland,the,2023,301
university-southern-queensland,the,2024,351
university-southern-queensland,the,2025,351
university-southern-queensland,the,2026,351
colorado-state-university,qs,2026,540
colorado-state-university,usnews,2026,347
usn-university-of-buenos-aires-504821,usnews,2026,348
indian-institute-technology-guwahati-iitg,qs,2026,349
indian-institute-technology-guwahati-iitg,usnews,2026,1284
indian-institute-technology-guwahati-iitg,the,2016,501
indian-institute-technology-guwahati-iitg,the,2017,601
indian-institute-technology-guwahati-iitg,the,2018,601
indian-institute-technology-guwahati-iitg,the,2019,601
indian-institute-technology-guwahati-iitg,the,2020,601
indian-institute-technology-guwahati-iitg,the,2023,1001
indian-institute-technology-guwahati-iitg,the,2024,601
indian-institute-technology-guwahati-iitg,the,2025,801
satbayev-university,qs,2026,351
satbayev-university,the,2021,1001
satbayev-university,the,2022,1201
satbayev-university,the,2023,1501
satbayev-university,the,2024,1501
satbayev-university,the,2025,1501
satbayev-university,the,2026,1501
university-tsukuba,qs,2026,351
university-tsukuba,usnews,2026,471
university-tsukuba,the,2012,251
university-tsukuba,the,2013,301
university-tsukuba,the,2014,301
university-tsukuba,the,2015,301
university-tsukuba,the,2016,401
university-tsukuba,the,2017,401
university-tsukuba,the,2018,401
university-tsukuba,the,2019,401
university-tsukuba,the,2020,401
university-tsukuba,the,2021,401
university-tsukuba,the,2022,501
university-tsukuba,the,2023,501
university-tsukuba,the,2024,351
university-tsukuba,the,2025,351
university-tsukuba,the,2026,351
daegu-gyeongbuk-institute-science-technology-dgist,qs,2026,385
daegu-gyeongbuk-institute-science-technology-dgist,usnews,2026,1527
daegu-gyeongbuk-institute-science-technology-dgist,the,2024,351
daegu-gyeongbuk-institute-science-technology-dgist,the,2025,351
daegu-gyeongbuk-institute-science-technology-dgist,the,2026,351
sharif-university-technology,qs,2026,390
sharif-university-technology,usnews,2026,578
sharif-university-technology,the,2012,301
sharif-university-technology,the,2013,301
sharif-university-technology,the,2014,251
sharif-university-technology,the,2015,301
sharif-university-technology,the,2016,401
sharif-university-technology,the,2017,501
sharif-university-technology,the,2018,601
sharif-university-technology,the,2019,601
sharif-university-technology,the,2020,501
sharif-university-technology,the,2021,401
sharif-university-technology,the,2022,401
sharif-university-technology,the,2023,401
sharif-university-technology,the,2024,301
sharif-university-technology,the,2025,301
sharif-university-technology,the,2026,351
university-saskatchewan,qs,2026,411
university-saskatchewan,usnews,2026,592
university-saskatchewan,the,2016,401
university-saskatchewan,the,2017,401
university-saskatchewan,the,2018,401
university-saskatchewan,the,2019,401
university-saskatchewan,the,2020,401
university-saskatchewan,the,2021,401
university-saskatchewan,the,2022,501
university-saskatchewan,the,2023,501
university-saskatchewan,the,2024,351
university-saskatchewan,the,2025,351
university-saskatchewan,the,2026,351
james-cook-university,qs,2026,438
james-cook-university,usnews,2026,382
james-cook-university,the,2016,251
james-cook-university,the,2017,251
james-cook-university,the,2018,201
james-cook-university,the,2019,201
james-cook-university,the,2020,201
james-cook-university,the,2021,201
james-cook-university,the,2022,251
james-cook-university,the,2023,351
james-cook-university,the,2024,351
james-cook-university,the,2025,401
james-cook-university,the,2026,351
university-trento,qs,2026,438
university-trento,usnews,2026,371
university-trento,the,2012,276
university-trento,the,2013,276
university-trento,the,2014,201
university-trento,the,2015,251
university-trento,the,2016,198
university-trento,the,2017,201
university-trento,the,2018,251
university-trento,the,2019,251
university-trento,the,2020,301
university-trento,the,2021,301
university-trento,the,2022,351
university-trento,the,2023,401
university-trento,the,2024,351
university-trento,the,2025,301
university-trento,the,2026,351
leibniz-university-hannover,qs,2026,470
leibniz-university-hannover,the,2012,350
leibniz-university-hannover,the,2013,351
leibniz-university-hannover,the,2014,351
leibniz-university-hannover,the,2016,301
leibniz-university-hannover,the,2017,351
leibniz-university-hannover,the,2018,351
leibniz-university-hannover,the,2019,401
leibniz-university-hannover,the,2020,401
leibniz-university-hannover,the,2021,501
leibniz-university-hannover,the,2022,401
leibniz-university-hannover,the,2023,401
leibniz-university-hannover,the,2024,351
leibniz-university-hannover,the,2025,351
leibniz-university-hannover,the,2026,351
amirkabir-university-technology,qs,2026,483
amirkabir-university-technology,usnews,2026,791
amirkabir-university-technology,the,2016,501
amirkabir-university-technology,the,2017,601
amirkabir-university-technology,the,2018,601
amirkabir-university-technology,the,2019,501
amirkabir-university-technology,the,2020,501
amirkabir-university-technology,the,2021,501
amirkabir-university-technology,the,2022,501
amirkabir-university-technology,the,2023,601
amirkabir-university-technology,the,2024,351
amirkabir-university-technology,the,2025,351
amirkabir-university-technology,the,2026,351
prince-sultan-university,qs,2026,488
prince-sultan-university,usnews,2026,546
prince-sultan-university,the,2024,401
prince-sultan-university,the,2025,401
prince-sultan-university,the,2026,351
moscow-phystech,qs,2026,504
moscow-phystech,usnews,2026,573
moscow-phystech,the,2016,501
moscow-phystech,the,2017,301
moscow-phystech,the,2018,251
moscow-phystech,the,2019,251
moscow-phystech,the,2020,201
moscow-phystech,the,2021,201
moscow-phystech,the,2022,201
moscow-phystech,the,2023,201
moscow-phystech,the,2024,201
moscow-phystech,the,2025,251
moscow-phystech,the,2026,351
university-kansas,qs,2026,515
university-kansas,usnews,2026,357
university-kansas,the,2012,276
university-kansas,the,2013,276
university-kansas,the,2014,276
university-kansas,the,2015,301
university-kansas,the,2017,351
university-kansas,the,2018,351
university-kansas,the,2019,351
university-kansas,the,2020,401
university-kansas,the,2021,351
university-kansas,the,2022,401
university-kansas,the,2023,401
university-kansas,the,2024,351
university-kansas,the,2025,351
university-kansas,the,2026,351
justus-liebig-university-giessen,qs,2026,521
justus-liebig-university-giessen,the,2016,251
justus-liebig-university-giessen,the,2017,301
justus-liebig-university-giessen,the,2018,351
justus-liebig-university-giessen,the,2019,351
justus-liebig-university-giessen,the,2020,351
justus-liebig-university-giessen,the,2021,401
justus-liebig-university-giessen,the,2022,401
justus-liebig-university-giessen,the,2023,401
justus-liebig-university-giessen,the,2024,351
justus-liebig-university-giessen,the,2025,351
justus-liebig-university-giessen,the,2026,351
edith-cowan-university,qs,2026,545
edith-cowan-university,usnews,2026,435
edith-cowan-university,the,2016,501
edith-cowan-university,the,2017,501
edith-cowan-university,the,2018,501
edith-cowan-university,the,2019,501
edith-cowan-university,the,2020,401
edith-cowan-university,the,2021,401
edith-cowan-university,the,2022,401
edith-cowan-university,the,2023,351
edith-cowan-university,the,2024,351
edith-cowan-university,the,2025,351
edith-cowan-university,the,2026,351
university-siena,qs,2026,572
university-siena,usnews,2026,599
university-siena,the,2016,401
university-siena,the,2017,501
university-siena,the,2018,401
university-siena,the,2019,351
university-siena,the,2020,401
university-siena,the,2021,401
university-siena,the,2022,601
university-siena,the,2023,401
university-siena,the,2024,501
university-siena,the,2025,351
university-siena,the,2026,351
university-brescia,qs,2026,581
university-brescia,usnews,2026,609
university-brescia,the,2016,401
university-brescia,the,2017,401
university-brescia,the,2018,401
university-brescia,the,2019,501
university-brescia,the,2020,501
university-brescia,the,2021,401
university-brescia,the,2022,351
university-brescia,the,2023,351
university-brescia,the,2024,401
university-brescia,the,2025,351
university-brescia,the,2026,351
universite-de-lille,qs,2026,686
universite-de-lille,usnews,2026,351
university-south-florida,qs,2026,761
university-south-florida,usnews,2026,362
university-south-florida,the,2012,301
university-south-florida,the,2013,226
university-south-florida,the,2014,276
university-south-florida,the,2015,251
university-south-florida,the,2016,201
university-south-florida,the,2017,201
university-south-florida,the,2018,251
university-south-florida,the,2019,251
university-south-florida,the,2020,201
university-south-florida,the,2021,201
university-south-florida,the,2022,201
university-south-florida,the,2023,201
university-south-florida,the,2024,251
university-south-florida,the,2025,351
university-south-florida,the,2026,351
verona-university,qs,2026,781
verona-university,usnews,2026,522
verona-university,the,2016,351
verona-university,the,2017,401
verona-university,the,2018,401
verona-university,the,2019,401
verona-university,the,2020,401
verona-university,the,2021,401
verona-university,the,2022,401
verona-university,the,2023,351
verona-university,the,2024,401
verona-university,the,2025,401
verona-university,the,2026,351
university-colorado-denver-anschutz-medical-campus,qs,2026,851
university-colorado-denver-anschutz-medical-campus,the,2018,251
university-colorado-denver-anschutz-medical-campus,the,2019,301
university-colorado-denver-anschutz-medical-campus,the,2021,301
university-colorado-denver-anschutz-medical-campus,the,2022,251
university-colorado-denver-anschutz-medical-campus,the,2023,301
university-colorado-denver-anschutz-medical-campus,the,2024,351
university-colorado-denver-anschutz-medical-campus,the,2025,301
university-colorado-denver-anschutz-medical-campus,the,2026,351
huazhong-agricultural-university,qs,2026,1001
huazhong-agricultural-university,usnews,2026,351
huazhong-agricultural-university,the,2018,601
huazhong-agricultural-university,the,2019,601
huazhong-agricultural-university,the,2020,601
huazhong-agricultural-university,the,2021,601
huazhong-agricultural-university,the,2022,601
usn-shanghaitech-university-529508,usnews,2026,351
usn-university-of-pavia-502948,usnews,2026,364
usn-university-of-pavia-502948,the,2013,301
usn-university-of-pavia-502948,the,2014,251
usn-university-of-pavia-502948,the,2015,251
usn-university-of-pavia-502948,the,2016,301
usn-university-of-pavia-502948,the,2017,301
usn-university-of-pavia-502948,the,2018,351
usn-university-of-pavia-502948,the,2019,401
usn-university-of-pavia-502948,the,2020,401
usn-university-of-pavia-502948,the,2021,401
usn-university-of-pavia-502948,the,2022,351
usn-university-of-pavia-502948,the,2023,251
usn-university-of-pavia-502948,the,2024,301
usn-university-of-pavia-502948,the,2025,301
usn-university-of-pavia-502948,the,2026,351
usn-university-of-kiel-504681,usnews,2026,386
usn-university-of-kiel-504681,the,2012,251
usn-university-of-kiel-504681,the,2013,251
usn-university-of-kiel-504681,the,2014,226
usn-university-of-kiel-504681,the,2015,226
usn-university-of-kiel-504681,the,2016,201
usn-university-of-kiel-504681,the,2017,201
usn-university-of-kiel-504681,the,2018,201
usn-university-of-kiel-504681,the,2019,201
usn-university-of-kiel-504681,the,2020,251
usn-university-of-kiel-504681,the,2021,251
usn-university-of-kiel-504681,the,2022,251
usn-university-of-kiel-504681,the,2023,251
usn-university-of-kiel-504681,the,2024,301
usn-university-of-kiel-504681,the,2025,301
usn-university-of-kiel-504681,the,2026,351
usn-swedish-university-of-agricultural-sciences-503091,usnews,2026,497
usn-swedish-university-of-agricultural-sciences-503091,the,2011,199
usn-swedish-university-of-agricultural-sciences-503091,the,2012,226
usn-swedish-university-of-agricultural-sciences-503091,the,2013,276
usn-swedish-university-of-agricultural-sciences-503091,the,2014,251
usn-swedish-university-of-agricultural-sciences-503091,the,2015,251
usn-swedish-university-of-agricultural-sciences-503091,the,2016,201
usn-swedish-university-of-agricultural-sciences-503091,the,2017,251
usn-swedish-university-of-agricultural-sciences-503091,the,2018,251
usn-swedish-university-of-agricultural-sciences-503091,the,2019,251
usn-swedish-university-of-agricultural-sciences-503091,the,2020,301
usn-swedish-university-of-agricultural-sciences-503091,the,2021,351
usn-swedish-university-of-agricultural-sciences-503091,the,2022,301
usn-swedish-university-of-agricultural-sciences-503091,the,2023,351
usn-swedish-university-of-agricultural-sciences-503091,the,2024,301
usn-swedish-university-of-agricultural-sciences-503091,the,2025,351
usn-swedish-university-of-agricultural-sciences-503091,the,2026,351
usn-mohammed-vi-polytechnic-university-530248,usnews,2026,809
usn-mohammed-vi-polytechnic-university-530248,the,2025,401
usn-mohammed-vi-polytechnic-university-530248,the,2026,351
usn-university-of-st-gallen-504309,usnews,2026,1030
usn-university-of-st-gallen-504309,the,2016,351
usn-university-of-st-gallen-504309,the,2017,401
usn-university-of-st-gallen-504309,the,2018,401
usn-university-of-st-gallen-504309,the,2019,401
usn-university-of-st-gallen-504309,the,2020,401
usn-university-of-st-gallen-504309,the,2021,401
usn-university-of-st-gallen-504309,the,2022,301
usn-university-of-st-gallen-504309,the,2023,301
usn-university-of-st-gallen-504309,the,2024,351
usn-university-of-st-gallen-504309,the,2025,351
usn-university-of-st-gallen-504309,the,2026,351
usn-kermanshah-university-of-medical-sciences-529623,usnews,2026,1033
usn-kermanshah-university-of-medical-sciences-529623,the,2023,501
usn-kermanshah-university-of-medical-sciences-529623,the,2025,401
usn-kermanshah-university-of-medical-sciences-529623,the,2026,351
the-university-campinas,the,2012,276
the-university-campinas,the,2013,251
the-university-campinas,the,2014,301
the-university-campinas,the,2015,301
the-university-campinas,the,2016,351
the-university-campinas,the,2017,401
the-university-campinas,the,2018,401
the-university-campinas,the,2019,401
the-university-campinas,the,2020,501
the-university-campinas,the,2021,401
the-university-campinas,the,2022,401
the-university-campinas,the,2023,401
the-university-campinas,the,2024,351
the-university-campinas,the,2025,351
the-university-campinas,the,2026,351
the-sabanci-university,the,2015,182
the-sabanci-university,the,2016,351
the-sabanci-university,the,2017,301
the-sabanci-university,the,2018,351
the-sabanci-university,the,2019,351
the-sabanci-university,the,2020,401
the-sabanci-university,the,2021,501
the-sabanci-university,the,2022,501
the-sabanci-university,the,2023,401
the-sabanci-university,the,2024,351
the-sabanci-university,the,2025,351
the-sabanci-university,the,2026,351
the-saveetha-institute-medical-and-technical-sciences,the,2021,1001
the-saveetha-institute-medical-and-technical-sciences,the,2022,601
the-saveetha-institute-medical-and-technical-sciences,the,2023,501
the-saveetha-institute-medical-and-technical-sciences,the,2024,601
the-saveetha-institute-medical-and-technical-sciences,the,2025,401
the-saveetha-institute-medical-and-technical-sciences,the,2026,351
brunel-university-london,qs,2026,353
brunel-university-london,the,2012,251
brunel-university-london,the,2013,301
brunel-university-london,the,2014,251
brunel-university-london,the,2015,226
brunel-university-london,the,2016,401
brunel-university-london,the,2017,301
brunel-university-london,the,2018,351
brunel-university-london,the,2019,401
brunel-university-london,the,2020,351
brunel-university-london,the,2021,351
brunel-university-london,the,2022,351
brunel-university-london,the,2023,401
brunel-university-london,the,2024,351
brunel-university-london,the,2025,351
brunel-university-london,the,2026,401
sciences-po,qs,2026,354
sciences-po,the,2018,401
sciences-po,the,2019,401
sciences-po,the,2020,401
sciences-po,the,2021,501
sciences-po,the,2022,401
sciences-po,the,2023,501
sciences-po,the,2024,501
sciences-po,the,2025,601
sciences-po,the,2026,601
university-science-technology-beijing,qs,2026,443
university-science-technology-beijing,usnews,2026,355
university-science-technology-beijing,the,2016,601
university-science-technology-beijing,the,2017,601
university-science-technology-beijing,the,2018,601
university-science-technology-beijing,the,2019,801
university-science-technology-beijing,the,2020,801
university-science-technology-beijing,the,2021,801
university-science-technology-beijing,the,2022,801
university-science-technology-beijing,the,2023,801
usn-national-autonomous-university-of-mexico-502101,usnews,2026,355
usn-national-autonomous-university-of-mexico-502101,the,2013,351
usn-national-autonomous-university-of-mexico-502101,the,2016,401
usn-national-autonomous-university-of-mexico-502101,the,2017,501
usn-national-autonomous-university-of-mexico-502101,the,2018,601
usn-national-autonomous-university-of-mexico-502101,the,2019,601
usn-national-autonomous-university-of-mexico-502101,the,2020,601
usn-national-autonomous-university-of-mexico-502101,the,2021,801
usn-national-autonomous-university-of-mexico-502101,the,2022,801
usn-national-autonomous-university-of-mexico-502101,the,2023,1001
usn-national-autonomous-university-of-mexico-502101,the,2024,801
usn-national-autonomous-university-of-mexico-502101,the,2025,801
usn-national-autonomous-university-of-mexico-502101,the,2026,801
pontificia-universidad-catolica-del-peru-pucp,qs,2026,357
pontificia-universidad-catolica-del-peru-pucp,usnews,2026,1127
sabanci-university,qs,2026,357
sabanci-university,usnews,2026,739
jiangnan-university,qs,2026,771
jiangnan-university,usnews,2026,357
jiangnan-university,the,2023,1001
jiangnan-university,the,2024,801
jiangnan-university,the,2025,601
jiangnan-university,the,2026,601
rudn-university,qs,2026,359
rudn-university,the,2017,801
rudn-university,the,2018,1001
rudn-university,the,2019,601
rudn-university,the,2020,801
rudn-university,the,2021,801
rudn-university,the,2022,601
rudn-university,the,2023,601
rudn-university,the,2024,601
rudn-university,the,2025,601
rudn-university,the,2026,801
beijing-university-chemical-technology,qs,2026,649
beijing-university-chemical-technology,usnews,2026,359
beijing-university-chemical-technology,the,2021,501
beijing-university-chemical-technology,the,2022,501
beijing-university-chemical-technology,the,2025,401
beijing-university-chemical-technology,the,2026,401
usn-state-university-of-campinas-504975,usnews,2026,359
universidad-politecnica-de-madrid-upm,qs,2026,364
universite-de-liege,qs,2026,364
temple-university,qs,2026,751
temple-university,usnews,2026,364
temple-university,the,2013,351
temple-university,the,2014,351
temple-university,the,2016,351
temple-university,the,2017,301
temple-university,the,2018,351
temple-university,the,2019,351
temple-university,the,2020,301
temple-university,the,2021,301
temple-university,the,2022,301
temple-university,the,2023,301
temple-university,the,2024,351
temple-university,the,2025,351
temple-university,the,2026,401
usn-free-university-of-brussels-504942,usnews,2026,364
universidade-federal-do-rio-de-janeiro,qs,2026,367
university-buffalo-suny,qs,2026,416
university-buffalo-suny,usnews,2026,369
university-granada,qs,2026,447
university-granada,usnews,2026,369
university-granada,the,2016,501
university-granada,the,2017,501
university-granada,the,2018,501
university-granada,the,2019,601
university-granada,the,2020,601
university-granada,the,2021,601
university-granada,the,2022,601
university-granada,the,2023,601
university-granada,the,2024,501
university-granada,the,2025,601
university-granada,the,2026,601
tulane-university,qs,2026,597
tulane-university,usnews,2026,371
tulane-university,the,2012,201
tulane-university,the,2013,226
tulane-university,the,2014,226
tulane-university,the,2015,301
tulane-university,the,2016,251
tulane-university,the,2017,351
tulane-university,the,2018,351
tulane-university,the,2019,301
tulane-university,the,2020,301
tulane-university,the,2021,301
tulane-university,the,2022,401
tulane-university,the,2023,351
tulane-university,the,2024,401
tulane-university,the,2025,401
tulane-university,the,2026,401
universite-claude-bernard-lyon-1,qs,2026,613
universite-claude-bernard-lyon-1,usnews,2026,371
universite-claude-bernard-lyon-1,the,2013,301
universite-claude-bernard-lyon-1,the,2014,301
universite-claude-bernard-lyon-1,the,2015,351
universite-claude-bernard-lyon-1,the,2016,401
universite-claude-bernard-lyon-1,the,2017,351
universite-claude-bernard-lyon-1,the,2018,401
universite-claude-bernard-lyon-1,the,2019,401
universite-claude-bernard-lyon-1,the,2020,501
universite-claude-bernard-lyon-1,the,2021,501
universite-claude-bernard-lyon-1,the,2022,401
universite-claude-bernard-lyon-1,the,2023,401
universite-claude-bernard-lyon-1,the,2024,401
universite-claude-bernard-lyon-1,the,2025,401
universite-claude-bernard-lyon-1,the,2026,601
goethe-university-frankfurt-am-main,qs,2026,376
national-technical-university-athens,qs,2026,378
national-technical-university-athens,usnews,2026,615
national-technical-university-athens,the,2016,501
national-technical-university-athens,the,2020,601
national-technical-university-athens,the,2021,601
national-technical-university-athens,the,2022,801
national-technical-university-athens,the,2023,801
national-technical-university-athens,the,2024,601
national-technical-university-athens,the,2025,801
national-technical-university-athens,the,2026,801
xidian-university,qs,2026,851
xidian-university,usnews,2026,378
xidian-university,the,2016,601
xidian-university,the,2017,801
xidian-university,the,2018,801
xidian-university,the,2019,801
xidian-university,the,2020,801
xidian-university,the,2021,801
xidian-university,the,2022,801
xidian-university,the,2023,1001
xidian-university,the,2024,601
xidian-university,the,2025,601
xidian-university,the,2026,601
usn-peking-union-medical-college-529794,usnews,2026,378
gwangju-institute-science-technology-gist,qs,2026,379
gwangju-institute-science-technology-gist,usnews,2026,1136
gwangju-institute-science-technology-gist,the,2016,301
gwangju-institute-science-technology-gist,the,2017,301
gwangju-institute-science-technology-gist,the,2018,351
gwangju-institute-science-technology-gist,the,2019,401
gwangju-institute-science-technology-gist,the,2020,401
gwangju-institute-science-technology-gist,the,2021,501
gwangju-institute-science-technology-gist,the,2022,501
gwangju-institute-science-technology-gist,the,2023,501
gwangju-institute-science-technology-gist,the,2024,401
gwangju-institute-science-technology-gist,the,2025,401
gwangju-institute-science-technology-gist,the,2026,401
national-taiwan-university-science-technology-taiwan-tech,qs,2026,379
national-taiwan-university-science-technology-taiwan-tech,usnews,2026,882
national-taiwan-university-science-technology-taiwan-tech,the,2012,301
national-taiwan-university-science-technology-taiwan-tech,the,2013,351
national-taiwan-university-science-technology-taiwan-tech,the,2014,351
national-taiwan-university-science-technology-taiwan-tech,the,2015,351
national-taiwan-university-science-technology-taiwan-tech,the,2016,301
national-taiwan-university-science-technology-taiwan-tech,the,2017,401
national-taiwan-university-science-technology-taiwan-tech,the,2018,401
national-taiwan-university-science-technology-taiwan-tech,the,2019,401
national-taiwan-university-science-technology-taiwan-tech,the,2020,501
national-taiwan-university-science-technology-taiwan-tech,the,2021,501
national-taiwan-university-science-technology-taiwan-tech,the,2022,601
national-taiwan-university-science-technology-taiwan-tech,the,2023,601
national-taiwan-university-science-technology-taiwan-tech,the,2024,401
national-taiwan-university-science-technology-taiwan-tech,the,2025,401
national-taiwan-university-science-technology-taiwan-tech,the,2026,401
quaid-i-azam-university,qs,2026,381
quaid-i-azam-university,usnews,2026,451
quaid-i-azam-university,the,2016,501
quaid-i-azam-university,the,2017,601
quaid-i-azam-university,the,2018,401
quaid-i-azam-university,the,2020,401
quaid-i-azam-university,the,2021,501
quaid-i-azam-university,the,2022,501
quaid-i-azam-university,the,2023,401
quaid-i-azam-university,the,2024,401
quaid-i-azam-university,the,2025,401
quaid-i-azam-university,the,2026,401
usn-fuzhou-university-528832,usnews,2026,382
usn-fuzhou-university-528832,the,2018,601
usn-fuzhou-university-528832,the,2019,601
usn-fuzhou-university-528832,the,2020,801
usn-fuzhou-university-528832,the,2021,801
usn-fuzhou-university-528832,the,2022,801
usn-fuzhou-university-528832,the,2023,801
usn-fuzhou-university-528832,the,2024,801
usn-fuzhou-university-528832,the,2025,601
usn-fuzhou-university-528832,the,2026,801
national-university-sciences-technology-nust-islamabad,qs,2026,384
usn-northeastern-university-china-514931,usnews,2026,384
usn-northeastern-university-china-514931,the,2017,601
usn-northeastern-university-china-514931,the,2018,801
usn-northeastern-university-china-514931,the,2019,801
usn-northeastern-university-china-514931,the,2020,801
usn-northeastern-university-china-514931,the,2021,801
usn-northeastern-university-china-514931,the,2022,801
usn-northeastern-university-china-514931,the,2023,801
usn-northeastern-university-china-514931,the,2024,601
usn-northeastern-university-china-514931,the,2025,601
usn-northeastern-university-china-514931,the,2026,501
usn-zhejiang-normal-university-529076,usnews,2026,384
usn-zhejiang-normal-university-529076,the,2021,501
usn-zhejiang-normal-university-529076,the,2022,501
usn-zhejiang-normal-university-529076,the,2023,501
usn-zhejiang-normal-university-529076,the,2024,601
usn-zhejiang-normal-university-529076,the,2025,601
usn-zhejiang-normal-university-529076,the,2026,601
university-genoa,qs,2026,502
university-genoa,usnews,2026,386
university-genoa,the,2016,401
university-genoa,the,2017,401
university-genoa,the,2018,401
university-genoa,the,2019,401
university-genoa,the,2020,401
university-genoa,the,2021,401
university-genoa,the,2022,401
university-genoa,the,2023,401
university-genoa,the,2024,401
university-genoa,the,2025,401
university-genoa,the,2026,401
usn-nanjing-forestry-university-529506,usnews,2026,386
usn-nanjing-forestry-university-529506,the,2023,801
usn-nanjing-forestry-university-529506,the,2024,601
usn-nanjing-forestry-university-529506,the,2025,601
usn-nanjing-forestry-university-529506,the,2026,601
university-limerick,qs,2026,388
university-limerick,usnews,2026,1030
university-limerick,the,2016,501
university-limerick,the,2017,501
university-limerick,the,2018,501
university-limerick,the,2019,501
university-limerick,the,2020,501
university-limerick,the,2021,501
university-limerick,the,2022,601
university-limerick,the,2023,601
university-limerick,the,2024,401
university-limerick,the,2025,501
university-limerick,the,2026,501
saint-petersburg-state-university,qs,2026,390
saint-petersburg-state-university,usnews,2026,831
saint-petersburg-state-university,the,2012,350
saint-petersburg-state-university,the,2016,401
saint-petersburg-state-university,the,2017,401
saint-petersburg-state-university,the,2018,401
saint-petersburg-state-university,the,2019,501
saint-petersburg-state-university,the,2020,601
saint-petersburg-state-university,the,2021,601
saint-petersburg-state-university,the,2022,601
saint-petersburg-state-university,the,2023,801
american-university-cairo,qs,2026,390
american-university-cairo,the,2017,601
american-university-cairo,the,2018,601
american-university-cairo,the,2019,601
american-university-cairo,the,2020,801
american-university-cairo,the,2021,801
american-university-cairo,the,2022,801
american-university-cairo,the,2023,801
american-university-cairo,the,2024,801
american-university-cairo,the,2025,601
american-university-cairo,the,2026,601
university-houston,qs,2026,551
university-houston,usnews,2026,390
university-houston,the,2012,301
university-houston,the,2013,351
university-houston,the,2014,301
university-houston,the,2015,301
university-houston,the,2016,351
university-houston,the,2017,351
university-houston,the,2018,301
university-houston,the,2019,301
university-houston,the,2020,401
university-houston,the,2021,501
university-houston,the,2022,601
university-houston,the,2023,601
university-houston,the,2024,501
university-houston,the,2025,401
university-houston,the,2026,401
aristotle-university-thessaloniki,qs,2026,502
aristotle-university-thessaloniki,usnews,2026,391
aristotle-university-thessaloniki,the,2016,601
aristotle-university-thessaloniki,the,2017,401
aristotle-university-thessaloniki,the,2018,501
aristotle-university-thessaloniki,the,2019,601
aristotle-university-thessaloniki,the,2020,601
aristotle-university-thessaloniki,the,2021,601
aristotle-university-thessaloniki,the,2022,601
aristotle-university-thessaloniki,the,2023,801
aristotle-university-thessaloniki,the,2024,801
aristotle-university-thessaloniki,the,2025,801
aristotle-university-thessaloniki,the,2026,801
usn-university-of-south-carolina-columbia-218663,usnews,2026,391
usn-university-of-south-carolina-columbia-218663,the,2012,201
usn-university-of-south-carolina-columbia-218663,the,2013,276
usn-university-of-south-carolina-columbia-218663,the,2014,251
usn-university-of-south-carolina-columbia-218663,the,2015,276
usn-university-of-south-carolina-columbia-218663,the,2016,351
usn-university-of-south-carolina-columbia-218663,the,2018,351
usn-university-of-south-carolina-columbia-218663,the,2019,401
usn-university-of-south-carolina-columbia-218663,the,2020,401
usn-university-of-south-carolina-columbia-218663,the,2021,401
usn-university-of-south-carolina-columbia-218663,the,2022,401
usn-university-of-south-carolina-columbia-218663,the,2023,501
usn-university-of-south-carolina-columbia-218663,the,2024,401
usn-university-of-south-carolina-columbia-218663,the,2025,401
usn-university-of-south-carolina-columbia-218663,the,2026,401
duy-tan-university,qs,2026,504
duy-tan-university,usnews,2026,394
duy-tan-university,the,2022,401
duy-tan-university,the,2023,401
duy-tan-university,the,2024,601
duy-tan-university,the,2025,601
duy-tan-university,the,2026,601
university-central-florida,qs,2026,731
university-central-florida,usnews,2026,394
university-central-florida,the,2019,601
university-central-florida,the,2020,601
university-central-florida,the,2021,601
university-central-florida,the,2022,601
university-central-florida,the,2023,601
university-central-florida,the,2024,401
university-central-florida,the,2025,401
university-central-florida,the,2026,401
pontificia-universidad-javeriana,qs,2026,395
pontificia-universidad-javeriana,usnews,2026,1096
pontificia-universidad-javeriana,the,2017,501
pontificia-universidad-javeriana,the,2018,501
pontificia-universidad-javeriana,the,2019,501
pontificia-universidad-javeriana,the,2020,401
pontificia-universidad-javeriana,the,2021,401
pontificia-universidad-javeriana,the,2022,501
pontificia-universidad-javeriana,the,2023,801
pontificia-universidad-javeriana,the,2024,1201
pontificia-universidad-javeriana,the,2025,1501
pontificia-universidad-javeriana,the,2026,1501
universita-degli-studi-di-pavia,qs,2026,395
ajman-university,qs,2026,397
ajman-university,usnews,2026,783
ajman-university,the,2025,401
ajman-university,the,2026,401
iowa-state-university,qs,2026,540
iowa-state-university,usnews,2026,400
iowa-state-university,the,2011,156
iowa-state-university,the,2012,184
iowa-state-university,the,2013,193
iowa-state-university,the,2014,183
iowa-state-university,the,2015,193
iowa-state-university,the,2016,251
iowa-state-university,the,2017,351
iowa-state-university,the,2018,301
iowa-state-university,the,2019,351
iowa-state-university,the,2020,351
iowa-state-university,the,2021,401
iowa-state-university,the,2022,401
iowa-state-university,the,2023,401
iowa-state-university,the,2024,351
iowa-state-university,the,2025,401
iowa-state-university,the,2026,401
virginia-commonwealth-university,qs,2026,951
virginia-commonwealth-university,usnews,2026,400
virginia-commonwealth-university,the,2023,501
virginia-commonwealth-university,the,2024,401
virginia-commonwealth-university,the,2025,401
virginia-commonwealth-university,the,2026,401
university-kent,qs,2026,415
university-kent,usnews,2026,770
university-kent,the,2012,350
university-kent,the,2016,301
university-kent,the,2017,301
university-kent,the,2018,301
university-kent,the,2019,351
university-kent,the,2020,351
university-kent,the,2021,301
university-kent,the,2022,351
university-kent,the,2023,351
university-kent,the,2024,401
university-kent,the,2025,351
university-kent,the,2026,401
aston-university,qs,2026,416
aston-university,usnews,2026,663
aston-university,the,2012,350
aston-university,the,2015,351
aston-university,the,2016,401
aston-university,the,2017,351
aston-university,the,2018,351
aston-university,the,2019,351
aston-university,the,2020,501
aston-university,the,2021,401
aston-university,the,2022,401
aston-university,the,2023,401
aston-university,the,2024,401
aston-university,the,2025,351
aston-university,the,2026,401
murdoch-university,qs,2026,422
murdoch-university,usnews,2026,460
murdoch-university,the,2013,301
murdoch-university,the,2014,301
murdoch-university,the,2015,351
murdoch-university,the,2016,401
murdoch-university,the,2017,401
murdoch-university,the,2018,401
murdoch-university,the,2019,401
murdoch-university,the,2020,401
murdoch-university,the,2021,501
murdoch-university,the,2022,501
murdoch-university,the,2023,401
murdoch-university,the,2024,351
murdoch-university,the,2025,401
murdoch-university,the,2026,401
chung-ang-university-cau,qs,2026,432
chung-ang-university-cau,usnews,2026,1021
chung-ang-university-cau,the,2016,501
chung-ang-university-cau,the,2017,401
chung-ang-university-cau,the,2018,401
chung-ang-university-cau,the,2019,501
chung-ang-university-cau,the,2020,501
chung-ang-university-cau,the,2021,601
chung-ang-university-cau,the,2022,601
chung-ang-university-cau,the,2023,601
chung-ang-university-cau,the,2024,401
chung-ang-university-cau,the,2025,401
chung-ang-university-cau,the,2026,401
central-queensland-university-cquniversity-australia,qs,2026,436
central-queensland-university-cquniversity-australia,usnews,2026,798
central-queensland-university-cquniversity-australia,the,2016,501
central-queensland-university-cquniversity-australia,the,2017,401
central-queensland-university-cquniversity-australia,the,2018,501
central-queensland-university-cquniversity-australia,the,2019,501
central-queensland-university-cquniversity-australia,the,2020,601
central-queensland-university-cquniversity-australia,the,2021,801
central-queensland-university-cquniversity-australia,the,2022,801
central-queensland-university-cquniversity-australia,the,2023,601
central-queensland-university-cquniversity-australia,the,2024,501
central-queensland-university-cquniversity-australia,the,2025,501
central-queensland-university-cquniversity-australia,the,2026,401
umea-university,qs,2026,438
umea-university,usnews,2026,441
umea-university,the,2012,201
umea-university,the,2013,251
umea-university,the,2014,301
umea-university,the,2015,351
umea-university,the,2016,251
umea-university,the,2017,251
umea-university,the,2018,251
umea-university,the,2019,301
umea-university,the,2020,301
umea-university,the,2021,351
umea-university,the,2022,351
umea-university,the,2023,401
umea-university,the,2024,401
umea-university,the,2025,351
umea-university,the,2026,401
shoolini-university-biotechnology-management-sciences,qs,2026,452
shoolini-university-biotechnology-management-sciences,the,2023,351
shoolini-university-biotechnology-management-sciences,the,2024,501
shoolini-university-biotechnology-management-sciences,the,2025,401
shoolini-university-biotechnology-management-sciences,the,2026,401
johannes-kepler-university-linz,qs,2026,458
johannes-kepler-university-linz,usnews,2026,932
johannes-kepler-university-linz,the,2012,251
johannes-kepler-university-linz,the,2013,301
johannes-kepler-university-linz,the,2014,351
johannes-kepler-university-linz,the,2016,401
johannes-kepler-university-linz,the,2017,401
johannes-kepler-university-linz,the,2018,501
johannes-kepler-university-linz,the,2019,501
johannes-kepler-university-linz,the,2020,601
johannes-kepler-university-linz,the,2021,601
johannes-kepler-university-linz,the,2022,601
johannes-kepler-university-linz,the,2023,501
johannes-kepler-university-linz,the,2024,401
johannes-kepler-university-linz,the,2025,401
johannes-kepler-university-linz,the,2026,401
soas-university-london,qs,2026,458
soas-university-london,the,2017,401
soas-university-london,the,2018,401
soas-university-london,the,2019,401
soas-university-london,the,2020,401
soas-university-london,the,2021,501
soas-university-london,the,2022,401
soas-university-london,the,2023,501
soas-university-london,the,2024,401
soas-university-london,the,2025,401
soas-university-london,the,2026,401
university-canberra,qs,2026,477
university-canberra,usnews,2026,688
university-canberra,the,2016,501
university-canberra,the,2017,401
university-canberra,the,2018,351
university-canberra,the,2019,251
university-canberra,the,2020,193
university-canberra,the,2021,184
university-canberra,the,2022,170
university-canberra,the,2023,251
university-canberra,the,2024,351
university-canberra,the,2025,401
university-canberra,the,2026,401
royal-holloway-university-london,qs,2026,485
royal-holloway-university-london,usnews,2026,817
royal-holloway-university-london,the,2011,88
royal-holloway-university-london,the,2012,107
royal-holloway-university-london,the,2013,119
royal-holloway-university-london,the,2014,102
royal-holloway-university-london,the,2015,118
royal-holloway-university-london,the,2016,129
royal-holloway-university-london,the,2017,173
royal-holloway-university-london,the,2018,197
royal-holloway-university-london,the,2019,251
royal-holloway-university-london,the,2020,251
royal-holloway-university-london,the,2021,301
royal-holloway-university-london,the,2022,351
royal-holloway-university-london,the,2023,351
royal-holloway-university-london,the,2024,301
royal-holloway-university-london,the,2025,401
royal-holloway-university-london,the,2026,401
university-bordeaux,qs,2026,485
university-bordeaux,the,2016,251
university-bordeaux,the,2017,301
university-bordeaux,the,2018,301
university-bordeaux,the,2019,401
university-bordeaux,the,2020,401
university-bordeaux,the,2021,401
university-bordeaux,the,2022,301
university-bordeaux,the,2023,301
university-bordeaux,the,2024,351
university-bordeaux,the,2025,401
university-bordeaux,the,2026,401
iran-university-science-technology,qs,2026,504
iran-university-science-technology,usnews,2026,981
iran-university-science-technology,the,2016,401
iran-university-science-technology,the,2017,501
iran-university-science-technology,the,2018,601
iran-university-science-technology,the,2019,601
iran-university-science-technology,the,2020,601
iran-university-science-technology,the,2021,501
iran-university-science-technology,the,2022,601
iran-university-science-technology,the,2023,501
iran-university-science-technology,the,2024,401
iran-university-science-technology,the,2025,351
iran-university-science-technology,the,2026,401
washington-state-university,qs,2026,510
washington-state-university,usnews,2026,425
washington-state-university,the,2012,301
washington-state-university,the,2013,301
washington-state-university,the,2014,301
washington-state-university,the,2015,351
washington-state-university,the,2016,351
washington-state-university,the,2017,351
washington-state-university,the,2018,301
washington-state-university,the,2019,301
washington-state-university,the,2020,351
washington-state-university,the,2021,301
washington-state-university,the,2022,351
washington-state-university,the,2023,351
washington-state-university,the,2024,301
washington-state-university,the,2025,401
washington-state-university,the,2026,401
bond-university,qs,2026,518
bond-university,usnews,2026,1308
bond-university,the,2017,501
bond-university,the,2018,501
bond-university,the,2019,501
bond-university,the,2020,401
bond-university,the,2021,501
bond-university,the,2022,501
bond-university,the,2023,251
bond-university,the,2024,401
bond-university,the,2025,401
bond-university,the,2026,401
university-jyvaskyla,qs,2026,521
university-jyvaskyla,usnews,2026,565
university-jyvaskyla,the,2013,351
university-jyvaskyla,the,2014,351
university-jyvaskyla,the,2015,301
university-jyvaskyla,the,2016,351
university-jyvaskyla,the,2017,401
university-jyvaskyla,the,2018,401
university-jyvaskyla,the,2019,401
university-jyvaskyla,the,2020,501
university-jyvaskyla,the,2021,401
university-jyvaskyla,the,2022,351
university-jyvaskyla,the,2023,401
university-jyvaskyla,the,2024,401
university-jyvaskyla,the,2025,401
university-jyvaskyla,the,2026,401
university-cyprus-ucy,qs,2026,525
university-cyprus-ucy,usnews,2026,925
university-cyprus-ucy,the,2016,351
university-cyprus-ucy,the,2017,351
university-cyprus-ucy,the,2018,401
university-cyprus-ucy,the,2019,351
university-cyprus-ucy,the,2020,401
university-cyprus-ucy,the,2021,501
university-cyprus-ucy,the,2022,401
university-cyprus-ucy,the,2023,401
university-cyprus-ucy,the,2024,501
university-cyprus-ucy,the,2025,401
university-cyprus-ucy,the,2026,401
universite-laval,qs,2026,526
universite-laval,usnews,2026,507
universite-laval,the,2013,226
universite-laval,the,2014,201
universite-laval,the,2015,226
universite-laval,the,2016,201
universite-laval,the,2017,251
universite-laval,the,2018,251
universite-laval,the,2019,251
universite-laval,the,2020,251
universite-laval,the,2021,251
universite-laval,the,2022,251
universite-laval,the,2023,251
universite-laval,the,2024,251
universite-laval,the,2025,251
universite-laval,the,2026,401
universiti-utara-malaysia-uum,qs,2026,540
universiti-utara-malaysia-uum,the,2017,801
universiti-utara-malaysia-uum,the,2018,1001
universiti-utara-malaysia-uum,the,2019,801
universiti-utara-malaysia-uum,the,2020,801
universiti-utara-malaysia-uum,the,2021,601
universiti-utara-malaysia-uum,the,2022,601
universiti-utara-malaysia-uum,the,2023,401
universiti-utara-malaysia-uum,the,2024,401
universiti-utara-malaysia-uum,the,2025,401
universiti-utara-malaysia-uum,the,2026,401
university-guelph,qs,2026,546
university-guelph,usnews,2026,559
university-guelph,the,2012,276
university-guelph,the,2013,301
university-guelph,the,2014,351
university-guelph,the,2016,351
university-guelph,the,2017,351
university-guelph,the,2019,501
university-guelph,the,2020,501
university-guelph,the,2021,501
university-guelph,the,2022,501
university-guelph,the,2023,501
university-guelph,the,2024,401
university-guelph,the,2025,401
university-guelph,the,2026,401
charles-darwin-university,qs,2026,551
charles-darwin-university,usnews,2026,751
charles-darwin-university,the,2012,301
charles-darwin-university,the,2013,351
charles-darwin-university,the,2014,351
charles-darwin-university,the,2015,301
charles-darwin-university,the,2016,251
charles-darwin-university,the,2017,251
charles-darwin-university,the,2018,301
charles-darwin-university,the,2019,501
charles-darwin-university,the,2020,501
charles-darwin-university,the,2021,501
charles-darwin-university,the,2022,501
charles-darwin-university,the,2023,351
charles-darwin-university,the,2024,401
charles-darwin-university,the,2025,401
charles-darwin-university,the,2026,401
al-ain-university,qs,2026,559
al-ain-university,the,2025,401
al-ain-university,the,2026,401
ajou-university,qs,2026,570
ajou-university,usnews,2026,1259
ajou-university,the,2016,601
ajou-university,the,2017,601
ajou-university,the,2018,801
ajou-university,the,2019,801
ajou-university,the,2020,801
ajou-university,the,2021,601
ajou-university,the,2022,601
ajou-university,the,2023,601
ajou-university,the,2024,501
ajou-university,the,2025,501
ajou-university,the,2026,401
colorado-school-mines,qs,2026,575
colorado-school-mines,usnews,2026,770
colorado-school-mines,the,2012,201
colorado-school-mines,the,2013,184
colorado-school-mines,the,2014,139
colorado-school-mines,the,2015,141
colorado-school-mines,the,2016,251
colorado-school-mines,the,2017,251
colorado-school-mines,the,2018,251
colorado-school-mines,the,2019,251
colorado-school-mines,the,2020,301
colorado-school-mines,the,2021,401
colorado-school-mines,the,2022,401
colorado-school-mines,the,2023,401
colorado-school-mines,the,2025,401
colorado-school-mines,the,2026,401
university-delaware,qs,2026,575
university-delaware,usnews,2026,466
university-delaware,the,2011,159
university-delaware,the,2012,180
university-delaware,the,2013,165
university-delaware,the,2014,174
university-delaware,the,2015,180
university-delaware,the,2016,251
university-delaware,the,2017,201
university-delaware,the,2018,201
university-delaware,the,2019,251
university-delaware,the,2020,251
university-delaware,the,2021,301
university-delaware,the,2022,301
university-delaware,the,2023,351
university-delaware,the,2024,401
university-delaware,the,2025,351
university-delaware,the,2026,401
zayed-university,qs,2026,588
zayed-university,usnews,2026,849
zayed-university,the,2021,801
zayed-university,the,2022,601
zayed-university,the,2023,501
zayed-university,the,2024,401
zayed-university,the,2025,351
zayed-university,the,2026,401
free-university-bozen-bolzano,qs,2026,608
free-university-bozen-bolzano,usnews,2026,949
free-university-bozen-bolzano,the,2017,251
free-university-bozen-bolzano,the,2018,301
free-university-bozen-bolzano,the,2019,351
free-university-bozen-bolzano,the,2020,401
free-university-bozen-bolzano,the,2021,401
free-university-bozen-bolzano,the,2022,401
free-university-bozen-bolzano,the,2023,401
free-university-bozen-bolzano,the,2024,351
free-university-bozen-bolzano,the,2025,351
free-university-bozen-bolzano,the,2026,401
taipei-medical-university-tmu,qs,2026,608
taipei-medical-university-tmu,usnews,2026,864
taipei-medical-university-tmu,the,2016,601
taipei-medical-university-tmu,the,2017,601
taipei-medical-university-tmu,the,2018,601
taipei-medical-university-tmu,the,2019,501
taipei-medical-university-tmu,the,2020,351
taipei-medical-university-tmu,the,2021,301
taipei-medical-university-tmu,the,2022,201
taipei-medical-university-tmu,the,2023,301
taipei-medical-university-tmu,the,2024,401
taipei-medical-university-tmu,the,2025,401
taipei-medical-university-tmu,the,2026,401
university-eastern-finland,qs,2026,626
university-eastern-finland,usnews,2026,559
university-eastern-finland,the,2012,301
university-eastern-finland,the,2013,301
university-eastern-finland,the,2014,301
university-eastern-finland,the,2015,351
university-eastern-finland,the,2016,351
university-eastern-finland,the,2017,351
university-eastern-finland,the,2018,301
university-eastern-finland,the,2019,351
university-eastern-finland,the,2020,401
university-eastern-finland,the,2021,401
university-eastern-finland,the,2022,501
university-eastern-finland,the,2023,601
university-eastern-finland,the,2024,501
university-eastern-finland,the,2025,501
university-eastern-finland,the,2026,401
southern-cross-university,qs,2026,634
southern-cross-university,usnews,2026,1033
southern-cross-university,the,2016,401
southern-cross-university,the,2017,501
southern-cross-university,the,2018,401
southern-cross-university,the,2019,501
southern-cross-university,the,2020,601
southern-cross-university,the,2021,601
southern-cross-university,the,2022,601
southern-cross-university,the,2023,601
southern-cross-university,the,2024,501
southern-cross-university,the,2025,501
southern-cross-university,the,2026,401
al-ahliyya-amman-university,qs,2026,643
al-ahliyya-amman-university,usnews,2026,849
al-ahliyya-amman-university,the,2025,601
al-ahliyya-amman-university,the,2026,401
asia-university-taiwan,qs,2026,649
asia-university-taiwan,usnews,2026,721
asia-university-taiwan,the,2016,601
asia-university-taiwan,the,2017,601
asia-university-taiwan,the,2018,801
asia-university-taiwan,the,2019,801
asia-university-taiwan,the,2020,801
asia-university-taiwan,the,2021,801
asia-university-taiwan,the,2022,501
asia-university-taiwan,the,2023,351
asia-university-taiwan,the,2024,401
asia-university-taiwan,the,2025,401
asia-university-taiwan,the,2026,401
florida-international-university,qs,2026,659
florida-international-university,usnews,2026,488
florida-international-university,the,2016,401
florida-international-university,the,2017,401
florida-international-university,the,2018,401
florida-international-university,the,2019,401
florida-international-university,the,2020,501
florida-international-university,the,2021,401
florida-international-university,the,2022,501
florida-international-university,the,2023,501
florida-international-university,the,2024,401
florida-international-university,the,2025,401
florida-international-university,the,2026,401
university-portsmouth,qs,2026,662
university-portsmouth,usnews,2026,517
university-portsmouth,the,2013,301
university-portsmouth,the,2014,351
university-portsmouth,the,2015,351
university-portsmouth,the,2016,401
university-portsmouth,the,2017,401
university-portsmouth,the,2018,501
university-portsmouth,the,2019,401
university-portsmouth,the,2020,401
university-portsmouth,the,2021,501
university-portsmouth,the,2022,501
university-portsmouth,the,2023,401
university-portsmouth,the,2024,401
university-portsmouth,the,2025,401
university-portsmouth,the,2026,401
university-fribourg,qs,2026,670
university-fribourg,usnews,2026,682
university-fribourg,the,2013,301
university-fribourg,the,2014,276
university-fribourg,the,2015,276
university-fribourg,the,2016,201
university-fribourg,the,2017,251
university-fribourg,the,2018,201
university-fribourg,the,2019,201
university-fribourg,the,2020,301
university-fribourg,the,2021,351
university-fribourg,the,2022,401
university-fribourg,the,2023,501
university-fribourg,the,2024,401
university-fribourg,the,2025,401
university-fribourg,the,2026,401
prince-sattam-bin-abdulaziz-university,qs,2026,677
prince-sattam-bin-abdulaziz-university,usnews,2026,511
prince-sattam-bin-abdulaziz-university,the,2022,601
prince-sattam-bin-abdulaziz-university,the,2023,601
prince-sattam-bin-abdulaziz-university,the,2024,601
prince-sattam-bin-abdulaziz-university,the,2025,601
prince-sattam-bin-abdulaziz-university,the,2026,401
jamia-millia-islamia,qs,2026,686
jamia-millia-islamia,usnews,2026,585
jamia-millia-islamia,the,2018,801
jamia-millia-islamia,the,2019,801
jamia-millia-islamia,the,2020,601
jamia-millia-islamia,the,2021,601
jamia-millia-islamia,the,2022,601
jamia-millia-islamia,the,2023,501
jamia-millia-islamia,the,2024,501
jamia-millia-islamia,the,2025,501
jamia-millia-islamia,the,2026,401
university-texas-dallas,qs,2026,686
university-texas-dallas,usnews,2026,503
university-texas-dallas,the,2012,251
university-texas-dallas,the,2013,167
university-texas-dallas,the,2014,188
university-texas-dallas,the,2015,201
university-texas-dallas,the,2016,201
university-texas-dallas,the,2017,201
university-texas-dallas,the,2018,201
university-texas-dallas,the,2019,251
university-texas-dallas,the,2020,301
university-texas-dallas,the,2021,301
university-texas-dallas,the,2022,351
university-texas-dallas,the,2023,351
university-texas-dallas,the,2024,351
university-texas-dallas,the,2025,401
university-texas-dallas,the,2026,401
universitat-regensburg,qs,2026,696
universitat-regensburg,usnews,2026,588
universitat-regensburg,the,2022,601
universitat-regensburg,the,2026,401
university-tennessee-knoxville,qs,2026,701
university-tennessee-knoxville,the,2016,251
university-tennessee-knoxville,the,2017,251
university-tennessee-knoxville,the,2018,301
university-tennessee-knoxville,the,2019,301
university-tennessee-knoxville,the,2020,301
university-tennessee-knoxville,the,2021,301
university-tennessee-knoxville,the,2022,301
university-tennessee-knoxville,the,2023,301
university-tennessee-knoxville,the,2024,301
university-tennessee-knoxville,the,2025,301
university-tennessee-knoxville,the,2026,401
university-oregon,qs,2026,711
university-oregon,usnews,2026,429
university-oregon,the,2013,251
university-oregon,the,2016,301
university-oregon,the,2017,301
university-oregon,the,2018,251
university-oregon,the,2020,251
university-oregon,the,2021,301
university-oregon,the,2022,351
university-oregon,the,2024,401
university-oregon,the,2025,401
university-oregon,the,2026,401
syracuse-university,qs,2026,731
syracuse-university,usnews,2026,482
syracuse-university,the,2015,177
syracuse-university,the,2016,251
syracuse-university,the,2017,251
syracuse-university,the,2018,251
syracuse-university,the,2019,251
syracuse-university,the,2020,251
syracuse-university,the,2021,301
syracuse-university,the,2022,351
syracuse-university,the,2023,401
syracuse-university,the,2024,401
syracuse-university,the,2025,401
syracuse-university,the,2026,401
umm-al-qura-university,qs,2026,741
umm-al-qura-university,usnews,2026,562
umm-al-qura-university,the,2021,1001
umm-al-qura-university,the,2022,601
umm-al-qura-university,the,2023,601
umm-al-qura-university,the,2024,601
umm-al-qura-university,the,2025,401
umm-al-qura-university,the,2026,401
brandeis-university,qs,2026,751
brandeis-university,usnews,2026,762
brandeis-university,the,2012,150
brandeis-university,the,2013,201
brandeis-university,the,2014,164
brandeis-university,the,2015,147
brandeis-university,the,2016,185
brandeis-university,the,2017,198
brandeis-university,the,2018,201
brandeis-university,the,2019,201
brandeis-university,the,2020,201
brandeis-university,the,2021,201
brandeis-university,the,2022,251
brandeis-university,the,2023,301
brandeis-university,the,2024,251
brandeis-university,the,2025,401
brandeis-university,the,2026,401
drexel-university,qs,2026,771
drexel-university,usnews,2026,555
drexel-university,the,2011,190
drexel-university,the,2012,226
drexel-university,the,2013,276
drexel-university,the,2014,301
drexel-university,the,2015,301
drexel-university,the,2016,351
drexel-university,the,2017,351
drexel-university,the,2018,351
drexel-university,the,2019,351
drexel-university,the,2020,401
drexel-university,the,2021,351
drexel-university,the,2022,351
drexel-university,the,2023,301
drexel-university,the,2024,301
drexel-university,the,2025,351
drexel-university,the,2026,401
near-east-university,qs,2026,791
near-east-university,usnews,2026,859
near-east-university,the,2022,801
near-east-university,the,2023,601
near-east-university,the,2024,601
near-east-university,the,2025,601
near-east-university,the,2026,401
bournemouth-university,qs,2026,801
bournemouth-university,usnews,2026,673
bournemouth-university,the,2016,401
bournemouth-university,the,2017,601
bournemouth-university,the,2018,601
bournemouth-university,the,2019,501
bournemouth-university,the,2020,401
bournemouth-university,the,2021,401
bournemouth-university,the,2022,351
bournemouth-university,the,2023,251
bournemouth-university,the,2024,401
bournemouth-university,the,2025,401
bournemouth-university,the,2026,401
princess-nourah-bint-abdulrahman-university,qs,2026,801
princess-nourah-bint-abdulrahman-university,usnews,2026,488
princess-nourah-bint-abdulrahman-university,the,2023,801
princess-nourah-bint-abdulrahman-university,the,2024,601
princess-nourah-bint-abdulrahman-university,the,2025,501
princess-nourah-bint-abdulrahman-university,the,2026,401
wake-forest-university,qs,2026,801
wake-forest-university,usnews,2026,514
wake-forest-university,the,2011,90
wake-forest-university,the,2012,162
wake-forest-university,the,2013,190
wake-forest-university,the,2014,180
wake-forest-university,the,2015,201
wake-forest-university,the,2016,201
wake-forest-university,the,2017,201
wake-forest-university,the,2018,251
wake-forest-university,the,2019,251
wake-forest-university,the,2020,201
wake-forest-university,the,2021,251
wake-forest-university,the,2022,301
wake-forest-university,the,2023,351
wake-forest-university,the,2024,401
wake-forest-university,the,2025,401
wake-forest-university,the,2026,401
donghua-university,qs,2026,851
donghua-university,usnews,2026,471
donghua-university,the,2022,801
donghua-university,the,2023,801
donghua-university,the,2024,501
donghua-university,the,2025,501
donghua-university,the,2026,401
university-kentucky,qs,2026,901
university-kentucky,usnews,2026,429
university-kentucky,the,2012,276
university-kentucky,the,2013,301
university-kentucky,the,2017,351
university-kentucky,the,2019,401
university-kentucky,the,2020,401
university-kentucky,the,2021,401
university-kentucky,the,2022,501
university-kentucky,the,2023,501
university-kentucky,the,2024,401
university-kentucky,the,2025,401
university-kentucky,the,2026,401
university-nizwa,qs,2026,901
university-nizwa,usnews,2026,996
university-nizwa,the,2026,401
george-mason-university,qs,2026,1001
george-mason-university,usnews,2026,471
george-mason-university,the,2012,301
george-mason-university,the,2013,351
george-mason-university,the,2014,351
george-mason-university,the,2015,351
george-mason-university,the,2016,301
george-mason-university,the,2017,301
george-mason-university,the,2018,301
george-mason-university,the,2019,301
george-mason-university,the,2020,251
george-mason-university,the,2021,251
george-mason-university,the,2022,251
george-mason-university,the,2023,301
george-mason-university,the,2024,401
george-mason-university,the,2025,401
george-mason-university,the,2026,401
roskilde-university,qs,2026,1001
roskilde-university,usnews,2026,1167
roskilde-university,the,2017,501
roskilde-university,the,2018,401
roskilde-university,the,2019,601
roskilde-university,the,2020,601
roskilde-university,the,2021,601
roskilde-university,the,2022,601
roskilde-university,the,2023,801
roskilde-university,the,2024,601
roskilde-university,the,2025,501
roskilde-university,the,2026,401
saint-louis-university,qs,2026,1001
saint-louis-university,usnews,2026,668
saint-louis-university,the,2016,251
saint-louis-university,the,2017,301
saint-louis-university,the,2018,401
saint-louis-university,the,2019,501
saint-louis-university,the,2022,501
saint-louis-university,the,2023,301
saint-louis-university,the,2024,401
saint-louis-university,the,2025,401
saint-louis-university,the,2026,401
usn-polytechnic-university-of-turin-502577,usnews,2026,517
usn-polytechnic-university-of-turin-502577,the,2012,350
usn-polytechnic-university-of-turin-502577,the,2016,351
usn-polytechnic-university-of-turin-502577,the,2017,351
usn-polytechnic-university-of-turin-502577,the,2018,401
usn-polytechnic-university-of-turin-502577,the,2019,401
usn-polytechnic-university-of-turin-502577,the,2020,501
usn-polytechnic-university-of-turin-502577,the,2021,501
usn-polytechnic-university-of-turin-502577,the,2022,601
usn-polytechnic-university-of-turin-502577,the,2023,601
usn-polytechnic-university-of-turin-502577,the,2024,401
usn-polytechnic-university-of-turin-502577,the,2025,401
usn-polytechnic-university-of-turin-502577,the,2026,401
usn-national-tsing-hua-university-501245,usnews,2026,520
usn-national-tsing-hua-university-501245,the,2011,107
usn-national-tsing-hua-university-501245,the,2012,201
usn-national-tsing-hua-university-501245,the,2013,226
usn-national-tsing-hua-university-501245,the,2014,251
usn-national-tsing-hua-university-501245,the,2015,251
usn-national-tsing-hua-university-501245,the,2016,251
usn-national-tsing-hua-university-501245,the,2017,251
usn-national-tsing-hua-university-501245,the,2018,301
usn-national-tsing-hua-university-501245,the,2019,401
usn-national-tsing-hua-university-501245,the,2020,351
usn-national-tsing-hua-university-501245,the,2021,351
usn-national-tsing-hua-university-501245,the,2022,351
usn-national-tsing-hua-university-501245,the,2023,501
usn-national-tsing-hua-university-501245,the,2024,401
usn-national-tsing-hua-university-501245,the,2025,401
usn-national-tsing-hua-university-501245,the,2026,401
usn-rush-university-148511,usnews,2026,535
usn-rush-university-148511,the,2016,201
usn-rush-university-148511,the,2017,251
usn-rush-university-148511,the,2018,301
usn-rush-university-148511,the,2019,351
usn-rush-university-148511,the,2020,301
usn-rush-university-148511,the,2021,301
usn-rush-university-148511,the,2022,301
usn-rush-university-148511,the,2023,351
usn-rush-university-148511,the,2024,501
usn-rush-university-148511,the,2025,501
usn-rush-university-148511,the,2026,401
usn-northumbria-university-529055,usnews,2026,727
usn-northumbria-university-529055,the,2016,601
usn-northumbria-university-529055,the,2017,601
usn-northumbria-university-529055,the,2018,501
usn-northumbria-university-529055,the,2019,401
usn-northumbria-university-529055,the,2020,351
usn-northumbria-university-529055,the,2021,351
usn-northumbria-university-529055,the,2022,401
usn-northumbria-university-529055,the,2023,501
usn-northumbria-university-529055,the,2024,501
usn-northumbria-university-529055,the,2025,401
usn-northumbria-university-529055,the,2026,401
usn-university-of-california-merced-445188,usnews,2026,739
usn-university-of-california-merced-445188,the,2019,351
usn-university-of-california-merced-445188,the,2020,351
usn-university-of-california-merced-445188,the,2021,301
usn-university-of-california-merced-445188,the,2022,301
usn-university-of-california-merced-445188,the,2023,301
usn-university-of-california-merced-445188,the,2024,401
usn-university-of-california-merced-445188,the,2025,401
usn-university-of-california-merced-445188,the,2026,401
usn-institut-agro-530029,usnews,2026,778
usn-institut-agro-530029,the,2021,401
usn-institut-agro-530029,the,2022,401
usn-institut-agro-530029,the,2023,401
usn-institut-agro-530029,the,2024,401
usn-institut-agro-530029,the,2025,351
usn-institut-agro-530029,the,2026,401
usn-marche-polytechnic-university-503536,usnews,2026,798
usn-marche-polytechnic-university-503536,the,2016,401
usn-marche-polytechnic-university-503536,the,2017,401
usn-marche-polytechnic-university-503536,the,2018,401
usn-marche-polytechnic-university-503536,the,2019,401
usn-marche-polytechnic-university-503536,the,2020,501
usn-marche-polytechnic-university-503536,the,2021,601
usn-marche-polytechnic-university-503536,the,2022,601
usn-marche-polytechnic-university-503536,the,2023,601
usn-marche-polytechnic-university-503536,the,2024,601
usn-marche-polytechnic-university-503536,the,2025,601
usn-marche-polytechnic-university-503536,the,2026,401
usn-nazarbayev-university-529806,usnews,2026,831
usn-nazarbayev-university-529806,the,2024,501
usn-nazarbayev-university-529806,the,2025,501
usn-nazarbayev-university-529806,the,2026,401
usn-university-of-vaasa-530169,usnews,2026,1158
usn-university-of-vaasa-530169,the,2022,401
usn-university-of-vaasa-530169,the,2023,351
usn-university-of-vaasa-530169,the,2024,401
usn-university-of-vaasa-530169,the,2025,401
usn-university-of-vaasa-530169,the,2026,401
usn-leuphana-university-luneburg-529466,usnews,2026,1224
usn-leuphana-university-luneburg-529466,the,2023,351
usn-leuphana-university-luneburg-529466,the,2024,501
usn-leuphana-university-luneburg-529466,the,2025,401
usn-leuphana-university-luneburg-529466,the,2026,401
usn-imt-atlantique-529450,usnews,2026,1259
usn-imt-atlantique-529450,the,2019,351
usn-imt-atlantique-529450,the,2020,351
usn-imt-atlantique-529450,the,2021,351
usn-imt-atlantique-529450,the,2022,351
usn-imt-atlantique-529450,the,2023,351
usn-imt-atlantique-529450,the,2024,401
usn-imt-atlantique-529450,the,2025,351
usn-imt-atlantique-529450,the,2026,401
the-university-greifswald,the,2016,301
the-university-greifswald,the,2017,401
the-university-greifswald,the,2018,401
the-university-greifswald,the,2019,401
the-university-greifswald,the,2020,501
the-university-greifswald,the,2021,301
the-university-greifswald,the,2022,351
the-university-greifswald,the,2023,351
the-university-greifswald,the,2024,401
the-university-greifswald,the,2025,401
the-university-greifswald,the,2026,401
the-university-marburg,the,2017,251
the-university-marburg,the,2018,251
the-university-marburg,the,2019,251
the-university-marburg,the,2020,301
the-university-marburg,the,2021,301
the-university-marburg,the,2022,401
the-university-marburg,the,2023,401
the-university-marburg,the,2024,401
the-university-marburg,the,2025,401
the-university-marburg,the,2026,401
the-applied-science-private-university,the,2025,501
the-applied-science-private-university,the,2026,401
the-arabian-gulf-university,the,2025,501
the-arabian-gulf-university,the,2026,401
university-philippines,qs,2026,402
university-philippines,the,2017,801
university-philippines,the,2018,601
university-philippines,the,2019,501
university-philippines,the,2020,401
university-philippines,the,2021,401
university-philippines,the,2022,601
university-philippines,the,2023,801
university-philippines,the,2024,1201
university-philippines,the,2025,1201
university-philippines,the,2026,1201
university-trieste,qs,2026,761
university-trieste,usnews,2026,404
university-trieste,the,2012,226
university-trieste,the,2013,251
university-trieste,the,2014,226
university-trieste,the,2015,201
university-trieste,the,2016,301
university-trieste,the,2017,351
university-trieste,the,2018,351
university-trieste,the,2019,401
university-trieste,the,2020,401
university-trieste,the,2021,501
university-trieste,the,2022,501
university-trieste,the,2023,501
university-trieste,the,2024,501
university-trieste,the,2025,501
university-trieste,the,2026,501
assiut-university,qs,2026,1001
assiut-university,usnews,2026,405
assiut-university,the,2018,801
assiut-university,the,2019,1001
assiut-university,the,2020,1001
assiut-university,the,2021,1001
assiut-university,the,2022,1001
assiut-university,the,2023,1001
assiut-university,the,2024,1201
assiut-university,the,2025,1201
assiut-university,the,2026,1201
inti-international-university,qs,2026,406
graz-university-technology,qs,2026,409
graz-university-technology,usnews,2026,1122
graz-university-technology,the,2016,351
graz-university-technology,the,2017,351
graz-university-technology,the,2018,401
graz-university-technology,the,2019,401
graz-university-technology,the,2020,501
graz-university-technology,the,2021,501
graz-university-technology,the,2022,601
graz-university-technology,the,2023,601
graz-university-technology,the,2024,501
graz-university-technology,the,2025,601
graz-university-technology,the,2026,601
comsats-university-islamabad,qs,2026,639
comsats-university-islamabad,usnews,2026,410
comsats-university-islamabad,the,2017,601
comsats-university-islamabad,the,2018,601
comsats-university-islamabad,the,2019,601
comsats-university-islamabad,the,2020,601
comsats-university-islamabad,the,2021,601
comsats-university-islamabad,the,2022,801
comsats-university-islamabad,the,2023,601
comsats-university-islamabad,the,2024,601
comsats-university-islamabad,the,2025,601
comsats-university-islamabad,the,2026,601
usn-louisiana-state-university-baton-rouge-159391,usnews,2026,410
usn-polytechnic-university-of-catalonia-501701,usnews,2026,410
oxford-brookes-university,qs,2026,411
oxford-brookes-university,usnews,2026,1174
oxford-brookes-university,the,2016,401
oxford-brookes-university,the,2017,401
oxford-brookes-university,the,2018,401
oxford-brookes-university,the,2019,501
oxford-brookes-university,the,2020,601
oxford-brookes-university,the,2021,601
oxford-brookes-university,the,2022,601
oxford-brookes-university,the,2023,601
oxford-brookes-university,the,2024,601
oxford-brookes-university,the,2025,601
oxford-brookes-university,the,2026,801
singapore-management-university,qs,2026,411
singapore-management-university,usnews,2026,596
oregon-state-university,qs,2026,711
oregon-state-university,usnews,2026,417
oregon-state-university,the,2013,276
oregon-state-university,the,2014,301
oregon-state-university,the,2015,301
oregon-state-university,the,2016,251
oregon-state-university,the,2017,301
oregon-state-university,the,2018,301
oregon-state-university,the,2019,301
oregon-state-university,the,2020,351
oregon-state-university,the,2021,401
ipb-university-aka-bogor-agricultural-university,qs,2026,419
ipb-university-aka-bogor-agricultural-university,the,2018,1001
ipb-university-aka-bogor-agricultural-university,the,2019,1001
ipb-university-aka-bogor-agricultural-university,the,2020,1001
ipb-university-aka-bogor-agricultural-university,the,2021,1001
ipb-university-aka-bogor-agricultural-university,the,2022,1201
ipb-university-aka-bogor-agricultural-university,the,2023,1201
ipb-university-aka-bogor-agricultural-university,the,2024,1201
ipb-university-aka-bogor-agricultural-university,the,2025,1501
ipb-university-aka-bogor-agricultural-university,the,2026,1501
lincoln-university,qs,2026,419
lincoln-university,usnews,2026,882
lincoln-university,the,2016,601
lincoln-university,the,2017,401
lincoln-university,the,2018,501
lincoln-university,the,2019,501
lincoln-university,the,2020,501
lincoln-university,the,2021,501
lincoln-university,the,2022,501
lincoln-university,the,2023,401
lincoln-university,the,2024,401
lincoln-university,the,2025,501
lincoln-university,the,2026,501
university-kwazulu-natal,qs,2026,600
university-kwazulu-natal,usnews,2026,421
university-kwazulu-natal,the,2013,351
university-kwazulu-natal,the,2016,401
university-kwazulu-natal,the,2017,501
university-kwazulu-natal,the,2018,401
university-kwazulu-natal,the,2019,401
university-kwazulu-natal,the,2020,401
university-kwazulu-natal,the,2021,351
university-kwazulu-natal,the,2022,351
university-kwazulu-natal,the,2023,401
university-kwazulu-natal,the,2024,501
university-kwazulu-natal,the,2025,501
university-kwazulu-natal,the,2026,501
usn-university-of-chile-502207,usnews,2026,421
usn-university-of-chile-502207,the,2016,501
usn-university-of-chile-502207,the,2017,501
usn-university-of-chile-502207,the,2018,601
usn-university-of-chile-502207,the,2019,601
usn-university-of-chile-502207,the,2020,801
usn-university-of-chile-502207,the,2021,801
usn-university-of-chile-502207,the,2022,801
usn-university-of-chile-502207,the,2023,1001
usn-university-of-chile-502207,the,2024,801
usn-university-of-chile-502207,the,2025,1001
usn-university-of-chile-502207,the,2026,1001
hse-university,qs,2026,423
hse-university,the,2017,401
hse-university,the,2018,351
hse-university,the,2019,301
hse-university,the,2020,251
hse-university,the,2021,251
hse-university,the,2022,301
hse-university,the,2023,401
hse-university,the,2024,401
hse-university,the,2025,401
hse-university,the,2026,501
national-taiwan-normal-university-ntnu,qs,2026,423
national-taiwan-normal-university-ntnu,usnews,2026,842
national-taiwan-normal-university-ntnu,the,2016,501
national-taiwan-normal-university-ntnu,the,2017,501
national-taiwan-normal-university-ntnu,the,2018,501
national-taiwan-normal-university-ntnu,the,2019,601
national-taiwan-normal-university-ntnu,the,2020,601
national-taiwan-normal-university-ntnu,the,2021,601
national-taiwan-normal-university-ntnu,the,2022,601
national-taiwan-normal-university-ntnu,the,2023,801
national-taiwan-normal-university-ntnu,the,2024,501
national-taiwan-normal-university-ntnu,the,2025,501
national-taiwan-normal-university-ntnu,the,2026,501
university-aveiro,qs,2026,425
university-aveiro,the,2012,301
university-aveiro,the,2013,351
university-aveiro,the,2016,401
university-aveiro,the,2017,401
university-aveiro,the,2018,501
university-aveiro,the,2019,501
university-aveiro,the,2020,601
university-aveiro,the,2021,601
university-aveiro,the,2022,801
university-aveiro,the,2023,801
university-aveiro,the,2024,601
university-aveiro,the,2025,601
university-aveiro,the,2026,601
lanzhou-university,qs,2026,721
lanzhou-university,usnews,2026,425
ocean-university-china,qs,2026,801
ocean-university-china,usnews,2026,425
ocean-university-china,the,2016,601
ocean-university-china,the,2017,801
ocean-university-china,the,2018,801
ocean-university-china,the,2019,801
ocean-university-china,the,2020,1001
ocean-university-china,the,2021,801
ocean-university-china,the,2022,1001
ocean-university-china,the,2026,601
tanta-university,qs,2026,1401
tanta-university,usnews,2026,428
tanta-university,the,2019,801
tanta-university,the,2020,801
tanta-university,the,2021,1001
tanta-university,the,2022,1001
tanta-university,the,2023,801
tanta-university,the,2024,1001
tanta-university,the,2025,1001
tanta-university,the,2026,1001
university-bari,qs,2026,741
university-bari,usnews,2026,429
central-china-normal-university,qs,2026,1201
central-china-normal-university,usnews,2026,429
central-china-normal-university,the,2018,501
usn-federal-university-of-rio-grande-do-sul-500468,usnews,2026,429
julius-maximilians-universitat-wurzburg,qs,2026,430
auckland-university-technology-aut,qs,2026,431
auckland-university-technology-aut,usnews,2026,524
auckland-university-technology-aut,the,2016,601
auckland-university-technology-aut,the,2017,501
auckland-university-technology-aut,the,2018,401
auckland-university-technology-aut,the,2019,301
auckland-university-technology-aut,the,2020,251
auckland-university-technology-aut,the,2021,251
auckland-university-technology-aut,the,2022,201
auckland-university-technology-aut,the,2023,251
auckland-university-technology-aut,the,2024,401
auckland-university-technology-aut,the,2025,401
auckland-university-technology-aut,the,2026,501
czech-technical-university-prague,qs,2026,432
czech-technical-university-prague,usnews,2026,842
czech-technical-university-prague,the,2016,501
czech-technical-university-prague,the,2017,601
czech-technical-university-prague,the,2018,601
czech-technical-university-prague,the,2019,801
czech-technical-university-prague,the,2020,801
czech-technical-university-prague,the,2021,1001
czech-technical-university-prague,the,2022,1001
czech-technical-university-prague,the,2023,1201
czech-technical-university-prague,the,2024,1001
czech-technical-university-prague,the,2025,1001
czech-technical-university-prague,the,2026,1201
universitat-politecnica-de-catalunya-barcelonatech-upc,qs,2026,434
universitat-politecnica-de-valencia,qs,2026,434
university-mississippi,qs,2026,1001
university-mississippi,usnews,2026,437
usn-university-of-seville-502822,usnews,2026,437
usn-university-of-seville-502822,the,2016,501
usn-university-of-seville-502822,the,2017,601
usn-university-of-seville-502822,the,2018,601
usn-university-of-seville-502822,the,2019,601
usn-university-of-seville-502822,the,2020,801
usn-university-of-seville-502822,the,2021,801
usn-university-of-seville-502822,the,2022,1001
usn-university-of-seville-502822,the,2023,1001
usn-university-of-seville-502822,the,2024,801
usn-university-of-seville-502822,the,2025,801
usn-university-of-seville-502822,the,2026,801
national-sun-yat-sen-university-nsysu,qs,2026,438
national-sun-yat-sen-university-nsysu,usnews,2026,1125
national-sun-yat-sen-university-nsysu,the,2011,163
national-sun-yat-sen-university-nsysu,the,2012,251
national-sun-yat-sen-university-nsysu,the,2013,301
national-sun-yat-sen-university-nsysu,the,2014,301
national-sun-yat-sen-university-nsysu,the,2015,351
national-sun-yat-sen-university-nsysu,the,2016,501
national-sun-yat-sen-university-nsysu,the,2017,601
national-sun-yat-sen-university-nsysu,the,2018,601
national-sun-yat-sen-university-nsysu,the,2019,601
national-sun-yat-sen-university-nsysu,the,2020,801
national-sun-yat-sen-university-nsysu,the,2021,801
national-sun-yat-sen-university-nsysu,the,2022,801
national-sun-yat-sen-university-nsysu,the,2023,801
national-sun-yat-sen-university-nsysu,the,2024,601
national-sun-yat-sen-university-nsysu,the,2025,601
national-sun-yat-sen-university-nsysu,the,2026,601
nanjing-university-science-technology,qs,2026,675
nanjing-university-science-technology,usnews,2026,441
nanjing-university-science-technology,the,2026,601
usn-university-of-missouri-178396,usnews,2026,441
nanjing-university-aeronautics-astronautics,qs,2026,721
nanjing-university-aeronautics-astronautics,usnews,2026,444
nanjing-university-aeronautics-astronautics,the,2020,1001
nanjing-university-aeronautics-astronautics,the,2021,1001
nanjing-university-aeronautics-astronautics,the,2022,1001
nanjing-university-aeronautics-astronautics,the,2023,1001
nanjing-university-aeronautics-astronautics,the,2024,601
nanjing-university-aeronautics-astronautics,the,2025,601
nanjing-university-aeronautics-astronautics,the,2026,601
ie-university,qs,2026,446
usn-qingdao-university-529026,usnews,2026,447
usn-qingdao-university-529026,the,2022,801
usn-qingdao-university-529026,the,2023,601
usn-qingdao-university-529026,the,2024,601
usn-qingdao-university-529026,the,2025,601
usn-qingdao-university-529026,the,2026,601
usn-university-of-colorado-denver-126562,usnews,2026,447
usn-university-of-the-philippines-manila-529741,usnews,2026,447
jordan-university-science-technology,qs,2026,449
jordan-university-science-technology,usnews,2026,713
jordan-university-science-technology,the,2016,601
jordan-university-science-technology,the,2017,601
jordan-university-science-technology,the,2018,401
jordan-university-science-technology,the,2019,351
jordan-university-science-technology,the,2020,351
jordan-university-science-technology,the,2021,401
jordan-university-science-technology,the,2022,401
jordan-university-science-technology,the,2023,501
jordan-university-science-technology,the,2024,801
jordan-university-science-technology,the,2025,801
jordan-university-science-technology,the,2026,801
pusan-national-university,qs,2026,449
pusan-national-university,usnews,2026,697
pusan-national-university,the,2016,501
pusan-national-university,the,2017,501
pusan-national-university,the,2018,601
pusan-national-university,the,2019,601
pusan-national-university,the,2020,601
pusan-national-university,the,2021,801
pusan-national-university,the,2022,801
pusan-national-university,the,2023,1001
pusan-national-university,the,2024,501
pusan-national-university,the,2025,501
pusan-national-university,the,2026,501
universitat-de-valencia,qs,2026,449
university-basque-country,qs,2026,677
university-basque-country,usnews,2026,451
university-basque-country,the,2016,501
university-basque-country,the,2017,501
university-basque-country,the,2018,601
university-basque-country,the,2019,601
university-basque-country,the,2020,601
university-basque-country,the,2021,801
university-basque-country,the,2022,801
university-basque-country,the,2023,801
university-basque-country,the,2024,601
university-basque-country,the,2025,601
university-basque-country,the,2026,601
university-belgrade,qs,2026,801
university-belgrade,usnews,2026,451
university-belgrade,the,2016,601
university-belgrade,the,2017,801
university-belgrade,the,2019,801
university-belgrade,the,2021,601
university-belgrade,the,2022,801
university-belgrade,the,2023,801
university-belgrade,the,2024,801
university-belgrade,the,2025,1001
university-belgrade,the,2026,1001
liverpool-john-moores-university,qs,2026,851
liverpool-john-moores-university,usnews,2026,451
liverpool-john-moores-university,the,2012,350
liverpool-john-moores-university,the,2014,351
liverpool-john-moores-university,the,2016,501
liverpool-john-moores-university,the,2017,501
liverpool-john-moores-university,the,2018,501
liverpool-john-moores-university,the,2019,501
liverpool-john-moores-university,the,2020,401
liverpool-john-moores-university,the,2021,401
liverpool-john-moores-university,the,2022,401
liverpool-john-moores-university,the,2023,401
liverpool-john-moores-university,the,2024,501
liverpool-john-moores-university,the,2025,601
liverpool-john-moores-university,the,2026,501
baylor-university,qs,2026,1201
baylor-university,usnews,2026,451
baylor-university,the,2018,601
baylor-university,the,2019,601
baylor-university,the,2020,601
baylor-university,the,2021,801
baylor-university,the,2022,801
baylor-university,the,2023,601
baylor-university,the,2024,601
baylor-university,the,2025,601
baylor-university,the,2026,801
bilkent-university,qs,2026,454
bilkent-university,usnews,2026,831
bilkent-university,the,2011,112
bilkent-university,the,2012,201
bilkent-university,the,2013,226
bilkent-university,the,2014,226
bilkent-university,the,2015,201
bilkent-university,the,2016,351
bilkent-university,the,2017,351
bilkent-university,the,2018,401
bilkent-university,the,2019,501
bilkent-university,the,2020,501
bilkent-university,the,2021,601
bilkent-university,the,2022,601
bilkent-university,the,2023,801
bilkent-university,the,2024,601
bilkent-university,the,2025,601
bilkent-university,the,2026,601
masaryk-university,qs,2026,454
masaryk-university,usnews,2026,531
masaryk-university,the,2016,501
masaryk-university,the,2017,601
masaryk-university,the,2018,501
masaryk-university,the,2019,601
masaryk-university,the,2020,601
masaryk-university,the,2021,601
masaryk-university,the,2022,801
masaryk-university,the,2023,801
masaryk-university,the,2024,601
masaryk-university,the,2025,601
masaryk-university,the,2026,601
universite-de-strasbourg,qs,2026,456
usi-universita-della-svizzera-italiana,qs,2026,456
universite-cote-dazur,qs,2026,711
universite-cote-dazur,usnews,2026,457
universite-cote-dazur,the,2018,351
universite-cote-dazur,the,2019,351
universite-cote-dazur,the,2020,401
universite-cote-dazur,the,2021,501
universite-cote-dazur,the,2022,401
universite-cote-dazur,the,2023,501
universite-cote-dazur,the,2024,501
universite-cote-dazur,the,2025,601
universite-cote-dazur,the,2026,601
hohai-university,qs,2026,1001
hohai-university,usnews,2026,457
tashkent-institute-irrigation-agricultural-mechanization-engineers-national-research-university,qs,2026,458
nantes-universite,qs,2026,901
nantes-universite,usnews,2026,460
nantes-universite,the,2016,401
nantes-universite,the,2017,401
nantes-universite,the,2018,501
nantes-universite,the,2019,601
nantes-universite,the,2020,601
nantes-universite,the,2021,601
nantes-universite,the,2022,601
nantes-universite,the,2023,601
nantes-universite,the,2024,501
nantes-universite,the,2025,601
nantes-universite,the,2026,601
islamic-azad-university,qs,2026,1401
islamic-azad-university,usnews,2026,460
usn-kafrelsheikh-university-529690,usnews,2026,460
usn-kafrelsheikh-university-529690,the,2019,601
usn-kafrelsheikh-university-529690,the,2020,601
usn-kafrelsheikh-university-529690,the,2021,601
usn-kafrelsheikh-university-529690,the,2022,501
usn-kafrelsheikh-university-529690,the,2023,501
usn-kafrelsheikh-university-529690,the,2024,801
usn-kafrelsheikh-university-529690,the,2025,601
usn-kafrelsheikh-university-529690,the,2026,601
usn-university-of-massachusetts-worcester-166708,usnews,2026,460
universidad-de-costa-rica,qs,2026,463
vilnius-university,qs,2026,465
vilnius-university,usnews,2026,928
vilnius-university,the,2016,601
vilnius-university,the,2017,601
vilnius-university,the,2018,601
vilnius-university,the,2019,801
vilnius-university,the,2020,801
vilnius-university,the,2021,801
vilnius-university,the,2022,801
vilnius-university,the,2023,801
vilnius-university,the,2024,801
vilnius-university,the,2025,1001
vilnius-university,the,2026,801
universite-de-lorraine,qs,2026,801
universite-de-lorraine,usnews,2026,466
wayne-state-university,qs,2026,801
wayne-state-university,usnews,2026,466
wayne-state-university,the,2012,251
wayne-state-university,the,2013,301
wayne-state-university,the,2014,301
wayne-state-university,the,2015,301
wayne-state-university,the,2016,351
wayne-state-university,the,2017,351
wayne-state-university,the,2018,351
wayne-state-university,the,2019,301
wayne-state-university,the,2020,351
wayne-state-university,the,2021,351
wayne-state-university,the,2022,401
wayne-state-university,the,2023,501
wayne-state-university,the,2024,501
wayne-state-university,the,2025,501
wayne-state-university,the,2026,501
catania-university,qs,2026,851
catania-university,usnews,2026,466
catania-university,the,2016,501
catania-university,the,2017,501
catania-university,the,2018,501
catania-university,the,2019,501
catania-university,the,2020,501
catania-university,the,2021,501
catania-university,the,2022,601
catania-university,the,2023,401
catania-university,the,2024,401
catania-university,the,2026,501
kazan-volga-region-federal-university,qs,2026,468
kazan-volga-region-federal-university,usnews,2026,1192
kazan-volga-region-federal-university,the,2016,301
kazan-volga-region-federal-university,the,2017,401
kazan-volga-region-federal-university,the,2018,401
kazan-volga-region-federal-university,the,2019,601
kazan-volga-region-federal-university,the,2020,601
kazan-volga-region-federal-university,the,2021,601
kazan-volga-region-federal-university,the,2022,801
kazan-volga-region-federal-university,the,2023,801
kazan-volga-region-federal-university,the,2024,801
kazan-volga-region-federal-university,the,2025,801
kazan-volga-region-federal-university,the,2026,801
stony-brook-university-state-university-new-york,qs,2026,468
anna-university,qs,2026,470
anna-university,usnews,2026,1679
anna-university,the,2020,1001
anna-university,the,2021,1001
anna-university,the,2022,801
anna-university,the,2023,801
anna-university,the,2024,501
anna-university,the,2025,401
anna-university,the,2026,801
university-manitoba,qs,2026,560
university-manitoba,usnews,2026,471
university-manitoba,the,2012,301
university-manitoba,the,2013,301
university-manitoba,the,2014,301
university-manitoba,the,2015,301
university-manitoba,the,2016,351
university-manitoba,the,2017,401
university-manitoba,the,2018,401
university-manitoba,the,2019,401
university-manitoba,the,2020,351
university-manitoba,the,2021,351
university-manitoba,the,2022,301
university-manitoba,the,2023,351
university-manitoba,the,2024,351
university-manitoba,the,2025,401
university-manitoba,the,2026,501
university-new-mexico,qs,2026,771
university-new-mexico,usnews,2026,471
university-new-mexico,the,2015,251
university-new-mexico,the,2016,351
university-new-mexico,the,2019,301
university-new-mexico,the,2020,301
university-new-mexico,the,2021,251
university-new-mexico,the,2022,251
university-new-mexico,the,2023,351
universite-de-montpellier,qs,2026,473
imam-abdulrahman-bin-faisal-university-iau,qs,2026,474
imam-abdulrahman-bin-faisal-university-iau,usnews,2026,596
imam-abdulrahman-bin-faisal-university-iau,the,2018,801
imam-abdulrahman-bin-faisal-university-iau,the,2019,1001
imam-abdulrahman-bin-faisal-university-iau,the,2020,1001
imam-abdulrahman-bin-faisal-university-iau,the,2021,801
imam-abdulrahman-bin-faisal-university-iau,the,2022,801
imam-abdulrahman-bin-faisal-university-iau,the,2023,601
imam-abdulrahman-bin-faisal-university-iau,the,2024,601
imam-abdulrahman-bin-faisal-university-iau,the,2025,501
imam-abdulrahman-bin-faisal-university-iau,the,2026,501
universidad-nacional-de-la-plata-unlp,qs,2026,474
universitat-ramon-llull,qs,2026,474
universitat-ramon-llull,usnews,2026,1061
universitat-ramon-llull,the,2022,401
universitat-ramon-llull,the,2023,501
universitat-ramon-llull,the,2024,601
universitat-ramon-llull,the,2025,801
universitat-ramon-llull,the,2026,801
usn-hannover-medical-school-503226,usnews,2026,476
usn-southwest-university-china-506024,usnews,2026,476
university-lahore,qs,2026,1001
university-lahore,usnews,2026,479
university-lahore,the,2017,801
university-lahore,the,2018,1001
university-lahore,the,2019,1001
university-lahore,the,2022,1001
university-lahore,the,2023,801
university-lahore,the,2024,801
university-lahore,the,2025,801
university-lahore,the,2026,601
usn-nanjing-university-of-information-science-and-technology-529160,usnews,2026,479
usn-nanjing-university-of-information-science-and-technology-529160,the,2019,501
usn-nanjing-university-of-information-science-and-technology-529160,the,2020,601
usn-nanjing-university-of-information-science-and-technology-529160,the,2021,601
usn-nanjing-university-of-information-science-and-technology-529160,the,2022,801
usn-nanjing-university-of-information-science-and-technology-529160,the,2023,801
usn-nanjing-university-of-information-science-and-technology-529160,the,2024,801
usn-nanjing-university-of-information-science-and-technology-529160,the,2025,801
usn-nanjing-university-of-information-science-and-technology-529160,the,2026,801
hiroshima-university,qs,2026,481
hiroshima-university,usnews,2026,609
hiroshima-university,the,2012,350
hiroshima-university,the,2016,501
hiroshima-university,the,2017,501
hiroshima-university,the,2018,601
hiroshima-university,the,2019,601
hiroshima-university,the,2020,601
hiroshima-university,the,2021,801
hiroshima-university,the,2022,801
hiroshima-university,the,2023,801
hiroshima-university,the,2024,601
hiroshima-university,the,2025,601
hiroshima-university,the,2026,601
kyungpook-national-university,qs,2026,481
kyungpook-national-university,usnews,2026,758
kyungpook-national-university,the,2016,601
kyungpook-national-university,the,2017,601
kyungpook-national-university,the,2018,601
kyungpook-national-university,the,2019,801
kyungpook-national-university,the,2020,801
kyungpook-national-university,the,2021,801
kyungpook-national-university,the,2022,601
kyungpook-national-university,the,2023,801
kyungpook-national-university,the,2024,501
kyungpook-national-university,the,2025,501
kyungpook-national-university,the,2026,501
beijing-university-technology,qs,2026,731
beijing-university-technology,usnews,2026,482
beijing-university-technology,the,2021,1001
beijing-university-technology,the,2022,1001
nanjing-normal-university,qs,2026,901
nanjing-normal-university,usnews,2026,482
nanjing-normal-university,the,2017,601
nanjing-normal-university,the,2018,601
nanjing-normal-university,the,2019,601
nanjing-normal-university,the,2020,601
nanjing-normal-university,the,2021,801
nanjing-normal-university,the,2022,801
nanjing-normal-university,the,2023,801
nanjing-normal-university,the,2024,801
nanjing-normal-university,the,2025,801
nanjing-normal-university,the,2026,801
usn-university-of-hawaii-manoa-141574,usnews,2026,482
universidad-de-sevilla,qs,2026,485
ewha-womans-university,qs,2026,488
ewha-womans-university,usnews,2026,912
ewha-womans-university,the,2015,351
ewha-womans-university,the,2016,401
ewha-womans-university,the,2017,401
ewha-womans-university,the,2018,501
ewha-womans-university,the,2019,601
ewha-womans-university,the,2020,601
ewha-womans-university,the,2021,601
ewha-womans-university,the,2022,601
ewha-womans-university,the,2023,801
ewha-womans-university,the,2024,601
ewha-womans-university,the,2025,601
ewha-womans-university,the,2026,501
novosibirsk-state-university,qs,2026,488
novosibirsk-state-university,usnews,2026,1002
novosibirsk-state-university,the,2015,301
novosibirsk-state-university,the,2016,401
novosibirsk-state-university,the,2017,401
novosibirsk-state-university,the,2018,401
novosibirsk-state-university,the,2019,501
novosibirsk-state-university,the,2020,501
novosibirsk-state-university,the,2021,601
novosibirsk-state-university,the,2022,801
novosibirsk-state-university,the,2023,801
novosibirsk-state-university,the,2024,601
novosibirsk-state-university,the,2025,801
novosibirsk-state-university,the,2026,1001
usn-federal-university-of-rio-de-janeiro-504608,usnews,2026,488
usn-federal-university-of-rio-de-janeiro-504608,the,2016,501
usn-federal-university-of-rio-de-janeiro-504608,the,2017,601
usn-federal-university-of-rio-de-janeiro-504608,the,2018,601
usn-federal-university-of-rio-de-janeiro-504608,the,2019,601
usn-federal-university-of-rio-de-janeiro-504608,the,2020,801
usn-federal-university-of-rio-de-janeiro-504608,the,2021,801
usn-federal-university-of-rio-de-janeiro-504608,the,2022,1001
usn-federal-university-of-rio-de-janeiro-504608,the,2023,1001
usn-federal-university-of-rio-de-janeiro-504608,the,2024,601
usn-federal-university-of-rio-de-janeiro-504608,the,2025,601
usn-federal-university-of-rio-de-janeiro-504608,the,2026,601
university-ljubljana,qs,2026,530
university-ljubljana,usnews,2026,491
university-ljubljana,the,2016,601
university-ljubljana,the,2017,601
university-ljubljana,the,2018,601
university-ljubljana,the,2019,601
university-ljubljana,the,2020,601
university-ljubljana,the,2021,801
university-ljubljana,the,2022,801
university-ljubljana,the,2023,801
university-ljubljana,the,2024,801
university-ljubljana,the,2025,801
university-ljubljana,the,2026,801
national-taipei-university-technology,qs,2026,494
national-taipei-university-technology,usnews,2026,1514
national-taipei-university-technology,the,2016,601
national-taipei-university-technology,the,2017,801
national-taipei-university-technology,the,2018,801
national-taipei-university-technology,the,2019,801
national-taipei-university-technology,the,2020,801
national-taipei-university-technology,the,2021,801
national-taipei-university-technology,the,2022,1001
national-taipei-university-technology,the,2023,1001
national-taipei-university-technology,the,2024,801
national-taipei-university-technology,the,2025,1001
national-taipei-university-technology,the,2026,1201
sogang-university,qs,2026,494
sogang-university,usnews,2026,1569
sogang-university,the,2016,601
sogang-university,the,2017,501
sogang-university,the,2018,601
sogang-university,the,2019,601
sogang-university,the,2020,801
sogang-university,the,2021,801
sogang-university,the,2022,1001
sogang-university,the,2023,1001
sogang-university,the,2024,801
sogang-university,the,2025,801
sogang-university,the,2026,801
federal-university-minas-gerais-ufmg,qs,2026,600
federal-university-minas-gerais-ufmg,usnews,2026,494
federal-university-minas-gerais-ufmg,the,2016,601
federal-university-minas-gerais-ufmg,the,2017,601
federal-university-minas-gerais-ufmg,the,2018,601
federal-university-minas-gerais-ufmg,the,2019,601
federal-university-minas-gerais-ufmg,the,2020,601
federal-university-minas-gerais-ufmg,the,2021,601
federal-university-minas-gerais-ufmg,the,2022,601
federal-university-minas-gerais-ufmg,the,2023,801
federal-university-minas-gerais-ufmg,the,2024,801
federal-university-minas-gerais-ufmg,the,2025,801
federal-university-minas-gerais-ufmg,the,2026,801
usn-southern-medical-university-china-529257,usnews,2026,494
universitas-padjadjaran-unpad,qs,2026,496
universitas-padjadjaran-unpad,usnews,2026,1210
universitas-padjadjaran-unpad,the,2021,1001
universitas-padjadjaran-unpad,the,2022,1201
universitas-padjadjaran-unpad,the,2023,1501
universitas-padjadjaran-unpad,the,2024,1501
universitas-padjadjaran-unpad,the,2025,1501
universitas-padjadjaran-unpad,the,2026,1201
concordia-university,qs,2026,497
concordia-university,usnews,2026,770
concordia-university,the,2016,401
concordia-university,the,2017,501
concordia-university,the,2018,501
concordia-university,the,2019,601
concordia-university,the,2020,601
concordia-university,the,2021,601
concordia-university,the,2022,601
concordia-university,the,2023,601
concordia-university,the,2024,501
concordia-university,the,2025,501
concordia-university,the,2026,601
institut-teknologi-sepuluh-nopember-its-surabaya,qs,2026,497
institut-teknologi-sepuluh-nopember-its-surabaya,usnews,2026,2104
institut-teknologi-sepuluh-nopember-its-surabaya,the,2019,1001
institut-teknologi-sepuluh-nopember-its-surabaya,the,2020,1001
institut-teknologi-sepuluh-nopember-its-surabaya,the,2021,1001
institut-teknologi-sepuluh-nopember-its-surabaya,the,2022,1201
institut-teknologi-sepuluh-nopember-its-surabaya,the,2023,1201
institut-teknologi-sepuluh-nopember-its-surabaya,the,2024,1201
institut-teknologi-sepuluh-nopember-its-surabaya,the,2025,1501
institut-teknologi-sepuluh-nopember-its-surabaya,the,2026,1501
university-bradford,qs,2026,497
university-bradford,usnews,2026,1043
university-bradford,the,2016,601
university-bradford,the,2017,601
university-bradford,the,2018,601
university-bradford,the,2019,601
university-bradford,the,2020,801
university-bradford,the,2021,601
university-bradford,the,2022,601
university-bradford,the,2023,501
university-bradford,the,2024,501
university-bradford,the,2025,501
university-bradford,the,2026,501
southwest-jiaotong-university,qs,2026,851
southwest-jiaotong-university,usnews,2026,497
southwest-jiaotong-university,the,2017,801
southwest-jiaotong-university,the,2018,1001
southwest-jiaotong-university,the,2019,1001
southwest-jiaotong-university,the,2020,1001
southwest-jiaotong-university,the,2021,1001
southwest-jiaotong-university,the,2022,1001
southwest-jiaotong-university,the,2023,1201
southwest-jiaotong-university,the,2025,801
southwest-jiaotong-university,the,2026,801
taif-university,qs,2026,851
taif-university,usnews,2026,497
taif-university,the,2022,1201
taif-university,the,2023,601
taif-university,the,2024,501
taif-university,the,2025,601
taif-university,the,2026,601
south-ural-state-university-national-research-university,qs,2026,951
south-ural-state-university-national-research-university,usnews,2026,497
south-ural-state-university-national-research-university,the,2020,1001
south-ural-state-university-national-research-university,the,2021,1001
south-ural-state-university-national-research-university,the,2022,1001
south-ural-state-university-national-research-university,the,2023,801
south-ural-state-university-national-research-university,the,2024,601
usn-sechenov-first-moscow-state-medical-university-529709,usnews,2026,497
university-huddersfield,qs,2026,521
university-huddersfield,usnews,2026,1125
university-huddersfield,the,2016,601
university-huddersfield,the,2017,601
university-huddersfield,the,2018,601
university-huddersfield,the,2019,601
university-huddersfield,the,2020,601
university-huddersfield,the,2021,601
university-huddersfield,the,2022,601
university-huddersfield,the,2023,601
university-huddersfield,the,2024,501
university-huddersfield,the,2025,501
university-huddersfield,the,2026,501
university-iceland,qs,2026,537
university-iceland,usnews,2026,620
university-iceland,the,2012,276
university-iceland,the,2013,251
university-iceland,the,2014,251
university-iceland,the,2015,251
university-iceland,the,2016,201
university-iceland,the,2017,201
university-iceland,the,2018,201
university-iceland,the,2019,251
university-iceland,the,2020,351
university-iceland,the,2021,401
university-iceland,the,2022,401
university-iceland,the,2023,501
university-iceland,the,2024,501
university-iceland,the,2025,501
university-iceland,the,2026,501
university-windsor,qs,2026,537
university-windsor,usnews,2026,1174
university-windsor,the,2017,601
university-windsor,the,2018,601
university-windsor,the,2019,601
university-windsor,the,2020,601
university-windsor,the,2021,601
university-windsor,the,2022,601
university-windsor,the,2023,601
university-windsor,the,2024,501
university-windsor,the,2025,501
university-windsor,the,2026,501
indian-institute-technology-indore,qs,2026,546
indian-institute-technology-indore,usnews,2026,1401
indian-institute-technology-indore,the,2019,351
indian-institute-technology-indore,the,2020,351
indian-institute-technology-indore,the,2021,401
indian-institute-technology-indore,the,2022,401
indian-institute-technology-indore,the,2023,601
indian-institute-technology-indore,the,2025,501
indian-institute-technology-indore,the,2026,501
university-stirling,qs,2026,560
university-stirling,usnews,2026,949
university-stirling,the,2012,301
university-stirling,the,2013,351
university-stirling,the,2014,351
university-stirling,the,2015,301
university-stirling,the,2016,351
university-stirling,the,2017,301
university-stirling,the,2018,301
university-stirling,the,2019,351
university-stirling,the,2020,351
university-stirling,the,2021,301
university-stirling,the,2022,301
university-stirling,the,2023,351
university-stirling,the,2024,401
university-stirling,the,2025,401
university-stirling,the,2026,501
zhejiang-university-technology,qs,2026,560
zhejiang-university-technology,usnews,2026,550
zhejiang-university-technology,the,2020,1001
zhejiang-university-technology,the,2021,801
zhejiang-university-technology,the,2022,1001
zhejiang-university-technology,the,2023,1001
zhejiang-university-technology,the,2025,601
zhejiang-university-technology,the,2026,501
bangor-university,qs,2026,567
bangor-university,usnews,2026,891
bangor-university,the,2012,251
bangor-university,the,2013,276
bangor-university,the,2014,301
bangor-university,the,2015,301
bangor-university,the,2016,301
bangor-university,the,2017,301
bangor-university,the,2018,301
bangor-university,the,2019,401
bangor-university,the,2020,401
bangor-university,the,2021,401
bangor-university,the,2022,401
bangor-university,the,2023,401
bangor-university,the,2024,401
bangor-university,the,2025,401
bangor-university,the,2026,501
university-hull,qs,2026,575
university-hull,usnews,2026,721
university-hull,the,2012,301
university-hull,the,2016,401
university-hull,the,2017,501
university-hull,the,2018,401
university-hull,the,2019,501
university-hull,the,2020,501
university-hull,the,2021,501
university-hull,the,2022,601
university-hull,the,2023,501
university-hull,the,2024,401
university-hull,the,2025,401
university-hull,the,2026,501
rensselaer-polytechnic-institute,qs,2026,581
rensselaer-polytechnic-institute,usnews,2026,1090
rensselaer-polytechnic-institute,the,2011,104
rensselaer-polytechnic-institute,the,2012,144
rensselaer-polytechnic-institute,the,2013,174
rensselaer-polytechnic-institute,the,2014,181
rensselaer-polytechnic-institute,the,2015,226
rensselaer-polytechnic-institute,the,2016,251
rensselaer-polytechnic-institute,the,2017,251
rensselaer-polytechnic-institute,the,2018,301
rensselaer-polytechnic-institute,the,2019,351
rensselaer-polytechnic-institute,the,2020,401
rensselaer-polytechnic-institute,the,2021,501
rensselaer-polytechnic-institute,the,2022,501
rensselaer-polytechnic-institute,the,2023,601
rensselaer-polytechnic-institute,the,2024,401
rensselaer-polytechnic-institute,the,2025,401
rensselaer-polytechnic-institute,the,2026,501
saarland-university,qs,2026,588
saarland-university,usnews,2026,1203
saarland-university,the,2026,501
ca-foscari-university-venice,qs,2026,600
ca-foscari-university-venice,usnews,2026,932
ca-foscari-university-venice,the,2016,401
ca-foscari-university-venice,the,2017,501
ca-foscari-university-venice,the,2018,501
ca-foscari-university-venice,the,2019,601
ca-foscari-university-venice,the,2020,601
ca-foscari-university-venice,the,2021,601
ca-foscari-university-venice,the,2022,601
ca-foscari-university-venice,the,2023,601
ca-foscari-university-venice,the,2024,501
ca-foscari-university-venice,the,2025,501
ca-foscari-university-venice,the,2026,501
china-university-petroleum-beijing,qs,2026,600
china-university-petroleum-beijing,the,2016,601
china-university-petroleum-beijing,the,2017,601
china-university-petroleum-beijing,the,2018,801
china-university-petroleum-beijing,the,2019,801
china-university-petroleum-beijing,the,2020,601
china-university-petroleum-beijing,the,2021,601
china-university-petroleum-beijing,the,2022,801
china-university-petroleum-beijing,the,2023,801
china-university-petroleum-beijing,the,2024,501
china-university-petroleum-beijing,the,2025,501
china-university-petroleum-beijing,the,2026,501
stevens-institute-technology,qs,2026,675
stevens-institute-technology,usnews,2026,1158
stevens-institute-technology,the,2017,401
stevens-institute-technology,the,2018,501
stevens-institute-technology,the,2019,501
stevens-institute-technology,the,2020,601
stevens-institute-technology,the,2021,501
stevens-institute-technology,the,2022,601
stevens-institute-technology,the,2023,501
stevens-institute-technology,the,2024,401
stevens-institute-technology,the,2025,401
stevens-institute-technology,the,2026,501
konkuk-university,qs,2026,683
konkuk-university,usnews,2026,1238
konkuk-university,the,2016,601
konkuk-university,the,2017,601
konkuk-university,the,2018,501
konkuk-university,the,2019,601
konkuk-university,the,2020,601
konkuk-university,the,2021,601
konkuk-university,the,2022,601
konkuk-university,the,2023,601
konkuk-university,the,2024,601
konkuk-university,the,2025,501
konkuk-university,the,2026,501
tu-dortmund-university,qs,2026,691
tu-dortmund-university,the,2016,301
tu-dortmund-university,the,2017,301
tu-dortmund-university,the,2018,301
tu-dortmund-university,the,2019,301
tu-dortmund-university,the,2020,351
tu-dortmund-university,the,2021,401
tu-dortmund-university,the,2022,401
tu-dortmund-university,the,2023,501
tu-dortmund-university,the,2024,401
tu-dortmund-university,the,2025,401
tu-dortmund-university,the,2026,501
university-plymouth,qs,2026,691
university-plymouth,usnews,2026,809
university-plymouth,the,2012,301
university-plymouth,the,2014,276
university-plymouth,the,2015,276
university-plymouth,the,2016,301
university-plymouth,the,2017,351
university-plymouth,the,2018,401
university-plymouth,the,2019,401
university-plymouth,the,2020,501
university-plymouth,the,2021,401
university-plymouth,the,2022,401
university-plymouth,the,2023,401
university-plymouth,the,2024,401
university-plymouth,the,2025,501
university-plymouth,the,2026,501
cyprus-university-technology,qs,2026,701
cyprus-university-technology,usnews,2026,1290
cyprus-university-technology,the,2017,401
cyprus-university-technology,the,2018,351
cyprus-university-technology,the,2019,301
cyprus-university-technology,the,2020,301
cyprus-university-technology,the,2021,301
cyprus-university-technology,the,2022,501
cyprus-university-technology,the,2023,601
cyprus-university-technology,the,2024,601
cyprus-university-technology,the,2025,601
cyprus-university-technology,the,2026,501
goldsmiths-university-london,qs,2026,701
goldsmiths-university-london,usnews,2026,1585
goldsmiths-university-london,the,2017,301
goldsmiths-university-london,the,2018,301
goldsmiths-university-london,the,2020,351
goldsmiths-university-london,the,2021,401
goldsmiths-university-london,the,2022,401
goldsmiths-university-london,the,2023,501
goldsmiths-university-london,the,2024,401
goldsmiths-university-london,the,2025,501
goldsmiths-university-london,the,2026,501
university-nicosia,qs,2026,711
university-nicosia,usnews,2026,1167
university-nicosia,the,2021,801
university-nicosia,the,2022,601
university-nicosia,the,2023,501
university-nicosia,the,2024,501
university-nicosia,the,2025,501
university-nicosia,the,2026,501
maynooth-university,qs,2026,721
maynooth-university,usnews,2026,1197
maynooth-university,the,2012,350
maynooth-university,the,2013,351
maynooth-university,the,2014,351
maynooth-university,the,2016,351
maynooth-university,the,2017,351
maynooth-university,the,2018,401
maynooth-university,the,2019,351
maynooth-university,the,2020,301
maynooth-university,the,2021,401
maynooth-university,the,2022,501
maynooth-university,the,2023,401
maynooth-university,the,2024,401
maynooth-university,the,2025,501
maynooth-university,the,2026,501
memorial-university-newfoundland,qs,2026,721
memorial-university-newfoundland,usnews,2026,751
memorial-university-newfoundland,the,2016,501
memorial-university-newfoundland,the,2017,501
memorial-university-newfoundland,the,2018,501
memorial-university-newfoundland,the,2019,501
memorial-university-newfoundland,the,2020,501
memorial-university-newfoundland,the,2021,501
memorial-university-newfoundland,the,2022,601
memorial-university-newfoundland,the,2023,601
memorial-university-newfoundland,the,2024,501
memorial-university-newfoundland,the,2025,501
memorial-university-newfoundland,the,2026,501
new-jersey-institute-technology-njit,qs,2026,741
new-jersey-institute-technology-njit,usnews,2026,1070
new-jersey-institute-technology-njit,the,2012,350
new-jersey-institute-technology-njit,the,2016,501
new-jersey-institute-technology-njit,the,2017,501
new-jersey-institute-technology-njit,the,2018,501
new-jersey-institute-technology-njit,the,2019,501
new-jersey-institute-technology-njit,the,2020,501
new-jersey-institute-technology-njit,the,2021,501
new-jersey-institute-technology-njit,the,2022,501
new-jersey-institute-technology-njit,the,2023,601
new-jersey-institute-technology-njit,the,2024,401
new-jersey-institute-technology-njit,the,2025,501
new-jersey-institute-technology-njit,the,2026,501
missouri-university-science-technology,qs,2026,751
missouri-university-science-technology,usnews,2026,864
missouri-university-science-technology,the,2016,501
missouri-university-science-technology,the,2017,501
missouri-university-science-technology,the,2018,501
missouri-university-science-technology,the,2019,501
missouri-university-science-technology,the,2020,501
missouri-university-science-technology,the,2021,401
missouri-university-science-technology,the,2022,401
missouri-university-science-technology,the,2023,501
missouri-university-science-technology,the,2024,401
missouri-university-science-technology,the,2025,401
missouri-university-science-technology,the,2026,501
university-messina-unime,qs,2026,761
university-messina-unime,usnews,2026,727
university-messina-unime,the,2021,501
university-messina-unime,the,2022,501
university-messina-unime,the,2023,501
university-messina-unime,the,2024,501
university-messina-unime,the,2025,501
university-messina-unime,the,2026,501
lovely-professional-university-lpu,qs,2026,791
lovely-professional-university-lpu,usnews,2026,897
lovely-professional-university-lpu,the,2022,1001
lovely-professional-university-lpu,the,2023,801
lovely-professional-university-lpu,the,2024,801
lovely-professional-university-lpu,the,2025,601
lovely-professional-university-lpu,the,2026,501
yeungnam-university,qs,2026,791
yeungnam-university,usnews,2026,751
yeungnam-university,the,2016,601
yeungnam-university,the,2017,601
yeungnam-university,the,2018,601
yeungnam-university,the,2019,601
yeungnam-university,the,2020,801
yeungnam-university,the,2021,801
yeungnam-university,the,2022,801
yeungnam-university,the,2023,801
yeungnam-university,the,2024,601
yeungnam-university,the,2025,601
yeungnam-university,the,2026,501
alfaisal-university,qs,2026,801
alfaisal-university,usnews,2026,864
alfaisal-university,the,2017,601
alfaisal-university,the,2018,501
alfaisal-university,the,2019,301
alfaisal-university,the,2020,251
alfaisal-university,the,2021,251
alfaisal-university,the,2022,201
alfaisal-university,the,2023,301
alfaisal-university,the,2024,501
alfaisal-university,the,2025,601
alfaisal-university,the,2026,501
carleton-university,qs,2026,801
carleton-university,usnews,2026,633
carleton-university,the,2012,226
carleton-university,the,2013,226
carleton-university,the,2014,276
carleton-university,the,2015,226
carleton-university,the,2016,501
carleton-university,the,2017,501
carleton-university,the,2018,501
carleton-university,the,2019,501
carleton-university,the,2020,501
carleton-university,the,2021,501
carleton-university,the,2022,601
carleton-university,the,2023,601
carleton-university,the,2024,501
carleton-university,the,2025,501
carleton-university,the,2026,501
georgia-state-university,qs,2026,801
georgia-state-university,usnews,2026,605
georgia-state-university,the,2012,350
georgia-state-university,the,2016,401
georgia-state-university,the,2017,401
georgia-state-university,the,2018,351
georgia-state-university,the,2019,401
georgia-state-university,the,2020,401
georgia-state-university,the,2021,401
georgia-state-university,the,2022,401
georgia-state-university,the,2023,401
georgia-state-university,the,2024,401
georgia-state-university,the,2025,501
georgia-state-university,the,2026,501
keele-university,qs,2026,801
keele-university,usnews,2026,783
keele-university,the,2012,301
keele-university,the,2013,351
keele-university,the,2014,301
keele-university,the,2016,401
keele-university,the,2017,401
keele-university,the,2018,501
keele-university,the,2019,501
keele-university,the,2020,501
keele-university,the,2021,501
keele-university,the,2022,501
keele-university,the,2023,501
keele-university,the,2024,501
keele-university,the,2025,501
keele-university,the,2026,501
university-haifa,qs,2026,801
university-haifa,usnews,2026,710
university-haifa,the,2016,501
university-haifa,the,2017,601
university-haifa,the,2018,601
university-haifa,the,2019,601
university-haifa,the,2020,501
university-haifa,the,2021,601
university-haifa,the,2022,601
university-haifa,the,2023,601
university-haifa,the,2024,601
university-haifa,the,2025,601
university-haifa,the,2026,501
university-modena-reggio-emilia,qs,2026,801
university-modena-reggio-emilia,usnews,2026,778
university-modena-reggio-emilia,the,2012,301
university-modena-reggio-emilia,the,2013,351
university-modena-reggio-emilia,the,2016,351
university-modena-reggio-emilia,the,2017,401
university-modena-reggio-emilia,the,2018,401
university-modena-reggio-emilia,the,2019,351
university-modena-reggio-emilia,the,2020,401
university-modena-reggio-emilia,the,2021,401
university-modena-reggio-emilia,the,2022,401
university-modena-reggio-emilia,the,2023,401
university-modena-reggio-emilia,the,2024,401
university-modena-reggio-emilia,the,2025,501
university-modena-reggio-emilia,the,2026,501
university-nebraska-lincoln,qs,2026,801
university-nebraska-lincoln,usnews,2026,522
university-nebraska-lincoln,the,2014,251
university-nebraska-lincoln,the,2015,276
university-nebraska-lincoln,the,2016,301
university-nebraska-lincoln,the,2017,301
university-nebraska-lincoln,the,2018,301
university-nebraska-lincoln,the,2019,351
university-nebraska-lincoln,the,2020,401
university-nebraska-lincoln,the,2021,401
university-nebraska-lincoln,the,2022,401
university-nebraska-lincoln,the,2023,401
university-nebraska-lincoln,the,2024,401
university-nebraska-lincoln,the,2025,401
university-nebraska-lincoln,the,2026,501
university-palermo,qs,2026,801
university-palermo,usnews,2026,590
university-palermo,the,2016,401
university-palermo,the,2017,501
university-palermo,the,2018,501
university-palermo,the,2019,501
university-palermo,the,2020,601
university-palermo,the,2021,601
university-palermo,the,2022,601
university-palermo,the,2023,801
university-palermo,the,2024,601
university-palermo,the,2025,601
university-palermo,the,2026,501
university-lincoln,qs,2026,851
university-lincoln,usnews,2026,882
university-lincoln,the,2016,601
university-lincoln,the,2017,401
university-lincoln,the,2018,501
university-lincoln,the,2019,501
university-lincoln,the,2020,501
university-lincoln,the,2021,501
university-lincoln,the,2022,501
university-lincoln,the,2023,401
university-lincoln,the,2024,401
university-lincoln,the,2025,501
university-lincoln,the,2026,501
university-salerno,qs,2026,851
university-salerno,usnews,2026,592
university-salerno,the,2017,351
university-salerno,the,2018,351
university-salerno,the,2019,351
university-salerno,the,2020,351
university-salerno,the,2021,401
university-salerno,the,2022,401
university-salerno,the,2023,501
university-salerno,the,2024,501
university-salerno,the,2025,501
university-salerno,the,2026,501
university-sunshine-coast,qs,2026,851
university-sunshine-coast,usnews,2026,1147
university-sunshine-coast,the,2017,501
university-sunshine-coast,the,2018,501
university-sunshine-coast,the,2019,601
university-sunshine-coast,the,2020,601
university-sunshine-coast,the,2021,601
university-sunshine-coast,the,2022,601
university-sunshine-coast,the,2023,601
university-sunshine-coast,the,2024,501
university-sunshine-coast,the,2025,601
university-sunshine-coast,the,2026,501
university-ulsan,qs,2026,851
university-ulsan,usnews,2026,693
university-ulsan,the,2016,401
university-ulsan,the,2017,501
university-ulsan,the,2018,501
university-ulsan,the,2019,501
university-ulsan,the,2020,601
university-ulsan,the,2021,601
university-ulsan,the,2022,601
university-ulsan,the,2023,601
university-ulsan,the,2024,501
university-ulsan,the,2025,501
university-ulsan,the,2026,501
gachon-university-seoul-korea,qs,2026,901
gachon-university-seoul-korea,usnews,2026,1174
gachon-university-seoul-korea,the,2025,601
gachon-university-seoul-korea,the,2026,501
middlesex-university,qs,2026,901
middlesex-university,usnews,2026,1259
middlesex-university,the,2016,601
middlesex-university,the,2017,501
middlesex-university,the,2018,401
middlesex-university,the,2019,401
middlesex-university,the,2020,401
middlesex-university,the,2021,401
middlesex-university,the,2022,401
middlesex-university,the,2023,401
middlesex-university,the,2024,501
middlesex-university,the,2025,501
middlesex-university,the,2026,501
upes,qs,2026,901
upes,the,2024,801
upes,the,2025,501
upes,the,2026,501
banaras-hindu-university,qs,2026,951
banaras-hindu-university,usnews,2026,801
banaras-hindu-university,the,2018,601
banaras-hindu-university,the,2019,601
banaras-hindu-university,the,2020,601
banaras-hindu-university,the,2021,601
banaras-hindu-university,the,2022,601
banaras-hindu-university,the,2023,601
banaras-hindu-university,the,2024,601
banaras-hindu-university,the,2025,601
banaras-hindu-university,the,2026,501
universite-du-quebec,qs,2026,951
universite-du-quebec,the,2018,501
universite-du-quebec,the,2019,601
universite-du-quebec,the,2020,601
universite-du-quebec,the,2021,601
universite-du-quebec,the,2022,601
universite-du-quebec,the,2023,601
universite-du-quebec,the,2024,401
universite-du-quebec,the,2025,501
universite-du-quebec,the,2026,501
university-denver,qs,2026,1001
university-denver,usnews,2026,1105
university-denver,the,2017,301
university-denver,the,2018,301
university-denver,the,2019,301
university-denver,the,2020,351
university-denver,the,2021,401
university-denver,the,2022,401
university-denver,the,2023,401
university-denver,the,2024,501
university-denver,the,2025,601
university-denver,the,2026,501
universitat-siegen,qs,2026,1201
universitat-siegen,usnews,2026,1308
universitat-siegen,the,2017,401
universitat-siegen,the,2018,401
universitat-siegen,the,2019,401
universitat-siegen,the,2020,501
universitat-siegen,the,2021,601
universitat-siegen,the,2022,601
universitat-siegen,the,2023,801
universitat-siegen,the,2024,601
universitat-siegen,the,2025,501
universitat-siegen,the,2026,501
university-missouri-kansas-city,qs,2026,1201
university-missouri-kansas-city,usnews,2026,727
university-missouri-kansas-city,the,2026,501
university-international-business-economics,qs,2026,1401
university-international-business-economics,usnews,2026,719
university-international-business-economics,the,2020,601
university-international-business-economics,the,2021,601
university-international-business-economics,the,2022,501
university-international-business-economics,the,2023,401
university-international-business-economics,the,2025,501
university-international-business-economics,the,2026,501
usn-tehran-university-of-medical-sciences-503294,usnews,2026,585
usn-tehran-university-of-medical-sciences-503294,the,2016,501
usn-tehran-university-of-medical-sciences-503294,the,2017,601
usn-tehran-university-of-medical-sciences-503294,the,2018,601
usn-tehran-university-of-medical-sciences-503294,the,2019,601
usn-tehran-university-of-medical-sciences-503294,the,2020,501
usn-tehran-university-of-medical-sciences-503294,the,2021,501
usn-tehran-university-of-medical-sciences-503294,the,2022,601
usn-tehran-university-of-medical-sciences-503294,the,2023,601
usn-tehran-university-of-medical-sciences-503294,the,2024,601
usn-tehran-university-of-medical-sciences-503294,the,2025,501
usn-tehran-university-of-medical-sciences-503294,the,2026,501
usn-university-of-ferrara-503123,usnews,2026,668
usn-university-of-ferrara-503123,the,2012,301
usn-university-of-ferrara-503123,the,2013,351
usn-university-of-ferrara-503123,the,2014,351
usn-university-of-ferrara-503123,the,2015,351
usn-university-of-ferrara-503123,the,2016,401
usn-university-of-ferrara-503123,the,2017,401
usn-university-of-ferrara-503123,the,2018,501
usn-university-of-ferrara-503123,the,2019,401
usn-university-of-ferrara-503123,the,2020,401
usn-university-of-ferrara-503123,the,2021,501
usn-university-of-ferrara-503123,the,2022,401
usn-university-of-ferrara-503123,the,2023,401
usn-university-of-ferrara-503123,the,2024,501
usn-university-of-ferrara-503123,the,2025,501
usn-university-of-ferrara-503123,the,2026,501
usn-university-of-graz-505072,usnews,2026,682
usn-university-of-graz-505072,the,2012,251
usn-university-of-graz-505072,the,2013,301
usn-university-of-graz-505072,the,2014,351
usn-university-of-graz-505072,the,2015,351
usn-university-of-graz-505072,the,2016,401
usn-university-of-graz-505072,the,2017,401
usn-university-of-graz-505072,the,2018,401
usn-university-of-graz-505072,the,2019,501
usn-university-of-graz-505072,the,2020,501
usn-university-of-graz-505072,the,2021,601
usn-university-of-graz-505072,the,2022,601
usn-university-of-graz-505072,the,2023,601
usn-university-of-graz-505072,the,2024,501
usn-university-of-graz-505072,the,2025,501
usn-university-of-graz-505072,the,2026,501
usn-federation-university-australia-529602,usnews,2026,734
usn-federation-university-australia-529602,the,2021,801
usn-federation-university-australia-529602,the,2022,601
usn-federation-university-australia-529602,the,2023,601
usn-federation-university-australia-529602,the,2024,601
usn-federation-university-australia-529602,the,2025,401
usn-federation-university-australia-529602,the,2026,501
usn-yangzhou-university-529253,usnews,2026,770
usn-yangzhou-university-529253,the,2019,801
usn-yangzhou-university-529253,the,2020,801
usn-yangzhou-university-529253,the,2021,801
usn-yangzhou-university-529253,the,2022,1001
usn-yangzhou-university-529253,the,2023,801
usn-yangzhou-university-529253,the,2024,501
usn-yangzhou-university-529253,the,2025,501
usn-yangzhou-university-529253,the,2026,501
usn-national-yunlin-university-science-and-technology-529818,usnews,2026,809
usn-national-yunlin-university-science-and-technology-529818,the,2020,1001
usn-national-yunlin-university-science-and-technology-529818,the,2021,1001
usn-national-yunlin-university-science-and-technology-529818,the,2022,1001
usn-national-yunlin-university-science-and-technology-529818,the,2023,601
usn-national-yunlin-university-science-and-technology-529818,the,2024,501
usn-national-yunlin-university-science-and-technology-529818,the,2025,501
usn-national-yunlin-university-science-and-technology-529818,the,2026,501
usn-juntendo-university-502999,usnews,2026,869
usn-juntendo-university-502999,the,2016,601
usn-juntendo-university-502999,the,2017,601
usn-juntendo-university-502999,the,2018,601
usn-juntendo-university-502999,the,2019,601
usn-juntendo-university-502999,the,2020,801
usn-juntendo-university-502999,the,2021,801
usn-juntendo-university-502999,the,2022,801
usn-juntendo-university-502999,the,2023,801
usn-juntendo-university-502999,the,2024,601
usn-juntendo-university-502999,the,2025,601
usn-juntendo-university-502999,the,2026,501
usn-wroclaw-medical-university-529400,usnews,2026,1127
usn-wroclaw-medical-university-529400,the,2023,351
usn-wroclaw-medical-university-529400,the,2024,601
usn-wroclaw-medical-university-529400,the,2025,501
usn-wroclaw-medical-university-529400,the,2026,501
usn-hamburg-university-of-technology-529340,usnews,2026,1410
usn-hamburg-university-of-technology-529340,the,2018,401
usn-hamburg-university-of-technology-529340,the,2019,401
usn-hamburg-university-of-technology-529340,the,2020,501
usn-hamburg-university-of-technology-529340,the,2021,601
usn-hamburg-university-of-technology-529340,the,2022,601
usn-hamburg-university-of-technology-529340,the,2023,601
usn-hamburg-university-of-technology-529340,the,2024,501
usn-hamburg-university-of-technology-529340,the,2025,501
usn-hamburg-university-of-technology-529340,the,2026,501
usn-shiraz-university-of-technology-529462,usnews,2026,1443
usn-shiraz-university-of-technology-529462,the,2019,601
usn-shiraz-university-of-technology-529462,the,2020,601
usn-shiraz-university-of-technology-529462,the,2021,601
usn-shiraz-university-of-technology-529462,the,2022,601
usn-shiraz-university-of-technology-529462,the,2023,501
usn-shiraz-university-of-technology-529462,the,2024,501
usn-shiraz-university-of-technology-529462,the,2025,501
usn-shiraz-university-of-technology-529462,the,2026,501
the-colorado-state-university-fort-collins-0,the,2012,226
the-colorado-state-university-fort-collins-0,the,2013,276
the-colorado-state-university-fort-collins-0,the,2014,276
the-colorado-state-university-fort-collins-0,the,2015,276
the-colorado-state-university-fort-collins-0,the,2016,251
the-colorado-state-university-fort-collins-0,the,2017,301
the-colorado-state-university-fort-collins-0,the,2018,351
the-colorado-state-university-fort-collins-0,the,2019,401
the-colorado-state-university-fort-collins-0,the,2020,401
the-colorado-state-university-fort-collins-0,the,2021,401
the-colorado-state-university-fort-collins-0,the,2022,351
the-colorado-state-university-fort-collins-0,the,2023,401
the-colorado-state-university-fort-collins-0,the,2024,401
the-colorado-state-university-fort-collins-0,the,2025,401
the-colorado-state-university-fort-collins-0,the,2026,501
the-mizzou-university-missouri,the,2012,226
the-mizzou-university-missouri,the,2013,226
the-mizzou-university-missouri,the,2014,301
the-mizzou-university-missouri,the,2015,351
the-mizzou-university-missouri,the,2016,351
the-mizzou-university-missouri,the,2017,351
the-mizzou-university-missouri,the,2018,401
the-mizzou-university-missouri,the,2020,401
the-mizzou-university-missouri,the,2021,401
the-mizzou-university-missouri,the,2022,501
the-mizzou-university-missouri,the,2023,601
the-mizzou-university-missouri,the,2024,401
the-mizzou-university-missouri,the,2025,501
the-mizzou-university-missouri,the,2026,501
the-nova-university-lisbon,the,2012,350
the-nova-university-lisbon,the,2016,401
the-nova-university-lisbon,the,2017,501
the-nova-university-lisbon,the,2018,501
the-nova-university-lisbon,the,2019,501
the-nova-university-lisbon,the,2020,601
the-nova-university-lisbon,the,2021,351
the-nova-university-lisbon,the,2022,401
the-nova-university-lisbon,the,2023,601
the-nova-university-lisbon,the,2024,501
the-nova-university-lisbon,the,2025,501
the-nova-university-lisbon,the,2026,501
the-university-nebraska-medical-center,the,2015,301
the-university-nebraska-medical-center,the,2016,351
the-university-nebraska-medical-center,the,2017,501
the-university-nebraska-medical-center,the,2018,401
the-university-nebraska-medical-center,the,2019,401
the-university-nebraska-medical-center,the,2020,501
the-university-nebraska-medical-center,the,2021,501
the-university-nebraska-medical-center,the,2022,501
the-university-nebraska-medical-center,the,2023,401
the-university-nebraska-medical-center,the,2024,501
the-university-nebraska-medical-center,the,2025,501
the-university-nebraska-medical-center,the,2026,501
the-royal-veterinary-college,the,2016,201
the-royal-veterinary-college,the,2017,301
the-royal-veterinary-college,the,2018,351
the-royal-veterinary-college,the,2019,401
the-royal-veterinary-college,the,2020,401
the-royal-veterinary-college,the,2021,401
the-royal-veterinary-college,the,2022,401
the-royal-veterinary-college,the,2023,351
the-royal-veterinary-college,the,2024,401
the-royal-veterinary-college,the,2025,501
the-royal-veterinary-college,the,2026,501
the-rptu-university-kaiserslautern-landau,the,2016,401
the-rptu-university-kaiserslautern-landau,the,2017,351
the-rptu-university-kaiserslautern-landau,the,2018,401
the-rptu-university-kaiserslautern-landau,the,2019,401
the-rptu-university-kaiserslautern-landau,the,2020,601
the-rptu-university-kaiserslautern-landau,the,2021,601
the-rptu-university-kaiserslautern-landau,the,2022,601
the-rptu-university-kaiserslautern-landau,the,2023,601
the-rptu-university-kaiserslautern-landau,the,2024,601
the-rptu-university-kaiserslautern-landau,the,2025,601
the-rptu-university-kaiserslautern-landau,the,2026,501
the-soochow-university-china,the,2016,501
the-soochow-university-china,the,2017,501
the-soochow-university-china,the,2018,501
the-soochow-university-china,the,2019,501
the-soochow-university-china,the,2020,501
the-soochow-university-china,the,2021,501
the-soochow-university-china,the,2022,601
the-soochow-university-china,the,2023,601
the-soochow-university-china,the,2024,501
the-soochow-university-china,the,2025,501
the-soochow-university-china,the,2026,501
the-university-tulsa,the,2016,501
the-university-tulsa,the,2017,501
the-university-tulsa,the,2018,401
the-university-tulsa,the,2019,401
the-university-tulsa,the,2020,401
the-university-tulsa,the,2021,401
the-university-tulsa,the,2023,401
the-university-tulsa,the,2024,501
the-university-tulsa,the,2025,501
the-university-tulsa,the,2026,501
the-university-toulouse,the,2017,301
the-university-toulouse,the,2018,351
the-university-toulouse,the,2019,301
the-university-toulouse,the,2020,401
the-university-toulouse,the,2021,401
the-university-toulouse,the,2022,501
the-university-toulouse,the,2023,501
the-university-toulouse,the,2024,401
the-university-toulouse,the,2025,401
the-university-toulouse,the,2026,501
the-constructor-university,the,2019,251
the-constructor-university,the,2020,301
the-constructor-university,the,2021,251
the-constructor-university,the,2022,401
the-constructor-university,the,2023,501
the-constructor-university,the,2024,401
the-constructor-university,the,2025,501
the-constructor-university,the,2026,501
the-polytechnic-university-bari,the,2019,401
the-polytechnic-university-bari,the,2020,401
the-polytechnic-university-bari,the,2021,401
the-polytechnic-university-bari,the,2022,501
the-polytechnic-university-bari,the,2023,601
the-polytechnic-university-bari,the,2024,501
the-polytechnic-university-bari,the,2025,501
the-polytechnic-university-bari,the,2026,501
the-kiit-university,the,2019,1001
the-kiit-university,the,2020,1001
the-kiit-university,the,2021,1001
the-kiit-university,the,2022,801
the-kiit-university,the,2023,601
the-kiit-university,the,2024,601
the-kiit-university,the,2025,601
the-kiit-university,the,2026,501
the-mahatma-gandhi-university,the,2021,601
the-mahatma-gandhi-university,the,2022,601
the-mahatma-gandhi-university,the,2023,401
the-mahatma-gandhi-university,the,2024,501
the-mahatma-gandhi-university,the,2025,401
the-mahatma-gandhi-university,the,2026,501
the-campus-bio-medico-university-rome,the,2024,401
the-campus-bio-medico-university-rome,the,2025,501
the-campus-bio-medico-university-rome,the,2026,501
the-ueh-university,the,2025,501
the-ueh-university,the,2026,501
the-tashkent-institute-irrigation-and-agricultural-mechanisation,the,2025,601
the-tashkent-institute-irrigation-and-agricultural-mechanisation,the,2026,501
guangdong-university-technology,qs,2026,1001
guangdong-university-technology,usnews,2026,503
guangdong-university-technology,the,2020,801
guangdong-university-technology,the,2021,601
guangdong-university-technology,the,2022,601
guangdong-university-technology,the,2023,801
guangdong-university-technology,the,2024,601
guangdong-university-technology,the,2025,601
guangdong-university-technology,the,2026,601
usn-international-school-for-advanced-studies-528824,usnews,2026,503
usn-university-of-santiago-of-compostela-506569,usnews,2026,503
kobe-university,qs,2026,504
kobe-university,usnews,2026,648
kobe-university,the,2012,350
kobe-university,the,2016,601
kobe-university,the,2017,601
kobe-university,the,2018,601
kobe-university,the,2019,601
kobe-university,the,2020,601
kobe-university,the,2021,601
kobe-university,the,2022,601
kobe-university,the,2023,801
kobe-university,the,2024,601
kobe-university,the,2025,601
kobe-university,the,2026,601
ural-federal-university-urfu,qs,2026,504
warsaw-university-technology,qs,2026,504
warsaw-university-technology,usnews,2026,1158
warsaw-university-technology,the,2016,601
warsaw-university-technology,the,2017,501
warsaw-university-technology,the,2018,601
warsaw-university-technology,the,2019,801
warsaw-university-technology,the,2020,1001
warsaw-university-technology,the,2021,1001
warsaw-university-technology,the,2022,1201
warsaw-university-technology,the,2023,1201
warsaw-university-technology,the,2024,1201
warsaw-university-technology,the,2025,1201
warsaw-university-technology,the,2026,1201
eotvos-lorand-university,qs,2026,595
eotvos-lorand-university,usnews,2026,507
eotvos-lorand-university,the,2016,601
eotvos-lorand-university,the,2017,601
eotvos-lorand-university,the,2018,601
eotvos-lorand-university,the,2019,601
eotvos-lorand-university,the,2020,601
eotvos-lorand-university,the,2021,601
eotvos-lorand-university,the,2022,601
eotvos-lorand-university,the,2023,601
eotvos-lorand-university,the,2024,801
eotvos-lorand-university,the,2025,801
eotvos-lorand-university,the,2026,801
nottingham-trent-university,qs,2026,639
nottingham-trent-university,usnews,2026,507
nottingham-trent-university,the,2016,601
nottingham-trent-university,the,2017,601
nottingham-trent-university,the,2018,601
nottingham-trent-university,the,2019,601
nottingham-trent-university,the,2020,601
nottingham-trent-university,the,2021,601
nottingham-trent-university,the,2022,501
nottingham-trent-university,the,2023,501
nottingham-trent-university,the,2024,501
nottingham-trent-university,the,2025,601
nottingham-trent-university,the,2026,601
indian-institute-technology-bhu-varanasi-iit-bhu-varanasi,qs,2026,510
tomsk-state-university,qs,2026,510
tomsk-state-university,usnews,2026,981
tomsk-state-university,the,2016,601
tomsk-state-university,the,2017,501
tomsk-state-university,the,2018,501
tomsk-state-university,the,2019,501
tomsk-state-university,the,2020,501
tomsk-state-university,the,2021,501
tomsk-state-university,the,2022,601
tomsk-state-university,the,2023,601
tomsk-state-university,the,2024,501
tomsk-state-university,the,2025,501
tomsk-state-university,the,2026,601
usn-china-university-of-petroleum-500186,usnews,2026,511
usn-china-university-of-petroleum-500186,the,2022,1001
usn-china-university-of-petroleum-500186,the,2024,801
usn-china-university-of-petroleum-500186,the,2025,801
usn-nanchang-university-529112,usnews,2026,511
unesp,qs,2026,513
university-oklahoma,qs,2026,771
university-oklahoma,usnews,2026,514
university-oklahoma,the,2012,301
university-oklahoma,the,2013,351
university-oklahoma,the,2014,351
university-oklahoma,the,2015,301
university-oklahoma,the,2017,351
university-oklahoma,the,2018,401
university-oklahoma,the,2019,401
usn-south-china-normal-university-501607,usnews,2026,514
usn-south-china-normal-university-501607,the,2021,801
usn-south-china-normal-university-501607,the,2022,801
usn-south-china-normal-university-501607,the,2023,801
usn-south-china-normal-university-501607,the,2024,601
usn-south-china-normal-university-501607,the,2025,601
usn-south-china-normal-university-501607,the,2026,601
china-medical-university,qs,2026,515
china-medical-university,usnews,2026,987
conservatoire-national-des-arts-et-metiers-cnam,qs,2026,515
conservatoire-national-des-arts-et-metiers-cnam,usnews,2026,1509
usn-m-v-lomonosov-moscow-state-university-500445,usnews,2026,517
universiti-tenaga-nasional-uniten,qs,2026,518
universiti-tenaga-nasional-uniten,usnews,2026,932
universiti-tenaga-nasional-uniten,the,2018,801
universiti-tenaga-nasional-uniten,the,2019,801
universiti-tenaga-nasional-uniten,the,2020,801
universiti-tenaga-nasional-uniten,the,2021,801
universiti-tenaga-nasional-uniten,the,2022,801
universiti-tenaga-nasional-uniten,the,2023,801
universiti-tenaga-nasional-uniten,the,2024,601
universiti-tenaga-nasional-uniten,the,2025,601
universiti-tenaga-nasional-uniten,the,2026,601
dongguk-university,qs,2026,520
dongguk-university,usnews,2026,912
usn-medical-university-of-south-carolina-218335,usnews,2026,520
usn-medical-university-of-south-carolina-218335,the,2012,162
usn-medical-university-of-south-carolina-218335,the,2013,189
beijing-jiaotong-university,qs,2026,771
beijing-jiaotong-university,usnews,2026,524
beijing-jiaotong-university,the,2018,801
beijing-jiaotong-university,the,2019,801
beijing-jiaotong-university,the,2020,801
beijing-jiaotong-university,the,2021,801
beijing-jiaotong-university,the,2022,1001
beijing-jiaotong-university,the,2023,1001
usn-beijing-university-of-posts-502130,usnews,2026,524
usn-brunel-university-502232,usnews,2026,524
usn-universite-de-rennes-1-504447,usnews,2026,524
chandigarh-university,qs,2026,526
chandigarh-university,usnews,2026,739
asia-pacific-university-technology-innovation-apu-malaysia,qs,2026,528
northumbria-university-newcastle,qs,2026,528
pontificia-universidad-catolica-argentina,qs,2026,530
universidad-austral,qs,2026,530
universidad-peruana-cayetano-heredia-upch,qs,2026,1001
universidad-peruana-cayetano-heredia-upch,usnews,2026,531
universidad-peruana-cayetano-heredia-upch,the,2019,501
universidad-peruana-cayetano-heredia-upch,the,2020,501
universidad-peruana-cayetano-heredia-upch,the,2021,501
universidad-peruana-cayetano-heredia-upch,the,2022,601
universidad-peruana-cayetano-heredia-upch,the,2023,601
universidad-peruana-cayetano-heredia-upch,the,2024,1001
universidad-peruana-cayetano-heredia-upch,the,2025,1001
universidad-peruana-cayetano-heredia-upch,the,2026,1001
usn-capital-medical-university-504555,usnews,2026,531
usn-capital-medical-university-504555,the,2016,601
usn-capital-medical-university-504555,the,2017,601
usn-capital-medical-university-504555,the,2018,601
usn-capital-medical-university-504555,the,2019,801
usn-capital-medical-university-504555,the,2020,801
usn-capital-medical-university-504555,the,2021,801
usn-capital-medical-university-504555,the,2022,501
usn-capital-medical-university-504555,the,2023,601
usn-capital-medical-university-504555,the,2024,601
usn-capital-medical-university-504555,the,2025,601
usn-capital-medical-university-504555,the,2026,601
usn-nui-galway-505038,usnews,2026,531
belarusian-state-university,qs,2026,533
belarusian-state-university,usnews,2026,1531
belarusian-state-university,the,2016,601
belarusian-state-university,the,2017,801
belarusian-state-university,the,2018,801
belarusian-state-university,the,2019,1001
belarusian-state-university,the,2020,1001
belarusian-state-university,the,2021,1001
belarusian-state-university,the,2022,1201
belarusian-state-university,the,2023,1501
belarusian-state-university,the,2024,1201
belarusian-state-university,the,2025,1501
belarusian-state-university,the,2026,1501
ben-gurion-university-negev,qs,2026,533
ben-gurion-university-negev,usnews,2026,540
ben-gurion-university-negev,the,2016,501
ben-gurion-university-negev,the,2017,501
ben-gurion-university-negev,the,2018,601
ben-gurion-university-negev,the,2019,601
ben-gurion-university-negev,the,2022,801
ben-gurion-university-negev,the,2023,601
ben-gurion-university-negev,the,2024,501
ben-gurion-university-negev,the,2025,501
ben-gurion-university-negev,the,2026,601
usn-thomas-jefferson-university-216366,usnews,2026,535
usn-university-of-nova-de-lisboa-506121,usnews,2026,535
saint-joseph-university-beirut-usj,qs,2026,537
usn-bocconi-university-502370,usnews,2026,538
king-faisal-university,qs,2026,567
king-faisal-university,usnews,2026,540
king-faisal-university,the,2021,1001
king-faisal-university,the,2022,1001
king-faisal-university,the,2023,801
king-faisal-university,the,2024,801
king-faisal-university,the,2025,601
king-faisal-university,the,2026,601
east-china-university-science-technology,qs,2026,670
east-china-university-science-technology,usnews,2026,543
east-china-university-science-technology,the,2016,401
east-china-university-science-technology,the,2017,501
east-china-university-science-technology,the,2018,601
east-china-university-science-technology,the,2019,601
east-china-university-science-technology,the,2020,601
east-china-university-science-technology,the,2021,801
east-china-university-science-technology,the,2022,801
east-china-university-science-technology,the,2023,1001
east-china-university-science-technology,the,2024,601
east-china-university-science-technology,the,2025,601
east-china-university-science-technology,the,2026,601
usn-university-of-canterbury-504532,usnews,2026,543
usn-university-of-canterbury-504532,the,2012,301
usn-university-of-canterbury-504532,the,2013,301
usn-university-of-canterbury-504532,the,2014,301
usn-university-of-canterbury-504532,the,2015,301
usn-university-of-canterbury-504532,the,2016,401
usn-university-of-canterbury-504532,the,2017,351
usn-university-of-canterbury-504532,the,2018,351
usn-university-of-canterbury-504532,the,2019,301
usn-university-of-canterbury-504532,the,2020,301
usn-university-of-canterbury-504532,the,2021,401
usn-university-of-canterbury-504532,the,2022,501
usn-university-of-canterbury-504532,the,2023,601
usn-university-of-canterbury-504532,the,2024,501
usn-university-of-canterbury-504532,the,2025,501
usn-university-of-canterbury-504532,the,2026,601
university-milano-bicocca,qs,2026,544
usn-guangzhou-university-529537,usnews,2026,546
usn-guangzhou-university-529537,the,2022,601
usn-guangzhou-university-529537,the,2023,601
usn-guangzhou-university-529537,the,2024,801
usn-guangzhou-university-529537,the,2025,601
universiti-teknologi-mara-uitm,qs,2026,549
usn-copenhagen-business-school-502092,usnews,2026,550
usn-copenhagen-business-school-502092,the,2016,201
usn-copenhagen-business-school-502092,the,2017,251
usn-copenhagen-business-school-502092,the,2018,201
usn-copenhagen-business-school-502092,the,2019,201
usn-copenhagen-business-school-502092,the,2020,201
usn-copenhagen-business-school-502092,the,2021,201
usn-copenhagen-business-school-502092,the,2022,201
usn-copenhagen-business-school-502092,the,2023,251
usn-copenhagen-business-school-502092,the,2024,301
usn-ural-federal-university-529237,usnews,2026,550
usn-ural-federal-university-529237,the,2016,601
usn-ural-federal-university-529237,the,2017,801
usn-ural-federal-university-529237,the,2018,1001
usn-ural-federal-university-529237,the,2019,1001
usn-ural-federal-university-529237,the,2020,1001
usn-ural-federal-university-529237,the,2021,1001
usn-ural-federal-university-529237,the,2022,1001
usn-ural-federal-university-529237,the,2023,1201
usn-ural-federal-university-529237,the,2024,1001
usn-ural-federal-university-529237,the,2025,1001
usn-ural-federal-university-529237,the,2026,801
usn-vienna-university-of-technology-502163,usnews,2026,550
ain-shams-university-cairo-asu-cairo,qs,2026,551
universidad-de-santiago-de-chile-usach,qs,2026,551
universidad-de-santiago-de-chile-usach,usnews,2026,1163
chiang-mai-university,qs,2026,555
chiang-mai-university,usnews,2026,693
chiang-mai-university,the,2016,601
chiang-mai-university,the,2017,601
chiang-mai-university,the,2018,801
chiang-mai-university,the,2019,801
chiang-mai-university,the,2020,1001
chiang-mai-university,the,2021,1001
chiang-mai-university,the,2022,1001
chiang-mai-university,the,2023,1001
chiang-mai-university,the,2024,801
chiang-mai-university,the,2025,1001
chiang-mai-university,the,2026,1001
inha-university,qs,2026,555
inha-university,usnews,2026,1167
inha-university,the,2016,601
inha-university,the,2017,601
inha-university,the,2018,601
inha-university,the,2019,801
inha-university,the,2020,801
inha-university,the,2021,801
inha-university,the,2022,1001
inha-university,the,2023,1001
inha-university,the,2024,801
inha-university,the,2025,801
inha-university,the,2026,801
jawaharlal-nehru-university,qs,2026,555
jawaharlal-nehru-university,usnews,2026,1174
jawaharlal-nehru-university,the,2020,601
jawaharlal-nehru-university,the,2021,601
jawaharlal-nehru-university,the,2022,601
jawaharlal-nehru-university,the,2023,601
jawaharlal-nehru-university,the,2024,601
jawaharlal-nehru-university,the,2025,801
jawaharlal-nehru-university,the,2026,801
thammasat-university,qs,2026,555
thammasat-university,usnews,2026,1500
thammasat-university,the,2019,1001
thammasat-university,the,2020,1001
thammasat-university,the,2021,1001
thammasat-university,the,2022,1201
thammasat-university,the,2023,1201
thammasat-university,the,2024,1201
thammasat-university,the,2025,1201
thammasat-university,the,2026,1201
usn-medical-college-of-wisconsin-239169,usnews,2026,555
usn-medical-college-of-wisconsin-239169,the,2016,301
usn-ahmadu-bello-university-530203,usnews,2026,558
usn-ahmadu-bello-university-530203,the,2025,1001
usn-ahmadu-bello-university-530203,the,2026,1201
pakistan-institute-engineering-applied-sciences-pieas,qs,2026,560
university-salamanca,qs,2026,560
university-salamanca,usnews,2026,806
university-salamanca,the,2016,501
university-salamanca,the,2017,601
university-salamanca,the,2018,601
university-salamanca,the,2019,601
university-salamanca,the,2020,601
university-salamanca,the,2021,801
university-salamanca,the,2022,801
university-salamanca,the,2023,801
university-salamanca,the,2024,801
university-salamanca,the,2025,801
university-salamanca,the,2026,801
texas-tech-university,qs,2026,761
texas-tech-university,usnews,2026,562
texas-tech-university,the,2016,601
texas-tech-university,the,2017,601
texas-tech-university,the,2018,501
texas-tech-university,the,2019,601
texas-tech-university,the,2020,601
texas-tech-university,the,2021,601
texas-tech-university,the,2022,601
texas-tech-university,the,2023,801
texas-tech-university,the,2024,601
texas-tech-university,the,2025,601
texas-tech-university,the,2026,601
usn-china-university-of-mining-529045,usnews,2026,564
baku-state-university,qs,2026,565
baku-state-university,the,2022,1201
baku-state-university,the,2023,1501
baku-state-university,the,2024,1501
baku-state-university,the,2025,1501
baku-state-university,the,2026,1501
universite-paul-sabatier-toulouse-iii,qs,2026,565
usn-nanjing-medical-university-500938,usnews,2026,565
usn-nanjing-medical-university-500938,the,2017,601
usn-nanjing-medical-university-500938,the,2018,601
usn-nanjing-medical-university-500938,the,2019,601
usn-nanjing-medical-university-500938,the,2020,601
usn-nanjing-medical-university-500938,the,2021,601
usn-nanjing-medical-university-500938,the,2022,601
usn-nanjing-medical-university-500938,the,2023,1001
usn-nanjing-medical-university-500938,the,2024,801
usn-nanjing-medical-university-500938,the,2025,801
usn-nanjing-medical-university-500938,the,2026,801
universitat-jena,qs,2026,567
university-zagreb,qs,2026,721
university-zagreb,usnews,2026,568
university-zagreb,the,2017,801
university-zagreb,the,2018,801
university-zagreb,the,2019,801
university-zagreb,the,2020,1001
university-zagreb,the,2021,1001
university-zagreb,the,2022,1001
university-zagreb,the,2023,1201
university-zagreb,the,2024,1001
university-zagreb,the,2025,1201
university-zagreb,the,2026,1201
usn-university-of-giessen-500790,usnews,2026,568
hacettepe-university,qs,2026,570
hacettepe-university,usnews,2026,657
hacettepe-university,the,2016,601
hacettepe-university,the,2017,601
hacettepe-university,the,2018,601
hacettepe-university,the,2019,501
hacettepe-university,the,2020,501
hacettepe-university,the,2021,501
hacettepe-university,the,2022,601
hacettepe-university,the,2023,601
hacettepe-university,the,2024,601
hacettepe-university,the,2025,801
hacettepe-university,the,2026,801
paris-lodron-university-salzburg,qs,2026,572
paris-lodron-university-salzburg,the,2023,601
paris-lodron-university-salzburg,the,2024,601
paris-lodron-university-salzburg,the,2025,601
paris-lodron-university-salzburg,the,2026,601
university-minho,qs,2026,572
university-minho,usnews,2026,668
university-minho,the,2013,351
university-minho,the,2014,351
university-minho,the,2015,351
university-minho,the,2016,501
university-minho,the,2017,501
university-minho,the,2018,601
university-minho,the,2019,601
university-minho,the,2020,601
university-minho,the,2021,801
university-minho,the,2022,801
university-minho,the,2023,801
university-minho,the,2024,601
university-minho,the,2025,601
university-minho,the,2026,601
usn-national-research-university-higher-school-of-economics-529129,usnews,2026,573
usn-university-of-management-technology-umt-530206,usnews,2026,573
usn-university-of-management-technology-umt-530206,the,2023,501
usn-university-of-management-technology-umt-530206,the,2024,801
usn-university-of-management-technology-umt-530206,the,2025,801
usn-university-of-management-technology-umt-530206,the,2026,801
usn-university-of-tennessee-health-science-center-499917,usnews,2026,573
birla-institute-technology-science-pilani,qs,2026,575
birla-institute-technology-science-pilani,usnews,2026,1033
birla-institute-technology-science-pilani,the,2016,601
birla-institute-technology-science-pilani,the,2017,601
birla-institute-technology-science-pilani,the,2018,801
birla-institute-technology-science-pilani,the,2019,801
birla-institute-technology-science-pilani,the,2020,1001
birla-institute-technology-science-pilani,the,2021,1001
birla-institute-technology-science-pilani,the,2022,801
birla-institute-technology-science-pilani,the,2023,801
birla-institute-technology-science-pilani,the,2024,801
birla-institute-technology-science-pilani,the,2025,601
birla-institute-technology-science-pilani,the,2026,801
hitotsubashi-university,qs,2026,575
hitotsubashi-university,the,2025,1201
hitotsubashi-university,the,2026,1201
philipps-universitat-marburg,qs,2026,951
philipps-universitat-marburg,usnews,2026,578
usn-shoolini-university-530173,usnews,2026,578
usn-unesp-universidade-estadual-paulista-503331,usnews,2026,578
usn-university-of-hannover-503676,usnews,2026,578
ateneo-de-manila-university,qs,2026,581
ateneo-de-manila-university,the,2023,351
ateneo-de-manila-university,the,2024,1001
ateneo-de-manila-university,the,2025,1001
ateneo-de-manila-university,the,2026,1001
coventry-university,qs,2026,581
coventry-university,usnews,2026,1033
coventry-university,the,2016,601
coventry-university,the,2017,601
coventry-university,the,2018,601
coventry-university,the,2019,601
coventry-university,the,2020,601
coventry-university,the,2021,601
coventry-university,the,2022,601
coventry-university,the,2023,801
coventry-university,the,2024,601
coventry-university,the,2025,601
coventry-university,the,2026,601
usn-federal-university-of-sao-paulo-501953,usnews,2026,583
usn-south-china-agricultural-university-529032,usnews,2026,583
brno-university-technology,qs,2026,588
brno-university-technology,usnews,2026,1075
brno-university-technology,the,2016,401
brno-university-technology,the,2017,601
brno-university-technology,the,2018,801
brno-university-technology,the,2019,801
brno-university-technology,the,2020,1001
brno-university-technology,the,2021,1001
brno-university-technology,the,2022,1201
brno-university-technology,the,2023,1201
brno-university-technology,the,2024,1001
brno-university-technology,the,2025,1001
brno-university-technology,the,2026,1201
indian-institute-technology-hyderabad-iith,qs,2026,588
indian-institute-technology-hyderabad-iith,usnews,2026,1322
indian-institute-technology-hyderabad-iith,the,2019,601
indian-institute-technology-hyderabad-iith,the,2020,601
indian-institute-technology-hyderabad-iith,the,2021,601
universiti-malaysia-pahang-al-sultan-abdullah-umpsa,qs,2026,588
universiti-malaysia-pahang-al-sultan-abdullah-umpsa,the,2023,801
universiti-malaysia-pahang-al-sultan-abdullah-umpsa,the,2024,601
universiti-malaysia-pahang-al-sultan-abdullah-umpsa,the,2025,601
universiti-malaysia-pahang-al-sultan-abdullah-umpsa,the,2026,601
university-punjab,qs,2026,588
university-punjab,usnews,2026,762
university-punjab,the,2020,801
university-punjab,the,2021,1001
university-punjab,the,2022,1001
university-punjab,the,2023,801
university-punjab,the,2024,801
university-punjab,the,2025,801
university-punjab,the,2026,801
usn-north-west-university-south-africa-528970,usnews,2026,588
usn-national-university-of-sciences-and-technology-pakistan-529152,usnews,2026,590
addis-ababa-university,qs,2026,951
addis-ababa-university,usnews,2026,592
addis-ababa-university,the,2022,401
addis-ababa-university,the,2023,601
technische-universitat-bergakademie-freiberg,qs,2026,594
ulster-university,qs,2026,595
ulster-university,usnews,2026,991
ulster-university,the,2016,401
ulster-university,the,2017,501
ulster-university,the,2018,501
ulster-university,the,2019,601
ulster-university,the,2020,601
ulster-university,the,2021,601
ulster-university,the,2022,601
ulster-university,the,2023,601
ulster-university,the,2024,601
ulster-university,the,2025,601
ulster-university,the,2026,601
vellore-institute-technology-vit-vellore-india,qs,2026,597
university-nevada-las-vegas,qs,2026,1201
university-nevada-las-vegas,usnews,2026,599
university-nevada-las-vegas,the,2019,601
university-nevada-las-vegas,the,2020,601
university-nevada-las-vegas,the,2021,601
university-nevada-las-vegas,the,2022,801
university-nevada-las-vegas,the,2023,601
university-nevada-las-vegas,the,2024,601
university-nevada-las-vegas,the,2025,601
university-nevada-las-vegas,the,2026,601
usn-university-of-texas-medical-branch-galveston-228653,usnews,2026,599
manchester-metropolitan-university,qs,2026,600
manchester-metropolitan-university,usnews,2026,693
manchester-metropolitan-university,the,2016,501
manchester-metropolitan-university,the,2017,601
manchester-metropolitan-university,the,2018,601
manchester-metropolitan-university,the,2019,601
manchester-metropolitan-university,the,2020,601
manchester-metropolitan-university,the,2021,601
manchester-metropolitan-university,the,2022,601
manchester-metropolitan-university,the,2023,601
manchester-metropolitan-university,the,2024,501
manchester-metropolitan-university,the,2025,601
manchester-metropolitan-university,the,2026,601
tallinn-university-technology-taltech,qs,2026,600
tallinn-university-technology-taltech,usnews,2026,1127
tallinn-university-technology-taltech,the,2016,501
tallinn-university-technology-taltech,the,2017,601
tallinn-university-technology-taltech,the,2018,601
tallinn-university-technology-taltech,the,2019,601
tallinn-university-technology-taltech,the,2020,801
tallinn-university-technology-taltech,the,2021,801
tallinn-university-technology-taltech,the,2022,601
tallinn-university-technology-taltech,the,2023,601
tallinn-university-technology-taltech,the,2024,601
tallinn-university-technology-taltech,the,2025,601
tallinn-university-technology-taltech,the,2026,601
university-debrecen,qs,2026,600
university-debrecen,usnews,2026,904
university-debrecen,the,2016,601
university-debrecen,the,2017,801
university-debrecen,the,2018,801
university-debrecen,the,2019,801
university-debrecen,the,2020,801
university-debrecen,the,2021,801
university-debrecen,the,2022,801
university-debrecen,the,2023,1001
university-debrecen,the,2024,601
university-debrecen,the,2025,801
university-debrecen,the,2026,801
university-dhaka,qs,2026,600
university-dhaka,usnews,2026,673
university-dhaka,the,2016,601
university-dhaka,the,2018,1001
university-dhaka,the,2020,1001
university-dhaka,the,2021,1001
university-dhaka,the,2022,801
university-dhaka,the,2023,601
university-dhaka,the,2024,801
university-dhaka,the,2025,1001
university-dhaka,the,2026,801
management-science-university,qs,2026,608
management-science-university,the,2025,801
management-science-university,the,2026,601
universiti-teknologi-brunei,qs,2026,613
universiti-teknologi-brunei,the,2025,801
universiti-teknologi-brunei,the,2026,601
american-university-middle-east,qs,2026,616
american-university-middle-east,usnews,2026,1471
american-university-middle-east,the,2025,401
american-university-middle-east,the,2026,601
isfahan-university-technology,qs,2026,620
isfahan-university-technology,usnews,2026,1030
isfahan-university-technology,the,2015,351
isfahan-university-technology,the,2016,501
isfahan-university-technology,the,2017,601
isfahan-university-technology,the,2018,601
isfahan-university-technology,the,2019,601
isfahan-university-technology,the,2020,601
isfahan-university-technology,the,2021,601
isfahan-university-technology,the,2022,801
isfahan-university-technology,the,2023,1001
isfahan-university-technology,the,2024,601
isfahan-university-technology,the,2025,601
isfahan-university-technology,the,2026,601
national-research-nuclear-university-mephi-moscow-engineering-physics-institute,qs,2026,626
national-research-nuclear-university-mephi-moscow-engineering-physics-institute,usnews,2026,770
national-research-nuclear-university-mephi-moscow-engineering-physics-institute,the,2013,226
national-research-nuclear-university-mephi-moscow-engineering-physics-institute,the,2016,251
national-research-nuclear-university-mephi-moscow-engineering-physics-institute,the,2017,401
national-research-nuclear-university-mephi-moscow-engineering-physics-institute,the,2018,401
national-research-nuclear-university-mephi-moscow-engineering-physics-institute,the,2019,351
national-research-nuclear-university-mephi-moscow-engineering-physics-institute,the,2020,401
national-research-nuclear-university-mephi-moscow-engineering-physics-institute,the,2021,401
national-research-nuclear-university-mephi-moscow-engineering-physics-institute,the,2022,401
national-research-nuclear-university-mephi-moscow-engineering-physics-institute,the,2023,401
national-research-nuclear-university-mephi-moscow-engineering-physics-institute,the,2024,401
national-research-nuclear-university-mephi-moscow-engineering-physics-institute,the,2025,501
national-research-nuclear-university-mephi-moscow-engineering-physics-institute,the,2026,601
yildiz-technical-university,qs,2026,634
yildiz-technical-university,usnews,2026,1174
yildiz-technical-university,the,2016,601
yildiz-technical-university,the,2017,801
yildiz-technical-university,the,2018,801
yildiz-technical-university,the,2020,1001
yildiz-technical-university,the,2021,1001
yildiz-technical-university,the,2022,1001
yildiz-technical-university,the,2023,1001
yildiz-technical-university,the,2024,801
yildiz-technical-university,the,2025,801
yildiz-technical-university,the,2026,601
american-university,qs,2026,646
american-university,usnews,2026,719
american-university,the,2016,401
american-university,the,2017,401
american-university,the,2018,351
american-university,the,2019,301
american-university,the,2020,401
american-university,the,2021,401
american-university,the,2022,501
american-university,the,2023,601
american-university,the,2024,601
american-university,the,2025,601
american-university,the,2026,601
otto-von-guericke-universitat-magdeburg,qs,2026,646
otto-von-guericke-universitat-magdeburg,the,2016,501
otto-von-guericke-universitat-magdeburg,the,2017,501
otto-von-guericke-universitat-magdeburg,the,2018,601
otto-von-guericke-universitat-magdeburg,the,2019,601
otto-von-guericke-universitat-magdeburg,the,2024,601
otto-von-guericke-universitat-magdeburg,the,2026,601
university-crete,qs,2026,649
university-crete,usnews,2026,673
university-crete,the,2012,276
university-crete,the,2013,301
university-crete,the,2014,301
university-crete,the,2015,301
university-crete,the,2016,351
university-crete,the,2017,301
university-crete,the,2018,351
university-crete,the,2019,351
university-crete,the,2020,351
university-crete,the,2021,351
university-crete,the,2022,401
university-crete,the,2023,401
university-crete,the,2024,501
university-crete,the,2025,601
university-crete,the,2026,601
catholic-university-korea-cuk,qs,2026,652
catholic-university-korea-cuk,usnews,2026,1203
catholic-university-korea-cuk,the,2021,1001
catholic-university-korea-cuk,the,2022,1001
catholic-university-korea-cuk,the,2023,1201
catholic-university-korea-cuk,the,2024,601
catholic-university-korea-cuk,the,2025,601
catholic-university-korea-cuk,the,2026,601
symbiosis-international-deemed-university,qs,2026,655
symbiosis-international-deemed-university,usnews,2026,762
symbiosis-international-deemed-university,the,2022,801
symbiosis-international-deemed-university,the,2023,801
symbiosis-international-deemed-university,the,2024,1001
symbiosis-international-deemed-university,the,2025,601
symbiosis-international-deemed-university,the,2026,601
chang-gung-university,qs,2026,662
chang-gung-university,usnews,2026,1216
chang-gung-university,the,2016,601
chang-gung-university,the,2017,601
chang-gung-university,the,2018,601
chang-gung-university,the,2019,601
chang-gung-university,the,2020,801
chang-gung-university,the,2021,801
chang-gung-university,the,2022,801
chang-gung-university,the,2023,1001
chang-gung-university,the,2024,601
chang-gung-university,the,2025,601
chang-gung-university,the,2026,601
toronto-metropolitan-university-formerly-ryerson-university,qs,2026,669
toronto-metropolitan-university-formerly-ryerson-university,the,2020,601
toronto-metropolitan-university-formerly-ryerson-university,the,2021,601
toronto-metropolitan-university-formerly-ryerson-university,the,2022,801
toronto-metropolitan-university-formerly-ryerson-university,the,2023,801
toronto-metropolitan-university-formerly-ryerson-university,the,2024,601
toronto-metropolitan-university-formerly-ryerson-university,the,2025,601
toronto-metropolitan-university-formerly-ryerson-university,the,2026,601
beirut-arab-university,qs,2026,670
beirut-arab-university,the,2023,601
beirut-arab-university,the,2024,501
beirut-arab-university,the,2025,601
beirut-arab-university,the,2026,601
lehigh-university,qs,2026,670
lehigh-university,usnews,2026,1049
lehigh-university,the,2012,301
lehigh-university,the,2013,351
lehigh-university,the,2014,301
lehigh-university,the,2015,351
lehigh-university,the,2016,401
lehigh-university,the,2017,401
lehigh-university,the,2018,501
lehigh-university,the,2019,501
lehigh-university,the,2020,601
lehigh-university,the,2021,601
lehigh-university,the,2022,601
lehigh-university,the,2023,601
lehigh-university,the,2024,601
lehigh-university,the,2025,601
lehigh-university,the,2026,601
university-klagenfurt,qs,2026,683
university-klagenfurt,the,2020,301
university-klagenfurt,the,2021,301
university-klagenfurt,the,2022,351
university-klagenfurt,the,2023,401
university-klagenfurt,the,2024,501
university-klagenfurt,the,2025,501
university-klagenfurt,the,2026,601
university-tabriz,qs,2026,686
university-tabriz,usnews,2026,663
university-tabriz,the,2018,601
university-tabriz,the,2019,601
university-tabriz,the,2020,601
university-tabriz,the,2021,601
university-tabriz,the,2022,601
university-tabriz,the,2023,601
university-tabriz,the,2024,501
university-tabriz,the,2025,601
university-tabriz,the,2026,601
eastern-mediterranean-university,qs,2026,691
eastern-mediterranean-university,usnews,2026,875
eastern-mediterranean-university,the,2017,601
eastern-mediterranean-university,the,2018,601
eastern-mediterranean-university,the,2019,601
eastern-mediterranean-university,the,2020,801
eastern-mediterranean-university,the,2021,801
eastern-mediterranean-university,the,2022,501
eastern-mediterranean-university,the,2023,501
eastern-mediterranean-university,the,2024,601
eastern-mediterranean-university,the,2025,601
eastern-mediterranean-university,the,2026,601
government-college-university-faisalabad,qs,2026,691
government-college-university-faisalabad,usnews,2026,853
government-college-university-faisalabad,the,2021,801
government-college-university-faisalabad,the,2022,601
government-college-university-faisalabad,the,2023,501
government-college-university-faisalabad,the,2024,601
government-college-university-faisalabad,the,2025,601
government-college-university-faisalabad,the,2026,601
thapar-institute-engineering-technology,qs,2026,701
thapar-institute-engineering-technology,the,2018,801
thapar-institute-engineering-technology,the,2019,801
thapar-institute-engineering-technology,the,2020,601
thapar-institute-engineering-technology,the,2021,601
thapar-institute-engineering-technology,the,2022,501
thapar-institute-engineering-technology,the,2023,601
thapar-institute-engineering-technology,the,2024,601
thapar-institute-engineering-technology,the,2025,601
thapar-institute-engineering-technology,the,2026,601
bar-ilan-university,qs,2026,711
bar-ilan-university,usnews,2026,856
bar-ilan-university,the,2012,301
bar-ilan-university,the,2016,401
bar-ilan-university,the,2017,401
bar-ilan-university,the,2018,401
bar-ilan-university,the,2019,401
bar-ilan-university,the,2020,501
bar-ilan-university,the,2021,501
bar-ilan-university,the,2022,601
bar-ilan-university,the,2023,601
bar-ilan-university,the,2024,501
bar-ilan-university,the,2025,601
bar-ilan-university,the,2026,601
bharathiar-university,qs,2026,711
bharathiar-university,usnews,2026,1636
bharathiar-university,the,2021,801
bharathiar-university,the,2022,801
bharathiar-university,the,2023,801
bharathiar-university,the,2024,601
bharathiar-university,the,2025,801
bharathiar-university,the,2026,601
universidade-federal-do-rio-grande-do-sul,qs,2026,741
universidade-federal-do-rio-grande-do-sul,the,2016,601
universidade-federal-do-rio-grande-do-sul,the,2017,601
universidade-federal-do-rio-grande-do-sul,the,2018,601
universidade-federal-do-rio-grande-do-sul,the,2019,601
universidade-federal-do-rio-grande-do-sul,the,2020,601
universidade-federal-do-rio-grande-do-sul,the,2021,601
universidade-federal-do-rio-grande-do-sul,the,2022,601
universidade-federal-do-rio-grande-do-sul,the,2023,601
universidade-federal-do-rio-grande-do-sul,the,2024,601
universidade-federal-do-rio-grande-do-sul,the,2025,601
universidade-federal-do-rio-grande-do-sul,the,2026,601
uwe-bristol-university-west-england,qs,2026,761
uwe-bristol-university-west-england,the,2016,601
uwe-bristol-university-west-england,the,2017,601
uwe-bristol-university-west-england,the,2018,601
uwe-bristol-university-west-england,the,2019,601
uwe-bristol-university-west-england,the,2020,601
uwe-bristol-university-west-england,the,2021,401
uwe-bristol-university-west-england,the,2022,401
uwe-bristol-university-west-england,the,2023,401
uwe-bristol-university-west-england,the,2024,501
uwe-bristol-university-west-england,the,2025,601
uwe-bristol-university-west-england,the,2026,601
qassim-university,qs,2026,781
qassim-university,usnews,2026,904
qassim-university,the,2021,1001
qassim-university,the,2022,1201
qassim-university,the,2023,1201
qassim-university,the,2024,801
qassim-university,the,2025,601
qassim-university,the,2026,601
university-greenwich,qs,2026,791
university-greenwich,usnews,2026,932
university-greenwich,the,2016,601
university-greenwich,the,2017,601
university-greenwich,the,2018,601
university-greenwich,the,2019,601
university-greenwich,the,2020,601
university-greenwich,the,2021,601
university-greenwich,the,2022,601
university-greenwich,the,2023,501
university-greenwich,the,2024,501
university-greenwich,the,2025,501
university-greenwich,the,2026,601
aberystwyth-university,qs,2026,801
aberystwyth-university,usnews,2026,1298
aberystwyth-university,the,2012,276
aberystwyth-university,the,2013,276
aberystwyth-university,the,2014,301
aberystwyth-university,the,2015,351
aberystwyth-university,the,2016,301
aberystwyth-university,the,2017,301
aberystwyth-university,the,2018,301
aberystwyth-university,the,2019,351
aberystwyth-university,the,2020,401
aberystwyth-university,the,2021,401
aberystwyth-university,the,2022,501
aberystwyth-university,the,2023,501
aberystwyth-university,the,2024,501
aberystwyth-university,the,2025,601
aberystwyth-university,the,2026,601
edinburgh-napier-university,qs,2026,801
edinburgh-napier-university,usnews,2026,912
edinburgh-napier-university,the,2017,601
edinburgh-napier-university,the,2018,601
edinburgh-napier-university,the,2019,601
edinburgh-napier-university,the,2020,801
edinburgh-napier-university,the,2021,601
edinburgh-napier-university,the,2022,501
edinburgh-napier-university,the,2023,401
edinburgh-napier-university,the,2024,501
edinburgh-napier-university,the,2025,501
edinburgh-napier-university,the,2026,601
egypt-japan-university-science-technology,qs,2026,801
egypt-japan-university-science-technology,usnews,2026,1490
egypt-japan-university-science-technology,the,2024,601
egypt-japan-university-science-technology,the,2025,501
egypt-japan-university-science-technology,the,2026,601
ton-duc-thang-university,qs,2026,801
ton-duc-thang-university,usnews,2026,615
ton-duc-thang-university,the,2022,401
ton-duc-thang-university,the,2023,401
ton-duc-thang-university,the,2024,601
ton-duc-thang-university,the,2025,601
ton-duc-thang-university,the,2026,601
university-maryland-baltimore-county,qs,2026,801
university-maryland-baltimore-county,usnews,2026,862
university-maryland-baltimore-county,the,2012,301
university-maryland-baltimore-county,the,2013,301
university-maryland-baltimore-county,the,2014,351
university-maryland-baltimore-county,the,2016,401
university-maryland-baltimore-county,the,2017,401
university-maryland-baltimore-county,the,2018,401
university-maryland-baltimore-county,the,2019,501
university-maryland-baltimore-county,the,2020,601
university-maryland-baltimore-county,the,2021,601
university-maryland-baltimore-county,the,2022,601
university-maryland-baltimore-county,the,2023,601
university-maryland-baltimore-county,the,2024,601
university-maryland-baltimore-county,the,2025,601
university-maryland-baltimore-county,the,2026,601
university-mons,qs,2026,801
university-mons,usnews,2026,1142
university-mons,the,2023,501
university-mons,the,2024,501
university-mons,the,2025,601
university-mons,the,2026,601
auburn-university,qs,2026,851
auburn-university,usnews,2026,612
auburn-university,the,2012,350
auburn-university,the,2016,501
auburn-university,the,2017,601
auburn-university,the,2018,601
auburn-university,the,2019,601
auburn-university,the,2020,601
auburn-university,the,2021,601
auburn-university,the,2022,601
auburn-university,the,2023,601
auburn-university,the,2024,501
auburn-university,the,2025,601
auburn-university,the,2026,601
de-montfort-university,qs,2026,851
de-montfort-university,usnews,2026,1081
de-montfort-university,the,2016,501
de-montfort-university,the,2017,601
de-montfort-university,the,2018,601
de-montfort-university,the,2019,601
de-montfort-university,the,2020,601
de-montfort-university,the,2021,601
de-montfort-university,the,2022,601
de-montfort-university,the,2023,601
de-montfort-university,the,2024,601
de-montfort-university,the,2025,601
de-montfort-university,the,2026,601
iscte-university-institute-lisbon,qs,2026,851
iscte-university-institute-lisbon,the,2017,601
iscte-university-institute-lisbon,the,2018,601
iscte-university-institute-lisbon,the,2019,601
iscte-university-institute-lisbon,the,2020,601
iscte-university-institute-lisbon,the,2021,601
iscte-university-institute-lisbon,the,2022,601
iscte-university-institute-lisbon,the,2023,801
iscte-university-institute-lisbon,the,2024,601
iscte-university-institute-lisbon,the,2025,601
iscte-university-institute-lisbon,the,2026,601
universitat-rovira-i-virgili,qs,2026,851
universitat-rovira-i-virgili,usnews,2026,920
universitat-rovira-i-virgili,the,2014,351
universitat-rovira-i-virgili,the,2016,401
universitat-rovira-i-virgili,the,2017,401
universitat-rovira-i-virgili,the,2018,401
universitat-rovira-i-virgili,the,2019,401
universitat-rovira-i-virgili,the,2020,501
universitat-rovira-i-virgili,the,2021,601
universitat-rovira-i-virgili,the,2022,601
universitat-rovira-i-virgili,the,2023,601
universitat-rovira-i-virgili,the,2024,501
universitat-rovira-i-virgili,the,2025,601
universitat-rovira-i-virgili,the,2026,601
universiti-pendidikan-sultan-idris-upsi,qs,2026,851
universiti-pendidikan-sultan-idris-upsi,the,2022,801
universiti-pendidikan-sultan-idris-upsi,the,2023,801
universiti-pendidikan-sultan-idris-upsi,the,2024,601
universiti-pendidikan-sultan-idris-upsi,the,2025,601
universiti-pendidikan-sultan-idris-upsi,the,2026,601
university-calabria,qs,2026,851
university-calabria,usnews,2026,972
university-calabria,the,2017,351
university-calabria,the,2018,401
university-calabria,the,2019,401
university-calabria,the,2020,601
university-calabria,the,2021,601
university-calabria,the,2022,601
university-calabria,the,2023,801
university-calabria,the,2024,501
university-calabria,the,2025,601
university-calabria,the,2026,601
university-hertfordshire,qs,2026,851
university-hertfordshire,usnews,2026,688
university-hertfordshire,the,2012,301
university-hertfordshire,the,2013,351
university-hertfordshire,the,2014,301
university-hertfordshire,the,2015,351
university-hertfordshire,the,2016,501
university-hertfordshire,the,2017,501
university-hertfordshire,the,2018,501
university-hertfordshire,the,2019,601
university-hertfordshire,the,2020,601
university-hertfordshire,the,2021,801
university-hertfordshire,the,2022,601
university-hertfordshire,the,2023,601
university-hertfordshire,the,2024,601
university-hertfordshire,the,2025,601
university-hertfordshire,the,2026,601
dhofar-university,qs,2026,901
dhofar-university,the,2026,601
london-south-bank-university,qs,2026,901
london-south-bank-university,usnews,2026,1147
london-south-bank-university,the,2017,801
london-south-bank-university,the,2018,801
london-south-bank-university,the,2019,1001
london-south-bank-university,the,2020,1001
london-south-bank-university,the,2021,1001
london-south-bank-university,the,2022,801
london-south-bank-university,the,2023,601
london-south-bank-university,the,2024,601
london-south-bank-university,the,2025,601
london-south-bank-university,the,2026,601
louisiana-state-university,qs,2026,901
louisiana-state-university,the,2016,401
louisiana-state-university,the,2017,501
louisiana-state-university,the,2018,401
louisiana-state-university,the,2019,501
louisiana-state-university,the,2020,501
louisiana-state-university,the,2021,501
louisiana-state-university,the,2022,601
louisiana-state-university,the,2023,601
louisiana-state-university,the,2024,601
louisiana-state-university,the,2025,601
louisiana-state-university,the,2026,601
oklahoma-state-university,qs,2026,901
oklahoma-state-university,usnews,2026,758
oklahoma-state-university,the,2016,501
oklahoma-state-university,the,2017,501
oklahoma-state-university,the,2018,501
oklahoma-state-university,the,2019,501
oklahoma-state-university,the,2020,401
oklahoma-state-university,the,2021,401
oklahoma-state-university,the,2022,501
oklahoma-state-university,the,2023,601
oklahoma-state-university,the,2024,601
oklahoma-state-university,the,2025,601
oklahoma-state-university,the,2026,601
university-beira-interior,qs,2026,901
university-beira-interior,usnews,2026,1380
university-beira-interior,the,2017,601
university-beira-interior,the,2018,601
university-beira-interior,the,2019,601
university-beira-interior,the,2020,601
university-beira-interior,the,2021,601
university-beira-interior,the,2022,601
university-beira-interior,the,2023,801
university-beira-interior,the,2024,601
university-beira-interior,the,2025,601
university-beira-interior,the,2026,601
university-brighton,qs,2026,901
university-brighton,usnews,2026,1049
university-brighton,the,2016,601
university-brighton,the,2017,601
university-brighton,the,2018,601
university-brighton,the,2019,601
university-brighton,the,2020,601
university-brighton,the,2021,601
university-brighton,the,2022,601
university-brighton,the,2023,801
university-brighton,the,2024,801
university-brighton,the,2025,601
university-brighton,the,2026,601
worcester-polytechnic-institute,qs,2026,901
worcester-polytechnic-institute,usnews,2026,1449
worcester-polytechnic-institute,the,2019,501
worcester-polytechnic-institute,the,2020,601
worcester-polytechnic-institute,the,2021,601
worcester-polytechnic-institute,the,2022,601
worcester-polytechnic-institute,the,2023,801
worcester-polytechnic-institute,the,2024,601
worcester-polytechnic-institute,the,2025,601
worcester-polytechnic-institute,the,2026,601
yarmouk-university,qs,2026,901
yarmouk-university,usnews,2026,809
yarmouk-university,the,2019,1001
yarmouk-university,the,2020,1001
yarmouk-university,the,2021,1001
yarmouk-university,the,2022,1201
yarmouk-university,the,2023,1001
yarmouk-university,the,2024,1201
yarmouk-university,the,2025,1001
yarmouk-university,the,2026,601
charles-sturt-university,qs,2026,951
charles-sturt-university,usnews,2026,770
charles-sturt-university,the,2021,801
charles-sturt-university,the,2022,801
charles-sturt-university,the,2023,1001
charles-sturt-university,the,2024,801
charles-sturt-university,the,2025,801
charles-sturt-university,the,2026,601
jouf-university,qs,2026,951
jouf-university,the,2023,601
jouf-university,the,2024,601
jouf-university,the,2025,801
jouf-university,the,2026,601
rochester-institute-technology-rit,qs,2026,951
rochester-institute-technology-rit,usnews,2026,721
rochester-institute-technology-rit,the,2016,601
rochester-institute-technology-rit,the,2017,601
rochester-institute-technology-rit,the,2018,601
rochester-institute-technology-rit,the,2019,601
rochester-institute-technology-rit,the,2020,801
rochester-institute-technology-rit,the,2021,801
rochester-institute-technology-rit,the,2022,801
rochester-institute-technology-rit,the,2023,1001
rochester-institute-technology-rit,the,2024,801
rochester-institute-technology-rit,the,2025,601
rochester-institute-technology-rit,the,2026,601
university-alaska-fairbanks,qs,2026,951
university-alaska-fairbanks,usnews,2026,1112
university-alaska-fairbanks,the,2014,276
university-alaska-fairbanks,the,2016,301
university-alaska-fairbanks,the,2017,301
university-alaska-fairbanks,the,2018,301
university-alaska-fairbanks,the,2019,301
university-alaska-fairbanks,the,2020,351
university-alaska-fairbanks,the,2021,401
university-alaska-fairbanks,the,2022,401
university-alaska-fairbanks,the,2023,401
university-alaska-fairbanks,the,2024,501
university-alaska-fairbanks,the,2025,601
university-alaska-fairbanks,the,2026,601
aligarh-muslim-university,qs,2026,1001
aligarh-muslim-university,usnews,2026,701
aligarh-muslim-university,the,2016,601
aligarh-muslim-university,the,2017,601
aligarh-muslim-university,the,2018,601
aligarh-muslim-university,the,2019,801
aligarh-muslim-university,the,2020,801
aligarh-muslim-university,the,2021,801
aligarh-muslim-university,the,2022,801
aligarh-muslim-university,the,2023,801
aligarh-muslim-university,the,2024,601
aligarh-muslim-university,the,2025,601
aligarh-muslim-university,the,2026,601
anglia-ruskin-university,qs,2026,1001
anglia-ruskin-university,usnews,2026,603
anglia-ruskin-university,the,2017,301
anglia-ruskin-university,the,2018,301
anglia-ruskin-university,the,2019,301
anglia-ruskin-university,the,2020,301
anglia-ruskin-university,the,2021,301
anglia-ruskin-university,the,2022,301
anglia-ruskin-university,the,2023,301
anglia-ruskin-university,the,2024,501
anglia-ruskin-university,the,2025,501
anglia-ruskin-university,the,2026,601
bahauddin-zakariya-university,qs,2026,1001
bahauddin-zakariya-university,usnews,2026,795
bahauddin-zakariya-university,the,2017,801
bahauddin-zakariya-university,the,2018,1001
bahauddin-zakariya-university,the,2019,1001
bahauddin-zakariya-university,the,2020,1001
bahauddin-zakariya-university,the,2021,1001
bahauddin-zakariya-university,the,2022,1201
bahauddin-zakariya-university,the,2023,1001
bahauddin-zakariya-university,the,2024,1001
bahauddin-zakariya-university,the,2025,1001
bahauddin-zakariya-university,the,2026,601
chitkara-university,qs,2026,1001
chitkara-university,the,2025,601
chitkara-university,the,2026,601
city-university-macau,qs,2026,1001
city-university-macau,usnews,2026,1021
city-university-macau,the,2026,601
harbin-engineering-university,qs,2026,1001
harbin-engineering-university,usnews,2026,651
harbin-engineering-university,the,2019,1001
harbin-engineering-university,the,2023,1201
harbin-engineering-university,the,2024,801
harbin-engineering-university,the,2025,801
harbin-engineering-university,the,2026,601
kansas-state-university,qs,2026,1001
kansas-state-university,usnews,2026,647
kansas-state-university,the,2012,350
kansas-state-university,the,2014,301
kansas-state-university,the,2015,301
kansas-state-university,the,2016,501
kansas-state-university,the,2017,501
kansas-state-university,the,2018,601
kansas-state-university,the,2019,601
kansas-state-university,the,2020,601
kansas-state-university,the,2021,601
kansas-state-university,the,2022,801
kansas-state-university,the,2023,801
kansas-state-university,the,2024,601
kansas-state-university,the,2025,601
kansas-state-university,the,2026,601
london-metropolitan-university,qs,2026,1001
london-metropolitan-university,the,2017,601
london-metropolitan-university,the,2025,601
london-metropolitan-university,the,2026,601
mississippi-state-university,qs,2026,1001
mississippi-state-university,usnews,2026,888
mississippi-state-university,the,2018,601
mississippi-state-university,the,2019,601
mississippi-state-university,the,2020,801
mississippi-state-university,the,2021,801
mississippi-state-university,the,2022,1001
mississippi-state-university,the,2023,801
mississippi-state-university,the,2024,601
mississippi-state-university,the,2025,601
mississippi-state-university,the,2026,601
obuda-university,qs,2026,1001
obuda-university,usnews,2026,1101
obuda-university,the,2022,1001
obuda-university,the,2023,1001
obuda-university,the,2024,1001
obuda-university,the,2025,601
obuda-university,the,2026,601
university-texas-arlington,qs,2026,1001
university-texas-arlington,usnews,2026,875
university-texas-arlington,the,2016,501
university-texas-arlington,the,2017,501
university-texas-arlington,the,2018,501
university-texas-arlington,the,2019,601
university-texas-arlington,the,2020,601
university-texas-arlington,the,2021,601
university-texas-arlington,the,2022,601
university-texas-arlington,the,2023,601
university-texas-arlington,the,2024,601
university-texas-arlington,the,2025,601
university-texas-arlington,the,2026,601
university-hail,qs,2026,1001
university-hail,usnews,2026,648
university-hail,the,2022,351
university-hail,the,2023,351
university-hail,the,2024,601
university-hail,the,2025,601
university-hail,the,2026,601
university-parma,qs,2026,1001
university-parma,usnews,2026,739
university-parma,the,2016,401
university-parma,the,2017,501
university-parma,the,2018,401
university-parma,the,2019,501
university-parma,the,2020,601
university-parma,the,2021,601
university-parma,the,2022,601
university-parma,the,2023,601
university-parma,the,2024,601
university-parma,the,2025,601
university-parma,the,2026,601
university-tabuk,qs,2026,1001
university-tabuk,usnews,2026,859
university-tabuk,the,2022,401
university-tabuk,the,2023,501
university-tabuk,the,2024,801
university-tabuk,the,2025,801
university-tabuk,the,2026,601
university-western-cape,qs,2026,1001
university-western-cape,usnews,2026,657
university-western-cape,the,2017,601
university-western-cape,the,2018,601
university-western-cape,the,2019,601
university-western-cape,the,2020,601
university-western-cape,the,2021,601
university-western-cape,the,2022,601
university-western-cape,the,2023,601
university-western-cape,the,2024,601
university-western-cape,the,2025,601
university-western-cape,the,2026,601
xian-jiaotong-liverpool-university,qs,2026,1001
xian-jiaotong-liverpool-university,the,2021,601
xian-jiaotong-liverpool-university,the,2022,601
xian-jiaotong-liverpool-university,the,2023,601
xian-jiaotong-liverpool-university,the,2024,601
xian-jiaotong-liverpool-university,the,2025,601
xian-jiaotong-liverpool-university,the,2026,601
yuan-ze-university,qs,2026,1001
yuan-ze-university,usnews,2026,1484
yuan-ze-university,the,2012,350
yuan-ze-university,the,2016,601
yuan-ze-university,the,2017,601
yuan-ze-university,the,2018,801
yuan-ze-university,the,2019,1001
yuan-ze-university,the,2020,1001
yuan-ze-university,the,2021,1001
yuan-ze-university,the,2022,1201
yuan-ze-university,the,2023,1201
yuan-ze-university,the,2024,1201
yuan-ze-university,the,2025,801
yuan-ze-university,the,2026,601
new-mexico-state-university,qs,2026,1201
new-mexico-state-university,usnews,2026,987
new-mexico-state-university,the,2016,501
new-mexico-state-university,the,2017,401
new-mexico-state-university,the,2018,601
new-mexico-state-university,the,2019,601
new-mexico-state-university,the,2020,601
new-mexico-state-university,the,2021,601
new-mexico-state-university,the,2022,801
new-mexico-state-university,the,2023,801
new-mexico-state-university,the,2024,801
new-mexico-state-university,the,2025,801
new-mexico-state-university,the,2026,601
ohio-university,qs,2026,1201
ohio-university,usnews,2026,697
ohio-university,the,2016,601
ohio-university,the,2017,601
ohio-university,the,2020,601
ohio-university,the,2021,601
ohio-university,the,2022,601
ohio-university,the,2023,801
ohio-university,the,2024,601
ohio-university,the,2025,601
ohio-university,the,2026,601
universitat-paderborn,qs,2026,1201
universitat-paderborn,usnews,2026,1424
universitat-paderborn,the,2017,501
universitat-paderborn,the,2025,501
universitat-paderborn,the,2026,601
university-cagliari,qs,2026,1201
university-cagliari,usnews,2026,663
university-cagliari,the,2016,401
university-cagliari,the,2017,501
university-cagliari,the,2018,601
university-cagliari,the,2019,601
university-cagliari,the,2025,601
university-cagliari,the,2026,601
university-derby,qs,2026,1201
university-derby,usnews,2026,1481
university-derby,the,2018,801
university-derby,the,2019,801
university-derby,the,2020,801
university-derby,the,2021,801
university-derby,the,2022,601
university-derby,the,2023,601
university-derby,the,2024,601
university-derby,the,2025,601
university-derby,the,2026,601
university-neuchatel,qs,2026,1201
university-neuchatel,usnews,2026,1388
university-neuchatel,the,2016,401
university-neuchatel,the,2017,401
university-neuchatel,the,2018,401
university-neuchatel,the,2019,501
university-neuchatel,the,2020,501
university-neuchatel,the,2021,401
university-neuchatel,the,2022,601
university-neuchatel,the,2023,501
university-neuchatel,the,2024,401
university-neuchatel,the,2025,501
university-neuchatel,the,2026,601
university-north-carolina-charlotte,qs,2026,1201
university-north-carolina-charlotte,usnews,2026,727
university-north-carolina-charlotte,the,2022,801
university-north-carolina-charlotte,the,2023,601
university-north-carolina-charlotte,the,2024,601
university-north-carolina-charlotte,the,2025,601
university-north-carolina-charlotte,the,2026,601
university-passau,qs,2026,1201
university-passau,the,2018,201
university-passau,the,2019,201
university-passau,the,2020,251
university-passau,the,2021,301
university-passau,the,2022,351
university-passau,the,2023,401
university-passau,the,2024,401
university-passau,the,2025,501
university-passau,the,2026,601
university-toledo,qs,2026,1201
university-toledo,usnews,2026,1147
university-toledo,the,2016,501
university-toledo,the,2017,501
university-toledo,the,2018,501
university-toledo,the,2019,501
university-toledo,the,2020,601
university-toledo,the,2021,601
university-toledo,the,2022,601
university-toledo,the,2023,601
university-toledo,the,2024,601
university-toledo,the,2025,601
university-toledo,the,2026,601
usn-cyprus-international-university-530612,usnews,2026,615
usn-cyprus-international-university-530612,the,2025,601
usn-cyprus-international-university-530612,the,2026,601
usn-polytechnic-university-of-valencia-501850,usnews,2026,633
usn-polytechnic-university-of-valencia-501850,the,2012,350
usn-polytechnic-university-of-valencia-501850,the,2013,351
usn-polytechnic-university-of-valencia-501850,the,2014,351
usn-polytechnic-university-of-valencia-501850,the,2016,601
usn-polytechnic-university-of-valencia-501850,the,2017,501
usn-polytechnic-university-of-valencia-501850,the,2018,501
usn-polytechnic-university-of-valencia-501850,the,2019,601
usn-polytechnic-university-of-valencia-501850,the,2020,801
usn-polytechnic-university-of-valencia-501850,the,2021,801
usn-polytechnic-university-of-valencia-501850,the,2022,801
usn-polytechnic-university-of-valencia-501850,the,2023,801
usn-polytechnic-university-of-valencia-501850,the,2024,601
usn-polytechnic-university-of-valencia-501850,the,2025,601
usn-polytechnic-university-of-valencia-501850,the,2026,601
usn-czech-university-of-life-sciences-prague-529098,usnews,2026,673
usn-czech-university-of-life-sciences-prague-529098,the,2017,801
usn-czech-university-of-life-sciences-prague-529098,the,2018,801
usn-czech-university-of-life-sciences-prague-529098,the,2019,801
usn-czech-university-of-life-sciences-prague-529098,the,2020,1001
usn-czech-university-of-life-sciences-prague-529098,the,2021,1001
usn-czech-university-of-life-sciences-prague-529098,the,2022,1001
usn-czech-university-of-life-sciences-prague-529098,the,2023,1001
usn-czech-university-of-life-sciences-prague-529098,the,2024,801
usn-czech-university-of-life-sciences-prague-529098,the,2025,801
usn-czech-university-of-life-sciences-prague-529098,the,2026,601
usn-jazan-university-514902,usnews,2026,688
usn-jazan-university-514902,the,2023,401
usn-jazan-university-514902,the,2024,801
usn-jazan-university-514902,the,2025,801
usn-jazan-university-514902,the,2026,601
usn-panjab-university-528843,usnews,2026,713
usn-panjab-university-528843,the,2014,226
usn-panjab-university-528843,the,2015,276
usn-panjab-university-528843,the,2016,501
usn-panjab-university-528843,the,2017,601
usn-panjab-university-528843,the,2018,601
usn-panjab-university-528843,the,2019,601
usn-panjab-university-528843,the,2020,601
usn-panjab-university-528843,the,2021,601
usn-panjab-university-528843,the,2022,601
usn-panjab-university-528843,the,2023,801
usn-panjab-university-528843,the,2024,601
usn-panjab-university-528843,the,2025,601
usn-panjab-university-528843,the,2026,601
usn-tarbiat-modares-university-528825,usnews,2026,783
usn-tarbiat-modares-university-528825,the,2026,601
usn-university-of-arkansas-106397,usnews,2026,840
usn-university-of-arkansas-106397,the,2016,501
usn-university-of-arkansas-106397,the,2017,501
usn-university-of-arkansas-106397,the,2018,501
usn-university-of-arkansas-106397,the,2019,601
usn-university-of-arkansas-106397,the,2020,601
usn-university-of-arkansas-106397,the,2021,601
usn-university-of-arkansas-106397,the,2022,601
usn-university-of-arkansas-106397,the,2023,601
usn-university-of-arkansas-106397,the,2024,601
usn-university-of-arkansas-106397,the,2025,501
usn-university-of-arkansas-106397,the,2026,601
usn-university-of-udine-504338,usnews,2026,842
usn-university-of-udine-504338,the,2019,501
usn-university-of-udine-504338,the,2020,501
usn-university-of-udine-504338,the,2021,601
usn-university-of-udine-504338,the,2022,601
usn-university-of-udine-504338,the,2023,501
usn-university-of-udine-504338,the,2024,601
usn-university-of-udine-504338,the,2025,601
usn-university-of-udine-504338,the,2026,601
usn-university-of-wuppertal-529387,usnews,2026,932
usn-university-of-wuppertal-529387,the,2020,501
usn-university-of-wuppertal-529387,the,2021,601
usn-university-of-wuppertal-529387,the,2022,601
usn-university-of-wuppertal-529387,the,2023,601
usn-university-of-wuppertal-529387,the,2024,501
usn-university-of-wuppertal-529387,the,2025,501
usn-university-of-wuppertal-529387,the,2026,601
usn-shahid-beheshti-university-medical-sciences-501678,usnews,2026,944
usn-shahid-beheshti-university-medical-sciences-501678,the,2019,801
usn-shahid-beheshti-university-medical-sciences-501678,the,2020,601
usn-shahid-beheshti-university-medical-sciences-501678,the,2021,601
usn-shahid-beheshti-university-medical-sciences-501678,the,2022,601
usn-shahid-beheshti-university-medical-sciences-501678,the,2023,1001
usn-shahid-beheshti-university-medical-sciences-501678,the,2024,601
usn-shahid-beheshti-university-medical-sciences-501678,the,2025,601
usn-shahid-beheshti-university-medical-sciences-501678,the,2026,601
usn-babol-university-of-medical-sciences-530160,usnews,2026,987
usn-babol-university-of-medical-sciences-530160,the,2023,401
usn-babol-university-of-medical-sciences-530160,the,2024,601
usn-babol-university-of-medical-sciences-530160,the,2025,601
usn-babol-university-of-medical-sciences-530160,the,2026,601
usn-orebro-university-528966,usnews,2026,1021
usn-orebro-university-528966,the,2016,301
usn-orebro-university-528966,the,2017,351
usn-orebro-university-528966,the,2018,351
usn-orebro-university-528966,the,2019,401
usn-orebro-university-528966,the,2020,351
usn-orebro-university-528966,the,2021,351
usn-orebro-university-528966,the,2022,401
usn-orebro-university-528966,the,2023,401
usn-orebro-university-528966,the,2024,601
usn-orebro-university-528966,the,2025,501
usn-orebro-university-528966,the,2026,601
usn-iran-university-of-medical-sciences-529414,usnews,2026,1033
usn-iran-university-of-medical-sciences-529414,the,2019,801
usn-iran-university-of-medical-sciences-529414,the,2020,601
usn-iran-university-of-medical-sciences-529414,the,2021,501
usn-iran-university-of-medical-sciences-529414,the,2022,501
usn-iran-university-of-medical-sciences-529414,the,2023,601
usn-iran-university-of-medical-sciences-529414,the,2024,601
usn-iran-university-of-medical-sciences-529414,the,2025,601
usn-iran-university-of-medical-sciences-529414,the,2026,601
usn-urmia-university-of-medical-sciences-530162,usnews,2026,1033
usn-urmia-university-of-medical-sciences-530162,the,2022,501
usn-urmia-university-of-medical-sciences-530162,the,2023,401
usn-urmia-university-of-medical-sciences-530162,the,2024,601
usn-urmia-university-of-medical-sciences-530162,the,2025,601
usn-urmia-university-of-medical-sciences-530162,the,2026,601
usn-university-of-central-punjab-530570,usnews,2026,1061
usn-university-of-central-punjab-530570,the,2025,801
usn-university-of-central-punjab-530570,the,2026,601
usn-university-of-insubria-528983,usnews,2026,1132
usn-university-of-insubria-528983,the,2020,501
usn-university-of-insubria-528983,the,2021,501
usn-university-of-insubria-528983,the,2022,401
usn-university-of-insubria-528983,the,2023,501
usn-university-of-insubria-528983,the,2024,601
usn-university-of-insubria-528983,the,2025,601
usn-university-of-insubria-528983,the,2026,601
usn-alborz-university-of-medical-sciences-530763,usnews,2026,1183
usn-alborz-university-of-medical-sciences-530763,the,2025,601
usn-alborz-university-of-medical-sciences-530763,the,2026,601
usn-parthenope-university-naples-529142,usnews,2026,1216
usn-parthenope-university-naples-529142,the,2021,601
usn-parthenope-university-naples-529142,the,2022,601
usn-parthenope-university-naples-529142,the,2023,801
usn-parthenope-university-naples-529142,the,2024,601
usn-parthenope-university-naples-529142,the,2025,601
usn-parthenope-university-naples-529142,the,2026,601
usn-university-of-teesside-530257,usnews,2026,1224
usn-university-of-teesside-530257,the,2017,601
usn-university-of-teesside-530257,the,2018,601
usn-university-of-teesside-530257,the,2019,801
usn-university-of-teesside-530257,the,2020,801
usn-university-of-teesside-530257,the,2021,801
usn-university-of-teesside-530257,the,2022,1001
usn-university-of-teesside-530257,the,2023,1001
usn-university-of-teesside-530257,the,2024,1001
usn-university-of-teesside-530257,the,2025,801
usn-university-of-teesside-530257,the,2026,601
usn-university-of-laquila-528961,usnews,2026,1246
usn-university-of-laquila-528961,the,2020,501
usn-university-of-laquila-528961,the,2021,501
usn-university-of-laquila-528961,the,2022,501
usn-university-of-laquila-528961,the,2023,501
usn-university-of-laquila-528961,the,2024,501
usn-university-of-laquila-528961,the,2025,601
usn-university-of-laquila-528961,the,2026,601
usn-babol-noshirvani-university-of-technology-529310,usnews,2026,1290
usn-babol-noshirvani-university-of-technology-529310,the,2018,301
usn-babol-noshirvani-university-of-technology-529310,the,2019,351
usn-babol-noshirvani-university-of-technology-529310,the,2020,351
usn-babol-noshirvani-university-of-technology-529310,the,2021,351
usn-babol-noshirvani-university-of-technology-529310,the,2022,351
usn-babol-noshirvani-university-of-technology-529310,the,2023,401
usn-babol-noshirvani-university-of-technology-529310,the,2024,501
usn-babol-noshirvani-university-of-technology-529310,the,2025,501
usn-babol-noshirvani-university-of-technology-529310,the,2026,601
usn-graphic-era-university-530576,usnews,2026,1347
usn-graphic-era-university-530576,the,2023,601
usn-graphic-era-university-530576,the,2026,601
usn-majmaah-university-513835,usnews,2026,1443
usn-majmaah-university-513835,the,2023,601
usn-majmaah-university-513835,the,2025,601
usn-majmaah-university-513835,the,2026,601
usn-tuscia-university-529091,usnews,2026,1495
usn-tuscia-university-529091,the,2021,501
usn-tuscia-university-529091,the,2022,501
usn-tuscia-university-529091,the,2023,501
usn-tuscia-university-529091,the,2024,601
usn-tuscia-university-529091,the,2025,601
usn-tuscia-university-529091,the,2026,601
usn-national-institute-of-technology-rourkela-529700,usnews,2026,1509
usn-national-institute-of-technology-rourkela-529700,the,2017,601
usn-national-institute-of-technology-rourkela-529700,the,2018,601
usn-national-institute-of-technology-rourkela-529700,the,2019,601
usn-national-institute-of-technology-rourkela-529700,the,2020,801
usn-national-institute-of-technology-rourkela-529700,the,2021,801
usn-national-institute-of-technology-rourkela-529700,the,2022,801
usn-national-institute-of-technology-rourkela-529700,the,2023,1001
usn-national-institute-of-technology-rourkela-529700,the,2024,601
usn-national-institute-of-technology-rourkela-529700,the,2025,801
usn-national-institute-of-technology-rourkela-529700,the,2026,601
usn-sharda-university-530583,usnews,2026,1721
usn-sharda-university-530583,the,2025,1201
usn-sharda-university-530583,the,2026,601
usn-indian-institute-of-technology-patna-529821,usnews,2026,1829
usn-indian-institute-of-technology-patna-529821,the,2020,801
usn-indian-institute-of-technology-patna-529821,the,2021,1001
usn-indian-institute-of-technology-patna-529821,the,2022,801
usn-indian-institute-of-technology-patna-529821,the,2023,801
usn-indian-institute-of-technology-patna-529821,the,2024,601
usn-indian-institute-of-technology-patna-529821,the,2025,601
usn-indian-institute-of-technology-patna-529821,the,2026,601
the-suny-university-albany,the,2012,226
the-suny-university-albany,the,2013,301
the-suny-university-albany,the,2014,301
the-suny-university-albany,the,2015,226
the-suny-university-albany,the,2016,401
the-suny-university-albany,the,2017,501
the-suny-university-albany,the,2019,401
the-suny-university-albany,the,2020,351
the-suny-university-albany,the,2021,251
the-suny-university-albany,the,2022,351
the-suny-university-albany,the,2023,501
the-suny-university-albany,the,2025,501
the-suny-university-albany,the,2026,601
the-uit-arctic-university-norway,the,2012,276
the-uit-arctic-university-norway,the,2013,301
the-uit-arctic-university-norway,the,2014,351
the-uit-arctic-university-norway,the,2015,351
the-uit-arctic-university-norway,the,2016,351
the-uit-arctic-university-norway,the,2017,401
the-uit-arctic-university-norway,the,2018,401
the-uit-arctic-university-norway,the,2019,401
the-uit-arctic-university-norway,the,2020,401
the-uit-arctic-university-norway,the,2021,351
the-uit-arctic-university-norway,the,2022,351
the-uit-arctic-university-norway,the,2023,501
the-uit-arctic-university-norway,the,2024,501
the-uit-arctic-university-norway,the,2025,601
the-uit-arctic-university-norway,the,2026,601
the-suny-binghamton-university,the,2012,301
the-suny-binghamton-university,the,2013,351
the-suny-binghamton-university,the,2016,351
the-suny-binghamton-university,the,2017,351
the-suny-binghamton-university,the,2018,401
the-suny-binghamton-university,the,2019,501
the-suny-binghamton-university,the,2020,501
the-suny-binghamton-university,the,2021,501
the-suny-binghamton-university,the,2022,601
the-suny-binghamton-university,the,2023,601
the-suny-binghamton-university,the,2024,601
the-suny-binghamton-university,the,2025,601
the-suny-binghamton-university,the,2026,601
the-universitat-politecnica-de-catalunya,the,2012,350
the-universitat-politecnica-de-catalunya,the,2016,401
the-universitat-politecnica-de-catalunya,the,2017,401
the-universitat-politecnica-de-catalunya,the,2018,401
the-universitat-politecnica-de-catalunya,the,2019,501
the-universitat-politecnica-de-catalunya,the,2020,601
the-universitat-politecnica-de-catalunya,the,2021,601
the-universitat-politecnica-de-catalunya,the,2022,601
the-universitat-politecnica-de-catalunya,the,2023,801
the-universitat-politecnica-de-catalunya,the,2024,601
the-universitat-politecnica-de-catalunya,the,2025,601
the-universitat-politecnica-de-catalunya,the,2026,601
the-university-bari-aldo-moro,the,2012,350
the-university-bari-aldo-moro,the,2014,351
the-university-bari-aldo-moro,the,2015,351
the-university-bari-aldo-moro,the,2016,401
the-university-bari-aldo-moro,the,2017,401
the-university-bari-aldo-moro,the,2018,401
the-university-bari-aldo-moro,the,2019,401
the-university-bari-aldo-moro,the,2020,401
the-university-bari-aldo-moro,the,2021,401
the-university-bari-aldo-moro,the,2022,501
the-university-bari-aldo-moro,the,2023,601
the-university-bari-aldo-moro,the,2024,601
the-university-bari-aldo-moro,the,2025,601
the-university-bari-aldo-moro,the,2026,601
the-universite-de-rennes-1,the,2016,501
the-universite-de-rennes-1,the,2017,501
the-universite-de-rennes-1,the,2019,601
the-universite-de-rennes-1,the,2020,601
the-universite-de-rennes-1,the,2021,601
the-universite-de-rennes-1,the,2022,801
the-universite-de-rennes-1,the,2023,801
the-universite-de-rennes-1,the,2024,801
the-universite-de-rennes-1,the,2025,601
the-universite-de-rennes-1,the,2026,601
the-university-santiago-de-compostela,the,2016,501
the-university-santiago-de-compostela,the,2017,601
the-university-santiago-de-compostela,the,2018,601
the-university-santiago-de-compostela,the,2019,601
the-university-santiago-de-compostela,the,2020,601
the-university-santiago-de-compostela,the,2021,801
the-university-santiago-de-compostela,the,2022,801
the-university-santiago-de-compostela,the,2023,601
the-university-santiago-de-compostela,the,2024,601
the-university-santiago-de-compostela,the,2025,601
the-university-santiago-de-compostela,the,2026,601
the-national-university-sciences-and-technology,the,2016,601
the-national-university-sciences-and-technology,the,2017,601
the-national-university-sciences-and-technology,the,2018,601
the-national-university-sciences-and-technology,the,2019,801
the-national-university-sciences-and-technology,the,2020,801
the-national-university-sciences-and-technology,the,2021,801
the-national-university-sciences-and-technology,the,2022,801
the-national-university-sciences-and-technology,the,2023,801
the-national-university-sciences-and-technology,the,2024,601
the-national-university-sciences-and-technology,the,2025,601
the-national-university-sciences-and-technology,the,2026,601
the-universidade-estadual-paulista-unesp,the,2016,601
the-universidade-estadual-paulista-unesp,the,2017,601
the-universidade-estadual-paulista-unesp,the,2018,601
the-universidade-estadual-paulista-unesp,the,2019,801
the-universidade-estadual-paulista-unesp,the,2020,801
the-universidade-estadual-paulista-unesp,the,2021,801
the-universidade-estadual-paulista-unesp,the,2022,1001
the-universidade-estadual-paulista-unesp,the,2023,1001
the-universidade-estadual-paulista-unesp,the,2024,601
the-universidade-estadual-paulista-unesp,the,2025,801
the-universidade-estadual-paulista-unesp,the,2026,601
the-university-lille,the,2017,401
the-university-lille,the,2018,401
the-university-lille,the,2019,401
the-university-lille,the,2020,601
the-university-lille,the,2021,601
the-university-lille,the,2022,501
the-university-lille,the,2023,501
the-university-lille,the,2024,601
the-university-lille,the,2025,601
the-university-lille,the,2026,601
the-university-west-scotland,the,2017,601
the-university-west-scotland,the,2018,501
the-university-west-scotland,the,2019,401
the-university-west-scotland,the,2020,501
the-university-west-scotland,the,2021,501
the-university-west-scotland,the,2022,501
the-university-west-scotland,the,2023,601
the-university-west-scotland,the,2024,601
the-university-west-scotland,the,2025,601
the-university-west-scotland,the,2026,601
the-amity-university-noida,the,2017,801
the-amity-university-noida,the,2018,1001
the-amity-university-noida,the,2019,1001
the-amity-university-noida,the,2020,1001
the-amity-university-noida,the,2021,1001
the-amity-university-noida,the,2022,1201
the-amity-university-noida,the,2023,1001
the-amity-university-noida,the,2024,801
the-amity-university-noida,the,2025,601
the-amity-university-noida,the,2026,601
the-manipal-academy-higher-education,the,2017,801
the-manipal-academy-higher-education,the,2018,1001
the-manipal-academy-higher-education,the,2019,1001
the-manipal-academy-higher-education,the,2020,1001
the-manipal-academy-higher-education,the,2021,1001
the-manipal-academy-higher-education,the,2022,1001
the-manipal-academy-higher-education,the,2023,801
the-manipal-academy-higher-education,the,2024,601
the-manipal-academy-higher-education,the,2025,801
the-manipal-academy-higher-education,the,2026,601
the-nanjing-tech-university,the,2017,801
the-nanjing-tech-university,the,2018,601
the-nanjing-tech-university,the,2019,601
the-nanjing-tech-university,the,2020,801
the-nanjing-tech-university,the,2021,601
the-nanjing-tech-university,the,2022,801
the-nanjing-tech-university,the,2023,801
the-nanjing-tech-university,the,2024,601
the-nanjing-tech-university,the,2025,601
the-nanjing-tech-university,the,2026,601
the-vit-university,the,2017,801
the-vit-university,the,2018,801
the-vit-university,the,2019,801
the-vit-university,the,2020,801
the-vit-university,the,2021,801
the-vit-university,the,2022,801
the-vit-university,the,2023,801
the-vit-university,the,2024,601
the-vit-university,the,2025,601
the-vit-university,the,2026,601
the-university-aizu,the,2018,601
the-university-aizu,the,2019,601
the-university-aizu,the,2020,601
the-university-aizu,the,2021,601
the-university-aizu,the,2022,601
the-university-aizu,the,2023,801
the-university-aizu,the,2024,601
the-university-aizu,the,2025,601
the-university-aizu,the,2026,601
the-university-veterinary-and-animal-sciences-lahore,the,2018,1001
the-university-veterinary-and-animal-sciences-lahore,the,2019,1001
the-university-veterinary-and-animal-sciences-lahore,the,2020,1001
the-university-veterinary-and-animal-sciences-lahore,the,2021,1001
the-university-veterinary-and-animal-sciences-lahore,the,2022,1201
the-university-veterinary-and-animal-sciences-lahore,the,2023,1001
the-university-veterinary-and-animal-sciences-lahore,the,2024,801
the-university-veterinary-and-animal-sciences-lahore,the,2025,801
the-university-veterinary-and-animal-sciences-lahore,the,2026,601
the-centrale-nantes,the,2019,401
the-centrale-nantes,the,2020,401
the-centrale-nantes,the,2021,401
the-centrale-nantes,the,2022,501
the-centrale-nantes,the,2023,501
the-centrale-nantes,the,2024,401
the-centrale-nantes,the,2025,501
the-centrale-nantes,the,2026,601
the-ecole-des-mines-de-saint-etienne,the,2020,401
the-ecole-des-mines-de-saint-etienne,the,2021,601
the-ecole-des-mines-de-saint-etienne,the,2022,401
the-ecole-des-mines-de-saint-etienne,the,2023,501
the-ecole-des-mines-de-saint-etienne,the,2024,601
the-ecole-des-mines-de-saint-etienne,the,2025,601
the-ecole-des-mines-de-saint-etienne,the,2026,601
the-amedeo-avogadro-university-eastern-piedmont,the,2020,601
the-amedeo-avogadro-university-eastern-piedmont,the,2021,601
the-amedeo-avogadro-university-eastern-piedmont,the,2022,801
the-amedeo-avogadro-university-eastern-piedmont,the,2023,601
the-amedeo-avogadro-university-eastern-piedmont,the,2024,601
the-amedeo-avogadro-university-eastern-piedmont,the,2025,801
the-amedeo-avogadro-university-eastern-piedmont,the,2026,601
the-tabriz-university-medical-sciences,the,2020,601
the-tabriz-university-medical-sciences,the,2021,601
the-tabriz-university-medical-sciences,the,2022,601
the-tabriz-university-medical-sciences,the,2023,601
the-tabriz-university-medical-sciences,the,2024,501
the-tabriz-university-medical-sciences,the,2025,601
the-tabriz-university-medical-sciences,the,2026,601
the-tu-braunschweig,the,2020,601
the-tu-braunschweig,the,2021,601
the-tu-braunschweig,the,2022,601
the-tu-braunschweig,the,2023,601
the-tu-braunschweig,the,2024,501
the-tu-braunschweig,the,2025,501
the-tu-braunschweig,the,2026,601
the-isfahan-university-medical-sciences,the,2020,801
the-isfahan-university-medical-sciences,the,2021,801
the-isfahan-university-medical-sciences,the,2022,801
the-isfahan-university-medical-sciences,the,2023,1001
the-isfahan-university-medical-sciences,the,2024,801
the-isfahan-university-medical-sciences,the,2025,801
the-isfahan-university-medical-sciences,the,2026,601
the-shiraz-university-medical-sciences,the,2020,1001
the-shiraz-university-medical-sciences,the,2021,1001
the-shiraz-university-medical-sciences,the,2022,801
the-shiraz-university-medical-sciences,the,2023,801
the-shiraz-university-medical-sciences,the,2024,801
the-shiraz-university-medical-sciences,the,2025,801
the-shiraz-university-medical-sciences,the,2026,601
the-sruc-scotlands-rural-college,the,2021,401
the-sruc-scotlands-rural-college,the,2022,401
the-sruc-scotlands-rural-college,the,2023,401
the-sruc-scotlands-rural-college,the,2024,601
the-sruc-scotlands-rural-college,the,2025,601
the-sruc-scotlands-rural-college,the,2026,601
the-university-new-brunswick-unb,the,2021,801
the-university-new-brunswick-unb,the,2022,601
the-university-new-brunswick-unb,the,2023,601
the-university-new-brunswick-unb,the,2024,601
the-university-new-brunswick-unb,the,2025,601
the-university-new-brunswick-unb,the,2026,601
the-harokopio-university-athens,the,2022,351
the-harokopio-university-athens,the,2023,501
the-harokopio-university-athens,the,2024,601
the-harokopio-university-athens,the,2025,601
the-harokopio-university-athens,the,2026,601
the-international-institute-information-technology-hyderabad,the,2022,601
the-international-institute-information-technology-hyderabad,the,2023,501
the-international-institute-information-technology-hyderabad,the,2024,601
the-international-institute-information-technology-hyderabad,the,2025,601
the-international-institute-information-technology-hyderabad,the,2026,601
the-imam-mohammad-ibn-saud-islamic-university,the,2023,351
the-imam-mohammad-ibn-saud-islamic-university,the,2024,401
the-imam-mohammad-ibn-saud-islamic-university,the,2025,601
the-imam-mohammad-ibn-saud-islamic-university,the,2026,601
the-qazvin-university-medical-sciences,the,2023,401
the-qazvin-university-medical-sciences,the,2024,601
the-qazvin-university-medical-sciences,the,2025,601
the-qazvin-university-medical-sciences,the,2026,601
the-ecole-nationale-des-travaux-publics-de-letat-entpe,the,2023,801
the-ecole-nationale-des-travaux-publics-de-letat-entpe,the,2024,601
the-ecole-nationale-des-travaux-publics-de-letat-entpe,the,2025,601
the-ecole-nationale-des-travaux-publics-de-letat-entpe,the,2026,601
the-air-university,the,2024,601
the-air-university,the,2025,601
the-air-university,the,2026,601
the-malaviya-national-institute-technology,the,2024,601
the-malaviya-national-institute-technology,the,2025,601
the-malaviya-national-institute-technology,the,2026,601
the-golestan-university,the,2025,601
the-golestan-university,the,2026,601
the-lorestan-university-medical-sciences,the,2025,601
the-lorestan-university-medical-sciences,the,2026,601
the-sukkur-iba-university,the,2025,601
the-sukkur-iba-university,the,2026,601
the-uees-espiritu-santo-university,the,2025,601
the-uees-espiritu-santo-university,the,2026,601
the-kadir-has-university,the,2025,801
the-kadir-has-university,the,2026,601
usn-hangzhou-normal-university-529205,usnews,2026,605
usn-hangzhou-normal-university-529205,the,2025,1001
usn-hangzhou-normal-university-529205,the,2026,1001
usn-university-of-the-andes-colombia-528846,usnews,2026,605
usn-university-of-the-andes-colombia-528846,the,2013,351
usn-university-of-the-andes-colombia-528846,the,2014,251
usn-university-of-the-andes-colombia-528846,the,2015,251
usn-university-of-the-andes-colombia-528846,the,2016,501
usn-university-of-the-andes-colombia-528846,the,2017,501
usn-university-of-the-andes-colombia-528846,the,2018,601
usn-university-of-the-andes-colombia-528846,the,2019,601
usn-university-of-the-andes-colombia-528846,the,2020,601
usn-university-of-the-andes-colombia-528846,the,2021,801
usn-university-of-the-andes-colombia-528846,the,2022,801
usn-university-of-the-andes-colombia-528846,the,2023,1001
usn-university-of-the-andes-colombia-528846,the,2024,801
usn-university-of-the-andes-colombia-528846,the,2025,1001
usn-university-of-the-andes-colombia-528846,the,2026,1001
american-university-ras-al-khaimah,qs,2026,608
lahore-university-management-sciences-lums,qs,2026,608
lahore-university-management-sciences-lums,usnews,2026,1298
lahore-university-management-sciences-lums,the,2020,801
lahore-university-management-sciences-lums,the,2021,801
lahore-university-management-sciences-lums,the,2022,801
lahore-university-management-sciences-lums,the,2023,601
lahore-university-management-sciences-lums,the,2024,801
lahore-university-management-sciences-lums,the,2025,801
lahore-university-management-sciences-lums,the,2026,801
usn-nanjing-university-of-technology-501774,usnews,2026,609
university-rajshahi,qs,2026,1401
university-rajshahi,usnews,2026,612
university-rajshahi,the,2024,1001
university-rajshahi,the,2025,1001
university-rajshahi,the,2026,1001
national-chengchi-university,qs,2026,613
national-chengchi-university,usnews,2026,2014
national-chengchi-university,the,2016,601
national-chengchi-university,the,2017,801
national-chengchi-university,the,2018,601
national-chengchi-university,the,2019,801
national-chengchi-university,the,2020,801
national-chengchi-university,the,2021,801
national-chengchi-university,the,2022,1001
national-chengchi-university,the,2023,1201
national-chengchi-university,the,2024,1001
national-chengchi-university,the,2025,1201
national-chengchi-university,the,2026,1201
clemson-university,qs,2026,951
clemson-university,usnews,2026,615
clemson-university,the,2012,350
clemson-university,the,2016,601
clemson-university,the,2017,601
clemson-university,the,2020,601
clemson-university,the,2021,601
clemson-university,the,2022,801
clemson-university,the,2023,801
usn-yunnan-university-529189,usnews,2026,615
canadian-university-dubai,qs,2026,616
universitas-brawijaya,qs,2026,616
universitas-brawijaya,usnews,2026,2036
universitas-brawijaya,the,2020,1001
universitas-brawijaya,the,2021,1001
universitas-brawijaya,the,2022,1201
universitas-brawijaya,the,2023,1501
universitas-brawijaya,the,2024,1501
universitas-brawijaya,the,2025,1501
universitas-brawijaya,the,2026,1501
peter-great-st-petersburg-polytechnic-university,qs,2026,619
peter-great-st-petersburg-polytechnic-university,usnews,2026,991
peter-great-st-petersburg-polytechnic-university,the,2016,201
peter-great-st-petersburg-polytechnic-university,the,2017,601
peter-great-st-petersburg-polytechnic-university,the,2018,601
peter-great-st-petersburg-polytechnic-university,the,2019,601
peter-great-st-petersburg-polytechnic-university,the,2020,501
peter-great-st-petersburg-polytechnic-university,the,2021,301
peter-great-st-petersburg-polytechnic-university,the,2022,301
peter-great-st-petersburg-polytechnic-university,the,2023,301
peter-great-st-petersburg-polytechnic-university,the,2024,351
peter-great-st-petersburg-polytechnic-university,the,2025,501
peter-great-st-petersburg-polytechnic-university,the,2026,801
american-university-dubai,qs,2026,620
christian-albrechts-university-zu-kiel,qs,2026,620
hufs-hankuk-korea-university-foreign-studies,qs,2026,620
pontificia-universidade-catolica-do-rio-de-janeiro,qs,2026,620
pontificia-universidade-catolica-do-rio-de-janeiro,usnews,2026,1435
northern-arizona-university,qs,2026,1001
northern-arizona-university,usnews,2026,620
northern-arizona-university,the,2017,401
northern-arizona-university,the,2018,401
northern-arizona-university,the,2019,401
northern-arizona-university,the,2020,501
northern-arizona-university,the,2021,501
northern-arizona-university,the,2022,501
usn-al-jouf-university-510765,usnews,2026,620
usn-benha-university-514104,usnews,2026,620
usn-benha-university-514104,the,2019,601
usn-benha-university-514104,the,2020,801
usn-benha-university-514104,the,2021,801
usn-benha-university-514104,the,2022,801
usn-benha-university-514104,the,2023,601
usn-benha-university-514104,the,2024,1001
usn-benha-university-514104,the,2025,1001
usn-benha-university-514104,the,2026,1201
usn-university-of-shanghai-for-science-529079,usnews,2026,620
lebanese-university,qs,2026,626
lebanese-university,usnews,2026,1778
lebanese-university,the,2021,1001
lebanese-university,the,2022,1001
lebanese-university,the,2023,1001
lebanese-university,the,2024,801
lebanese-university,the,2025,1201
lebanese-university,the,2026,1201
usn-bayero-university-530565,usnews,2026,626
usn-bayero-university-530565,the,2023,1001
usn-bayero-university-530565,the,2024,1201
usn-bayero-university-530565,the,2025,1201
usn-bayero-university-530565,the,2026,1001
usn-grenoble-institute-of-technology-504372,usnews,2026,626
istanbul-university,qs,2026,629
istanbul-university,usnews,2026,806
istanbul-university,the,2016,601
istanbul-university,the,2017,601
istanbul-university,the,2018,801
istanbul-university,the,2019,801
istanbul-university,the,2020,801
istanbul-university,the,2021,801
istanbul-university,the,2022,1001
istanbul-university,the,2023,1001
istanbul-university,the,2024,1001
istanbul-university,the,2025,1201
istanbul-university,the,2026,1201
universidade-de-santiago-de-compostela,qs,2026,629
university-agriculture-faisalabad,qs,2026,629
university-agriculture-faisalabad,usnews,2026,633
university-agriculture-faisalabad,the,2017,801
university-agriculture-faisalabad,the,2018,801
university-agriculture-faisalabad,the,2019,801
university-agriculture-faisalabad,the,2020,801
university-agriculture-faisalabad,the,2021,801
university-agriculture-faisalabad,the,2022,801
university-agriculture-faisalabad,the,2023,801
university-tromso-arctic-university-norway,qs,2026,629
beijing-forestry-university,qs,2026,731
beijing-forestry-university,usnews,2026,629
beijing-forestry-university,the,2021,1001
beijing-forestry-university,the,2022,1001
martin-luther-universitat-halle-wittenberg,qs,2026,801
martin-luther-universitat-halle-wittenberg,usnews,2026,629
usn-anhui-university-of-finance-economics-530533,usnews,2026,629
usn-liverpool-school-of-tropical-medicine-529389,usnews,2026,629
university-szeged,qs,2026,633
university-szeged,usnews,2026,891
university-szeged,the,2016,601
university-szeged,the,2017,601
university-szeged,the,2018,601
university-szeged,the,2019,601
university-szeged,the,2020,801
university-szeged,the,2021,801
university-szeged,the,2022,801
university-szeged,the,2023,1001
university-szeged,the,2024,1001
university-szeged,the,2025,1001
university-szeged,the,2026,1001
usn-chengdu-university-529826,usnews,2026,633
usn-chengdu-university-529826,the,2022,1001
usn-chengdu-university-529826,the,2023,801
usn-chengdu-university-529826,the,2024,801
usn-chengdu-university-529826,the,2025,801
usn-chengdu-university-529826,the,2026,801
usn-southwestern-university-of-finance-and-economics-china-529633,usnews,2026,633
abai-kazakh-national-pedagogical-university-abai-university,qs,2026,634
azerbaijan-state-university-economics-unec,qs,2026,634
azerbaijan-state-university-economics-unec,the,2026,801
national-chung-hsing-university,qs,2026,634
national-chung-hsing-university,usnews,2026,1564
national-chung-hsing-university,the,2016,601
national-chung-hsing-university,the,2017,601
national-chung-hsing-university,the,2019,801
national-chung-hsing-university,the,2020,1001
national-chung-hsing-university,the,2021,1001
national-chung-hsing-university,the,2022,1201
national-chung-hsing-university,the,2023,1201
national-chung-hsing-university,the,2024,1001
national-chung-hsing-university,the,2025,1001
national-chung-hsing-university,the,2026,1201
mgimo-university,qs,2026,639
yeshiva-university,qs,2026,901
yeshiva-university,usnews,2026,639
yeshiva-university,the,2011,68
yeshiva-university,the,2012,154
yeshiva-university,the,2013,156
yeshiva-university,the,2014,172
yeshiva-university,the,2015,186
yeshiva-university,the,2016,164
makerere-university,qs,2026,1001
makerere-university,usnews,2026,639
makerere-university,the,2016,401
makerere-university,the,2017,401
makerere-university,the,2018,401
makerere-university,the,2019,501
makerere-university,the,2020,601
makerere-university,the,2021,401
makerere-university,the,2022,601
makerere-university,the,2023,801
makerere-university,the,2024,801
makerere-university,the,2025,1201
makerere-university,the,2026,801
taibah-university,qs,2026,1201
taibah-university,usnews,2026,639
taibah-university,the,2023,801
taibah-university,the,2024,1001
taibah-university,the,2025,1001
taibah-university,the,2026,1001
usn-changsha-university-of-science-and-technology-529522,usnews,2026,639
usn-changsha-university-of-science-and-technology-529522,the,2023,501
usn-changsha-university-of-science-and-technology-529522,the,2024,801
usn-changsha-university-of-science-and-technology-529522,the,2025,801
usn-changsha-university-of-science-and-technology-529522,the,2026,1001
usn-guangxi-university-529243,usnews,2026,639
usn-guangxi-university-529243,the,2018,1001
usn-guangxi-university-529243,the,2019,1001
usn-guangxi-university-529243,the,2020,1001
usn-guangxi-university-529243,the,2021,1001
usn-guangxi-university-529243,the,2022,1001
usn-guangxi-university-529243,the,2023,1001
usn-universita-della-campania-vanvitelli-529545,usnews,2026,639
usn-wenzhou-university-529301,usnews,2026,639
usn-wenzhou-university-529301,the,2021,801
usn-wenzhou-university-529301,the,2022,601
usn-wenzhou-university-529301,the,2023,601
usn-wenzhou-university-529301,the,2024,801
usn-wenzhou-university-529301,the,2025,601
usn-wenzhou-university-529301,the,2026,801
comillas-pontifical-university,qs,2026,643
comillas-pontifical-university,usnews,2026,2225
comillas-pontifical-university,the,2022,1201
comillas-pontifical-university,the,2023,1501
comillas-pontifical-university,the,2024,1501
institut-national-polytechnique-de-toulouse,qs,2026,646
institut-national-polytechnique-de-toulouse,usnews,2026,1509
usn-menofia-university-529235,usnews,2026,648
universidad-de-antioquia,qs,2026,851
universidad-de-antioquia,usnews,2026,651
beni-suef-university,qs,2026,1201
beni-suef-university,usnews,2026,651
beni-suef-university,the,2018,601
beni-suef-university,the,2019,601
beni-suef-university,the,2020,601
beni-suef-university,the,2021,801
beni-suef-university,the,2022,801
beni-suef-university,the,2023,801
beni-suef-university,the,2024,1001
beni-suef-university,the,2025,1001
beni-suef-university,the,2026,1001
usn-european-university-institute-529059,usnews,2026,651
universidad-de-la-republica-udelar,qs,2026,652
university-chemistry-technology-prague,qs,2026,652
university-chemistry-technology-prague,usnews,2026,1888
university-chemistry-technology-prague,the,2016,601
university-chemistry-technology-prague,the,2017,601
university-chemistry-technology-prague,the,2018,601
university-chemistry-technology-prague,the,2019,801
university-chemistry-technology-prague,the,2020,1001
university-chemistry-technology-prague,the,2021,1001
university-chemistry-technology-prague,the,2022,1201
university-chemistry-technology-prague,the,2023,1201
university-chemistry-technology-prague,the,2024,1001
university-chemistry-technology-prague,the,2025,1201
university-chemistry-technology-prague,the,2026,1201
applied-science-university-bahrain,qs,2026,655
universidad-adolfo-ibanez,qs,2026,655
universidad-adolfo-ibanez,usnews,2026,1520
universite-de-tunis-el-manar,qs,2026,655
universite-de-tunis-el-manar,usnews,2026,1021
usn-ens-de-lyon-503874,usnews,2026,657
usn-okinawa-institute-of-science-and-technology-graduate-university-529703,usnews,2026,657
usn-university-of-auvergne-529156,usnews,2026,657
china-university-mining-technology,qs,2026,659
china-university-mining-technology,the,2017,801
china-university-mining-technology,the,2018,801
china-university-mining-technology,the,2019,801
china-university-mining-technology,the,2020,801
china-university-mining-technology,the,2021,801
china-university-mining-technology,the,2022,801
national-central-university,qs,2026,659
national-central-university,usnews,2026,1142
national-central-university,the,2012,350
national-central-university,the,2013,351
national-central-university,the,2014,351
national-central-university,the,2016,501
national-central-university,the,2017,601
national-central-university,the,2018,601
national-central-university,the,2019,801
national-central-university,the,2020,801
national-central-university,the,2021,801
national-central-university,the,2022,1001
national-central-university,the,2023,1001
national-central-university,the,2024,1001
national-central-university,the,2025,1001
national-central-university,the,2026,1001
comenius-university-bratislava,qs,2026,662
comenius-university-bratislava,the,2016,601
comenius-university-bratislava,the,2017,601
comenius-university-bratislava,the,2018,601
comenius-university-bratislava,the,2019,801
comenius-university-bratislava,the,2020,1001
comenius-university-bratislava,the,2021,1001
comenius-university-bratislava,the,2022,1001
comenius-university-bratislava,the,2023,1001
comenius-university-bratislava,the,2024,1001
comenius-university-bratislava,the,2025,1201
comenius-university-bratislava,the,2026,1201
diponegoro-university,qs,2026,662
diponegoro-university,usnews,2026,1791
diponegoro-university,the,2021,1001
diponegoro-university,the,2022,1201
diponegoro-university,the,2023,1501
diponegoro-university,the,2024,1501
diponegoro-university,the,2025,1501
diponegoro-university,the,2026,1501
universidad-de-concepcion,qs,2026,662
universita-politecnica-delle-marche,qs,2026,662
university-vermont,qs,2026,1001
university-vermont,usnews,2026,663
university-vermont,the,2013,301
university-vermont,the,2014,301
university-vermont,the,2015,351
university-vermont,the,2018,351
university-vermont,the,2019,351
usn-manipal-university-528886,usnews,2026,663
ecole-centrale-de-lyon,qs,2026,668
ecole-centrale-de-lyon,the,2017,601
ecole-centrale-de-lyon,the,2018,601
ecole-centrale-de-lyon,the,2019,601
ecole-centrale-de-lyon,the,2020,601
ecole-centrale-de-lyon,the,2021,801
ecole-centrale-de-lyon,the,2022,801
ecole-centrale-de-lyon,the,2023,1001
ecole-centrale-de-lyon,the,2024,601
ecole-centrale-de-lyon,the,2025,601
ecole-centrale-de-lyon,the,2026,801
usn-northwest-university-xian-500540,usnews,2026,668
usn-university-of-paris-est-creteil-528863,usnews,2026,668
abo-akademi-university,qs,2026,670
abo-akademi-university,usnews,2026,1290
abo-akademi-university,the,2020,601
abo-akademi-university,the,2021,601
abo-akademi-university,the,2022,601
abo-akademi-university,the,2023,601
abo-akademi-university,the,2024,501
abo-akademi-university,the,2025,501
babes-bolyai-university,qs,2026,851
babes-bolyai-university,usnews,2026,673
babes-bolyai-university,the,2016,501
babes-bolyai-university,the,2017,601
babes-bolyai-university,the,2018,601
babes-bolyai-university,the,2019,801
babes-bolyai-university,the,2020,801
babes-bolyai-university,the,2021,1001
babes-bolyai-university,the,2022,1001
babes-bolyai-university,the,2023,1001
babes-bolyai-university,the,2024,1001
babes-bolyai-university,the,2025,1201
babes-bolyai-university,the,2026,1201
university-alabama,qs,2026,1001
university-alabama,usnews,2026,673
university-alabama,the,2018,351
university-alabama,the,2019,401
university-alabama,the,2020,401
university-alabama,the,2021,601
university-alabama,the,2022,601
university-alabama,the,2023,801
university-alabama,the,2024,601
university-alabama,the,2025,801
university-alabama,the,2026,801
usn-al-imam-muhammad-ibn-saud-islamic-university-530033,usnews,2026,673
usn-universidade-de-aveiro-504426,usnews,2026,673
city-university-new-york,qs,2026,677
jeonbuk-national-university,qs,2026,677
jeonbuk-national-university,usnews,2026,944
jeonbuk-national-university,the,2016,601
jeonbuk-national-university,the,2017,601
jeonbuk-national-university,the,2018,601
jeonbuk-national-university,the,2019,801
jeonbuk-national-university,the,2020,801
jeonbuk-national-university,the,2021,1001
jeonbuk-national-university,the,2022,1001
jeonbuk-national-university,the,2023,1001
jeonbuk-national-university,the,2024,801
jeonbuk-national-university,the,2025,801
jeonbuk-national-university,the,2026,801
university-new-brunswick,qs,2026,677
university-new-brunswick,usnews,2026,1009
usn-polytechnic-university-of-madrid-500155,usnews,2026,682
usn-roma-tre-university-504483,usnews,2026,682
usn-suez-canal-university-513862,usnews,2026,682
usn-suez-canal-university-513862,the,2016,601
usn-suez-canal-university-513862,the,2017,601
usn-suez-canal-university-513862,the,2018,801
usn-suez-canal-university-513862,the,2019,601
usn-suez-canal-university-513862,the,2020,501
usn-suez-canal-university-513862,the,2021,501
usn-suez-canal-university-513862,the,2022,501
usn-suez-canal-university-513862,the,2023,801
usn-suez-canal-university-513862,the,2024,1001
usn-suez-canal-university-513862,the,2025,1001
usn-suez-canal-university-513862,the,2026,1201
usn-tata-institute-of-fundamental-research-529777,usnews,2026,682
usn-tata-institute-of-fundamental-research-529777,the,2017,601
ritsumeikan-university,qs,2026,683
ritsumeikan-university,usnews,2026,1607
ritsumeikan-university,the,2017,801
ritsumeikan-university,the,2018,801
ritsumeikan-university,the,2019,1001
ritsumeikan-university,the,2020,1001
ritsumeikan-university,the,2021,1001
ritsumeikan-university,the,2022,1201
ritsumeikan-university,the,2023,1201
ritsumeikan-university,the,2024,1201
ritsumeikan-university,the,2025,1501
ritsumeikan-university,the,2026,1501
kingston-university-london,qs,2026,686
usn-nanjing-university-of-posts-and-telecommunications-529215,usnews,2026,688
usn-rutgers-the-state-university-of-new-jersey-newark-186399,usnews,2026,688
international-islamic-university-malaysia-iium,qs,2026,691
international-islamic-university-malaysia-iium,usnews,2026,1461
usn-islamia-university-of-bahawalpur-530065,usnews,2026,693
usn-islamia-university-of-bahawalpur-530065,the,2021,1001
usn-islamia-university-of-bahawalpur-530065,the,2022,1001
usn-islamia-university-of-bahawalpur-530065,the,2023,801
usn-islamia-university-of-bahawalpur-530065,the,2024,1001
usn-islamia-university-of-bahawalpur-530065,the,2025,801
usn-islamia-university-of-bahawalpur-530065,the,2026,801
karl-franzens-universitaet-graz,qs,2026,696
kaunas-university-technology,qs,2026,696
kaunas-university-technology,usnews,2026,1829
kaunas-university-technology,the,2017,801
kaunas-university-technology,the,2018,1001
kaunas-university-technology,the,2019,1001
kaunas-university-technology,the,2020,1001
kaunas-university-technology,the,2021,1001
kaunas-university-technology,the,2022,1201
kaunas-university-technology,the,2023,1201
kaunas-university-technology,the,2024,1201
kaunas-university-technology,the,2025,1201
kaunas-university-technology,the,2026,1001
university-malta,qs,2026,696
university-malta,usnews,2026,996
university-malta,the,2020,601
university-malta,the,2021,601
university-malta,the,2022,801
university-malta,the,2023,801
university-malta,the,2024,801
university-malta,the,2025,801
university-malta,the,2026,801
indiana-university-indianapolis-iu-indianapolis,qs,2026,1201
indiana-university-indianapolis-iu-indianapolis,usnews,2026,697
indian-institute-technology-indian-school-mines-dhanbad,qs,2026,701
indian-institute-technology-indian-school-mines-dhanbad,usnews,2026,1669
indian-institute-technology-indian-school-mines-dhanbad,the,2018,601
indian-institute-technology-indian-school-mines-dhanbad,the,2019,801
indian-institute-technology-indian-school-mines-dhanbad,the,2020,801
indian-institute-technology-indian-school-mines-dhanbad,the,2021,801
indian-institute-technology-indian-school-mines-dhanbad,the,2022,1001
indian-institute-technology-indian-school-mines-dhanbad,the,2023,1001
indian-institute-technology-indian-school-mines-dhanbad,the,2024,601
lincoln-university-college,qs,2026,701
lincoln-university-college,the,2026,1501
segi-university,qs,2026,701
universidad-de-zaragoza,qs,2026,701
universiti-malaysia-terengganu-umt,qs,2026,701
universiti-malaysia-terengganu-umt,usnews,2026,975
universiti-malaysia-terengganu-umt,the,2022,1201
universiti-malaysia-terengganu-umt,the,2023,1201
universiti-malaysia-terengganu-umt,the,2024,1001
universiti-malaysia-terengganu-umt,the,2025,1001
universiti-malaysia-terengganu-umt,the,2026,1001
university-louisville,qs,2026,1001
university-louisville,usnews,2026,701
usn-changan-university-529427,usnews,2026,701
usn-changan-university-529427,the,2026,1001
usn-university-of-botswana-530403,usnews,2026,701
usn-university-of-botswana-530403,the,2021,1001
usn-university-of-botswana-530403,the,2022,1201
usn-university-of-botswana-530403,the,2023,1001
usn-university-of-botswana-530403,the,2024,1201
usn-university-of-botswana-530403,the,2025,1201
usn-university-of-botswana-530403,the,2026,1001
usn-university-of-luebeck-528857,usnews,2026,701
usn-university-of-tromso-500047,usnews,2026,701
university-ghana,qs,2026,851
university-ghana,usnews,2026,707
university-ghana,the,2016,601
university-ghana,the,2017,601
university-ghana,the,2018,801
university-ghana,the,2019,801
university-ghana,the,2020,801
university-ghana,the,2021,1001
university-ghana,the,2022,1001
university-ghana,the,2023,1001
university-ghana,the,2024,1001
university-ghana,the,2025,1001
university-ghana,the,2026,1001
usn-cankaya-university-529758,usnews,2026,707
usn-cankaya-university-529758,the,2020,401
usn-cankaya-university-529758,the,2021,401
usn-cankaya-university-529758,the,2022,401
usn-cankaya-university-529758,the,2023,401
usn-cankaya-university-529758,the,2024,601
usn-cankaya-university-529758,the,2025,801
usn-cankaya-university-529758,the,2026,801
bielefeld-university,qs,2026,1001
bielefeld-university,usnews,2026,710
bielefeld-university,the,2011,173
bielefeld-university,the,2012,251
bielefeld-university,the,2013,276
bielefeld-university,the,2014,301
bielefeld-university,the,2015,351
bielefeld-university,the,2016,251
bielefeld-university,the,2017,251
bielefeld-university,the,2018,251
bielefeld-university,the,2019,201
bielefeld-university,the,2020,166
bielefeld-university,the,2021,158
bielefeld-university,the,2022,166
bielefeld-university,the,2023,201
usn-university-of-bodenkultur-wien-501157,usnews,2026,710
ahlia-university,qs,2026,711
azerbaijan-state-oil-industry-university,qs,2026,711
azerbaijan-state-oil-industry-university,the,2025,1501
azerbaijan-state-oil-industry-university,the,2026,1501
bangladesh-university-engineering-technology,qs,2026,711
bangladesh-university-engineering-technology,usnews,2026,1429
bangladesh-university-engineering-technology,the,2021,1001
bangladesh-university-engineering-technology,the,2022,1201
bangladesh-university-engineering-technology,the,2023,1201
bangladesh-university-engineering-technology,the,2024,1001
bangladesh-university-engineering-technology,the,2025,1001
bangladesh-university-engineering-technology,the,2026,1001
palacky-university-olomouc,qs,2026,711
palacky-university-olomouc,usnews,2026,727
palacky-university-olomouc,the,2016,501
palacky-university-olomouc,the,2017,601
palacky-university-olomouc,the,2018,601
palacky-university-olomouc,the,2019,601
palacky-university-olomouc,the,2020,601
palacky-university-olomouc,the,2021,601
palacky-university-olomouc,the,2022,801
palacky-university-olomouc,the,2023,1001
palacky-university-olomouc,the,2024,801
palacky-university-olomouc,the,2025,1001
palacky-university-olomouc,the,2026,1001
universidad-panamericana,qs,2026,711
universidad-panamericana,the,2023,1501
universidad-panamericana,the,2024,1501
universidad-panamericana,the,2025,1501
universidad-panamericana,the,2026,1501
university-south-carolina,qs,2026,711
usn-haramaya-university-530399,usnews,2026,713
university-albany-suny,qs,2026,951
university-albany-suny,usnews,2026,716
west-virginia-university,qs,2026,1001
west-virginia-university,usnews,2026,716
west-virginia-university,the,2019,601
west-virginia-university,the,2020,601
usn-vellore-institute-of-technology-529209,usnews,2026,716
jadavpur-university,qs,2026,721
jadavpur-university,usnews,2026,1216
jadavpur-university,the,2016,501
jadavpur-university,the,2017,501
jadavpur-university,the,2018,601
jadavpur-university,the,2019,601
jadavpur-university,the,2020,801
jadavpur-university,the,2021,801
jadavpur-university,the,2022,801
jadavpur-university,the,2023,1001
jadavpur-university,the,2024,1001
jadavpur-university,the,2025,1001
jadavpur-university,the,2026,1001
kasetsart-university,qs,2026,721
kasetsart-university,usnews,2026,1332
kasetsart-university,the,2017,801
kasetsart-university,the,2018,801
kasetsart-university,the,2019,1001
kasetsart-university,the,2020,1001
kasetsart-university,the,2021,1001
kasetsart-university,the,2022,1201
kasetsart-university,the,2023,1501
kasetsart-university,the,2024,1501
kasetsart-university,the,2025,1501
kasetsart-university,the,2026,1501
national-institute-technology-tiruchirappalli,qs,2026,721
national-institute-technology-tiruchirappalli,usnews,2026,1791
national-institute-technology-tiruchirappalli,the,2019,801
national-institute-technology-tiruchirappalli,the,2020,801
national-institute-technology-tiruchirappalli,the,2021,1001
national-institute-technology-tiruchirappalli,the,2022,1001
national-institute-technology-tiruchirappalli,the,2023,801
national-institute-technology-tiruchirappalli,the,2024,801
national-institute-technology-tiruchirappalli,the,2025,801
national-institute-technology-tiruchirappalli,the,2026,801
plekhanov-russian-university-economics,qs,2026,721
plekhanov-russian-university-economics,the,2022,501
plekhanov-russian-university-economics,the,2023,601
plekhanov-russian-university-economics,the,2024,1001
plekhanov-russian-university-economics,the,2025,1201
plekhanov-russian-university-economics,the,2026,1501
tuhh-hamburg-university-technology,qs,2026,721
university-missouri-columbia,qs,2026,721
henan-university,qs,2026,1201
henan-university,usnews,2026,721
usn-shanghai-university-of-finance-529139,usnews,2026,721
usn-university-of-oklahoma-health-sciences-center-207342,usnews,2026,721
kwame-nkrumah-university-science-technology,qs,2026,1201
kwame-nkrumah-university-science-technology,usnews,2026,727
kwame-nkrumah-university-science-technology,the,2022,1001
kwame-nkrumah-university-science-technology,the,2023,1001
kwame-nkrumah-university-science-technology,the,2024,1001
kwame-nkrumah-university-science-technology,the,2025,1201
kwame-nkrumah-university-science-technology,the,2026,1201
adam-mickiewicz-university-poznan,qs,2026,731
adam-mickiewicz-university-poznan,the,2016,601
adam-mickiewicz-university-poznan,the,2017,801
adam-mickiewicz-university-poznan,the,2018,801
adam-mickiewicz-university-poznan,the,2019,801
adam-mickiewicz-university-poznan,the,2020,801
adam-mickiewicz-university-poznan,the,2021,1001
adam-mickiewicz-university-poznan,the,2022,1001
adam-mickiewicz-university-poznan,the,2023,1001
adam-mickiewicz-university-poznan,the,2024,1001
adam-mickiewicz-university-poznan,the,2025,1001
adam-mickiewicz-university-poznan,the,2026,1001
ankara-universitesi,qs,2026,731
ankara-universitesi,usnews,2026,783
ankara-universitesi,the,2017,801
ankara-universitesi,the,2018,1001
ankara-universitesi,the,2019,1001
ankara-universitesi,the,2020,1001
ankara-universitesi,the,2021,1001
ankara-universitesi,the,2022,1201
ankara-universitesi,the,2023,1201
ankara-universitesi,the,2024,1501
ankara-universitesi,the,2025,1501
ankara-universitesi,the,2026,1201
czech-university-life-sciences-prague,qs,2026,731
northwest-agriculture-forestry-university,qs,2026,731
universidad-de-alcala-madrid,qs,2026,731
universidad-de-alcala-madrid,usnews,2026,1075
universite-de-rennes,qs,2026,731
usn-beijing-technology-and-business-university-529734,usnews,2026,734
usn-dalian-maritime-university-529341,usnews,2026,736
usn-federal-university-of-santa-catarina-500204,usnews,2026,736
usn-hainan-university-529489,usnews,2026,736
aga-khan-university,qs,2026,951
aga-khan-university,usnews,2026,739
university-north-texas,qs,2026,1001
university-north-texas,usnews,2026,739
university-wisconsin-milwaukee,qs,2026,1201
university-wisconsin-milwaukee,usnews,2026,739
university-wisconsin-milwaukee,the,2016,501
university-wisconsin-milwaukee,the,2017,501
university-wisconsin-milwaukee,the,2018,401
university-wisconsin-milwaukee,the,2019,401
university-wisconsin-milwaukee,the,2020,501
university-wisconsin-milwaukee,the,2021,601
university-wisconsin-milwaukee,the,2022,601
university-wisconsin-milwaukee,the,2023,801
usn-zhejiang-gongshang-university-529420,usnews,2026,739
usn-zhejiang-gongshang-university-529420,the,2023,1001
usn-zhejiang-gongshang-university-529420,the,2024,801
usn-zhejiang-gongshang-university-529420,the,2025,801
usn-zhejiang-gongshang-university-529420,the,2026,801
far-eastern-federal-university,qs,2026,741
far-eastern-federal-university,usnews,2026,1863
far-eastern-federal-university,the,2018,1001
far-eastern-federal-university,the,2019,1001
far-eastern-federal-university,the,2020,1001
far-eastern-federal-university,the,2021,1001
far-eastern-federal-university,the,2022,1201
far-eastern-federal-university,the,2023,1201
far-eastern-federal-university,the,2024,1201
far-eastern-federal-university,the,2025,1201
far-eastern-federal-university,the,2026,1501
national-research-tomsk-polytechnic-university,qs,2026,741
university-massachusetts-boston,qs,2026,1001
university-massachusetts-boston,usnews,2026,747
usn-minia-university-514678,usnews,2026,747
usn-minia-university-514678,the,2019,1001
usn-minia-university-514678,the,2020,1001
usn-minia-university-514678,the,2021,1001
usn-minia-university-514678,the,2022,1001
usn-minia-university-514678,the,2023,601
usn-minia-university-514678,the,2024,1001
usn-minia-university-514678,the,2025,1001
usn-minia-university-514678,the,2026,1001
usn-northeast-normal-university-china-503882,usnews,2026,747
usn-university-of-la-laguna-502362,usnews,2026,747
usn-university-of-la-laguna-502362,the,2016,501
usn-university-of-la-laguna-502362,the,2017,601
usn-university-of-la-laguna-502362,the,2018,601
usn-university-of-la-laguna-502362,the,2019,501
usn-university-of-la-laguna-502362,the,2020,601
usn-university-of-la-laguna-502362,the,2021,601
usn-university-of-la-laguna-502362,the,2022,601
usn-university-of-la-laguna-502362,the,2023,801
usn-university-of-la-laguna-502362,the,2024,1001
usn-university-of-la-laguna-502362,the,2025,1001
usn-university-of-la-laguna-502362,the,2026,1001
budapest-university-technology-economics,qs,2026,751
budapest-university-technology-economics,usnews,2026,1547
budapest-university-technology-economics,the,2016,601
budapest-university-technology-economics,the,2017,601
budapest-university-technology-economics,the,2018,801
budapest-university-technology-economics,the,2019,801
budapest-university-technology-economics,the,2020,1001
budapest-university-technology-economics,the,2021,1001
budapest-university-technology-economics,the,2022,1201
budapest-university-technology-economics,the,2023,1201
budapest-university-technology-economics,the,2024,1201
budapest-university-technology-economics,the,2025,1201
budapest-university-technology-economics,the,2026,1201
de-la-salle-university,qs,2026,751
de-la-salle-university,the,2019,801
de-la-salle-university,the,2020,1001
de-la-salle-university,the,2021,1001
de-la-salle-university,the,2022,1201
de-la-salle-university,the,2023,1201
de-la-salle-university,the,2024,1501
de-la-salle-university,the,2025,1501
de-la-salle-university,the,2026,1501
instituto-tecnologico-autonomo-de-mexico-itam,qs,2026,751
op-jindal-global-university-jgu,qs,2026,751
op-jindal-global-university-jgu,the,2026,1001
riga-technical-university,qs,2026,751
riga-technical-university,usnews,2026,1543
riga-technical-university,the,2017,801
riga-technical-university,the,2018,801
riga-technical-university,the,2019,801
riga-technical-university,the,2020,1001
riga-technical-university,the,2021,1001
riga-technical-university,the,2022,1001
riga-technical-university,the,2023,1201
riga-technical-university,the,2024,1001
riga-technical-university,the,2025,1001
riga-technical-university,the,2026,1001
sofia-university-st-kliment-ohridski,qs,2026,751
vietnam-national-university-hanoi,qs,2026,751
vietnam-national-university-hanoi,the,2020,801
vietnam-national-university-hanoi,the,2021,801
vietnam-national-university-hanoi,the,2022,1001
vietnam-national-university-hanoi,the,2023,1001
vietnam-national-university-hanoi,the,2024,1201
vietnam-national-university-hanoi,the,2025,1201
vietnam-national-university-hanoi,the,2026,1201
vytautas-magnus-university,qs,2026,751
vytautas-magnus-university,usnews,2026,1914
vytautas-magnus-university,the,2021,1001
vytautas-magnus-university,the,2022,1201
vytautas-magnus-university,the,2023,1201
vytautas-magnus-university,the,2024,1201
vytautas-magnus-university,the,2025,1201
vytautas-magnus-university,the,2026,1201
usn-dortmund-university-of-technology-504395,usnews,2026,751
usn-hefei-university-of-technology-528958,usnews,2026,751
usn-north-china-electric-power-university-528965,usnews,2026,751
usn-north-china-electric-power-university-528965,the,2019,1001
usn-north-china-electric-power-university-528965,the,2020,1001
usn-north-china-electric-power-university-528965,the,2021,1001
usn-north-china-electric-power-university-528965,the,2022,1001
usn-north-china-electric-power-university-528965,the,2023,1201
usn-north-china-electric-power-university-528965,the,2024,801
usn-north-china-electric-power-university-528965,the,2025,801
usn-universitetet-i-stavanger-529549,usnews,2026,751
usn-shandong-university-of-science-and-technology-529480,usnews,2026,758
agh-university-krakow,qs,2026,761
agh-university-krakow,the,2016,601
agh-university-krakow,the,2017,601
agh-university-krakow,the,2018,601
agh-university-krakow,the,2019,801
agh-university-krakow,the,2020,1001
agh-university-krakow,the,2021,1001
agh-university-krakow,the,2022,1201
agh-university-krakow,the,2023,1201
agh-university-krakow,the,2024,1001
agh-university-krakow,the,2025,1001
agh-university-krakow,the,2026,1001
applied-science-private-university-jordan,qs,2026,761
holy-spirit-university-kaslik,qs,2026,761
holy-spirit-university-kaslik,the,2026,1201
norwegian-university-life-sciences,qs,2026,761
norwegian-university-life-sciences,usnews,2026,1043
norwegian-university-life-sciences,the,2017,351
norwegian-university-life-sciences,the,2018,401
norwegian-university-life-sciences,the,2019,501
norwegian-university-life-sciences,the,2020,501
norwegian-university-life-sciences,the,2021,601
norwegian-university-life-sciences,the,2022,601
norwegian-university-life-sciences,the,2023,601
norwegian-university-life-sciences,the,2024,601
norwegian-university-life-sciences,the,2025,801
norwegian-university-life-sciences,the,2026,801
universidad-de-cantabria,qs,2026,1001
universidad-de-cantabria,usnews,2026,762
usn-mohammed-v-university-in-rabat-530208,usnews,2026,762
usn-university-of-zaragoza-502343,usnews,2026,762
usn-university-of-zaragoza-502343,the,2012,350
usn-university-of-zaragoza-502343,the,2016,501
usn-university-of-zaragoza-502343,the,2017,501
usn-university-of-zaragoza-502343,the,2018,601
usn-university-of-zaragoza-502343,the,2019,601
usn-university-of-zaragoza-502343,the,2020,801
usn-university-of-zaragoza-502343,the,2021,801
usn-university-of-zaragoza-502343,the,2022,1001
usn-university-of-zaragoza-502343,the,2023,1001
usn-university-of-zaragoza-502343,the,2024,801
usn-university-of-zaragoza-502343,the,2025,1001
usn-university-of-zaragoza-502343,the,2026,1001
university-south-africa,qs,2026,951
university-south-africa,usnews,2026,770
university-south-africa,the,2016,601
university-south-africa,the,2017,801
university-south-africa,the,2018,801
university-south-africa,the,2019,1001
university-south-africa,the,2020,1001
university-south-africa,the,2021,1001
university-south-africa,the,2022,801
university-south-africa,the,2023,1001
university-south-africa,the,2024,1001
university-south-africa,the,2025,1201
university-south-africa,the,2026,1201
usn-lappeenranta-university-of-technology-528924,usnews,2026,770
multimedia-university-mmu,qs,2026,771
multimedia-university-mmu,the,2020,1001
multimedia-university-mmu,the,2021,1001
multimedia-university-mmu,the,2022,1201
multimedia-university-mmu,the,2023,1201
multimedia-university-mmu,the,2024,1201
multimedia-university-mmu,the,2025,1001
multimedia-university-mmu,the,2026,1001
universidad-san-francisco-de-quito-usfq,qs,2026,771
university-patras,qs,2026,771
university-patras,usnews,2026,842
university-patras,the,2016,601
university-patras,the,2017,601
university-patras,the,2018,601
university-patras,the,2019,801
university-patras,the,2020,801
university-patras,the,2021,1001
university-patras,the,2022,801
university-patras,the,2023,1001
university-patras,the,2024,801
university-patras,the,2025,1001
university-patras,the,2026,801
university-bucharest,qs,2026,801
university-bucharest,usnews,2026,778
university-bucharest,the,2016,601
university-bucharest,the,2017,801
university-bucharest,the,2018,801
university-bucharest,the,2019,801
university-bucharest,the,2020,1001
university-bucharest,the,2021,1001
university-bucharest,the,2022,1201
university-bucharest,the,2023,1201
university-bucharest,the,2024,1001
university-bucharest,the,2025,1001
university-bucharest,the,2026,1001
usn-lulea-university-of-technology-529025,usnews,2026,778
usn-wenzhou-medical-university-529262,usnews,2026,778
usn-wenzhou-medical-university-529262,the,2020,1001
usn-wenzhou-medical-university-529262,the,2021,1001
usn-wenzhou-medical-university-529262,the,2022,601
usn-wenzhou-medical-university-529262,the,2023,801
usn-wenzhou-medical-university-529262,the,2024,801
usn-wenzhou-medical-university-529262,the,2025,801
auezov-south-kazakhstan-university-sku,qs,2026,781
chonnam-national-university,qs,2026,781
chonnam-national-university,usnews,2026,1056
chonnam-national-university,the,2016,601
chonnam-national-university,the,2017,601
chonnam-national-university,the,2018,601
chonnam-national-university,the,2019,801
chonnam-national-university,the,2020,801
chonnam-national-university,the,2021,801
chonnam-national-university,the,2022,1001
chonnam-national-university,the,2023,1001
chonnam-national-university,the,2024,801
chonnam-national-university,the,2025,801
chonnam-national-university,the,2026,801
german-jordanian-university,qs,2026,781
german-jordanian-university,the,2024,1201
german-jordanian-university,the,2025,1201
german-jordanian-university,the,2026,801
hong-kong-metropolitan-university,qs,2026,781
hong-kong-metropolitan-university,usnews,2026,1738
kazakh-national-agrarian-research-university-kaznaru,qs,2026,781
kazakh-national-agrarian-research-university-kaznaru,the,2026,1501
shahid-beheshti-university-sbu,qs,2026,781
shahid-beheshti-university-sbu,the,2016,601
shahid-beheshti-university-sbu,the,2017,801
shahid-beheshti-university-sbu,the,2018,801
shahid-beheshti-university-sbu,the,2019,801
shahid-beheshti-university-sbu,the,2020,801
shahid-beheshti-university-sbu,the,2021,601
shahid-beheshti-university-sbu,the,2022,801
shahid-beheshti-university-sbu,the,2023,801
shahid-beheshti-university-sbu,the,2025,801
shahid-beheshti-university-sbu,the,2026,801
technische-universitat-braunschweig,qs,2026,781
universidad-de-palermo,qs,2026,781
university-dubai,qs,2026,781
university-latvia,qs,2026,781
university-latvia,usnews,2026,1393
university-latvia,the,2016,601
university-latvia,the,2017,801
university-latvia,the,2018,801
university-latvia,the,2019,801
university-latvia,the,2020,801
university-latvia,the,2021,601
university-latvia,the,2022,601
university-latvia,the,2023,801
university-latvia,the,2024,1001
university-latvia,the,2025,1001
university-latvia,the,2026,1001
usn-fujian-agriculture-and-forestry-university-529097,usnews,2026,783
usn-fujian-agriculture-and-forestry-university-529097,the,2023,1001
usn-fujian-agriculture-and-forestry-university-529097,the,2024,1001
usn-fujian-agriculture-and-forestry-university-529097,the,2025,1001
usn-fujian-agriculture-and-forestry-university-529097,the,2026,1001
usn-lingnan-university-530227,usnews,2026,783
usn-mashhad-university-medical-science-529398,usnews,2026,783
imam-mohammad-ibn-saud-islamic-university-imsiu,qs,2026,791
savitribai-phule-pune-university,qs,2026,791
savitribai-phule-pune-university,usnews,2026,1897
savitribai-phule-pune-university,the,2016,601
savitribai-phule-pune-university,the,2017,601
savitribai-phule-pune-university,the,2018,601
savitribai-phule-pune-university,the,2019,501
savitribai-phule-pune-university,the,2020,601
savitribai-phule-pune-university,the,2021,601
savitribai-phule-pune-university,the,2022,801
savitribai-phule-pune-university,the,2023,601
savitribai-phule-pune-university,the,2024,801
savitribai-phule-pune-university,the,2025,801
savitribai-phule-pune-university,the,2026,801
shiraz-university,qs,2026,791
shiraz-university,usnews,2026,1081
shiraz-university,the,2017,601
shiraz-university,the,2018,801
shiraz-university,the,2019,801
shiraz-university,the,2020,801
shiraz-university,the,2021,801
shiraz-university,the,2022,801
shiraz-university,the,2023,801
shiraz-university,the,2024,801
shiraz-university,the,2025,801
shiraz-university,the,2026,801
taras-shevchenko-national-university-kyiv,qs,2026,791
taras-shevchenko-national-university-kyiv,the,2016,601
taras-shevchenko-national-university-kyiv,the,2017,801
taras-shevchenko-national-university-kyiv,the,2018,801
taras-shevchenko-national-university-kyiv,the,2019,1001
taras-shevchenko-national-university-kyiv,the,2020,1001
taras-shevchenko-national-university-kyiv,the,2021,1001
taras-shevchenko-national-university-kyiv,the,2022,1201
taras-shevchenko-national-university-kyiv,the,2023,1201
taras-shevchenko-national-university-kyiv,the,2024,1501
taras-shevchenko-national-university-kyiv,the,2025,1501
taras-shevchenko-national-university-kyiv,the,2026,1501
technological-university-dublin,qs,2026,791
technological-university-dublin,the,2020,801
technological-university-dublin,the,2021,801
technological-university-dublin,the,2022,1001
technological-university-dublin,the,2023,1001
technological-university-dublin,the,2024,1001
technological-university-dublin,the,2025,1001
technological-university-dublin,the,2026,1201
universidade-catolica-portuguesa,qs,2026,791
universidade-catolica-portuguesa,usnews,2026,1112
university-engineering-technology-uet-lahore,qs,2026,791
university-engineering-technology-uet-lahore,usnews,2026,1348
university-engineering-technology-uet-lahore,the,2019,1001
university-engineering-technology-uet-lahore,the,2020,1001
university-engineering-technology-uet-lahore,the,2021,1001
university-engineering-technology-uet-lahore,the,2022,1201
university-engineering-technology-uet-lahore,the,2023,1001
university-engineering-technology-uet-lahore,the,2024,1001
university-engineering-technology-uet-lahore,the,2025,1201
university-engineering-technology-uet-lahore,the,2026,1201
university-pecs,qs,2026,791
university-pecs,usnews,2026,1332
university-pecs,the,2016,601
university-pecs,the,2017,601
university-pecs,the,2018,601
university-pecs,the,2019,601
university-pecs,the,2020,801
university-pecs,the,2021,601
university-pecs,the,2022,801
university-pecs,the,2023,1001
university-pecs,the,2024,1001
university-pecs,the,2025,1001
university-pecs,the,2026,1001
vilnius-tech-vilnius-gediminas-technical-university,qs,2026,791
vilnius-tech-vilnius-gediminas-technical-university,the,2020,1001
vilnius-tech-vilnius-gediminas-technical-university,the,2021,801
vilnius-tech-vilnius-gediminas-technical-university,the,2022,1001
vilnius-tech-vilnius-gediminas-technical-university,the,2023,1201
vilnius-tech-vilnius-gediminas-technical-university,the,2024,1201
vilnius-tech-vilnius-gediminas-technical-university,the,2025,1201
vilnius-tech-vilnius-gediminas-technical-university,the,2026,1501
usn-all-india-institute-of-medical-sciences-500492,usnews,2026,791
usn-university-of-vigo-505924,usnews,2026,795
usn-university-of-vigo-505924,the,2013,351
usn-university-of-vigo-505924,the,2014,351
usn-university-of-vigo-505924,the,2016,601
usn-university-of-vigo-505924,the,2017,601
usn-university-of-vigo-505924,the,2018,601
usn-university-of-vigo-505924,the,2019,601
usn-university-of-vigo-505924,the,2020,801
usn-university-of-vigo-505924,the,2021,801
usn-university-of-vigo-505924,the,2022,1001
usn-university-of-vigo-505924,the,2023,1001
usn-university-of-vigo-505924,the,2024,801
usn-university-of-vigo-505924,the,2025,801
usn-university-of-vigo-505924,the,2026,801
usn-universidad-de-la-costa-530465,usnews,2026,798
american-university-central-asia,qs,2026,801
azerbaijan-technical-university,qs,2026,801
azerbaijan-technical-university,the,2026,1501
chungnam-national-university,qs,2026,801
chungnam-national-university,usnews,2026,1246
chungnam-national-university,the,2016,601
chungnam-national-university,the,2017,801
chungnam-national-university,the,2018,801
chungnam-national-university,the,2019,1001
chungnam-national-university,the,2020,1001
chungnam-national-university,the,2021,1001
chungnam-national-university,the,2022,1001
chungnam-national-university,the,2023,1201
chungnam-national-university,the,2024,801
chungnam-national-university,the,2025,1001
chungnam-national-university,the,2026,1001
el-colegio-de-mexico-ac,qs,2026,801
gdansk-university-technology,qs,2026,801
gdansk-university-technology,usnews,2026,949
gdansk-university-technology,the,2016,601
gdansk-university-technology,the,2017,801
gdansk-university-technology,the,2018,801
gdansk-university-technology,the,2019,1001
gdansk-university-technology,the,2020,801
gdansk-university-technology,the,2021,1001
gdansk-university-technology,the,2022,1001
gdansk-university-technology,the,2023,1201
gdansk-university-technology,the,2024,1001
gdansk-university-technology,the,2025,1001
gdansk-university-technology,the,2026,1001
itmo-university,qs,2026,801
itmo-university,usnews,2026,949
itmo-university,the,2017,351
itmo-university,the,2018,501
itmo-university,the,2019,501
itmo-university,the,2020,401
itmo-university,the,2021,501
itmo-university,the,2022,601
itmo-university,the,2023,801
itmo-university,the,2024,601
itmo-university,the,2025,801
itmo-university,the,2026,1001
khazar-university,qs,2026,801
national-university-uzbekistan-named-after-mirzo-ulugbek,qs,2026,801
national-university-uzbekistan-named-after-mirzo-ulugbek,the,2025,1001
national-university-uzbekistan-named-after-mirzo-ulugbek,the,2026,1201
rutgers-university-newark,qs,2026,801
saveetha-institute-medical-technical-sciences-simats-tamil-naduindia,qs,2026,801
national-university-science-technology-misis,qs,2026,801
national-university-science-technology-misis,usnews,2026,1254
universidad-catolica-del-uruguay-ucu,qs,2026,801
universidad-central-de-venezuela,qs,2026,801
universidad-nacional-de-cordoba-unc,qs,2026,801
universidade-de-vigo,qs,2026,801
universidade-federal-de-sao-paulo,qs,2026,801
universidade-federal-de-sao-paulo,the,2017,601
universidade-federal-de-sao-paulo,the,2018,501
universidade-federal-de-sao-paulo,the,2019,601
universidade-federal-de-sao-paulo,the,2020,601
universidade-federal-de-sao-paulo,the,2021,601
universidade-federal-de-sao-paulo,the,2022,801
universidade-federal-de-sao-paulo,the,2023,601
universidade-federal-de-sao-paulo,the,2024,801
universidade-federal-de-sao-paulo,the,2025,801
universidade-federal-de-sao-paulo,the,2026,801
universiti-tunku-abdul-rahman-utar,qs,2026,801
universiti-tunku-abdul-rahman-utar,usnews,2026,1359
universiti-tunku-abdul-rahman-utar,the,2018,501
universiti-tunku-abdul-rahman-utar,the,2019,501
universiti-tunku-abdul-rahman-utar,the,2020,501
universiti-tunku-abdul-rahman-utar,the,2021,501
universiti-tunku-abdul-rahman-utar,the,2022,1001
universiti-tunku-abdul-rahman-utar,the,2023,1001
universiti-tunku-abdul-rahman-utar,the,2024,1001
universiti-tunku-abdul-rahman-utar,the,2025,1001
universiti-tunku-abdul-rahman-utar,the,2026,1001
university-baghdad,qs,2026,801
university-baghdad,usnews,2026,1388
university-baghdad,the,2019,801
university-baghdad,the,2020,801
university-baghdad,the,2021,1001
university-baghdad,the,2022,1201
university-baghdad,the,2023,1501
university-baghdad,the,2024,1501
university-baghdad,the,2025,1501
university-baghdad,the,2026,1501
university-namur,qs,2026,801
university-namur,usnews,2026,1500
university-namur,the,2022,801
university-namur,the,2023,801
university-namur,the,2024,601
university-namur,the,2025,801
university-namur,the,2026,801
viet-nam-national-university-ho-chi-minh-city-vnu-hcm,qs,2026,801
montanuniversitat-leoben,qs,2026,851
montanuniversitat-leoben,the,2019,601
montanuniversitat-leoben,the,2020,601
montanuniversitat-leoben,the,2021,801
montanuniversitat-leoben,the,2022,801
montanuniversitat-leoben,the,2023,1001
montanuniversitat-leoben,the,2024,1001
montanuniversitat-leoben,the,2025,801
montanuniversitat-leoben,the,2026,801
university-westminster,qs,2026,851
university-westminster,usnews,2026,1564
university-westminster,the,2016,601
university-westminster,the,2017,601
university-westminster,the,2018,601
university-westminster,the,2019,601
university-westminster,the,2020,601
university-westminster,the,2021,801
university-westminster,the,2022,801
university-westminster,the,2023,1001
university-westminster,the,2024,801
university-westminster,the,2025,801
university-westminster,the,2026,801
kaohsiung-medical-university,qs,2026,901
kaohsiung-medical-university,usnews,2026,1388
kaohsiung-medical-university,the,2016,601
kaohsiung-medical-university,the,2017,601
kaohsiung-medical-university,the,2018,601
kaohsiung-medical-university,the,2019,801
kaohsiung-medical-university,the,2020,801
kaohsiung-medical-university,the,2021,801
kaohsiung-medical-university,the,2022,1001
kaohsiung-medical-university,the,2023,1001
kaohsiung-medical-university,the,2024,801
kaohsiung-medical-university,the,2025,801
kaohsiung-medical-university,the,2026,801
north-south-university,qs,2026,901
north-south-university,usnews,2026,975
north-south-university,the,2023,601
north-south-university,the,2024,801
north-south-university,the,2025,801
north-south-university,the,2026,801
clark-university,qs,2026,951
clark-university,the,2017,301
clark-university,the,2018,251
clark-university,the,2019,251
clark-university,the,2020,351
clark-university,the,2021,401
clark-university,the,2022,501
clark-university,the,2023,601
clark-university,the,2024,601
clark-university,the,2025,601
clark-university,the,2026,801
future-university-egypt,qs,2026,951
future-university-egypt,usnews,2026,932
future-university-egypt,the,2025,601
future-university-egypt,the,2026,801
najah-national-university,qs,2026,1001
najah-national-university,usnews,2026,1183
najah-national-university,the,2022,401
najah-national-university,the,2023,501
najah-national-university,the,2024,1001
najah-national-university,the,2025,1201
najah-national-university,the,2026,801
birmingham-city-university,qs,2026,1001
birmingham-city-university,usnews,2026,1351
birmingham-city-university,the,2019,1001
birmingham-city-university,the,2020,801
birmingham-city-university,the,2021,601
birmingham-city-university,the,2022,501
birmingham-city-university,the,2023,501
birmingham-city-university,the,2024,601
birmingham-city-university,the,2025,801
birmingham-city-university,the,2026,801
daffodil-international-university,qs,2026,1001
daffodil-international-university,usnews,2026,1061
daffodil-international-university,the,2025,801
daffodil-international-university,the,2026,801
ferdowsi-university-mashhad,qs,2026,1001
ferdowsi-university-mashhad,usnews,2026,1101
ferdowsi-university-mashhad,the,2017,801
ferdowsi-university-mashhad,the,2018,801
ferdowsi-university-mashhad,the,2019,801
ferdowsi-university-mashhad,the,2020,801
ferdowsi-university-mashhad,the,2021,1001
ferdowsi-university-mashhad,the,2022,1001
ferdowsi-university-mashhad,the,2023,1001
ferdowsi-university-mashhad,the,2024,801
ferdowsi-university-mashhad,the,2025,801
ferdowsi-university-mashhad,the,2026,801
glasgow-caledonian-university,qs,2026,1001
glasgow-caledonian-university,usnews,2026,1322
glasgow-caledonian-university,the,2016,601
glasgow-caledonian-university,the,2017,601
glasgow-caledonian-university,the,2018,601
glasgow-caledonian-university,the,2019,601
glasgow-caledonian-university,the,2020,601
glasgow-caledonian-university,the,2021,601
glasgow-caledonian-university,the,2022,601
glasgow-caledonian-university,the,2023,601
glasgow-caledonian-university,the,2024,601
glasgow-caledonian-university,the,2025,801
glasgow-caledonian-university,the,2026,801
guru-gobind-singh-indraprastha-university,qs,2026,1001
guru-gobind-singh-indraprastha-university,the,2026,801
king-mongkuts-university-technology-thonburi,qs,2026,1001
king-mongkuts-university-technology-thonburi,the,2013,351
king-mongkuts-university-technology-thonburi,the,2014,301
king-mongkuts-university-technology-thonburi,the,2015,351
king-mongkuts-university-technology-thonburi,the,2016,601
king-mongkuts-university-technology-thonburi,the,2017,601
king-mongkuts-university-technology-thonburi,the,2018,601
king-mongkuts-university-technology-thonburi,the,2019,801
king-mongkuts-university-technology-thonburi,the,2020,1001
king-mongkuts-university-technology-thonburi,the,2021,801
king-mongkuts-university-technology-thonburi,the,2022,801
king-mongkuts-university-technology-thonburi,the,2023,801
king-mongkuts-university-technology-thonburi,the,2024,801
king-mongkuts-university-technology-thonburi,the,2025,801
king-mongkuts-university-technology-thonburi,the,2026,801
leeds-beckett-university,qs,2026,1001
leeds-beckett-university,usnews,2026,1509
leeds-beckett-university,the,2017,601
leeds-beckett-university,the,2018,601
leeds-beckett-university,the,2019,801
leeds-beckett-university,the,2020,801
leeds-beckett-university,the,2021,801
leeds-beckett-university,the,2022,801
leeds-beckett-university,the,2023,801
leeds-beckett-university,the,2024,801
leeds-beckett-university,the,2025,801
leeds-beckett-university,the,2026,801
north-west-university,qs,2026,1001
north-west-university,the,2020,501
north-west-university,the,2021,501
north-west-university,the,2022,501
north-west-university,the,2023,601
north-west-university,the,2024,601
north-west-university,the,2025,801
north-west-university,the,2026,801
robert-gordon-university,qs,2026,1001
robert-gordon-university,usnews,2026,1679
robert-gordon-university,the,2017,801
robert-gordon-university,the,2018,801
robert-gordon-university,the,2019,801
robert-gordon-university,the,2020,1001
robert-gordon-university,the,2021,1001
robert-gordon-university,the,2022,1001
robert-gordon-university,the,2023,1001
robert-gordon-university,the,2024,801
robert-gordon-university,the,2025,801
robert-gordon-university,the,2026,801
sheffield-hallam-university,qs,2026,1001
sheffield-hallam-university,usnews,2026,1254
sheffield-hallam-university,the,2016,601
sheffield-hallam-university,the,2017,801
sheffield-hallam-university,the,2018,801
sheffield-hallam-university,the,2019,801
sheffield-hallam-university,the,2020,801
sheffield-hallam-university,the,2021,801
sheffield-hallam-university,the,2022,801
sheffield-hallam-university,the,2023,801
sheffield-hallam-university,the,2024,801
sheffield-hallam-university,the,2025,801
sheffield-hallam-university,the,2026,801
universit-de-bretagne-occidentale,qs,2026,1001
universit-de-bretagne-occidentale,the,2024,801
universit-de-bretagne-occidentale,the,2025,801
universit-de-bretagne-occidentale,the,2026,801
university-regina,qs,2026,1001
university-regina,usnews,2026,1254
university-regina,the,2016,501
university-regina,the,2017,501
university-regina,the,2018,601
university-regina,the,2019,601
university-regina,the,2020,601
university-regina,the,2021,801
university-regina,the,2022,601
university-regina,the,2023,601
university-regina,the,2024,801
university-regina,the,2025,801
university-regina,the,2026,801
university-rhode-island,qs,2026,1001
university-rhode-island,usnews,2026,932
university-rhode-island,the,2020,501
university-rhode-island,the,2021,601
university-rhode-island,the,2022,601
university-rhode-island,the,2023,801
university-rhode-island,the,2024,601
university-rhode-island,the,2025,801
university-rhode-island,the,2026,801
university-salento,qs,2026,1001
university-salento,usnews,2026,987
university-salento,the,2012,350
university-salento,the,2013,351
university-salento,the,2014,301
university-salento,the,2015,251
university-salento,the,2016,401
university-salento,the,2017,401
university-salento,the,2018,501
university-salento,the,2019,501
university-salento,the,2020,601
university-salento,the,2021,601
university-salento,the,2022,801
university-salento,the,2023,801
university-salento,the,2024,601
university-salento,the,2025,801
university-salento,the,2026,801
university-salford,qs,2026,1001
university-salford,usnews,2026,1393
university-salford,the,2016,601
university-salford,the,2017,601
university-salford,the,2018,601
university-salford,the,2019,601
university-salford,the,2020,801
university-salford,the,2021,801
university-salford,the,2022,801
university-salford,the,2023,801
university-salford,the,2024,801
university-salford,the,2025,801
university-salford,the,2026,801
university-wolverhampton,qs,2026,1001
university-wolverhampton,usnews,2026,1835
university-wolverhampton,the,2019,601
university-wolverhampton,the,2020,801
university-wolverhampton,the,2021,801
university-wolverhampton,the,2022,1001
university-wolverhampton,the,2023,601
university-wolverhampton,the,2024,601
university-wolverhampton,the,2025,801
university-wolverhampton,the,2026,801
university-wyoming,qs,2026,1001
university-wyoming,usnews,2026,959
university-wyoming,the,2012,350
university-wyoming,the,2013,351
university-wyoming,the,2014,351
university-wyoming,the,2022,601
university-wyoming,the,2023,801
university-wyoming,the,2024,601
university-wyoming,the,2025,601
university-wyoming,the,2026,801
william-mary,qs,2026,1001
william-mary,usnews,2026,1556
william-mary,the,2011,75
william-mary,the,2012,146
william-mary,the,2013,184
william-mary,the,2014,201
william-mary,the,2015,201
william-mary,the,2016,201
william-mary,the,2017,251
william-mary,the,2018,251
william-mary,the,2019,201
william-mary,the,2020,201
william-mary,the,2021,251
william-mary,the,2022,301
william-mary,the,2023,401
william-mary,the,2024,601
william-mary,the,2025,601
william-mary,the,2026,801
ataturk-university,qs,2026,1201
ataturk-university,usnews,2026,1002
ataturk-university,the,2021,1001
ataturk-university,the,2022,1001
ataturk-university,the,2023,1201
ataturk-university,the,2024,1201
ataturk-university,the,2025,1001
ataturk-university,the,2026,801
empress-catherine-ii-saint-petersburg-mining-university,qs,2026,1201
empress-catherine-ii-saint-petersburg-mining-university,the,2020,801
empress-catherine-ii-saint-petersburg-mining-university,the,2021,401
empress-catherine-ii-saint-petersburg-mining-university,the,2022,401
empress-catherine-ii-saint-petersburg-mining-university,the,2023,501
empress-catherine-ii-saint-petersburg-mining-university,the,2024,601
empress-catherine-ii-saint-petersburg-mining-university,the,2025,601
empress-catherine-ii-saint-petersburg-mining-university,the,2026,801
ozyegin-university,qs,2026,1201
ozyegin-university,usnews,2026,1484
ozyegin-university,the,2021,601
ozyegin-university,the,2022,1001
ozyegin-university,the,2023,801
ozyegin-university,the,2024,801
ozyegin-university,the,2025,801
ozyegin-university,the,2026,801
portland-state-university,qs,2026,1201
portland-state-university,usnews,2026,1338
portland-state-university,the,2016,501
portland-state-university,the,2018,601
portland-state-university,the,2019,601
portland-state-university,the,2020,601
portland-state-university,the,2021,801
portland-state-university,the,2022,801
portland-state-university,the,2023,1001
portland-state-university,the,2024,801
portland-state-university,the,2025,801
portland-state-university,the,2026,801
university-notre-dame-australia,qs,2026,1201
university-notre-dame-australia,usnews,2026,1429
university-notre-dame-australia,the,2025,1201
university-notre-dame-australia,the,2026,801
international-islamic-university-islamabad-iiu,qs,2026,1401
international-islamic-university-islamabad-iiu,the,2020,801
international-islamic-university-islamabad-iiu,the,2022,601
international-islamic-university-islamabad-iiu,the,2023,601
international-islamic-university-islamabad-iiu,the,2024,801
international-islamic-university-islamabad-iiu,the,2025,801
international-islamic-university-islamabad-iiu,the,2026,801
jahangirnagar-university,qs,2026,1401
jahangirnagar-university,usnews,2026,1238
jahangirnagar-university,the,2024,801
jahangirnagar-university,the,2025,801
jahangirnagar-university,the,2026,801
jamia-hamdard,qs,2026,1401
jamia-hamdard,usnews,2026,1033
jamia-hamdard,the,2021,801
jamia-hamdard,the,2022,1001
jamia-hamdard,the,2023,601
jamia-hamdard,the,2024,601
jamia-hamdard,the,2025,801
jamia-hamdard,the,2026,801
university-petra,qs,2026,1401
university-petra,the,2026,801
usn-comenius-university-in-bratislava-500702,usnews,2026,801
usn-shiraz-university-of-medical-science-529286,usnews,2026,801
usn-tabriz-university-of-medical-science-529423,usnews,2026,801
usn-guangzhou-medical-university-529307,usnews,2026,831
usn-guangzhou-medical-university-529307,the,2023,601
usn-guangzhou-medical-university-529307,the,2024,801
usn-guangzhou-medical-university-529307,the,2025,801
usn-guangzhou-medical-university-529307,the,2026,801
usn-tomsk-polytechnic-university-529158,usnews,2026,908
usn-tomsk-polytechnic-university-529158,the,2016,251
usn-tomsk-polytechnic-university-529158,the,2017,501
usn-tomsk-polytechnic-university-529158,the,2018,301
usn-tomsk-polytechnic-university-529158,the,2019,501
usn-tomsk-polytechnic-university-529158,the,2020,601
usn-tomsk-polytechnic-university-529158,the,2021,801
usn-tomsk-polytechnic-university-529158,the,2022,801
usn-tomsk-polytechnic-university-529158,the,2023,1001
usn-tomsk-polytechnic-university-529158,the,2024,801
usn-tomsk-polytechnic-university-529158,the,2025,801
usn-tomsk-polytechnic-university-529158,the,2026,801
usn-king-saud-bin-abdulaziz-university-for-health-sciences-514629,usnews,2026,928
usn-king-saud-bin-abdulaziz-university-for-health-sciences-514629,the,2019,501
usn-king-saud-bin-abdulaziz-university-for-health-sciences-514629,the,2020,501
usn-king-saud-bin-abdulaziz-university-for-health-sciences-514629,the,2021,801
usn-king-saud-bin-abdulaziz-university-for-health-sciences-514629,the,2022,801
usn-king-saud-bin-abdulaziz-university-for-health-sciences-514629,the,2023,601
usn-king-saud-bin-abdulaziz-university-for-health-sciences-514629,the,2024,601
usn-king-saud-bin-abdulaziz-university-for-health-sciences-514629,the,2025,801
usn-king-saud-bin-abdulaziz-university-for-health-sciences-514629,the,2026,801
usn-bucharest-university-of-economic-studies-530222,usnews,2026,944
usn-bucharest-university-of-economic-studies-530222,the,2019,1001
usn-bucharest-university-of-economic-studies-530222,the,2020,801
usn-bucharest-university-of-economic-studies-530222,the,2021,601
usn-bucharest-university-of-economic-studies-530222,the,2022,501
usn-bucharest-university-of-economic-studies-530222,the,2023,501
usn-bucharest-university-of-economic-studies-530222,the,2024,801
usn-bucharest-university-of-economic-studies-530222,the,2025,801
usn-bucharest-university-of-economic-studies-530222,the,2026,801
usn-hanoi-medical-university-530157,usnews,2026,957
usn-hanoi-medical-university-530157,the,2025,801
usn-hanoi-medical-university-530157,the,2026,801
usn-jss-academy-of-higher-education-research-530412,usnews,2026,1015
usn-jss-academy-of-higher-education-research-530412,the,2019,401
usn-jss-academy-of-higher-education-research-530412,the,2022,351
usn-jss-academy-of-higher-education-research-530412,the,2023,351
usn-jss-academy-of-higher-education-research-530412,the,2024,801
usn-jss-academy-of-higher-education-research-530412,the,2025,801
usn-jss-academy-of-higher-education-research-530412,the,2026,801
usn-open-university-506455,usnews,2026,1056
usn-open-university-506455,the,2016,401
usn-open-university-506455,the,2017,401
usn-open-university-506455,the,2018,401
usn-open-university-506455,the,2019,501
usn-open-university-506455,the,2020,501
usn-open-university-506455,the,2021,601
usn-open-university-506455,the,2022,601
usn-open-university-506455,the,2023,601
usn-open-university-506455,the,2024,601
usn-open-university-506455,the,2025,801
usn-open-university-506455,the,2026,801
usn-mazandaran-university-medical-sciences-529621,usnews,2026,1070
usn-mazandaran-university-medical-sciences-529621,the,2022,351
usn-mazandaran-university-medical-sciences-529621,the,2023,351
usn-mazandaran-university-medical-sciences-529621,the,2024,601
usn-mazandaran-university-medical-sciences-529621,the,2025,601
usn-mazandaran-university-medical-sciences-529621,the,2026,801
usn-old-dominion-university-232982,usnews,2026,1081
usn-old-dominion-university-232982,the,2012,350
usn-old-dominion-university-232982,the,2014,351
usn-old-dominion-university-232982,the,2017,501
usn-old-dominion-university-232982,the,2018,601
usn-old-dominion-university-232982,the,2019,601
usn-old-dominion-university-232982,the,2020,601
usn-old-dominion-university-232982,the,2021,801
usn-old-dominion-university-232982,the,2022,801
usn-old-dominion-university-232982,the,2023,801
usn-old-dominion-university-232982,the,2024,601
usn-old-dominion-university-232982,the,2025,801
usn-old-dominion-university-232982,the,2026,801
usn-the-catholic-university-of-america-131283,usnews,2026,1101
usn-the-catholic-university-of-america-131283,the,2024,601
usn-the-catholic-university-of-america-131283,the,2025,601
usn-the-catholic-university-of-america-131283,the,2026,801
usn-najran-university-508814,usnews,2026,1105
usn-najran-university-508814,the,2024,1001
usn-najran-university-508814,the,2025,801
usn-najran-university-508814,the,2026,801
usn-government-college-university-lahore-530022,usnews,2026,1112
usn-government-college-university-lahore-530022,the,2018,1001
usn-government-college-university-lahore-530022,the,2019,1001
usn-government-college-university-lahore-530022,the,2020,1001
usn-government-college-university-lahore-530022,the,2021,1001
usn-government-college-university-lahore-530022,the,2022,1201
usn-government-college-university-lahore-530022,the,2023,1201
usn-government-college-university-lahore-530022,the,2024,1201
usn-government-college-university-lahore-530022,the,2025,1001
usn-government-college-university-lahore-530022,the,2026,801
usn-university-of-cape-coast-530205,usnews,2026,1118
usn-university-of-cape-coast-530205,the,2022,301
usn-university-of-cape-coast-530205,the,2023,351
usn-university-of-cape-coast-530205,the,2024,601
usn-university-of-cape-coast-530205,the,2025,801
usn-university-of-cape-coast-530205,the,2026,801
usn-kerman-university-of-medical-sciences-529929,usnews,2026,1163
usn-kerman-university-of-medical-sciences-529929,the,2021,801
usn-kerman-university-of-medical-sciences-529929,the,2022,601
usn-kerman-university-of-medical-sciences-529929,the,2023,801
usn-kerman-university-of-medical-sciences-529929,the,2024,1001
usn-kerman-university-of-medical-sciences-529929,the,2025,801
usn-kerman-university-of-medical-sciences-529929,the,2026,801
usn-guilan-university-of-medical-sciences-530572,usnews,2026,1183
usn-guilan-university-of-medical-sciences-530572,the,2024,801
usn-guilan-university-of-medical-sciences-530572,the,2025,801
usn-guilan-university-of-medical-sciences-530572,the,2026,801
usn-university-of-foggia-529562,usnews,2026,1192
usn-university-of-foggia-529562,the,2021,801
usn-university-of-foggia-529562,the,2022,801
usn-university-of-foggia-529562,the,2023,801
usn-university-of-foggia-529562,the,2024,601
usn-university-of-foggia-529562,the,2025,801
usn-university-of-foggia-529562,the,2026,801
usn-gorgan-university-of-agricultural-sciences-natural-resources-530566,usnews,2026,1224
usn-gorgan-university-of-agricultural-sciences-natural-resources-530566,the,2024,801
usn-gorgan-university-of-agricultural-sciences-natural-resources-530566,the,2025,601
usn-gorgan-university-of-agricultural-sciences-natural-resources-530566,the,2026,801
usn-birjand-university-of-medical-sciences-530764,usnews,2026,1238
usn-birjand-university-of-medical-sciences-530764,the,2025,801
usn-birjand-university-of-medical-sciences-530764,the,2026,801
usn-florida-atlantic-university-133669,usnews,2026,1238
usn-florida-atlantic-university-133669,the,2018,601
usn-florida-atlantic-university-133669,the,2019,801
usn-florida-atlantic-university-133669,the,2020,801
usn-florida-atlantic-university-133669,the,2021,801
usn-florida-atlantic-university-133669,the,2022,801
usn-florida-atlantic-university-133669,the,2023,801
usn-florida-atlantic-university-133669,the,2024,801
usn-florida-atlantic-university-133669,the,2025,601
usn-florida-atlantic-university-133669,the,2026,801
usn-medical-university-lodz-529195,usnews,2026,1238
usn-medical-university-lodz-529195,the,2023,601
usn-medical-university-lodz-529195,the,2024,801
usn-medical-university-lodz-529195,the,2025,801
usn-medical-university-lodz-529195,the,2026,801
usn-northern-illinois-university-147703,usnews,2026,1266
usn-northern-illinois-university-147703,the,2022,601
usn-northern-illinois-university-147703,the,2023,801
usn-northern-illinois-university-147703,the,2024,601
usn-northern-illinois-university-147703,the,2025,801
usn-northern-illinois-university-147703,the,2026,801
usn-k-n-toosi-university-of-technology-529705,usnews,2026,1290
usn-k-n-toosi-university-of-technology-529705,the,2016,601
usn-k-n-toosi-university-of-technology-529705,the,2017,601
usn-k-n-toosi-university-of-technology-529705,the,2018,601
usn-k-n-toosi-university-of-technology-529705,the,2019,801
usn-k-n-toosi-university-of-technology-529705,the,2020,801
usn-k-n-toosi-university-of-technology-529705,the,2021,801
usn-k-n-toosi-university-of-technology-529705,the,2022,1001
usn-k-n-toosi-university-of-technology-529705,the,2023,1001
usn-k-n-toosi-university-of-technology-529705,the,2024,801
usn-k-n-toosi-university-of-technology-529705,the,2025,801
usn-k-n-toosi-university-of-technology-529705,the,2026,801
usn-bahcesehir-university-529754,usnews,2026,1317
usn-bahcesehir-university-529754,the,2019,1001
usn-bahcesehir-university-529754,the,2020,1001
usn-bahcesehir-university-529754,the,2021,1001
usn-bahcesehir-university-529754,the,2022,801
usn-bahcesehir-university-529754,the,2023,601
usn-bahcesehir-university-529754,the,2024,801
usn-bahcesehir-university-529754,the,2025,801
usn-bahcesehir-university-529754,the,2026,801
usn-ahvaz-jundishapur-university-of-medical-sciences-529917,usnews,2026,1410
usn-ahvaz-jundishapur-university-of-medical-sciences-529917,the,2022,601
usn-ahvaz-jundishapur-university-of-medical-sciences-529917,the,2023,601
usn-ahvaz-jundishapur-university-of-medical-sciences-529917,the,2024,801
usn-ahvaz-jundishapur-university-of-medical-sciences-529917,the,2026,801
usn-university-of-gujrat-530259,usnews,2026,1410
usn-university-of-gujrat-530259,the,2023,1001
usn-university-of-gujrat-530259,the,2024,1001
usn-university-of-gujrat-530259,the,2025,801
usn-university-of-gujrat-530259,the,2026,801
usn-ontario-tech-university-530625,usnews,2026,1435
usn-ontario-tech-university-530625,the,2022,601
usn-ontario-tech-university-530625,the,2023,601
usn-ontario-tech-university-530625,the,2024,601
usn-ontario-tech-university-530625,the,2025,801
usn-ontario-tech-university-530625,the,2026,801
usn-jonkoping-university-529670,usnews,2026,1484
usn-jonkoping-university-529670,the,2023,601
usn-jonkoping-university-529670,the,2024,601
usn-jonkoping-university-529670,the,2025,601
usn-jonkoping-university-529670,the,2026,801
usn-northern-border-university-530578,usnews,2026,1490
usn-northern-border-university-530578,the,2025,1001
usn-northern-border-university-530578,the,2026,801
usn-urmia-university-529525,usnews,2026,1520
usn-urmia-university-529525,the,2019,1001
usn-urmia-university-529525,the,2020,1001
usn-urmia-university-529525,the,2021,1001
usn-urmia-university-529525,the,2022,1001
usn-urmia-university-529525,the,2023,1001
usn-urmia-university-529525,the,2024,801
usn-urmia-university-529525,the,2025,801
usn-urmia-university-529525,the,2026,801
usn-european-university-cyprus-530411,usnews,2026,1531
usn-european-university-cyprus-530411,the,2025,801
usn-european-university-cyprus-530411,the,2026,801
usn-reichman-university-530026,usnews,2026,1569
usn-reichman-university-530026,the,2020,601
usn-reichman-university-530026,the,2021,601
usn-reichman-university-530026,the,2022,801
usn-reichman-university-530026,the,2023,1001
usn-reichman-university-530026,the,2024,801
usn-reichman-university-530026,the,2025,801
usn-reichman-university-530026,the,2026,801
usn-southern-illinois-university-carbondale-149222,usnews,2026,1579
usn-southern-illinois-university-carbondale-149222,the,2021,801
usn-southern-illinois-university-carbondale-149222,the,2023,801
usn-southern-illinois-university-carbondale-149222,the,2025,801
usn-southern-illinois-university-carbondale-149222,the,2026,801
usn-kingston-university-529552,usnews,2026,1589
usn-kingston-university-529552,the,2016,601
usn-kingston-university-529552,the,2017,601
usn-kingston-university-529552,the,2018,601
usn-kingston-university-529552,the,2019,601
usn-kingston-university-529552,the,2020,801
usn-kingston-university-529552,the,2021,801
usn-kingston-university-529552,the,2022,801
usn-kingston-university-529552,the,2023,801
usn-kingston-university-529552,the,2024,801
usn-kingston-university-529552,the,2025,801
usn-kingston-university-529552,the,2026,801
usn-university-of-engineering-and-technology-taxila-529768,usnews,2026,1599
usn-university-of-engineering-and-technology-taxila-529768,the,2023,601
usn-university-of-engineering-and-technology-taxila-529768,the,2024,601
usn-university-of-engineering-and-technology-taxila-529768,the,2025,601
usn-university-of-engineering-and-technology-taxila-529768,the,2026,801
usn-alagappa-university-529893,usnews,2026,1636
usn-alagappa-university-529893,the,2022,501
usn-alagappa-university-529893,the,2023,401
usn-alagappa-university-529893,the,2024,601
usn-alagappa-university-529893,the,2025,801
usn-alagappa-university-529893,the,2026,801
usn-baqiyatallah-university-of-medical-sciences-bmsu-529531,usnews,2026,1646
usn-baqiyatallah-university-of-medical-sciences-bmsu-529531,the,2025,601
usn-baqiyatallah-university-of-medical-sciences-bmsu-529531,the,2026,801
usn-university-of-malakand-530575,usnews,2026,1661
usn-university-of-malakand-530575,the,2022,601
usn-university-of-malakand-530575,the,2023,601
usn-university-of-malakand-530575,the,2024,801
usn-university-of-malakand-530575,the,2025,601
usn-university-of-malakand-530575,the,2026,801
usn-siberian-federal-university-529557,usnews,2026,1721
usn-siberian-federal-university-529557,the,2017,801
usn-siberian-federal-university-529557,the,2018,1001
usn-siberian-federal-university-529557,the,2019,1001
usn-siberian-federal-university-529557,the,2020,1001
usn-siberian-federal-university-529557,the,2021,1001
usn-siberian-federal-university-529557,the,2022,1001
usn-siberian-federal-university-529557,the,2023,1201
usn-siberian-federal-university-529557,the,2024,1001
usn-siberian-federal-university-529557,the,2025,1001
usn-siberian-federal-university-529557,the,2026,801
usn-istanbul-medipol-university-529950,usnews,2026,1738
usn-istanbul-medipol-university-529950,the,2020,1001
usn-istanbul-medipol-university-529950,the,2021,1001
usn-istanbul-medipol-university-529950,the,2022,1201
usn-istanbul-medipol-university-529950,the,2023,1201
usn-istanbul-medipol-university-529950,the,2024,1501
usn-istanbul-medipol-university-529950,the,2025,1501
usn-istanbul-medipol-university-529950,the,2026,801
usn-delhi-technological-university-529835,usnews,2026,1748
usn-delhi-technological-university-529835,the,2020,1001
usn-delhi-technological-university-529835,the,2021,801
usn-delhi-technological-university-529835,the,2022,601
usn-delhi-technological-university-529835,the,2023,601
usn-delhi-technological-university-529835,the,2024,801
usn-delhi-technological-university-529835,the,2025,801
usn-delhi-technological-university-529835,the,2026,801
usn-national-institute-of-technology-silchar-529775,usnews,2026,1922
usn-national-institute-of-technology-silchar-529775,the,2021,801
usn-national-institute-of-technology-silchar-529775,the,2022,801
usn-national-institute-of-technology-silchar-529775,the,2023,601
usn-national-institute-of-technology-silchar-529775,the,2024,601
usn-national-institute-of-technology-silchar-529775,the,2025,801
usn-national-institute-of-technology-silchar-529775,the,2026,801
usn-siksha-o-anusandhan-university-530099,usnews,2026,1967
usn-siksha-o-anusandhan-university-530099,the,2020,1001
usn-siksha-o-anusandhan-university-530099,the,2021,1001
usn-siksha-o-anusandhan-university-530099,the,2022,1201
usn-siksha-o-anusandhan-university-530099,the,2023,1001
usn-siksha-o-anusandhan-university-530099,the,2024,801
usn-siksha-o-anusandhan-university-530099,the,2025,801
usn-siksha-o-anusandhan-university-530099,the,2026,801
usn-wakayama-medical-university-529624,usnews,2026,2041
usn-wakayama-medical-university-529624,the,2024,1001
usn-wakayama-medical-university-529624,the,2025,801
usn-wakayama-medical-university-529624,the,2026,801
the-university-rome-iii,the,2015,351
the-university-rome-iii,the,2016,351
the-university-rome-iii,the,2017,401
the-university-rome-iii,the,2018,401
the-university-rome-iii,the,2019,401
the-university-rome-iii,the,2020,501
the-university-rome-iii,the,2021,601
the-university-rome-iii,the,2022,601
the-university-rome-iii,the,2023,801
the-university-rome-iii,the,2024,601
the-university-rome-iii,the,2025,801
the-university-rome-iii,the,2026,801
the-pantheon-sorbonne-university-paris-1,the,2016,351
the-pantheon-sorbonne-university-paris-1,the,2017,401
the-pantheon-sorbonne-university-paris-1,the,2018,501
the-pantheon-sorbonne-university-paris-1,the,2019,501
the-pantheon-sorbonne-university-paris-1,the,2020,601
the-pantheon-sorbonne-university-paris-1,the,2021,601
the-pantheon-sorbonne-university-paris-1,the,2022,601
the-pantheon-sorbonne-university-paris-1,the,2023,801
the-pantheon-sorbonne-university-paris-1,the,2024,801
the-pantheon-sorbonne-university-paris-1,the,2025,801
the-pantheon-sorbonne-university-paris-1,the,2026,801
the-national-institute-applied-sciences-lyon-insa-lyon,the,2016,401
the-national-institute-applied-sciences-lyon-insa-lyon,the,2017,501
the-national-institute-applied-sciences-lyon-insa-lyon,the,2018,601
the-national-institute-applied-sciences-lyon-insa-lyon,the,2019,601
the-national-institute-applied-sciences-lyon-insa-lyon,the,2020,601
the-national-institute-applied-sciences-lyon-insa-lyon,the,2021,601
the-national-institute-applied-sciences-lyon-insa-lyon,the,2022,601
the-national-institute-applied-sciences-lyon-insa-lyon,the,2023,801
the-national-institute-applied-sciences-lyon-insa-lyon,the,2024,601
the-national-institute-applied-sciences-lyon-insa-lyon,the,2025,601
the-national-institute-applied-sciences-lyon-insa-lyon,the,2026,801
the-pontifical-catholic-university-rio-de-janeiro-puc-rio,the,2016,501
the-pontifical-catholic-university-rio-de-janeiro-puc-rio,the,2017,601
the-pontifical-catholic-university-rio-de-janeiro-puc-rio,the,2018,601
the-pontifical-catholic-university-rio-de-janeiro-puc-rio,the,2019,601
the-pontifical-catholic-university-rio-de-janeiro-puc-rio,the,2020,601
the-pontifical-catholic-university-rio-de-janeiro-puc-rio,the,2021,601
the-pontifical-catholic-university-rio-de-janeiro-puc-rio,the,2022,801
the-pontifical-catholic-university-rio-de-janeiro-puc-rio,the,2023,801
the-pontifical-catholic-university-rio-de-janeiro-puc-rio,the,2024,801
the-pontifical-catholic-university-rio-de-janeiro-puc-rio,the,2025,601
the-pontifical-catholic-university-rio-de-janeiro-puc-rio,the,2026,801
the-university-alcala,the,2016,601
the-university-alcala,the,2017,601
the-university-alcala,the,2018,601
the-university-alcala,the,2019,601
the-university-alcala,the,2020,601
the-university-alcala,the,2021,801
the-university-alcala,the,2022,601
the-university-alcala,the,2023,801
the-university-alcala,the,2024,801
the-university-alcala,the,2025,801
the-university-alcala,the,2026,801
the-carlos-iii-university-madrid,the,2016,601
the-carlos-iii-university-madrid,the,2017,601
the-carlos-iii-university-madrid,the,2018,601
the-carlos-iii-university-madrid,the,2019,601
the-carlos-iii-university-madrid,the,2020,801
the-carlos-iii-university-madrid,the,2021,801
the-carlos-iii-university-madrid,the,2022,801
the-carlos-iii-university-madrid,the,2023,1001
the-carlos-iii-university-madrid,the,2024,801
the-carlos-iii-university-madrid,the,2025,801
the-carlos-iii-university-madrid,the,2026,801
the-national-university-science-and-technology-misis,the,2016,601
the-national-university-science-and-technology-misis,the,2017,801
the-national-university-science-and-technology-misis,the,2018,601
the-national-university-science-and-technology-misis,the,2019,601
the-national-university-science-and-technology-misis,the,2020,601
the-national-university-science-and-technology-misis,the,2021,601
the-national-university-science-and-technology-misis,the,2022,601
the-national-university-science-and-technology-misis,the,2023,601
the-national-university-science-and-technology-misis,the,2024,601
the-national-university-science-and-technology-misis,the,2025,601
the-national-university-science-and-technology-misis,the,2026,801
the-university-jaen,the,2017,601
the-university-jaen,the,2018,601
the-university-jaen,the,2019,801
the-university-jaen,the,2020,801
the-university-jaen,the,2021,801
the-university-jaen,the,2022,801
the-university-jaen,the,2023,801
the-university-jaen,the,2024,801
the-university-jaen,the,2025,801
the-university-jaen,the,2026,801
the-northeast-normal-university,the,2017,601
the-northeast-normal-university,the,2018,601
the-northeast-normal-university,the,2019,601
the-northeast-normal-university,the,2020,801
the-northeast-normal-university,the,2021,801
the-northeast-normal-university,the,2022,801
the-northeast-normal-university,the,2023,801
the-northeast-normal-university,the,2024,801
the-northeast-normal-university,the,2025,801
the-northeast-normal-university,the,2026,801
the-university-roehampton,the,2017,601
the-university-roehampton,the,2018,601
the-university-roehampton,the,2019,801
the-university-roehampton,the,2020,801
the-university-roehampton,the,2021,801
the-university-roehampton,the,2022,801
the-university-roehampton,the,2023,801
the-university-roehampton,the,2024,801
the-university-roehampton,the,2025,801
the-university-roehampton,the,2026,801
the-university-tunis-el-manar,the,2017,801
the-university-tunis-el-manar,the,2018,1001
the-university-tunis-el-manar,the,2019,1001
the-university-tunis-el-manar,the,2020,1001
the-university-tunis-el-manar,the,2021,1001
the-university-tunis-el-manar,the,2022,1001
the-university-tunis-el-manar,the,2023,1201
the-university-tunis-el-manar,the,2024,801
the-university-tunis-el-manar,the,2025,801
the-university-tunis-el-manar,the,2026,801
the-reykjavik-university,the,2018,401
the-reykjavik-university,the,2019,301
the-reykjavik-university,the,2020,301
the-reykjavik-university,the,2021,301
the-reykjavik-university,the,2022,301
the-reykjavik-university,the,2023,301
the-reykjavik-university,the,2024,601
the-reykjavik-university,the,2025,801
the-reykjavik-university,the,2026,801
the-university-balearic-islands,the,2019,501
the-university-balearic-islands,the,2020,601
the-university-balearic-islands,the,2021,601
the-university-balearic-islands,the,2022,601
the-university-balearic-islands,the,2023,801
the-university-balearic-islands,the,2024,801
the-university-balearic-islands,the,2025,801
the-university-balearic-islands,the,2026,801
the-catholic-university-portugal,the,2019,601
the-catholic-university-portugal,the,2020,351
the-catholic-university-portugal,the,2021,351
the-catholic-university-portugal,the,2022,351
the-catholic-university-portugal,the,2023,351
the-catholic-university-portugal,the,2024,801
the-catholic-university-portugal,the,2025,801
the-catholic-university-portugal,the,2026,801
the-mashhad-university-medical-sciences,the,2019,601
the-mashhad-university-medical-sciences,the,2020,501
the-mashhad-university-medical-sciences,the,2021,501
the-mashhad-university-medical-sciences,the,2022,601
the-mashhad-university-medical-sciences,the,2023,601
the-mashhad-university-medical-sciences,the,2024,601
the-mashhad-university-medical-sciences,the,2025,801
the-mashhad-university-medical-sciences,the,2026,801
the-open-university-catalonia,the,2019,601
the-open-university-catalonia,the,2020,501
the-open-university-catalonia,the,2021,601
the-open-university-catalonia,the,2022,601
the-open-university-catalonia,the,2023,501
the-open-university-catalonia,the,2024,601
the-open-university-catalonia,the,2025,601
the-open-university-catalonia,the,2026,801
the-pablo-de-olavide-university,the,2019,801
the-pablo-de-olavide-university,the,2020,801
the-pablo-de-olavide-university,the,2021,801
the-pablo-de-olavide-university,the,2023,801
the-pablo-de-olavide-university,the,2024,801
the-pablo-de-olavide-university,the,2025,801
the-pablo-de-olavide-university,the,2026,801
the-university-lleida,the,2020,601
the-university-lleida,the,2021,601
the-university-lleida,the,2022,801
the-university-lleida,the,2023,801
the-university-lleida,the,2024,801
the-university-lleida,the,2025,801
the-university-lleida,the,2026,801
the-university-cordoba,the,2020,801
the-university-cordoba,the,2021,801
the-university-cordoba,the,2022,801
the-university-cordoba,the,2023,601
the-university-cordoba,the,2024,601
the-university-cordoba,the,2025,801
the-university-cordoba,the,2026,801
the-kurdistan-university-medical-sciences,the,2021,301
the-kurdistan-university-medical-sciences,the,2022,351
the-kurdistan-university-medical-sciences,the,2023,351
the-kurdistan-university-medical-sciences,the,2024,601
the-kurdistan-university-medical-sciences,the,2025,601
the-kurdistan-university-medical-sciences,the,2026,801
the-abdul-wali-khan-university-mardan,the,2021,501
the-abdul-wali-khan-university-mardan,the,2022,601
the-abdul-wali-khan-university-mardan,the,2023,601
the-abdul-wali-khan-university-mardan,the,2024,601
the-abdul-wali-khan-university-mardan,the,2025,801
the-abdul-wali-khan-university-mardan,the,2026,801
the-gabriele-dannunzio-university,the,2021,601
the-gabriele-dannunzio-university,the,2022,601
the-gabriele-dannunzio-university,the,2023,601
the-gabriele-dannunzio-university,the,2024,601
the-gabriele-dannunzio-university,the,2025,801
the-gabriele-dannunzio-university,the,2026,801
the-kl-university,the,2021,1001
the-kl-university,the,2022,1001
the-kl-university,the,2023,801
the-kl-university,the,2024,1201
the-kl-university,the,2025,801
the-kl-university,the,2026,801
the-university-vic-central-university-catalonia,the,2022,401
the-university-vic-central-university-catalonia,the,2023,501
the-university-vic-central-university-catalonia,the,2024,801
the-university-vic-central-university-catalonia,the,2025,801
the-university-vic-central-university-catalonia,the,2026,801
the-arts-et-metiers,the,2022,801
the-arts-et-metiers,the,2023,1001
the-arts-et-metiers,the,2024,801
the-arts-et-metiers,the,2025,801
the-arts-et-metiers,the,2026,801
the-zanjan-university-medical-sciences,the,2022,1001
the-zanjan-university-medical-sciences,the,2023,1201
the-zanjan-university-medical-sciences,the,2024,1201
the-zanjan-university-medical-sciences,the,2025,1001
the-zanjan-university-medical-sciences,the,2026,801
the-ilam-university-medical-sciences,the,2023,601
the-ilam-university-medical-sciences,the,2024,801
the-ilam-university-medical-sciences,the,2025,801
the-ilam-university-medical-sciences,the,2026,801
the-imt-nord-europe,the,2023,1001
the-imt-nord-europe,the,2024,1001
the-imt-nord-europe,the,2025,1001
the-imt-nord-europe,the,2026,801
the-capital-university-science-and-technology,the,2024,601
the-capital-university-science-and-technology,the,2025,601
the-capital-university-science-and-technology,the,2026,801
the-shahrekord-university-medical-sciences,the,2024,801
the-shahrekord-university-medical-sciences,the,2025,801
the-shahrekord-university-medical-sciences,the,2026,801
the-shri-mata-vaishno-devi-university,the,2024,801
the-shri-mata-vaishno-devi-university,the,2025,801
the-shri-mata-vaishno-devi-university,the,2026,801
the-university-medicine-and-pharmacy-carol-davila,the,2024,801
the-university-medicine-and-pharmacy-carol-davila,the,2025,801
the-university-medicine-and-pharmacy-carol-davila,the,2026,801
the-halmstad-university,the,2024,1201
the-halmstad-university,the,2025,1201
the-halmstad-university,the,2026,801
the-innopolis-university,the,2025,601
the-innopolis-university,the,2026,801
the-al-al-bayt-university,the,2025,801
the-al-al-bayt-university,the,2026,801
the-gazipur-agricultural-university,the,2025,801
the-gazipur-agricultural-university,the,2026,801
the-khwaja-fareed-university-engineering-and-information-technology,the,2025,801
the-khwaja-fareed-university-engineering-and-information-technology,the,2026,801
the-national-veterinary-school-alfort-enva,the,2025,801
the-national-veterinary-school-alfort-enva,the,2026,801
the-northeast-agricultural-university,the,2025,801
the-northeast-agricultural-university,the,2026,801
the-university-nova-gorica,the,2025,801
the-university-nova-gorica,the,2026,801
the-zahedan-university-medical-sciences,the,2025,801
the-zahedan-university-medical-sciences,the,2026,801
the-al-zaytoonah-university-jordan,the,2025,1001
the-al-zaytoonah-university-jordan,the,2026,801
the-amity-university-rajasthan-jaipur,the,2025,1001
the-amity-university-rajasthan-jaipur,the,2026,801
the-ghulam-ishaq-khan-institute-engineering-sciences-and-technology,the,2025,1001
the-ghulam-ishaq-khan-institute-engineering-sciences-and-technology,the,2026,801
the-abdullah-gul-university,the,2026,801
the-international-university-rabat,the,2026,801
the-iqra-university,the,2026,801
the-isra-university-jordan,the,2026,801
the-mahsa-university,the,2026,801
the-marie-and-louis-pasteur-university,the,2026,801
the-rafsanjan-university-medical-sciences,the,2026,801
the-shahroud-university-medical-sciences,the,2026,801
the-sr-university,the,2026,801
the-university-hagen,the,2026,801
usn-china-pharmaceutical-university-502614,usnews,2026,806
usn-china-pharmaceutical-university-502614,the,2019,801
usn-china-pharmaceutical-university-502614,the,2020,801
usn-china-pharmaceutical-university-502614,the,2021,1001
usn-china-pharmaceutical-university-502614,the,2022,1001
usn-china-pharmaceutical-university-502614,the,2023,1001
usn-china-pharmaceutical-university-502614,the,2024,1001
usn-china-pharmaceutical-university-502614,the,2025,801
usn-china-pharmaceutical-university-502614,the,2026,1001
chiba-university,qs,2026,851
chiba-university,usnews,2026,809
chiba-university,the,2016,601
chiba-university,the,2017,601
chiba-university,the,2018,601
chiba-university,the,2019,601
chiba-university,the,2020,801
chiba-university,the,2021,801
chiba-university,the,2022,1001
chiba-university,the,2023,1001
chiba-university,the,2024,801
chiba-university,the,2025,1001
chiba-university,the,2026,1001
politecnico-di-bari,qs,2026,951
politecnico-di-bari,usnews,2026,809
university-nairobi,qs,2026,1001
university-nairobi,usnews,2026,809
university-nairobi,the,2016,601
university-nairobi,the,2017,801
university-nairobi,the,2018,801
university-nairobi,the,2019,1001
university-nairobi,the,2020,801
university-nairobi,the,2021,601
university-nairobi,the,2022,501
university-nairobi,the,2023,601
university-nairobi,the,2024,1201
university-nairobi,the,2025,1501
university-nairobi,the,2026,1501
usn-bohai-university-529457,usnews,2026,809
usn-agh-university-of-science-and-technology-504859,usnews,2026,817
usn-mekelle-university-530027,usnews,2026,817
ernst-moritz-arndt-universitat-greifswald,qs,2026,1001
ernst-moritz-arndt-universitat-greifswald,usnews,2026,821
university-nevada-reno,qs,2026,1001
university-nevada-reno,usnews,2026,821
usn-graduate-university-for-advanced-studies-japan-528948,usnews,2026,821
usn-port-said-university-511764,usnews,2026,821
usn-port-said-university-511764,the,2021,1001
usn-port-said-university-511764,the,2022,1201
usn-port-said-university-511764,the,2023,1001
usn-port-said-university-511764,the,2024,1201
usn-port-said-university-511764,the,2025,1201
usn-port-said-university-511764,the,2026,1201
usn-university-of-casablanca-hassan-2-529470,usnews,2026,821
usn-university-of-concepcion-506070,usnews,2026,821
usn-university-of-concepcion-506070,the,2017,601
usn-university-of-concepcion-506070,the,2018,801
usn-university-of-concepcion-506070,the,2019,1001
usn-university-of-concepcion-506070,the,2020,1001
usn-university-of-concepcion-506070,the,2021,1001
usn-university-of-concepcion-506070,the,2022,1001
usn-university-of-concepcion-506070,the,2023,1201
usn-university-of-concepcion-506070,the,2024,1201
usn-university-of-concepcion-506070,the,2025,1201
usn-university-of-concepcion-506070,the,2026,1201
university-murcia,qs,2026,1001
university-murcia,usnews,2026,828
university-murcia,the,2016,601
university-murcia,the,2017,601
university-murcia,the,2018,601
university-murcia,the,2019,801
university-murcia,the,2020,801
university-murcia,the,2021,1001
university-murcia,the,2022,1001
university-murcia,the,2023,1001
university-murcia,the,2024,801
university-murcia,the,2025,1001
university-murcia,the,2026,1001
usn-university-of-perugia-504697,usnews,2026,828
usn-university-of-perugia-504697,the,2019,351
usn-university-of-perugia-504697,the,2020,351
usn-university-of-perugia-504697,the,2022,501
usn-university-of-perugia-504697,the,2023,601
usn-bahir-dar-university-530158,usnews,2026,831
usn-fayoum-university-511205,usnews,2026,831
usn-fayoum-university-511205,the,2019,801
usn-fayoum-university-511205,the,2020,1001
usn-fayoum-university-511205,the,2021,1001
usn-fayoum-university-511205,the,2022,1001
usn-fayoum-university-511205,the,2023,601
usn-fayoum-university-511205,the,2024,1001
usn-fayoum-university-511205,the,2025,1001
usn-fayoum-university-511205,the,2026,1201
usn-northeast-agricultural-university-china-529520,usnews,2026,831
usn-zhongnan-university-of-economics-law-530034,usnews,2026,831
university-agder,qs,2026,1001
university-agder,usnews,2026,842
usn-brigham-young-university-provo-230038,usnews,2026,842
usn-carol-davila-university-of-medicine-and-pharmacy-529201,usnews,2026,842
usn-nguyen-tat-thanh-university-nttu-530204,usnews,2026,849
usn-nguyen-tat-thanh-university-nttu-530204,the,2026,1001
usn-universite-djillali-liabes-513540,usnews,2026,849
baku-engineering-university,qs,2026,851
gebze-technical-university-gtu,qs,2026,851
gebze-technical-university-gtu,usnews,2026,1687
gebze-technical-university-gtu,the,2018,601
gebze-technical-university-gtu,the,2019,801
gebze-technical-university-gtu,the,2020,1001
gebze-technical-university-gtu,the,2021,1001
gebze-technical-university-gtu,the,2022,1201
gebze-technical-university-gtu,the,2023,1201
gebze-technical-university-gtu,the,2024,1201
gebze-technical-university-gtu,the,2025,1201
gebze-technical-university-gtu,the,2026,1201
indian-institute-technology-gandhinagar-iitgn,qs,2026,851
indian-institute-technology-gandhinagar-iitgn,usnews,2026,1569
indian-institute-technology-gandhinagar-iitgn,the,2020,501
indian-institute-technology-gandhinagar-iitgn,the,2021,601
indian-institute-technology-gandhinagar-iitgn,the,2022,601
indian-institute-technology-gandhinagar-iitgn,the,2023,801
indian-institute-technology-gandhinagar-iitgn,the,2024,801
indian-institute-technology-gandhinagar-iitgn,the,2025,801
indian-institute-technology-gandhinagar-iitgn,the,2026,1001
khoja-akhmet-yassawi-international-kazakh-turkish-university,qs,2026,851
kuwait-university,qs,2026,851
kuwait-university,usnews,2026,959
kuwait-university,the,2017,601
kuwait-university,the,2018,601
kuwait-university,the,2019,801
kuwait-university,the,2020,801
kuwait-university,the,2021,1001
kuwait-university,the,2022,801
kuwait-university,the,2023,801
kuwait-university,the,2024,1001
kuwait-university,the,2025,1201
kuwait-university,the,2026,1201
manipal-academy-higher-education-manipal-karnataka-india,qs,2026,851
national-technical-university-ukraine-igor-sikorsky-kyiv-polytechnic-institute,qs,2026,851
national-technical-university-ukraine-igor-sikorsky-kyiv-polytechnic-institute,the,2017,801
national-technical-university-ukraine-igor-sikorsky-kyiv-polytechnic-institute,the,2018,1001
national-technical-university-ukraine-igor-sikorsky-kyiv-polytechnic-institute,the,2021,1001
national-technical-university-ukraine-igor-sikorsky-kyiv-polytechnic-institute,the,2022,1201
national-technical-university-ukraine-igor-sikorsky-kyiv-polytechnic-institute,the,2023,1201
national-technical-university-ukraine-igor-sikorsky-kyiv-polytechnic-institute,the,2024,1501
national-technical-university-ukraine-igor-sikorsky-kyiv-polytechnic-institute,the,2025,1501
national-technical-university-ukraine-igor-sikorsky-kyiv-polytechnic-institute,the,2026,1501
pontificia-universidad-catolica-de-valparaiso,qs,2026,851
pontificia-universidad-catolica-de-valparaiso,usnews,2026,1163
prince-songkla-university,qs,2026,851
prince-songkla-university,usnews,2026,1351
prince-songkla-university,the,2016,601
prince-songkla-university,the,2017,801
prince-songkla-university,the,2018,801
prince-songkla-university,the,2019,1001
prince-songkla-university,the,2020,1001
prince-songkla-university,the,2021,1001
prince-songkla-university,the,2022,1201
prince-songkla-university,the,2023,1201
prince-songkla-university,the,2024,1201
prince-songkla-university,the,2025,1201
prince-songkla-university,the,2026,1201
sechenov-university,qs,2026,851
sechenov-university,the,2017,801
sechenov-university,the,2018,1001
sechenov-university,the,2019,1001
sechenov-university,the,2020,1001
sechenov-university,the,2021,1001
sechenov-university,the,2022,1001
sechenov-university,the,2023,801
sechenov-university,the,2024,801
sechenov-university,the,2025,1001
sechenov-university,the,2026,1001
new-school-new-york-city-paris,qs,2026,851
tokyo-university-science,qs,2026,851
tokyo-university-science,usnews,2026,1401
tokyo-university-science,the,2016,601
tokyo-university-science,the,2017,601
tokyo-university-science,the,2018,601
tokyo-university-science,the,2019,801
tokyo-university-science,the,2020,801
tokyo-university-science,the,2021,1001
tokyo-university-science,the,2022,1201
tokyo-university-science,the,2023,1201
tokyo-university-science,the,2024,1201
tokyo-university-science,the,2025,1201
tokyo-university-science,the,2026,1201
universidad-de-la-habana,qs,2026,851
universidad-de-montevideo-um,qs,2026,851
universidad-iberoamericana-ciudad-de-mexico-ibero,qs,2026,851
universidade-de-brasilia,qs,2026,851
universita-degli-studi-della-tuscia-university-tuscia,qs,2026,851
universita-degli-studi-roma-tre,qs,2026,851
universitas-hasanuddin,qs,2026,851
universitas-hasanuddin,usnews,2026,1393
universitas-hasanuddin,the,2022,1201
universitas-hasanuddin,the,2023,1201
universitas-hasanuddin,the,2024,1501
universitas-hasanuddin,the,2025,1501
universitas-hasanuddin,the,2026,1501
university-alicante,qs,2026,851
university-alicante,usnews,2026,912
university-alicante,the,2018,801
university-alicante,the,2019,801
university-alicante,the,2020,801
university-alicante,the,2021,1001
university-alicante,the,2022,1201
university-alicante,the,2023,1201
university-alicante,the,2024,1001
university-alicante,the,2025,1001
university-alicante,the,2026,1001
university-hyderabad,qs,2026,851
university-hyderabad,usnews,2026,1317
university-hyderabad,the,2026,1001
university-seoul,qs,2026,851
university-seoul,usnews,2026,981
university-seoul,the,2015,351
university-seoul,the,2016,601
university-seoul,the,2017,801
university-seoul,the,2018,601
university-seoul,the,2019,801
university-seoul,the,2020,801
university-seoul,the,2021,1001
university-seoul,the,2022,1001
university-seoul,the,2023,1201
university-seoul,the,2024,801
university-seoul,the,2025,801
university-seoul,the,2026,1001
university-stavanger,qs,2026,851
university-stavanger,the,2022,401
university-stavanger,the,2023,501
university-stavanger,the,2024,601
university-stavanger,the,2025,601
university-arts-london,qs,2026,851
university-arts-london,the,2026,1501
university-wroclaw,qs,2026,851
v-n-karazin-kharkiv-national-university,qs,2026,851
v-n-karazin-kharkiv-national-university,the,2016,601
v-n-karazin-kharkiv-national-university,the,2017,801
v-n-karazin-kharkiv-national-university,the,2018,1001
v-n-karazin-kharkiv-national-university,the,2019,1001
v-n-karazin-kharkiv-national-university,the,2020,1001
v-n-karazin-kharkiv-national-university,the,2021,1001
v-n-karazin-kharkiv-national-university,the,2022,1201
v-n-karazin-kharkiv-national-university,the,2023,1201
v-n-karazin-kharkiv-national-university,the,2024,1501
v-n-karazin-kharkiv-national-university,the,2025,1501
v-n-karazin-kharkiv-national-university,the,2026,1501
williams-college,qs,2026,851
zurich-university-applied-sciences-zhaw,qs,2026,851
zurich-university-applied-sciences-zhaw,usnews,2026,1375
usn-sichuan-agricultural-university-529103,usnews,2026,853
usn-university-of-ilorin-530228,usnews,2026,853
usn-university-of-ilorin-530228,the,2022,1201
usn-university-of-ilorin-530228,the,2023,1201
usn-university-of-ilorin-530228,the,2024,1201
usn-university-of-ilorin-530228,the,2025,1201
usn-university-of-ilorin-530228,the,2026,1201
university-new-hampshire,qs,2026,1201
university-new-hampshire,usnews,2026,856
usn-university-of-nigeria-529471,usnews,2026,856
usn-adam-mickiewicz-university-500923,usnews,2026,859
usn-qingdao-university-of-science-and-technology-529234,usnews,2026,862
university-colombo,qs,2026,1001
university-colombo,usnews,2026,864
university-colombo,the,2017,801
university-colombo,the,2018,801
university-colombo,the,2019,1001
university-colombo,the,2020,1001
university-colombo,the,2021,1001
university-colombo,the,2022,801
university-colombo,the,2023,601
university-colombo,the,2024,1001
university-colombo,the,2025,1001
university-colombo,the,2026,1001
usn-sohag-university-529724,usnews,2026,864
usn-sohag-university-529724,the,2017,601
usn-sohag-university-529724,the,2019,801
usn-sohag-university-529724,the,2020,1001
usn-sohag-university-529724,the,2021,801
usn-sohag-university-529724,the,2023,1001
usn-sohag-university-529724,the,2024,1201
usn-sohag-university-529724,the,2025,1201
usn-sohag-university-529724,the,2026,1201
oslo-metropolitan-university,qs,2026,1201
oslo-metropolitan-university,usnews,2026,869
utah-state-university,qs,2026,1201
utah-state-university,usnews,2026,869
usn-tribhuvan-university-530037,usnews,2026,869
usn-tribhuvan-university-530037,the,2019,801
usn-tribhuvan-university-530037,the,2020,1001
usn-tribhuvan-university-530037,the,2021,801
usn-tribhuvan-university-530037,the,2022,801
usn-tribhuvan-university-530037,the,2023,801
usn-tribhuvan-university-530037,the,2024,1201
usn-tribhuvan-university-530037,the,2025,1501
usn-tribhuvan-university-530037,the,2026,1501
usn-university-of-new-england-528095,usnews,2026,869
usn-wuhan-university-of-science-and-technology-529350,usnews,2026,869
universitat-rostock,qs,2026,901
universitat-rostock,usnews,2026,875
shaanxi-normal-university,qs,2026,1001
shaanxi-normal-university,usnews,2026,875
shaanxi-normal-university,the,2017,801
shaanxi-normal-university,the,2018,801
usn-university-of-brasilia-504217,usnews,2026,875
usn-university-of-brasilia-504217,the,2016,601
usn-university-of-brasilia-504217,the,2018,801
usn-university-of-brasilia-504217,the,2019,801
usn-university-of-brasilia-504217,the,2020,801
usn-university-of-brasilia-504217,the,2021,801
usn-university-of-brasilia-504217,the,2022,1001
usn-university-of-brasilia-504217,the,2023,1201
usn-university-of-brasilia-504217,the,2024,1201
usn-university-of-brasilia-504217,the,2025,1201
usn-university-of-brasilia-504217,the,2026,1201
usn-university-of-opole-530040,usnews,2026,875
anhui-university,qs,2026,1201
anhui-university,usnews,2026,882
anhui-university,the,2026,1001
obafemi-awolowo-university,qs,2026,1401
obafemi-awolowo-university,usnews,2026,882
obafemi-awolowo-university,the,2021,1001
obafemi-awolowo-university,the,2022,1201
obafemi-awolowo-university,the,2023,1201
obafemi-awolowo-university,the,2024,1501
obafemi-awolowo-university,the,2025,1501
obafemi-awolowo-university,the,2026,1501
usn-peoples-friendship-university-of-russia-529616,usnews,2026,882
usn-universidad-de-la-republica-uruguay-530030,usnews,2026,882
usn-guizhou-university-529303,usnews,2026,888
usn-qena-university-530041,usnews,2026,888
usn-hosei-university-530567,usnews,2026,894
usn-hosei-university-530567,the,2017,801
usn-hosei-university-530567,the,2018,801
usn-hosei-university-530567,the,2019,1001
usn-hosei-university-530567,the,2020,1001
usn-hosei-university-530567,the,2021,1001
usn-hosei-university-530567,the,2022,1201
usn-hosei-university-530567,the,2023,1201
usn-hosei-university-530567,the,2024,1501
usn-hosei-university-530567,the,2025,1201
usn-hosei-university-530567,the,2026,1201
usn-abdul-wali-khan-university-530212,usnews,2026,897
usn-chitkara-university-punjab-530229,usnews,2026,897
usn-christian-medical-college-and-hospital-vellore-529356,usnews,2026,897
usn-cuny-city-college-190567,usnews,2026,897
usn-national-university-of-defence-technology-china-505128,usnews,2026,897
usn-scuola-superiore-santanna-529393,usnews,2026,897
al-quds-university,qs,2026,901
al-quds-university,the,2026,1501
altai-state-university,qs,2026,901
altai-state-university,the,2023,1201
altai-state-university,the,2024,1501
altai-state-university,the,2025,1501
altai-state-university,the,2026,1501
amity-university,qs,2026,901
amity-university,usnews,2026,972
belarusian-national-technical-university-bntu,qs,2026,901
bina-nusantara-university-binus,qs,2026,901
cy-cergy-paris-university,qs,2026,901
cy-cergy-paris-university,usnews,2026,1914
cy-cergy-paris-university,the,2022,601
cy-cergy-paris-university,the,2023,801
cy-cergy-paris-university,the,2024,801
cy-cergy-paris-university,the,2025,801
cy-cergy-paris-university,the,2026,1001
effat-university,qs,2026,901
escuela-superior-politecnica-del-litoral-espol,qs,2026,901
escuela-superior-politecnica-del-litoral-espol,the,2022,1201
escuela-superior-politecnica-del-litoral-espol,the,2023,1201
escuela-superior-politecnica-del-litoral-espol,the,2024,1201
escuela-superior-politecnica-del-litoral-espol,the,2025,1501
escuela-superior-politecnica-del-litoral-espol,the,2026,1501
european-university-lefke,qs,2026,901
instituto-politecnico-nacional-ipn,qs,2026,901
instituto-politecnico-nacional-ipn,the,2018,1001
instituto-politecnico-nacional-ipn,the,2019,1001
instituto-politecnico-nacional-ipn,the,2020,1001
instituto-politecnico-nacional-ipn,the,2021,1001
instituto-politecnico-nacional-ipn,the,2022,1201
instituto-politecnico-nacional-ipn,the,2023,1501
instituto-politecnico-nacional-ipn,the,2024,1501
instituto-politecnico-nacional-ipn,the,2025,1501
instituto-politecnico-nacional-ipn,the,2026,1501
khon-kaen-university,qs,2026,901
khon-kaen-university,usnews,2026,1183
khon-kaen-university,the,2016,601
khon-kaen-university,the,2017,801
khon-kaen-university,the,2018,801
khon-kaen-university,the,2019,1001
khon-kaen-university,the,2020,1001
khon-kaen-university,the,2021,1001
khon-kaen-university,the,2022,1201
khon-kaen-university,the,2023,1201
khon-kaen-university,the,2024,1201
khon-kaen-university,the,2025,1001
khon-kaen-university,the,2026,1201
kyrgyz-russian-slavic-university,qs,2026,901
osaka-metropolitan-university,qs,2026,901
osaka-metropolitan-university,usnews,2026,1312
osaka-metropolitan-university,the,2023,1201
osaka-metropolitan-university,the,2024,1201
osaka-metropolitan-university,the,2025,1201
osaka-metropolitan-university,the,2026,1201
rhodes-university,qs,2026,901
rhodes-university,usnews,2026,1174
rhodes-university,the,2023,801
tallinn-university,qs,2026,901
tallinn-university,the,2020,801
tallinn-university,the,2021,801
tallinn-university,the,2022,1001
tallinn-university,the,2023,1001
tallinn-university,the,2024,1001
tallinn-university,the,2025,1001
tallinn-university,the,2026,1001
universidad-de-los-andes-chile,qs,2026,901
universidad-de-los-andes-chile,usnews,2026,1705
universidad-de-oviedo,qs,2026,901
universidad-del-rosario,qs,2026,901
universidad-del-rosario,usnews,2026,1457
universidad-espiritu-santo-uees-ecuador,qs,2026,901
universidad-europea,qs,2026,901
universidad-europea,usnews,2026,1284
universidade-federal-de-santa-catarina,qs,2026,901
universidade-federal-de-santa-catarina,the,2016,601
universidade-federal-de-santa-catarina,the,2017,601
universidade-federal-de-santa-catarina,the,2018,801
universidade-federal-de-santa-catarina,the,2019,801
universidade-federal-de-santa-catarina,the,2020,601
universidade-federal-de-santa-catarina,the,2021,601
universidade-federal-de-santa-catarina,the,2022,801
universidade-federal-de-santa-catarina,the,2023,1001
universidade-federal-de-santa-catarina,the,2024,801
universidade-federal-de-santa-catarina,the,2025,1001
universidade-federal-de-santa-catarina,the,2026,1001
universita-degli-studi-di-ferrara,qs,2026,901
universitat-internacional-de-catalunya,qs,2026,901
universitat-internacional-de-catalunya,usnews,2026,1853
universitat-internacional-de-catalunya,the,2021,601
universitat-internacional-de-catalunya,the,2022,801
universitat-internacional-de-catalunya,the,2023,801
universitat-internacional-de-catalunya,the,2024,801
universitat-internacional-de-catalunya,the,2025,801
universitat-internacional-de-catalunya,the,2026,1001
universite-paris-est-creteil-val-de-marne,qs,2026,901
university-calcutta,qs,2026,901
university-calcutta,usnews,2026,1322
university-calcutta,the,2016,601
university-calcutta,the,2017,601
university-calcutta,the,2018,801
university-calcutta,the,2021,1001
university-calcutta,the,2022,1201
university-calcutta,the,2023,1001
university-calcutta,the,2024,1001
university-gdansk,qs,2026,901
university-gdansk,usnews,2026,1338
university-gdansk,the,2018,1001
university-gdansk,the,2019,1001
university-gdansk,the,2020,1001
university-gdansk,the,2021,1001
university-gdansk,the,2022,1201
university-gdansk,the,2023,1201
university-gdansk,the,2024,1201
university-gdansk,the,2025,1201
university-gdansk,the,2026,1501
university-maribor,qs,2026,901
university-maribor,usnews,2026,1216
university-maribor,the,2016,501
university-maribor,the,2017,501
university-maribor,the,2018,601
university-maribor,the,2019,801
university-maribor,the,2020,801
university-maribor,the,2021,1001
university-maribor,the,2022,1001
university-maribor,the,2023,1201
university-maribor,the,2024,1201
university-maribor,the,2025,1201
university-maribor,the,2026,1201
university-mumbai,qs,2026,901
university-mumbai,the,2020,1001
university-mumbai,the,2021,1001
university-mumbai,the,2022,1001
university-mumbai,the,2023,1201
wroclaw-university-science-technology-wroclaw-tech,qs,2026,901
usn-chongqing-university-of-posts-and-telecommunications-529515,usnews,2026,904
usn-cranfield-university-500995,usnews,2026,908
usn-jimma-university-529904,usnews,2026,908
usn-jimma-university-529904,the,2023,501
usn-jimma-university-529904,the,2024,1001
usn-jimma-university-529904,the,2025,1201
usn-universite-de-sfax-529029,usnews,2026,908
usn-huzhou-university-529994,usnews,2026,912
usn-london-business-school-504845,usnews,2026,912
universidad-pablo-de-olavide,qs,2026,1201
universidad-pablo-de-olavide,usnews,2026,920
usn-arizona-state-university-downtown-phoenix-529933,usnews,2026,920
usn-khwaja-fareed-university-of-engineering-information-technology-pakistan-530571,usnews,2026,920
usn-national-university-la-plata-502752,usnews,2026,920
usn-national-university-la-plata-502752,the,2019,1001
usn-national-university-la-plata-502752,the,2025,1501
usn-national-university-la-plata-502752,the,2026,1501
usn-nanjing-university-of-finance-economics-530042,usnews,2026,925
usn-royal-college-of-surgeons-ireland-528990,usnews,2026,925
usn-shanxi-university-529038,usnews,2026,928
usn-southwest-university-of-science-and-technology-529731,usnews,2026,928
san-diego-state-university,qs,2026,1201
san-diego-state-university,usnews,2026,932
san-diego-state-university,the,2014,351
san-diego-state-university,the,2015,301
san-diego-state-university,the,2016,351
san-diego-state-university,the,2017,401
san-diego-state-university,the,2018,401
san-diego-state-university,the,2019,501
san-diego-state-university,the,2020,501
san-diego-state-university,the,2021,601
san-diego-state-university,the,2022,601
san-diego-state-university,the,2023,601
san-diego-state-university,the,2024,801
san-diego-state-university,the,2025,1001
san-diego-state-university,the,2026,1001
usn-agroparistech-529092,usnews,2026,932
usn-jiangsu-university-of-science-and-technology-529475,usnews,2026,932
usn-jiangsu-university-of-science-and-technology-529475,the,2026,1001
usn-universite-du-quebec-a-montreal-504868,usnews,2026,932
usn-universite-du-quebec-a-montreal-504868,the,2016,401
usn-universite-du-quebec-a-montreal-504868,the,2017,401
usn-university-of-kragujevac-529278,usnews,2026,932
usn-university-of-kragujevac-529278,the,2022,401
usn-university-of-kragujevac-529278,the,2023,501
usn-university-of-kragujevac-529278,the,2024,1001
usn-university-of-kragujevac-529278,the,2025,1001
southern-methodist-university,qs,2026,1001
southern-methodist-university,usnews,2026,944
southern-methodist-university,the,2013,351
universidad-de-malaga,qs,2026,1001
universidad-de-malaga,usnews,2026,944
loyola-university-chicago,qs,2026,1201
loyola-university-chicago,usnews,2026,949
usn-capital-university-512792,usnews,2026,949
usn-capital-university-512792,the,2019,1001
usn-capital-university-512792,the,2020,1001
usn-capital-university-512792,the,2021,1001
usn-capital-university-512792,the,2022,1201
usn-capital-university-512792,the,2023,1201
usn-capital-university-512792,the,2024,1201
usn-capital-university-512792,the,2025,1201
usn-capital-university-512792,the,2026,1501
usn-tianjin-medical-university-529011,usnews,2026,949
usn-university-of-burgundy-505886,usnews,2026,949
azerbaijan-university-architecture-construction-azuac,qs,2026,951
chungbuk-national-university,qs,2026,951
chungbuk-national-university,usnews,2026,1401
chungbuk-national-university,the,2021,1001
chungbuk-national-university,the,2022,1201
chungbuk-national-university,the,2023,1201
chungbuk-national-university,the,2024,1201
chungbuk-national-university,the,2025,1001
chungbuk-national-university,the,2026,1001
gulf-university-science-technology,qs,2026,951
imu-university,qs,2026,951
kanazawa-university,qs,2026,951
kanazawa-university,usnews,2026,1312
kanazawa-university,the,2016,501
kanazawa-university,the,2017,601
kanazawa-university,the,2018,601
kanazawa-university,the,2019,801
kanazawa-university,the,2020,801
kanazawa-university,the,2021,1001
kanazawa-university,the,2022,1001
kanazawa-university,the,2023,1001
kanazawa-university,the,2024,1001
kanazawa-university,the,2025,1001
kanazawa-university,the,2026,1001
macao-polytechnic-university,qs,2026,951
mendel-university-brno,qs,2026,951
mendel-university-brno,the,2020,1001
mendel-university-brno,the,2021,1001
mendel-university-brno,the,2022,1201
mendel-university-brno,the,2023,1201
mendel-university-brno,the,2024,1201
mendel-university-brno,the,2025,1201
mendel-university-brno,the,2026,1201
nagasaki-university,qs,2026,951
nagasaki-university,usnews,2026,1153
nagasaki-university,the,2016,601
nagasaki-university,the,2017,601
nagasaki-university,the,2018,801
nagasaki-university,the,2019,801
nagasaki-university,the,2020,1001
nagasaki-university,the,2021,1001
nagasaki-university,the,2022,1001
nagasaki-university,the,2023,1201
nagasaki-university,the,2024,1201
nagasaki-university,the,2025,1201
nagasaki-university,the,2026,1201
nlc-buketov-karaganda-national-research-university,qs,2026,951
princess-sumaya-university-technology,qs,2026,951
slovak-university-technology-bratislava,qs,2026,951
slovak-university-technology-bratislava,the,2016,601
slovak-university-technology-bratislava,the,2017,801
slovak-university-technology-bratislava,the,2018,801
slovak-university-technology-bratislava,the,2019,1001
slovak-university-technology-bratislava,the,2020,1001
slovak-university-technology-bratislava,the,2021,1001
slovak-university-technology-bratislava,the,2022,1201
slovak-university-technology-bratislava,the,2023,1501
slovak-university-technology-bratislava,the,2024,1501
slovak-university-technology-bratislava,the,2025,1501
slovak-university-technology-bratislava,the,2026,1501
sohar-university,qs,2026,951
sophia-university,qs,2026,951
sophia-university,the,2016,601
sophia-university,the,2017,801
sophia-university,the,2018,801
sophia-university,the,2019,1001
sophia-university,the,2020,1001
sophia-university,the,2021,1001
sophia-university,the,2022,1201
sophia-university,the,2023,1501
sophia-university,the,2024,1501
sophia-university,the,2025,1501
sophia-university,the,2026,1501
southwest-university,qs,2026,951
tokyo-university-agriculture-technology,qs,2026,951
tokyo-university-agriculture-technology,usnews,2026,1520
tokyo-university-agriculture-technology,the,2012,350
tokyo-university-agriculture-technology,the,2016,501
tokyo-university-agriculture-technology,the,2017,601
tokyo-university-agriculture-technology,the,2018,601
tokyo-university-agriculture-technology,the,2019,801
tokyo-university-agriculture-technology,the,2020,801
tokyo-university-agriculture-technology,the,2021,1001
tokyo-university-agriculture-technology,the,2022,1001
tokyo-university-agriculture-technology,the,2023,1201
tokyo-university-agriculture-technology,the,2024,801
tokyo-university-agriculture-technology,the,2025,1001
tokyo-university-agriculture-technology,the,2026,1201
universidad-anahuac-mexico,qs,2026,951
universidad-de-cordoba,qs,2026,951
universidad-de-cordoba,usnews,2026,1090
universidad-de-valladolid,qs,2026,951
universidad-de-valladolid,usnews,2026,1127
universidad-nacional-mayor-de-san-marcos,qs,2026,951
universidad-nacional-mayor-de-san-marcos,usnews,2026,1742
universidad-nacional-mayor-de-san-marcos,the,2022,1201
universidad-nacional-mayor-de-san-marcos,the,2023,1501
universidad-nacional-mayor-de-san-marcos,the,2026,1501
universit-degli-studi-della-campania-luigi-vanvitelli,qs,2026,951
universitas-sebelas-maret-uns,qs,2026,951
universitas-sebelas-maret-uns,the,2022,1201
universitas-sebelas-maret-uns,the,2023,1201
universitas-sebelas-maret-uns,the,2024,1201
universitas-sebelas-maret-uns,the,2025,1201
universitas-sebelas-maret-uns,the,2026,1001
universite-de-franche-comte,qs,2026,951
universite-de-franche-comte,usnews,2026,1043
universite-de-sherbrooke,qs,2026,951
universite-de-sherbrooke,the,2016,501
universite-de-sherbrooke,the,2017,501
universite-de-sherbrooke,the,2018,501
universite-de-sherbrooke,the,2019,601
universite-de-sherbrooke,the,2020,601
university-duesseldorf,qs,2026,951
university-bahrain,qs,2026,951
university-bahrain,usnews,2026,1021
university-bahrain,the,2026,1001
university-cyberjaya,qs,2026,951
university-peshawar,qs,2026,951
university-peshawar,usnews,2026,1081
university-peshawar,the,2018,1001
university-peshawar,the,2020,1001
university-peshawar,the,2021,801
university-peshawar,the,2022,601
university-peshawar,the,2023,801
university-peshawar,the,2024,1001
university-peshawar,the,2025,1001
university-peshawar,the,2026,1001
university-santo-tomas,qs,2026,951
university-santo-tomas,the,2024,1501
university-santo-tomas,the,2025,1501
university-santo-tomas,the,2026,1501
usn-university-of-west-england-529164,usnews,2026,957
shanghai-normal-university,qs,2026,1401
shanghai-normal-university,usnews,2026,959
shanghai-normal-university,the,2025,1001
shanghai-normal-university,the,2026,1001
usn-arba-minch-university-530691,usnews,2026,959
usn-harbin-medical-university-502045,usnews,2026,959
usn-international-islamic-university-pakistan-530049,usnews,2026,959
usn-mae-fah-luang-university-529090,usnews,2026,959
usn-mae-fah-luang-university-529090,the,2020,601
usn-mae-fah-luang-university-529090,the,2021,601
usn-mae-fah-luang-university-529090,the,2022,601
usn-mae-fah-luang-university-529090,the,2023,801
usn-mae-fah-luang-university-529090,the,2024,1001
usn-mae-fah-luang-university-529090,the,2025,1201
usn-mae-fah-luang-university-529090,the,2026,1001
usn-villanova-university-216597,usnews,2026,959
usn-american-university-cairo-530210,usnews,2026,967
usn-shandong-normal-university-529300,usnews,2026,967
usn-shantou-university-529179,usnews,2026,967
usn-shantou-university-529179,the,2016,601
usn-shantou-university-529179,the,2017,601
usn-shantou-university-529179,the,2018,601
usn-shantou-university-529179,the,2019,801
usn-shantou-university-529179,the,2020,801
usn-shantou-university-529179,the,2021,801
usn-shantou-university-529179,the,2022,801
usn-shantou-university-529179,the,2023,801
usn-shantou-university-529179,the,2024,801
usn-shantou-university-529179,the,2025,1001
usn-shantou-university-529179,the,2026,1001
usn-suez-university-529787,usnews,2026,967
usn-suez-university-529787,the,2024,1001
usn-suez-university-529787,the,2025,1001
usn-suez-university-529787,the,2026,1001
usn-zhejiang-af-university-529418,usnews,2026,967
usn-skolkovo-institute-of-science-and-technology-529683,usnews,2026,972
srm-institute-science-technology,qs,2026,1001
srm-institute-science-technology,usnews,2026,975
srm-institute-science-technology,the,2017,801
srm-institute-science-technology,the,2018,1001
srm-institute-science-technology,the,2019,1001
srm-institute-science-technology,the,2020,1001
srm-institute-science-technology,the,2021,1001
srm-institute-science-technology,the,2022,1201
srm-institute-science-technology,the,2023,1201
srm-institute-science-technology,the,2024,1201
srm-institute-science-technology,the,2025,1001
srm-institute-science-technology,the,2026,1001
fujian-normal-university,qs,2026,1201
fujian-normal-university,usnews,2026,975
fujian-normal-university,the,2023,1201
usn-federal-university-of-parana-503933,usnews,2026,975
usn-universidad-san-francisco-de-quito-530217,usnews,2026,975
usn-universidad-san-francisco-de-quito-530217,the,2022,801
usn-universidad-san-francisco-de-quito-530217,the,2023,1001
usn-universidad-san-francisco-de-quito-530217,the,2024,1001
usn-universidad-san-francisco-de-quito-530217,the,2025,1201
usn-universidad-san-francisco-de-quito-530217,the,2026,1201
university-ioannina,qs,2026,1201
university-ioannina,usnews,2026,981
university-ioannina,the,2016,401
university-ioannina,the,2017,501
university-ioannina,the,2018,501
university-ioannina,the,2019,601
university-ioannina,the,2020,601
university-ioannina,the,2021,601
university-ioannina,the,2022,801
university-ioannina,the,2023,801
university-ioannina,the,2024,1001
university-ioannina,the,2025,1201
university-ioannina,the,2026,1201
usn-insead-business-school-501087,usnews,2026,981
usn-university-of-wroclaw-502646,usnews,2026,981
usn-university-of-wroclaw-502646,the,2018,801
usn-university-of-wroclaw-502646,the,2021,1001
usn-university-of-wroclaw-502646,the,2022,1201
usn-university-of-wroclaw-502646,the,2023,1201
usn-university-of-wroclaw-502646,the,2024,1001
usn-university-of-wroclaw-502646,the,2025,1201
usn-university-of-wroclaw-502646,the,2026,1201
ningbo-university,qs,2026,1001
ningbo-university,usnews,2026,991
usn-otto-von-guericke-university-528861,usnews,2026,991
usn-wuhan-institute-of-technology-529516,usnews,2026,991
universitat-de-les-illes-balears,qs,2026,1201
universitat-de-les-illes-balears,usnews,2026,996
usn-aswan-university-508412,usnews,2026,996
usn-aswan-university-508412,the,2020,401
usn-aswan-university-508412,the,2021,401
usn-aswan-university-508412,the,2022,401
usn-aswan-university-508412,the,2023,401
usn-aswan-university-508412,the,2024,801
usn-aswan-university-508412,the,2025,1001
usn-aswan-university-508412,the,2026,1001
usn-university-of-petroleum-energy-studies-upes-530238,usnews,2026,996
abylkas-saginov-karaganda-technical-university,qs,2026,1001
ada-university,qs,2026,1001
al-nahrain-university,qs,2026,1001
al-nahrain-university,the,2024,1201
al-nahrain-university,the,2025,1501
al-nahrain-university,the,2026,1501
almaty-technological-university,qs,2026,1001
arab-academy-science-technology-maritime-transport-aastmt,qs,2026,1001
arab-academy-science-technology-maritime-transport-aastmt,usnews,2026,1359
arab-academy-science-technology-maritime-transport-aastmt,the,2022,1201
arab-academy-science-technology-maritime-transport-aastmt,the,2023,1201
arab-academy-science-technology-maritime-transport-aastmt,the,2024,1201
arab-academy-science-technology-maritime-transport-aastmt,the,2025,1201
arab-academy-science-technology-maritime-transport-aastmt,the,2026,1001
asfendiyarov-kazakh-national-medical-university,qs,2026,1001
athens-university-economics-business,qs,2026,1001
athens-university-economics-business,the,2016,601
athens-university-economics-business,the,2017,501
athens-university-economics-business,the,2018,501
athens-university-economics-business,the,2019,601
athens-university-economics-business,the,2020,801
athens-university-economics-business,the,2021,601
athens-university-economics-business,the,2022,801
athens-university-economics-business,the,2023,801
athens-university-economics-business,the,2024,801
athens-university-economics-business,the,2025,1001
athens-university-economics-business,the,2026,1001
beijing-university-posts-telecommunications,qs,2026,1001
bergische-universitat-wuppertal,qs,2026,1001
binghamton-university-suny,qs,2026,1001
binghamton-university-suny,usnews,2026,1332
brac-university,qs,2026,1001
brac-university,the,2024,801
brac-university,the,2025,1001
brac-university,the,2026,1001
carl-von-ossietzky-universitat-oldenburg,qs,2026,1001
carl-von-ossietzky-universitat-oldenburg,usnews,2026,1096
ceu-universities,qs,2026,1001
ceu-universities,the,2021,401
ceu-universities,the,2022,501
ceu-universities,the,2026,1501
clarkson-university,qs,2026,1001
clarkson-university,usnews,2026,1853
clarkson-university,the,2022,801
clarkson-university,the,2023,1001
clarkson-university,the,2024,801
clarkson-university,the,2025,1001
clarkson-university,the,2026,1001
cracow-university-technology-politechnika-krakowska,qs,2026,1001
cracow-university-technology-politechnika-krakowska,usnews,2026,1808
cracow-university-technology-politechnika-krakowska,the,2021,1001
cracow-university-technology-politechnika-krakowska,the,2022,1201
cracow-university-technology-politechnika-krakowska,the,2023,1501
cracow-university-technology-politechnika-krakowska,the,2024,1501
cracow-university-technology-politechnika-krakowska,the,2025,1501
cracow-university-technology-politechnika-krakowska,the,2026,1501
d-serikbayev-east-kazakhstan-technical-university,qs,2026,1001
dankook-university,qs,2026,1001
dankook-university,usnews,2026,1902
dankook-university,the,2025,1501
dankook-university,the,2026,1501
ege-university,qs,2026,1001
ege-university,usnews,2026,1183
ege-university,the,2020,1001
ege-university,the,2021,1001
ege-university,the,2022,1201
ege-university,the,2023,1201
ege-university,the,2024,1201
ege-university,the,2025,1201
ege-university,the,2026,1201
financial-university-under-government-russian-federation,qs,2026,1001
financial-university-under-government-russian-federation,the,2023,601
financial-university-under-government-russian-federation,the,2024,1001
financial-university-under-government-russian-federation,the,2025,1001
financial-university-under-government-russian-federation,the,2026,1001
fordham-university,qs,2026,1001
fordham-university,usnews,2026,1332
fordham-university,the,2019,601
gazi-universitesi,qs,2026,1001
gazi-universitesi,usnews,2026,1203
gazi-universitesi,the,2017,801
gazi-universitesi,the,2018,1001
gazi-universitesi,the,2019,1001
gazi-universitesi,the,2020,1001
gazi-universitesi,the,2021,1001
gazi-universitesi,the,2022,1201
gazi-universitesi,the,2023,1201
gazi-universitesi,the,2024,1201
gazi-universitesi,the,2025,1201
gazi-universitesi,the,2026,1201
gyeongsang-national-university,qs,2026,1001
gyeongsang-national-university,usnews,2026,1449
gyeongsang-national-university,the,2021,1001
gyeongsang-national-university,the,2022,1201
gyeongsang-national-university,the,2023,1201
gyeongsang-national-university,the,2024,1201
gyeongsang-national-university,the,2025,1201
gyeongsang-national-university,the,2026,1201
hallym-university,qs,2026,1001
hallym-university,usnews,2026,1960
hallym-university,the,2017,801
hallym-university,the,2018,801
hallym-university,the,2019,1001
hallym-university,the,2020,1001
hallym-university,the,2021,1001
hallym-university,the,2022,1201
hallym-university,the,2023,1201
hallym-university,the,2024,1201
hallym-university,the,2025,1201
hallym-university,the,2026,1201
hanoi-university-science-technology,qs,2026,1001
hanoi-university-science-technology,usnews,2026,1808
hanoi-university-science-technology,the,2020,801
hanoi-university-science-technology,the,2021,1001
hanoi-university-science-technology,the,2022,1201
hanoi-university-science-technology,the,2023,1501
hanoi-university-science-technology,the,2024,1501
hanoi-university-science-technology,the,2025,1501
hanoi-university-science-technology,the,2026,1501
hong-kong-shue-yan-university,qs,2026,1001
howard-university,qs,2026,1001
howard-university,usnews,2026,1009
howard-university,the,2016,401
howard-university,the,2020,201
howard-university,the,2021,201
howard-university,the,2022,251
howard-university,the,2023,351
howard-university,the,2024,801
immanuel-kant-baltic-federal-university,qs,2026,1001
immanuel-kant-baltic-federal-university,the,2021,1001
immanuel-kant-baltic-federal-university,the,2022,1201
immanuel-kant-baltic-federal-university,the,2023,1201
immanuel-kant-baltic-federal-university,the,2024,1201
immanuel-kant-baltic-federal-university,the,2025,1201
immanuel-kant-baltic-federal-university,the,2026,1201
indian-institute-technology-bhubaneswar,qs,2026,1001
indian-institute-technology-bhubaneswar,usnews,2026,1761
indian-institute-technology-bhubaneswar,the,2019,601
indian-institute-technology-bhubaneswar,the,2020,601
indian-institute-technology-bhubaneswar,the,2021,801
indian-institute-technology-bhubaneswar,the,2022,1001
indian-institute-technology-bhubaneswar,the,2023,1001
islamic-university-madinah,qs,2026,1001
islamic-university-madinah,the,2025,1001
islamic-university-madinah,the,2026,1001
ivane-javakhishvili-tbilisi-state-university,qs,2026,1001
ivane-javakhishvili-tbilisi-state-university,usnews,2026,1669
ivane-javakhishvili-tbilisi-state-university,the,2017,801
ivane-javakhishvili-tbilisi-state-university,the,2018,1001
ivane-javakhishvili-tbilisi-state-university,the,2019,1001
ivane-javakhishvili-tbilisi-state-university,the,2020,1001
ivane-javakhishvili-tbilisi-state-university,the,2021,1001
ivane-javakhishvili-tbilisi-state-university,the,2022,1201
ivane-javakhishvili-tbilisi-state-university,the,2023,1501
ivane-javakhishvili-tbilisi-state-university,the,2024,1501
ivane-javakhishvili-tbilisi-state-university,the,2025,1501
ivane-javakhishvili-tbilisi-state-university,the,2026,1501
kalinga-institute-industrial-technology-kiit-university,qs,2026,1001
kalinga-institute-industrial-technology-kiit-university,usnews,2026,1500
kangwon-national-university,qs,2026,1001
kangwon-national-university,usnews,2026,1471
kangwon-national-university,the,2020,1001
kangwon-national-university,the,2021,1001
kangwon-national-university,the,2022,1201
kangwon-national-university,the,2023,1201
kangwon-national-university,the,2024,1201
kangwon-national-university,the,2025,1201
kangwon-national-university,the,2026,1201
kookmin-university,qs,2026,1001
kookmin-university,usnews,2026,2068
kookmin-university,the,2019,1001
kookmin-university,the,2020,1001
kookmin-university,the,2021,1001
kookmin-university,the,2022,1201
kookmin-university,the,2023,1501
kookmin-university,the,2024,1501
kookmin-university,the,2025,1201
kookmin-university,the,2026,1201
kumamoto-university,qs,2026,1001
kumamoto-university,usnews,2026,1210
kumamoto-university,the,2016,601
kumamoto-university,the,2017,601
kumamoto-university,the,2018,601
kumamoto-university,the,2019,801
kumamoto-university,the,2020,801
kumamoto-university,the,2021,1001
kumamoto-university,the,2022,1001
kumamoto-university,the,2023,1001
kumamoto-university,the,2024,801
kumamoto-university,the,2025,1001
kumamoto-university,the,2026,1001
kyrgyz-turkish-manas-university,qs,2026,1001
lodz-university-technology,qs,2026,1001
lodz-university-technology,usnews,2026,1738
lodz-university-technology,the,2018,1001
lodz-university-technology,the,2019,1001
lodz-university-technology,the,2020,1001
lodz-university-technology,the,2021,1001
lodz-university-technology,the,2022,1201
lodz-university-technology,the,2023,1501
lodz-university-technology,the,2024,1201
lodz-university-technology,the,2025,1201
lodz-university-technology,the,2026,1501
marmara-university,qs,2026,1001
marmara-university,usnews,2026,1081
marmara-university,the,2017,801
marmara-university,the,2018,801
marmara-university,the,2019,1001
marmara-university,the,2020,1001
marmara-university,the,2021,1001
marmara-university,the,2022,1201
marmara-university,the,2023,1201
marmara-university,the,2024,1501
marmara-university,the,2025,1501
marmara-university,the,2026,1501
mate-hungarian-university-agriculture-life-sciences,qs,2026,1001
michigan-technological-university,qs,2026,1001
michigan-technological-university,usnews,2026,1061
michigan-technological-university,the,2012,350
middle-east-university-jordan,qs,2026,1001
mustansiriyah-university,qs,2026,1001
mustansiriyah-university,the,2022,1201
mustansiriyah-university,the,2023,1501
mustansiriyah-university,the,2024,1501
mustansiriyah-university,the,2025,1501
mustansiriyah-university,the,2026,1501
mutah-university,qs,2026,1001
mutah-university,the,2024,1201
mutah-university,the,2025,1201
mutah-university,the,2026,1201
mykolas-romeris-university,qs,2026,1001
narxoz-university,qs,2026,1001
national-chung-cheng-university,qs,2026,1001
national-chung-cheng-university,usnews,2026,2025
national-chung-cheng-university,the,2016,601
national-chung-cheng-university,the,2017,601
national-chung-cheng-university,the,2018,801
national-chung-cheng-university,the,2019,1001
national-chung-cheng-university,the,2020,1001
national-chung-cheng-university,the,2021,1001
national-chung-cheng-university,the,2022,1201
national-chung-cheng-university,the,2023,1201
national-chung-cheng-university,the,2024,1201
national-chung-cheng-university,the,2025,1201
national-chung-cheng-university,the,2026,1201
national-technical-university-kharkiv-polytechnic-institute,qs,2026,1001
national-technical-university-kharkiv-polytechnic-institute,the,2020,1001
national-technical-university-kharkiv-polytechnic-institute,the,2021,1001
national-technical-university-kharkiv-polytechnic-institute,the,2022,1201
national-technical-university-kharkiv-polytechnic-institute,the,2023,1201
national-technical-university-kharkiv-polytechnic-institute,the,2024,1501
national-technical-university-kharkiv-polytechnic-institute,the,2025,1501
national-technical-university-kharkiv-polytechnic-institute,the,2026,1501
nicolaus-copernicus-university,qs,2026,1001
nicolaus-copernicus-university,usnews,2026,1112
niigata-university,qs,2026,1001
niigata-university,usnews,2026,1224
niigata-university,the,2016,601
niigata-university,the,2017,601
niigata-university,the,2018,801
niigata-university,the,2019,801
niigata-university,the,2020,801
niigata-university,the,2021,801
niigata-university,the,2022,801
niigata-university,the,2023,1001
niigata-university,the,2024,1001
niigata-university,the,2025,1201
niigata-university,the,2026,1201
northern-borders-university,qs,2026,1001
northwest-university-china,qs,2026,1001
northwest-university-china,the,2018,801
northwest-university-china,the,2019,801
northwest-university-china,the,2020,801
northwest-university-china,the,2021,1001
northwest-university-china,the,2022,1001
northwest-university-china,the,2023,1001
northwest-university-china,the,2024,1001
northwest-university-china,the,2025,1001
northwest-university-china,the,2026,1001
okayama-university,qs,2026,1001
okayama-university,usnews,2026,1049
okayama-university,the,2016,601
okayama-university,the,2017,601
okayama-university,the,2018,601
okayama-university,the,2019,801
okayama-university,the,2020,801
okayama-university,the,2021,801
okayama-university,the,2022,1001
okayama-university,the,2023,1001
okayama-university,the,2024,801
okayama-university,the,2025,801
okayama-university,the,2026,1001
panjab-university-chandigarh,qs,2026,1001
pavol-jozef-safarik-university-kosice,qs,2026,1001
pavol-jozef-safarik-university-kosice,the,2021,1001
pavol-jozef-safarik-university-kosice,the,2022,1001
pavol-jozef-safarik-university-kosice,the,2023,1001
pavol-jozef-safarik-university-kosice,the,2024,1201
pavol-jozef-safarik-university-kosice,the,2025,1201
pavol-jozef-safarik-university-kosice,the,2026,1201
pontificia-universidad-catolica-del-ecuador-puce,qs,2026,1001
pontificia-universidad-catolica-del-ecuador-puce,the,2023,1501
pontificia-universidad-catolica-del-ecuador-puce,the,2024,1501
pontificia-universidad-catolica-del-ecuador-puce,the,2025,1501
pontificia-universidad-catolica-del-ecuador-puce,the,2026,1501
pontificia-universidade-catolica-de-sao-paulo,qs,2026,1001
poznan-university-life-sciences,qs,2026,1001
poznan-university-life-sciences,usnews,2026,1853
poznan-university-life-sciences,the,2024,1201
poznan-university-life-sciences,the,2025,1201
poznan-university-life-sciences,the,2026,1201
poznan-university-technology,qs,2026,1001
poznan-university-technology,usnews,2026,1625
poznan-university-technology,the,2022,1201
poznan-university-technology,the,2023,1201
poznan-university-technology,the,2024,1201
poznan-university-technology,the,2025,1201
poznan-university-technology,the,2026,1501
prague-university-economics-business,qs,2026,1001
prague-university-economics-business,the,2019,1001
prague-university-economics-business,the,2020,1001
prague-university-economics-business,the,2021,1001
prague-university-economics-business,the,2022,1201
prague-university-economics-business,the,2023,1501
prague-university-economics-business,the,2024,1501
prague-university-economics-business,the,2025,1501
prague-university-economics-business,the,2026,1501
riga-stradins-university,qs,2026,1001
riga-stradins-university,usnews,2026,1547
riga-stradins-university,the,2022,501
riga-stradins-university,the,2023,601
riga-stradins-university,the,2024,1501
riga-stradins-university,the,2025,1501
riga-stradins-university,the,2026,1201
ritsumeikan-asia-pacific-university,qs,2026,1001
samarkand-state-university,qs,2026,1001
seoul-national-university-science-technology,qs,2026,1001
seoul-national-university-science-technology,usnews,2026,1642
seoul-national-university-science-technology,the,2018,801
seoul-national-university-science-technology,the,2019,1001
seoul-national-university-science-technology,the,2020,1001
seoul-national-university-science-technology,the,2021,1001
seoul-national-university-science-technology,the,2022,1201
seoul-national-university-science-technology,the,2023,1201
seoul-national-university-science-technology,the,2024,1201
seoul-national-university-science-technology,the,2025,1201
seoul-national-university-science-technology,the,2026,1201
shiv-nadar-university-delhi-ncr,qs,2026,1001
siberian-federal-university-sibfu,qs,2026,1001
silesian-university-technology,qs,2026,1001
silesian-university-technology,usnews,2026,1070
silesian-university-technology,the,2020,1001
silesian-university-technology,the,2021,1001
silesian-university-technology,the,2022,1201
silesian-university-technology,the,2023,1201
silesian-university-technology,the,2024,1201
silesian-university-technology,the,2025,1201
silesian-university-technology,the,2026,1001
soonchunhyang-university,qs,2026,1001
soonchunhyang-university,usnews,2026,2144
soonchunhyang-university,the,2022,1201
soonchunhyang-university,the,2023,1201
soonchunhyang-university,the,2024,1201
soonchunhyang-university,the,2025,1201
soonchunhyang-university,the,2026,1201
southern-federal-university,qs,2026,1001
southern-federal-university,usnews,2026,1871
southern-federal-university,the,2016,601
southern-federal-university,the,2017,801
southern-federal-university,the,2018,801
southern-federal-university,the,2019,1001
southern-federal-university,the,2020,1001
southern-federal-university,the,2021,1001
southern-federal-university,the,2022,1201
southern-federal-university,the,2023,1201
southern-federal-university,the,2024,1201
southern-federal-university,the,2025,1501
southern-federal-university,the,2026,1501
sumgayit-state-university,qs,2026,1001
szechenyi-istvan-university-university-gyor,qs,2026,1001
szechenyi-istvan-university-university-gyor,the,2024,1501
szechenyi-istvan-university-university-gyor,the,2025,1501
szechenyi-istvan-university-university-gyor,the,2026,1501
tashkent-state-technical-university,qs,2026,1001
tashkent-state-technical-university,the,2026,1001
technical-university-kosice,qs,2026,1001
technical-university-kosice,usnews,2026,1791
technical-university-kosice,the,2018,801
technical-university-kosice,the,2019,1001
technical-university-kosice,the,2020,1001
technical-university-kosice,the,2021,1001
technical-university-kosice,the,2022,1201
technical-university-kosice,the,2023,1201
technical-university-kosice,the,2024,1201
technical-university-kosice,the,2026,1501
technische-universitat-chemnitz,qs,2026,1001
technische-universitat-chemnitz,usnews,2026,1661
hashemite-university,qs,2026,1001
hashemite-university,usnews,2026,1290
hashemite-university,the,2017,801
hashemite-university,the,2018,1001
hashemite-university,the,2019,1001
hashemite-university,the,2020,1001
hashemite-university,the,2021,1001
hashemite-university,the,2022,1201
hashemite-university,the,2023,1201
hashemite-university,the,2024,1201
hashemite-university,the,2025,1001
hashemite-university,the,2026,1001
tokyo-metropolitan-university,qs,2026,1001
tokyo-metropolitan-university,usnews,2026,1359
tokyo-metropolitan-university,the,2012,226
tokyo-metropolitan-university,the,2013,251
tokyo-metropolitan-university,the,2014,201
tokyo-metropolitan-university,the,2015,226
tokyo-metropolitan-university,the,2016,401
tokyo-metropolitan-university,the,2017,401
tokyo-metropolitan-university,the,2018,501
tokyo-metropolitan-university,the,2019,401
tokyo-metropolitan-university,the,2020,601
tokyo-metropolitan-university,the,2021,801
tokyo-metropolitan-university,the,2022,601
tokyo-metropolitan-university,the,2023,1001
tokyo-metropolitan-university,the,2024,1001
tokyo-metropolitan-university,the,2025,1201
tokyo-metropolitan-university,the,2026,1501
universidad-andres-bello,qs,2026,1001
universidad-andres-bello,usnews,2026,1183
universidad-andres-bello,the,2018,801
universidad-andres-bello,the,2019,1001
universidad-andres-bello,the,2020,1001
universidad-andres-bello,the,2021,1001
universidad-andres-bello,the,2022,1201
universidad-andres-bello,the,2023,1201
universidad-andres-bello,the,2024,1501
universidad-andres-bello,the,2025,1501
universidad-andres-bello,the,2026,1501
universidad-argentina-de-la-empresa-uade,qs,2026,1001
universidad-austral-de-chile,qs,2026,1001
universidad-austral-de-chile,usnews,2026,1375
universidad-autonoma-metropolitana-uam,qs,2026,1001
universidad-catolica-andres-bello,qs,2026,1001
universidad-de-belgrano-ub,qs,2026,1001
universidad-de-castilla-la-mancha,qs,2026,1001
universidad-de-extremadura,qs,2026,1001
universidad-de-extremadura,usnews,2026,1359
universidad-de-guadalajara-udg,qs,2026,1001
universidad-de-guadalajara-udg,usnews,2026,1484
universidad-de-la-sabana,qs,2026,1001
universidad-de-las-americas-puebla-udlap,qs,2026,1001
universidad-de-leon,qs,2026,1001
universidad-de-leon,usnews,2026,1693
universidad-de-puerto-rico,qs,2026,1001
universidad-de-san-andres-udesa,qs,2026,1001
universidad-eafit,qs,2026,1001
universidad-externado-de-colombia,qs,2026,1001
universidad-nacional-de-rosario-unr,qs,2026,1001
universidad-ort-uruguay,qs,2026,1001
universidad-pontificia-bolivariana,qs,2026,1001
universidad-pontificia-bolivariana,the,2019,1001
universidad-pontificia-bolivariana,the,2020,1001
universidad-pontificia-bolivariana,the,2021,1001
universidad-pontificia-bolivariana,the,2022,1201
universidad-pontificia-bolivariana,the,2023,1501
universidad-pontificia-bolivariana,the,2024,1501
universidad-pontificia-bolivariana,the,2025,1501
universidad-pontificia-bolivariana,the,2026,1501
universidad-rey-juan-carlos,qs,2026,1001
universidad-rey-juan-carlos,usnews,2026,1259
universidad-simon-bolivar-usb,qs,2026,1001
universidad-tecnica-federico-santa-maria-usm,qs,2026,1001
universidad-tecnica-federico-santa-maria-usm,usnews,2026,1308
universidad-torcuato-di-tella,qs,2026,1001
universidade-federal-de-sao-carlos-ufscar,qs,2026,1001
universidade-federal-do-parana-ufpr,qs,2026,1001
universit-degli-studi-di-perugia,qs,2026,1001
universita-degli-studi-di-udine,qs,2026,1001
universita-degli-studi-g-dannunzio-chieti-pescara,qs,2026,1001
universita-degli-studi-dellaquila,qs,2026,1001
universitas-sumatera-utara,qs,2026,1001
universitas-sumatera-utara,the,2023,1501
universitas-sumatera-utara,the,2024,1501
universitas-sumatera-utara,the,2025,1501
universitas-sumatera-utara,the,2026,1501
universitat-de-lleida-university-lleida,qs,2026,1001
universitat-de-lleida-university-lleida,usnews,2026,1375
universitat-jaume-i,qs,2026,1001
universitat-jaume-i,usnews,2026,1358
universitat-jaume-i,the,2019,601
universitat-jaume-i,the,2020,601
universitat-jaume-i,the,2021,601
universitat-jaume-i,the,2022,801
universitat-jaume-i,the,2023,1001
universitat-jaume-i,the,2024,801
universitat-jaume-i,the,2025,801
universitat-jaume-i,the,2026,1001
universite-lumiere-lyon-2,qs,2026,1001
universite-lumiere-lyon-2,the,2020,601
universite-lumiere-lyon-2,the,2021,801
universite-lumiere-lyon-2,the,2022,1201
universite-lumiere-lyon-2,the,2023,1201
universite-lumiere-lyon-2,the,2024,1201
universite-mohammed-v-de-rabat,qs,2026,1001
universiti-malaysia-perlis,qs,2026,1001
universiti-malaysia-perlis,usnews,2026,2116
universiti-malaysia-perlis,the,2020,601
universiti-malaysia-perlis,the,2021,1001
universiti-malaysia-perlis,the,2022,1001
universiti-malaysia-perlis,the,2023,1001
universiti-malaysia-perlis,the,2024,1201
universiti-malaysia-perlis,the,2025,1501
universiti-malaysia-perlis,the,2026,1501
universiti-malaysia-sabah-ums,qs,2026,1001
universiti-malaysia-sabah-ums,usnews,2026,1661
universiti-malaysia-sabah-ums,the,2023,1501
universiti-malaysia-sabah-ums,the,2024,1501
universiti-malaysia-sabah-ums,the,2026,1501
universiti-malaysia-sarawak-unimas,qs,2026,1001
universiti-malaysia-sarawak-unimas,usnews,2026,1693
universiti-malaysia-sarawak-unimas,the,2019,1001
universiti-malaysia-sarawak-unimas,the,2020,1001
universiti-malaysia-sarawak-unimas,the,2021,1001
universiti-malaysia-sarawak-unimas,the,2022,1201
universiti-malaysia-sarawak-unimas,the,2023,1201
universiti-malaysia-sarawak-unimas,the,2024,1001
universiti-malaysia-sarawak-unimas,the,2025,1201
universiti-malaysia-sarawak-unimas,the,2026,1001
universiti-tun-hussein-onn-malaysia-uthm,qs,2026,1001
universiti-tun-hussein-onn-malaysia-uthm,usnews,2026,1540
universiti-tun-hussein-onn-malaysia-uthm,the,2022,1201
universiti-tun-hussein-onn-malaysia-uthm,the,2023,1201
universiti-tun-hussein-onn-malaysia-uthm,the,2024,1201
universiti-tun-hussein-onn-malaysia-uthm,the,2025,1201
universiti-tun-hussein-onn-malaysia-uthm,the,2026,1501
university-algarve,qs,2026,1001
university-algarve,the,2018,601
university-algarve,the,2019,601
university-algarve,the,2020,801
university-algarve,the,2021,801
university-algarve,the,2022,801
university-algarve,the,2023,1001
university-algarve,the,2024,801
university-algarve,the,2025,1001
university-algarve,the,2026,1001
university-balamand,qs,2026,1001
university-cassino-southern-lazio,qs,2026,1001
university-deusto,qs,2026,1001
university-deusto,usnews,2026,1922
university-deusto,the,2019,601
university-deusto,the,2020,801
university-deusto,the,2021,601
university-deusto,the,2022,601
university-deusto,the,2023,801
university-deusto,the,2024,801
university-deusto,the,2025,1001
university-deusto,the,2026,1201
university-east-london,qs,2026,1001
university-east-london,the,2017,601
university-east-london,the,2018,601
university-east-london,the,2019,801
university-east-london,the,2020,801
university-east-london,the,2021,801
university-east-london,the,2022,801
university-east-london,the,2023,1001
university-east-london,the,2024,1001
university-east-london,the,2025,1001
university-east-london,the,2026,1001
university-lancashire,qs,2026,1001
university-lancashire,the,2016,601
university-lancashire,the,2017,601
university-lancashire,the,2018,601
university-lancashire,the,2019,801
university-lancashire,the,2020,801
university-lancashire,the,2021,801
university-lancashire,the,2022,801
university-lancashire,the,2023,1001
university-lancashire,the,2024,1001
university-lancashire,the,2025,801
university-lancashire,the,2026,1001
university-lodz,qs,2026,1001
university-lodz,usnews,2026,1401
university-lodz,the,2017,801
university-lodz,the,2018,1001
university-lodz,the,2019,1001
university-lodz,the,2020,1001
university-lodz,the,2021,1001
university-lodz,the,2022,1201
university-lodz,the,2023,1501
university-lodz,the,2024,1501
university-lodz,the,2025,1501
university-lodz,the,2026,1501
university-naples-parthenope,qs,2026,1001
university-pannonia,qs,2026,1001
university-pannonia,the,2022,1201
university-pannonia,the,2023,1201
university-pannonia,the,2024,1501
university-pannonia,the,2025,1201
university-pannonia,the,2026,1501
university-roehampton-london,qs,2026,1001
university-sfax,qs,2026,1001
university-sfax,the,2019,801
university-sfax,the,2020,1001
university-sfax,the,2021,1001
university-sfax,the,2022,1201
university-sfax,the,2023,1201
university-sfax,the,2024,1001
university-sfax,the,2025,1001
university-sfax,the,2026,1201
university-south-bohemia-ceske-budejovice,qs,2026,1001
university-south-bohemia-ceske-budejovice,the,2020,801
university-south-bohemia-ceske-budejovice,the,2021,801
university-south-bohemia-ceske-budejovice,the,2022,801
university-south-bohemia-ceske-budejovice,the,2023,801
university-south-bohemia-ceske-budejovice,the,2024,1001
university-south-bohemia-ceske-budejovice,the,2025,1001
university-south-bohemia-ceske-budejovice,the,2026,1001
university-free-state,qs,2026,1001
university-free-state,usnews,2026,1049
university-free-state,the,2023,801
university-free-state,the,2024,801
university-free-state,the,2025,1001
university-free-state,the,2026,1001
van-lang-university,qs,2026,1001
van-lang-university,usnews,2026,1713
vsb-technical-university-ostrava,qs,2026,1001
vsb-technical-university-ostrava,the,2016,301
vsb-technical-university-ostrava,the,2017,801
vsb-technical-university-ostrava,the,2018,801
vsb-technical-university-ostrava,the,2019,1001
vsb-technical-university-ostrava,the,2020,1001
vsb-technical-university-ostrava,the,2021,1001
vsb-technical-university-ostrava,the,2022,1201
vsb-technical-university-ostrava,the,2023,1501
vsb-technical-university-ostrava,the,2024,1201
vsb-technical-university-ostrava,the,2025,1201
vsb-technical-university-ostrava,the,2026,1201
yerevan-state-university,qs,2026,1001
yerevan-state-university,the,2024,1501
yerevan-state-university,the,2025,1501
yerevan-state-university,the,2026,1501
yokohama-city-university,qs,2026,1001
yokohama-city-university,usnews,2026,1070
yokohama-city-university,the,2016,601
yokohama-city-university,the,2017,601
yokohama-city-university,the,2018,601
yokohama-city-university,the,2019,601
yokohama-city-university,the,2020,501
yokohama-city-university,the,2021,601
yokohama-city-university,the,2022,401
yokohama-city-university,the,2023,601
yokohama-city-university,the,2024,801
yokohama-city-university,the,2025,1001
yokohama-city-university,the,2026,1001
yokohama-national-university,qs,2026,1001
yokohama-national-university,usnews,2026,1853
yokohama-national-university,the,2016,601
yokohama-national-university,the,2017,801
yokohama-national-university,the,2018,801
yokohama-national-university,the,2019,801
yokohama-national-university,the,2020,1001
yokohama-national-university,the,2021,1001
yokohama-national-university,the,2022,1201
yokohama-national-university,the,2023,1201
yokohama-national-university,the,2024,1201
yokohama-national-university,the,2025,1201
yokohama-national-university,the,2026,1201
al-balqa-applied-university,qs,2026,1201
al-balqa-applied-university,usnews,2026,1433
al-balqa-applied-university,the,2020,801
al-balqa-applied-university,the,2021,601
al-balqa-applied-university,the,2022,801
al-balqa-applied-university,the,2023,801
al-balqa-applied-university,the,2024,1001
al-balqa-applied-university,the,2025,1001
al-balqa-applied-university,the,2026,1001
delta-university-science-technology,qs,2026,1201
delta-university-science-technology,the,2026,1001
izmir-institute-technology-iztech,qs,2026,1201
izmir-institute-technology-iztech,the,2017,601
izmir-institute-technology-iztech,the,2018,801
izmir-institute-technology-iztech,the,2019,1001
izmir-institute-technology-iztech,the,2020,1001
izmir-institute-technology-iztech,the,2021,1001
izmir-institute-technology-iztech,the,2022,1201
izmir-institute-technology-iztech,the,2023,1501
izmir-institute-technology-iztech,the,2024,1201
izmir-institute-technology-iztech,the,2025,1501
izmir-institute-technology-iztech,the,2026,1001
riphah-international-university,qs,2026,1201
riphah-international-university,the,2023,601
riphah-international-university,the,2024,1001
riphah-international-university,the,2025,1001
riphah-international-university,the,2026,1001
selcuk-university,qs,2026,1201
selcuk-university,usnews,2026,1589
selcuk-university,the,2020,1001
selcuk-university,the,2021,1001
selcuk-university,the,2022,1201
selcuk-university,the,2023,1201
selcuk-university,the,2024,1201
selcuk-university,the,2025,1001
selcuk-university,the,2026,1001
sumy-state-university,qs,2026,1201
sumy-state-university,the,2020,1001
sumy-state-university,the,2021,501
sumy-state-university,the,2022,501
sumy-state-university,the,2023,401
sumy-state-university,the,2024,601
sumy-state-university,the,2025,801
sumy-state-university,the,2026,1001
tishk-international-university,qs,2026,1201
tishk-international-university,the,2026,1001
universite-bourgogne-europe,qs,2026,1201
universite-bourgogne-europe,the,2016,501
universite-bourgogne-europe,the,2026,1001
university-hradec-kralove,qs,2026,1201
university-hradec-kralove,usnews,2026,1153
university-hradec-kralove,the,2020,1001
university-hradec-kralove,the,2021,1001
university-hradec-kralove,the,2022,1201
university-hradec-kralove,the,2023,1201
university-hradec-kralove,the,2024,1201
university-hradec-kralove,the,2025,1001
university-hradec-kralove,the,2026,1001
university-memphis,qs,2026,1201
university-memphis,usnews,2026,1435
university-memphis,the,2021,801
university-memphis,the,2022,801
university-memphis,the,2023,801
university-memphis,the,2024,801
university-memphis,the,2025,801
university-memphis,the,2026,1001
university-texas-el-paso,qs,2026,1201
university-texas-el-paso,usnews,2026,1238
university-texas-el-paso,the,2016,601
university-texas-el-paso,the,2017,601
university-texas-el-paso,the,2018,601
university-texas-el-paso,the,2019,601
university-texas-el-paso,the,2020,801
university-texas-el-paso,the,2021,801
university-texas-el-paso,the,2022,801
university-texas-el-paso,the,2023,801
university-texas-el-paso,the,2024,801
university-texas-el-paso,the,2025,801
university-texas-el-paso,the,2026,1001
university-aegean,qs,2026,1201
university-aegean,usnews,2026,1531
university-aegean,the,2018,601
university-aegean,the,2019,601
university-aegean,the,2020,801
university-aegean,the,2021,801
university-aegean,the,2022,801
university-aegean,the,2023,801
university-aegean,the,2024,801
university-aegean,the,2025,1001
university-aegean,the,2026,1001
university-thessaly,qs,2026,1201
university-thessaly,usnews,2026,1021
university-thessaly,the,2020,601
university-thessaly,the,2021,601
university-thessaly,the,2022,801
university-thessaly,the,2023,801
university-thessaly,the,2025,1201
university-thessaly,the,2026,1001
bangladesh-agricultural-university,qs,2026,1401
bangladesh-agricultural-university,usnews,2026,1290
bangladesh-agricultural-university,the,2022,1001
bangladesh-agricultural-university,the,2023,1201
bangladesh-agricultural-university,the,2024,1001
bangladesh-agricultural-university,the,2025,1001
bangladesh-agricultural-university,the,2026,1001
khulna-university-engineering-technology,qs,2026,1401
khulna-university-engineering-technology,the,2023,1201
khulna-university-engineering-technology,the,2025,1001
khulna-university-engineering-technology,the,2026,1001
usn-university-of-oviedo-503830,usnews,2026,1049
usn-university-of-oviedo-503830,the,2016,501
usn-university-of-oviedo-503830,the,2017,601
usn-university-of-oviedo-503830,the,2018,601
usn-university-of-oviedo-503830,the,2019,601
usn-university-of-oviedo-503830,the,2020,601
usn-university-of-oviedo-503830,the,2021,801
usn-university-of-oviedo-503830,the,2022,801
usn-university-of-oviedo-503830,the,2023,1001
usn-university-of-oviedo-503830,the,2024,801
usn-university-of-oviedo-503830,the,2025,1001
usn-university-of-oviedo-503830,the,2026,1001
usn-university-of-castilla-la-mancha-505673,usnews,2026,1105
usn-university-of-castilla-la-mancha-505673,the,2016,601
usn-university-of-castilla-la-mancha-505673,the,2017,601
usn-university-of-castilla-la-mancha-505673,the,2018,801
usn-university-of-castilla-la-mancha-505673,the,2019,801
usn-university-of-castilla-la-mancha-505673,the,2020,801
usn-university-of-castilla-la-mancha-505673,the,2021,1001
usn-university-of-castilla-la-mancha-505673,the,2022,1001
usn-university-of-castilla-la-mancha-505673,the,2023,1001
usn-university-of-castilla-la-mancha-505673,the,2024,801
usn-university-of-castilla-la-mancha-505673,the,2025,801
usn-university-of-castilla-la-mancha-505673,the,2026,1001
usn-medical-university-gdansk-529056,usnews,2026,1147
usn-medical-university-gdansk-529056,the,2023,801
usn-medical-university-gdansk-529056,the,2024,1001
usn-medical-university-gdansk-529056,the,2025,1001
usn-medical-university-gdansk-529056,the,2026,1001
usn-medical-university-warsaw-529008,usnews,2026,1174
usn-medical-university-warsaw-529008,the,2021,801
usn-medical-university-warsaw-529008,the,2022,1001
usn-medical-university-warsaw-529008,the,2024,1001
usn-medical-university-warsaw-529008,the,2025,1001
usn-medical-university-warsaw-529008,the,2026,1001
usn-firat-university-528830,usnews,2026,1197
usn-firat-university-528830,the,2023,801
usn-firat-university-528830,the,2024,1001
usn-firat-university-528830,the,2025,1201
usn-firat-university-528830,the,2026,1001
usn-university-of-angers-528967,usnews,2026,1224
usn-university-of-angers-528967,the,2025,1201
usn-university-of-angers-528967,the,2026,1001
usn-damietta-university-509246,usnews,2026,1254
usn-damietta-university-509246,the,2023,501
usn-damietta-university-509246,the,2024,801
usn-damietta-university-509246,the,2025,1001
usn-damietta-university-509246,the,2026,1001
usn-shaqra-university-514022,usnews,2026,1259
usn-shaqra-university-514022,the,2026,1001
usn-istinye-university-530263,usnews,2026,1274
usn-istinye-university-530263,the,2025,1001
usn-istinye-university-530263,the,2026,1001
usn-university-of-camerino-529174,usnews,2026,1351
usn-university-of-camerino-529174,the,2022,501
usn-university-of-camerino-529174,the,2023,601
usn-university-of-camerino-529174,the,2024,801
usn-university-of-camerino-529174,the,2025,801
usn-university-of-camerino-529174,the,2026,1001
usn-university-of-sadat-city-530767,usnews,2026,1365
usn-university-of-sadat-city-530767,the,2025,1201
usn-university-of-sadat-city-530767,the,2026,1001
usn-university-of-bisha-530573,usnews,2026,1393
usn-university-of-bisha-530573,the,2025,1001
usn-university-of-bisha-530573,the,2026,1001
usn-gla-university-530275,usnews,2026,1429
usn-gla-university-530275,the,2024,1001
usn-gla-university-530275,the,2025,1001
usn-gla-university-530275,the,2026,1001
usn-tokyo-medical-university-529058,usnews,2026,1461
usn-tokyo-medical-university-529058,the,2019,801
usn-tokyo-medical-university-529058,the,2020,801
usn-tokyo-medical-university-529058,the,2021,801
usn-tokyo-medical-university-529058,the,2022,1001
usn-tokyo-medical-university-529058,the,2023,1001
usn-tokyo-medical-university-529058,the,2024,801
usn-tokyo-medical-university-529058,the,2025,801
usn-tokyo-medical-university-529058,the,2026,1001
usn-university-of-medicine-pharmacy-of-craiova-530161,usnews,2026,1468
usn-university-of-medicine-pharmacy-of-craiova-530161,the,2024,1201
usn-university-of-medicine-pharmacy-of-craiova-530161,the,2025,1201
usn-university-of-medicine-pharmacy-of-craiova-530161,the,2026,1001
usn-nova-southeastern-university-136215,usnews,2026,1490
usn-nova-southeastern-university-136215,the,2020,301
usn-nova-southeastern-university-136215,the,2021,251
usn-nova-southeastern-university-136215,the,2022,301
usn-nova-southeastern-university-136215,the,2023,401
usn-nova-southeastern-university-136215,the,2024,801
usn-nova-southeastern-university-136215,the,2025,1201
usn-nova-southeastern-university-136215,the,2026,1001
usn-florida-institute-of-technology-133881,usnews,2026,1495
usn-florida-institute-of-technology-133881,the,2013,226
usn-florida-institute-of-technology-133881,the,2014,197
usn-florida-institute-of-technology-133881,the,2015,200
usn-florida-institute-of-technology-133881,the,2016,601
usn-florida-institute-of-technology-133881,the,2017,601
usn-florida-institute-of-technology-133881,the,2018,601
usn-florida-institute-of-technology-133881,the,2019,801
usn-florida-institute-of-technology-133881,the,2020,801
usn-florida-institute-of-technology-133881,the,2021,801
usn-florida-institute-of-technology-133881,the,2022,801
usn-florida-institute-of-technology-133881,the,2023,1001
usn-florida-institute-of-technology-133881,the,2024,801
usn-florida-institute-of-technology-133881,the,2025,801
usn-florida-institute-of-technology-133881,the,2026,1001
usn-university-of-kurdistan-529983,usnews,2026,1500
usn-university-of-kurdistan-529983,the,2020,801
usn-university-of-kurdistan-529983,the,2021,601
usn-university-of-kurdistan-529983,the,2022,601
usn-university-of-kurdistan-529983,the,2023,601
usn-university-of-kurdistan-529983,the,2024,801
usn-university-of-kurdistan-529983,the,2025,1001
usn-university-of-kurdistan-529983,the,2026,1001
usn-university-of-technology-iraq-510905,usnews,2026,1514
usn-university-of-technology-iraq-510905,the,2020,1001
usn-university-of-technology-iraq-510905,the,2021,1001
usn-university-of-technology-iraq-510905,the,2022,801
usn-university-of-technology-iraq-510905,the,2023,801
usn-university-of-technology-iraq-510905,the,2024,801
usn-university-of-technology-iraq-510905,the,2025,1001
usn-university-of-technology-iraq-510905,the,2026,1001
usn-central-michigan-university-169248,usnews,2026,1531
usn-central-michigan-university-169248,the,2024,1001
usn-central-michigan-university-169248,the,2025,1001
usn-central-michigan-university-169248,the,2026,1001
usn-hamadan-university-of-medical-sciences-530251,usnews,2026,1543
usn-hamadan-university-of-medical-sciences-530251,the,2025,1001
usn-hamadan-university-of-medical-sciences-530251,the,2026,1001
usn-university-kashan-529415,usnews,2026,1585
usn-university-kashan-529415,the,2019,501
usn-university-kashan-529415,the,2020,501
usn-university-kashan-529415,the,2021,501
usn-university-kashan-529415,the,2022,601
usn-university-kashan-529415,the,2023,601
usn-university-kashan-529415,the,2024,601
usn-university-kashan-529415,the,2025,801
usn-university-kashan-529415,the,2026,1001
usn-anadolu-university-529229,usnews,2026,1589
usn-anadolu-university-529229,the,2016,601
usn-anadolu-university-529229,the,2017,801
usn-anadolu-university-529229,the,2018,1001
usn-anadolu-university-529229,the,2019,801
usn-anadolu-university-529229,the,2020,1001
usn-anadolu-university-529229,the,2021,1001
usn-anadolu-university-529229,the,2022,1201
usn-anadolu-university-529229,the,2023,1201
usn-anadolu-university-529229,the,2024,1201
usn-anadolu-university-529229,the,2025,1001
usn-anadolu-university-529229,the,2026,1001
usn-university-of-mohaghegh-ardabili-529803,usnews,2026,1599
usn-university-of-mohaghegh-ardabili-529803,the,2021,601
usn-university-of-mohaghegh-ardabili-529803,the,2022,501
usn-university-of-mohaghegh-ardabili-529803,the,2023,601
usn-university-of-mohaghegh-ardabili-529803,the,2024,801
usn-university-of-mohaghegh-ardabili-529803,the,2025,1001
usn-university-of-mohaghegh-ardabili-529803,the,2026,1001
usn-bahria-university-530769,usnews,2026,1631
usn-bahria-university-530769,the,2023,601
usn-bahria-university-530769,the,2024,801
usn-bahria-university-530769,the,2025,1001
usn-bahria-university-530769,the,2026,1001
usn-lithuanian-university-of-health-sciences-529363,usnews,2026,1669
usn-lithuanian-university-of-health-sciences-529363,the,2022,601
usn-lithuanian-university-of-health-sciences-529363,the,2023,801
usn-lithuanian-university-of-health-sciences-529363,the,2024,801
usn-lithuanian-university-of-health-sciences-529363,the,2025,801
usn-lithuanian-university-of-health-sciences-529363,the,2026,1001
usn-lakehead-university-529172,usnews,2026,1693
usn-lakehead-university-529172,the,2020,601
usn-lakehead-university-529172,the,2021,601
usn-lakehead-university-529172,the,2022,801
usn-lakehead-university-529172,the,2023,801
usn-lakehead-university-529172,the,2024,801
usn-lakehead-university-529172,the,2025,1001
usn-lakehead-university-529172,the,2026,1001
usn-fujita-health-university-529208,usnews,2026,1734
usn-fujita-health-university-529208,the,2018,501
usn-fujita-health-university-529208,the,2019,401
usn-fujita-health-university-529208,the,2020,401
usn-fujita-health-university-529208,the,2021,501
usn-fujita-health-university-529208,the,2022,801
usn-fujita-health-university-529208,the,2023,801
usn-fujita-health-university-529208,the,2024,1001
usn-fujita-health-university-529208,the,2025,1001
usn-fujita-health-university-529208,the,2026,1001
usn-bartin-university-530284,usnews,2026,1742
usn-bartin-university-530284,the,2024,1001
usn-bartin-university-530284,the,2025,1001
usn-bartin-university-530284,the,2026,1001
usn-imam-khomeini-international-university-529643,usnews,2026,1791
usn-imam-khomeini-international-university-529643,the,2020,601
usn-imam-khomeini-international-university-529643,the,2024,601
usn-imam-khomeini-international-university-529643,the,2025,801
usn-imam-khomeini-international-university-529643,the,2026,1001
usn-indian-institute-of-technology-iit-mandi-530093,usnews,2026,1815
usn-indian-institute-of-technology-iit-mandi-530093,the,2022,1001
usn-indian-institute-of-technology-iit-mandi-530093,the,2023,1001
usn-indian-institute-of-technology-iit-mandi-530093,the,2024,1001
usn-indian-institute-of-technology-iit-mandi-530093,the,2025,1001
usn-indian-institute-of-technology-iit-mandi-530093,the,2026,1001
usn-kyoto-prefectural-university-of-medicine-529120,usnews,2026,1815
usn-kyoto-prefectural-university-of-medicine-529120,the,2020,801
usn-kyoto-prefectural-university-of-medicine-529120,the,2021,801
usn-kyoto-prefectural-university-of-medicine-529120,the,2022,1001
usn-kyoto-prefectural-university-of-medicine-529120,the,2023,1001
usn-kyoto-prefectural-university-of-medicine-529120,the,2024,801
usn-kyoto-prefectural-university-of-medicine-529120,the,2025,1001
usn-kyoto-prefectural-university-of-medicine-529120,the,2026,1001
usn-indian-institute-of-technology-ropar-529980,usnews,2026,1853
usn-indian-institute-of-technology-ropar-529980,the,2020,301
usn-indian-institute-of-technology-ropar-529980,the,2021,351
usn-indian-institute-of-technology-ropar-529980,the,2022,351
usn-indian-institute-of-technology-ropar-529980,the,2023,501
usn-indian-institute-of-technology-ropar-529980,the,2024,1001
usn-indian-institute-of-technology-ropar-529980,the,2025,801
usn-indian-institute-of-technology-ropar-529980,the,2026,1001
usn-ming-chi-university-of-technology-529894,usnews,2026,1897
usn-ming-chi-university-of-technology-529894,the,2022,1201
usn-ming-chi-university-of-technology-529894,the,2023,1201
usn-ming-chi-university-of-technology-529894,the,2024,1001
usn-ming-chi-university-of-technology-529894,the,2025,1001
usn-ming-chi-university-of-technology-529894,the,2026,1001
usn-university-of-south-dakota-219471,usnews,2026,1902
usn-university-of-south-dakota-219471,the,2016,351
usn-university-of-south-dakota-219471,the,2018,501
usn-university-of-south-dakota-219471,the,2019,601
usn-university-of-south-dakota-219471,the,2020,601
usn-university-of-south-dakota-219471,the,2021,801
usn-university-of-south-dakota-219471,the,2022,801
usn-university-of-south-dakota-219471,the,2023,1001
usn-university-of-south-dakota-219471,the,2024,1001
usn-university-of-south-dakota-219471,the,2025,1001
usn-university-of-south-dakota-219471,the,2026,1001
usn-semnan-university-529459,usnews,2026,1945
usn-semnan-university-529459,the,2020,1001
usn-semnan-university-529459,the,2021,1001
usn-semnan-university-529459,the,2022,1001
usn-semnan-university-529459,the,2023,1201
usn-semnan-university-529459,the,2024,1001
usn-semnan-university-529459,the,2025,1001
usn-semnan-university-529459,the,2026,1001
usn-technische-universitat-ilmenau-529347,usnews,2026,1950
usn-technische-universitat-ilmenau-529347,the,2019,601
usn-technische-universitat-ilmenau-529347,the,2020,801
usn-technische-universitat-ilmenau-529347,the,2021,801
usn-technische-universitat-ilmenau-529347,the,2022,1001
usn-technische-universitat-ilmenau-529347,the,2023,1001
usn-technische-universitat-ilmenau-529347,the,2024,1001
usn-technische-universitat-ilmenau-529347,the,2025,1001
usn-technische-universitat-ilmenau-529347,the,2026,1001
usn-nippon-medical-school-529119,usnews,2026,2002
usn-nippon-medical-school-529119,the,2019,601
usn-nippon-medical-school-529119,the,2020,601
usn-nippon-medical-school-529119,the,2021,601
usn-nippon-medical-school-529119,the,2022,601
usn-nippon-medical-school-529119,the,2023,801
usn-nippon-medical-school-529119,the,2024,1001
usn-nippon-medical-school-529119,the,2025,1001
usn-nippon-medical-school-529119,the,2026,1001
usn-edge-hill-university-530096,usnews,2026,2007
usn-edge-hill-university-530096,the,2019,801
usn-edge-hill-university-530096,the,2020,1001
usn-edge-hill-university-530096,the,2021,1001
usn-edge-hill-university-530096,the,2022,801
usn-edge-hill-university-530096,the,2023,801
usn-edge-hill-university-530096,the,2024,1001
usn-edge-hill-university-530096,the,2025,1001
usn-edge-hill-university-530096,the,2026,1001
usn-kalasalingam-academy-of-research-education-530304,usnews,2026,2041
usn-kalasalingam-academy-of-research-education-530304,the,2022,801
usn-kalasalingam-academy-of-research-education-530304,the,2023,601
usn-kalasalingam-academy-of-research-education-530304,the,2024,801
usn-kalasalingam-academy-of-research-education-530304,the,2025,801
usn-kalasalingam-academy-of-research-education-530304,the,2026,1001
usn-hamamatsu-university-school-of-medicine-529625,usnews,2026,2085
usn-hamamatsu-university-school-of-medicine-529625,the,2018,801
usn-hamamatsu-university-school-of-medicine-529625,the,2019,801
usn-hamamatsu-university-school-of-medicine-529625,the,2020,801
usn-hamamatsu-university-school-of-medicine-529625,the,2021,1001
usn-hamamatsu-university-school-of-medicine-529625,the,2022,1001
usn-hamamatsu-university-school-of-medicine-529625,the,2023,1001
usn-hamamatsu-university-school-of-medicine-529625,the,2024,1001
usn-hamamatsu-university-school-of-medicine-529625,the,2025,1001
usn-hamamatsu-university-school-of-medicine-529625,the,2026,1001
usn-dr-b-r-ambedkar-national-institute-of-technology-jalandhar-530305,usnews,2026,2155
usn-dr-b-r-ambedkar-national-institute-of-technology-jalandhar-530305,the,2022,1001
usn-dr-b-r-ambedkar-national-institute-of-technology-jalandhar-530305,the,2023,1001
usn-dr-b-r-ambedkar-national-institute-of-technology-jalandhar-530305,the,2024,1001
usn-dr-b-r-ambedkar-national-institute-of-technology-jalandhar-530305,the,2025,1001
usn-dr-b-r-ambedkar-national-institute-of-technology-jalandhar-530305,the,2026,1001
the-montana-state-university,the,2016,501
the-montana-state-university,the,2017,501
the-montana-state-university,the,2018,501
the-montana-state-university,the,2019,501
the-montana-state-university,the,2020,601
the-montana-state-university,the,2021,601
the-montana-state-university,the,2022,601
the-montana-state-university,the,2023,801
the-montana-state-university,the,2024,801
the-montana-state-university,the,2025,1001
the-montana-state-university,the,2026,1001
the-pontifical-catholic-university-rio-grande-do-sul-pucrs,the,2016,601
the-pontifical-catholic-university-rio-grande-do-sul-pucrs,the,2017,601
the-pontifical-catholic-university-rio-grande-do-sul-pucrs,the,2018,801
the-pontifical-catholic-university-rio-grande-do-sul-pucrs,the,2019,801
the-pontifical-catholic-university-rio-grande-do-sul-pucrs,the,2020,801
the-pontifical-catholic-university-rio-grande-do-sul-pucrs,the,2021,801
the-pontifical-catholic-university-rio-grande-do-sul-pucrs,the,2022,801
the-pontifical-catholic-university-rio-grande-do-sul-pucrs,the,2023,801
the-pontifical-catholic-university-rio-grande-do-sul-pucrs,the,2024,1001
the-pontifical-catholic-university-rio-grande-do-sul-pucrs,the,2025,1001
the-pontifical-catholic-university-rio-grande-do-sul-pucrs,the,2026,1001
the-technical-university-madrid,the,2016,601
the-technical-university-madrid,the,2017,601
the-technical-university-madrid,the,2018,601
the-technical-university-madrid,the,2019,601
the-technical-university-madrid,the,2020,801
the-technical-university-madrid,the,2021,801
the-technical-university-madrid,the,2022,801
the-technical-university-madrid,the,2023,1001
the-technical-university-madrid,the,2024,801
the-technical-university-madrid,the,2025,1001
the-technical-university-madrid,the,2026,1001
the-university-bedfordshire,the,2017,601
the-university-bedfordshire,the,2018,601
the-university-bedfordshire,the,2019,801
the-university-bedfordshire,the,2020,801
the-university-bedfordshire,the,2021,801
the-university-bedfordshire,the,2022,801
the-university-bedfordshire,the,2023,801
the-university-bedfordshire,the,2024,1001
the-university-bedfordshire,the,2025,1001
the-university-bedfordshire,the,2026,1001
the-cochin-university-science-and-technology,the,2017,801
the-cochin-university-science-and-technology,the,2018,801
the-cochin-university-science-and-technology,the,2019,1001
the-cochin-university-science-and-technology,the,2020,1001
the-cochin-university-science-and-technology,the,2021,1001
the-cochin-university-science-and-technology,the,2022,1201
the-cochin-university-science-and-technology,the,2023,1201
the-cochin-university-science-and-technology,the,2024,1201
the-cochin-university-science-and-technology,the,2025,1201
the-cochin-university-science-and-technology,the,2026,1001
the-university-almeria,the,2018,801
the-university-almeria,the,2019,801
the-university-almeria,the,2020,1001
the-university-almeria,the,2021,1001
the-university-almeria,the,2022,1001
the-university-almeria,the,2023,1001
the-university-almeria,the,2024,1001
the-university-almeria,the,2025,1001
the-university-almeria,the,2026,1001
the-jawaharlal-nehru-technological-university-anantapur-jntua,the,2018,1001
the-jawaharlal-nehru-technological-university-anantapur-jntua,the,2021,1001
the-jawaharlal-nehru-technological-university-anantapur-jntua,the,2022,1201
the-jawaharlal-nehru-technological-university-anantapur-jntua,the,2023,1201
the-jawaharlal-nehru-technological-university-anantapur-jntua,the,2024,801
the-jawaharlal-nehru-technological-university-anantapur-jntua,the,2025,801
the-jawaharlal-nehru-technological-university-anantapur-jntua,the,2026,1001
the-pmas-arid-agriculture-university-rawalpindi,the,2018,1001
the-pmas-arid-agriculture-university-rawalpindi,the,2019,1001
the-pmas-arid-agriculture-university-rawalpindi,the,2020,1001
the-pmas-arid-agriculture-university-rawalpindi,the,2021,1001
the-pmas-arid-agriculture-university-rawalpindi,the,2022,1201
the-pmas-arid-agriculture-university-rawalpindi,the,2023,1001
the-pmas-arid-agriculture-university-rawalpindi,the,2024,1001
the-pmas-arid-agriculture-university-rawalpindi,the,2025,801
the-pmas-arid-agriculture-university-rawalpindi,the,2026,1001
the-university-clermont-auvergne,the,2019,601
the-university-clermont-auvergne,the,2020,601
the-university-clermont-auvergne,the,2021,601
the-university-clermont-auvergne,the,2022,801
the-university-clermont-auvergne,the,2023,801
the-university-clermont-auvergne,the,2024,801
the-university-clermont-auvergne,the,2025,801
the-university-clermont-auvergne,the,2026,1001
the-covenant-university,the,2019,601
the-covenant-university,the,2020,401
the-covenant-university,the,2021,801
the-covenant-university,the,2022,601
the-covenant-university,the,2023,601
the-covenant-university,the,2024,801
the-covenant-university,the,2025,801
the-covenant-university,the,2026,1001
the-university-tarapaca,the,2019,1001
the-university-tarapaca,the,2020,1001
the-university-tarapaca,the,2021,1001
the-university-tarapaca,the,2022,1201
the-university-tarapaca,the,2023,1201
the-university-tarapaca,the,2024,1201
the-university-tarapaca,the,2025,1201
the-university-tarapaca,the,2026,1001
the-university-girona,the,2020,601
the-university-girona,the,2021,601
the-university-girona,the,2022,601
the-university-girona,the,2023,801
the-university-girona,the,2024,801
the-university-girona,the,2025,801
the-university-girona,the,2026,1001
the-university-tours,the,2020,601
the-university-tours,the,2021,801
the-university-tours,the,2024,801
the-university-tours,the,2025,1001
the-university-tours,the,2026,1001
the-cardiff-metropolitan-university,the,2020,801
the-cardiff-metropolitan-university,the,2021,801
the-cardiff-metropolitan-university,the,2022,1001
the-cardiff-metropolitan-university,the,2023,1001
the-cardiff-metropolitan-university,the,2024,1201
the-cardiff-metropolitan-university,the,2025,1001
the-cardiff-metropolitan-university,the,2026,1001
the-new-school,the,2020,801
the-new-school,the,2021,801
the-new-school,the,2022,801
the-new-school,the,2023,801
the-new-school,the,2024,801
the-new-school,the,2025,1001
the-new-school,the,2026,1001
the-university-sannio,the,2021,401
the-university-sannio,the,2022,501
the-university-sannio,the,2023,601
the-university-sannio,the,2024,601
the-university-sannio,the,2025,801
the-university-sannio,the,2026,1001
the-european-university-madrid,the,2021,601
the-european-university-madrid,the,2022,801
the-european-university-madrid,the,2023,1001
the-european-university-madrid,the,2024,1001
the-european-university-madrid,the,2025,1001
the-european-university-madrid,the,2026,1001
the-indraprastha-institute-information-technology-delhi,the,2021,601
the-indraprastha-institute-information-technology-delhi,the,2022,601
the-indraprastha-institute-information-technology-delhi,the,2023,601
the-indraprastha-institute-information-technology-delhi,the,2024,801
the-indraprastha-institute-information-technology-delhi,the,2025,1001
the-indraprastha-institute-information-technology-delhi,the,2026,1001
the-florida-agricultural-and-mechanical-university,the,2021,801
the-florida-agricultural-and-mechanical-university,the,2022,801
the-florida-agricultural-and-mechanical-university,the,2023,801
the-florida-agricultural-and-mechanical-university,the,2024,1001
the-florida-agricultural-and-mechanical-university,the,2025,1001
the-florida-agricultural-and-mechanical-university,the,2026,1001
the-hazara-university-mansehra,the,2022,601
the-hazara-university-mansehra,the,2023,601
the-hazara-university-mansehra,the,2024,801
the-hazara-university-mansehra,the,2025,1001
the-hazara-university-mansehra,the,2026,1001
the-veltech-university,the,2022,801
the-veltech-university,the,2023,1201
the-veltech-university,the,2024,1201
the-veltech-university,the,2025,1201
the-veltech-university,the,2026,1001
the-university-south-pacific,the,2022,1001
the-university-south-pacific,the,2023,1001
the-university-south-pacific,the,2024,1001
the-university-south-pacific,the,2025,801
the-university-south-pacific,the,2026,1001
the-kore-university-enna,the,2023,601
the-kore-university-enna,the,2024,801
the-kore-university-enna,the,2025,1001
the-kore-university-enna,the,2026,1001
the-university-campania-luigi-vanvitelli,the,2023,601
the-university-campania-luigi-vanvitelli,the,2024,601
the-university-campania-luigi-vanvitelli,the,2025,801
the-university-campania-luigi-vanvitelli,the,2026,1001
the-university-engineering-and-technology-peshawar,the,2023,801
the-university-engineering-and-technology-peshawar,the,2024,1001
the-university-engineering-and-technology-peshawar,the,2025,801
the-university-engineering-and-technology-peshawar,the,2026,1001
the-institute-space-technology,the,2024,801
the-institute-space-technology,the,2025,1001
the-institute-space-technology,the,2026,1001
the-jaypee-university-information-technology,the,2024,801
the-jaypee-university-information-technology,the,2025,801
the-jaypee-university-information-technology,the,2026,1001
the-university-gloucestershire,the,2024,801
the-university-gloucestershire,the,2025,1001
the-university-gloucestershire,the,2026,1001
the-university-la-costa,the,2024,801
the-university-la-costa,the,2025,1001
the-university-la-costa,the,2026,1001
the-zhaw-zurich-university-applied-sciences,the,2024,801
the-zhaw-zurich-university-applied-sciences,the,2025,1001
the-zhaw-zurich-university-applied-sciences,the,2026,1001
the-universiti-sultan-zainal-abidin,the,2024,1201
the-universiti-sultan-zainal-abidin,the,2025,1001
the-universiti-sultan-zainal-abidin,the,2026,1001
the-university-education-lahore,the,2024,1201
the-university-education-lahore,the,2025,1001
the-university-education-lahore,the,2026,1001
the-jashore-university-science-and-technology,the,2025,801
the-jashore-university-science-and-technology,the,2026,1001
the-university-savoie-mont-blanc,the,2025,801
the-university-savoie-mont-blanc,the,2026,1001
the-birla-institute-technology,the,2025,1001
the-birla-institute-technology,the,2026,1001
the-datta-meghe-institute-higher-education-research-deemed-be-university,the,2025,1001
the-datta-meghe-institute-higher-education-research-deemed-be-university,the,2026,1001
the-istanbul-gelisim-university,the,2025,1001
the-istanbul-gelisim-university,the,2026,1001
the-landmark-university,the,2025,1001
the-landmark-university,the,2026,1001
the-moscow-technical-university-communications-and-informatics,the,2025,1001
the-moscow-technical-university-communications-and-informatics,the,2026,1001
the-national-institute-technology-raipur,the,2025,1001
the-national-institute-technology-raipur,the,2026,1001
the-new-valley-university,the,2025,1001
the-new-valley-university,the,2026,1001
the-university-sulaimani,the,2025,1001
the-university-sulaimani,the,2026,1001
the-ardabil-university-medical-sciences,the,2026,1001
the-central-university-haryana,the,2026,1001
the-central-university-jammu,the,2026,1001
the-gonabad-university-medical-sciences,the,2026,1001
the-institute-advanced-studies-basic-sciences-iasbs,the,2026,1001
the-maulana-abul-kalam-azad-university-technology-west-bengal,the,2026,1001
the-south-dakota-mines,the,2026,1001
the-taiz-university,the,2026,1001
the-university-haripur,the,2026,1001
the-tu-bergakademie-freiberg,the,2026,1001
the-university-hafr-al-batin,the,2026,1001
the-university-okara,the,2026,1001
the-university-piraeus,the,2026,1001
the-york-st-john-university,the,2026,1001
usn-anhui-medical-university-529269,usnews,2026,1002
usn-braunschweig-university-of-technology-505131,usnews,2026,1002
usn-montana-state-university-bozeman-180461,usnews,2026,1002
usn-universidad-costa-rica-529589,usnews,2026,1002
usn-university-of-montana-180489,usnews,2026,1002
usn-university-of-montana-180489,the,2013,276
usn-university-of-montana-180489,the,2014,276
usn-university-of-montana-180489,the,2015,301
usn-university-of-montana-180489,the,2016,351
usn-university-of-montana-180489,the,2017,401
usn-university-of-montana-180489,the,2018,401
usn-university-of-montana-180489,the,2019,401
usn-university-of-montana-180489,the,2021,501
usn-university-of-montana-180489,the,2022,501
usn-foshan-university-529885,usnews,2026,1009
usn-shanghai-maritime-university-529346,usnews,2026,1009
usn-shanghai-maritime-university-529346,the,2018,1001
usn-shanghai-maritime-university-529346,the,2019,1001
usn-shanghai-maritime-university-529346,the,2020,801
usn-shanghai-maritime-university-529346,the,2021,801
usn-shanghai-maritime-university-529346,the,2022,1001
usn-shanghai-maritime-university-529346,the,2023,1001
usn-shanghai-maritime-university-529346,the,2024,1001
usn-california-state-university-los-angeles-530209,usnews,2026,1013
usn-university-of-poitiers-501414,usnews,2026,1013
kent-state-university,qs,2026,1201
kent-state-university,usnews,2026,1015
kent-state-university,the,2011,196
kent-state-university,the,2012,301
kent-state-university,the,2016,501
kent-state-university,the,2017,401
kent-state-university,the,2018,501
kent-state-university,the,2019,501
kent-state-university,the,2020,601
kent-state-university,the,2021,801
kent-state-university,the,2022,801
usn-federal-university-of-sao-carlos-505014,usnews,2026,1015
usn-federal-university-of-sao-carlos-505014,the,2016,601
usn-federal-university-of-sao-carlos-505014,the,2017,801
usn-federal-university-of-sao-carlos-505014,the,2018,801
usn-federal-university-of-sao-carlos-505014,the,2019,801
usn-federal-university-of-sao-carlos-505014,the,2020,1001
usn-federal-university-of-sao-carlos-505014,the,2021,1001
usn-federal-university-of-sao-carlos-505014,the,2022,1001
usn-federal-university-of-sao-carlos-505014,the,2023,1201
usn-federal-university-of-sao-carlos-505014,the,2024,1001
usn-federal-university-of-sao-carlos-505014,the,2025,1201
usn-federal-university-of-sao-carlos-505014,the,2026,1201
usn-institut-detudes-politiques-paris-sciences-po-530182,usnews,2026,1015
usn-shaanxi-university-of-science-and-technology-529882,usnews,2026,1015
usn-university-diego-portales-529669,usnews,2026,1015
usn-university-diego-portales-529669,the,2017,601
usn-university-diego-portales-529669,the,2018,501
usn-university-diego-portales-529669,the,2019,401
usn-university-diego-portales-529669,the,2020,401
usn-university-diego-portales-529669,the,2021,401
usn-university-diego-portales-529669,the,2022,501
usn-university-diego-portales-529669,the,2023,801
usn-university-diego-portales-529669,the,2024,1001
usn-university-diego-portales-529669,the,2025,1201
usn-university-diego-portales-529669,the,2026,1201
usn-chengdu-university-of-technology-530199,usnews,2026,1021
usn-hebei-university-of-technology-529604,usnews,2026,1021
usn-universitat-de-girona-528856,usnews,2026,1021
usn-federal-university-of-pernambuco-506633,usnews,2026,1033
usn-national-university-of-cordoba-502638,usnews,2026,1033
usn-national-university-of-cordoba-502638,the,2016,601
usn-national-university-of-cordoba-502638,the,2018,801
usn-national-university-of-cordoba-502638,the,2019,1001
usn-national-university-of-cordoba-502638,the,2020,1001
usn-national-university-of-cordoba-502638,the,2021,1001
usn-national-university-of-cordoba-502638,the,2022,1201
usn-national-university-of-cordoba-502638,the,2023,1501
usn-national-university-of-cordoba-502638,the,2024,1501
usn-national-university-of-cordoba-502638,the,2025,1501
usn-national-university-of-cordoba-502638,the,2026,1501
usn-western-norway-university-of-applied-sciences-529923,usnews,2026,1033
usn-guangdong-university-of-foreign-studies-530213,usnews,2026,1043
usn-kunming-university-of-science-and-technology-529089,usnews,2026,1043
usn-kunming-university-of-science-and-technology-529089,the,2021,1001
usn-kunming-university-of-science-and-technology-529089,the,2022,1201
usn-zhejiang-ocean-university-530024,usnews,2026,1043
university-split,qs,2026,1201
university-split,usnews,2026,1049
university-split,the,2018,501
university-split,the,2019,601
university-split,the,2020,601
university-split,the,2021,801
university-split,the,2022,1001
university-split,the,2023,1001
university-split,the,2024,1201
university-split,the,2025,1201
university-split,the,2026,1201
usn-ryerson-university-499982,usnews,2026,1049
usn-fourth-military-medical-university-506665,usnews,2026,1056
usn-universite-de-monastir-529198,usnews,2026,1056
usn-vienna-university-of-economics-529135,usnews,2026,1056
university-khartoum,qs,2026,1201
university-khartoum,usnews,2026,1061
usn-augusta-university-482149,usnews,2026,1061
usn-henan-normal-university-529271,usnews,2026,1061
usn-northeast-forestry-university-china-529095,usnews,2026,1061
usn-university-of-savoie-501758,usnews,2026,1061
usn-paracelsus-private-medical-university-529224,usnews,2026,1070
usn-university-of-eastern-piedmont-amedeo-avogadro-528952,usnews,2026,1075
usn-university-of-south-bohemia-ceske-budejovice-528817,usnews,2026,1075
usn-nantong-university-529473,usnews,2026,1081
usn-qilu-university-of-technology-529482,usnews,2026,1081
usn-university-of-caen-528879,usnews,2026,1081
usn-xian-university-of-architecture-and-technology-529487,usnews,2026,1081
university-peradeniya,qs,2026,1201
university-peradeniya,usnews,2026,1090
university-peradeniya,the,2020,401
university-peradeniya,the,2021,401
university-peradeniya,the,2022,401
university-peradeniya,the,2023,501
university-peradeniya,the,2024,1001
university-peradeniya,the,2025,1201
university-peradeniya,the,2026,1201
usn-hubei-university-529080,usnews,2026,1090
usn-university-of-sofia-504656,usnews,2026,1090
usn-university-of-sofia-504656,the,2017,801
usn-university-of-sofia-504656,the,2018,1001
usn-university-of-sofia-504656,the,2019,1001
usn-university-of-sofia-504656,the,2020,1001
usn-university-of-sofia-504656,the,2021,1001
usn-university-of-sofia-504656,the,2022,1201
usn-university-of-sofia-504656,the,2023,1201
usn-university-of-sofia-504656,the,2024,1501
usn-university-of-sofia-504656,the,2025,1501
usn-university-of-sofia-504656,the,2026,1501
usn-central-university-of-finance-and-economics-529634,usnews,2026,1096
usn-central-university-of-finance-and-economics-529634,the,2021,1001
usn-central-university-of-finance-and-economics-529634,the,2022,1001
usn-hunan-normal-university-529497,usnews,2026,1096
usn-suny-upstate-medical-university-529713,usnews,2026,1096
usn-isfahan-university-medical-science-529419,usnews,2026,1101
british-university-egypt,qs,2026,1201
british-university-egypt,usnews,2026,1105
british-university-egypt,the,2023,1201
british-university-egypt,the,2024,1201
british-university-egypt,the,2025,1201
british-university-egypt,the,2026,1201
transilvania-university-brasov,qs,2026,1401
transilvania-university-brasov,usnews,2026,1105
transilvania-university-brasov,the,2021,1001
transilvania-university-brasov,the,2022,1201
transilvania-university-brasov,the,2023,1201
transilvania-university-brasov,the,2024,1201
transilvania-university-brasov,the,2025,1201
transilvania-university-brasov,the,2026,1501
usn-tianjin-polytechnic-university-529130,usnews,2026,1105
usn-university-of-sulimanyah-530214,usnews,2026,1105
universidade-federal-da-bahia,qs,2026,1201
universidade-federal-da-bahia,usnews,2026,1112
universidade-federal-da-bahia,the,2016,601
universidade-federal-da-bahia,the,2017,801
universidade-federal-da-bahia,the,2019,801
universidade-federal-da-bahia,the,2020,1001
universidade-federal-da-bahia,the,2021,1001
universidade-federal-da-bahia,the,2022,1201
universidade-federal-da-bahia,the,2023,1201
universidade-federal-da-bahia,the,2024,1201
universidade-federal-da-bahia,the,2025,1501
universidade-federal-da-bahia,the,2026,1501
usn-universidade-federal-do-rio-grande-do-norte-529407,usnews,2026,1112
usn-international-medical-university-529742,usnews,2026,1118
usn-second-military-medical-university-505505,usnews,2026,1118
usn-zhongkai-university-of-agriculture-engineering-530239,usnews,2026,1118
usn-third-military-medical-university-503729,usnews,2026,1122
usn-university-of-gondar-529442,usnews,2026,1122
usn-hunan-agricultural-university-529354,usnews,2026,1127
usn-henan-polytechnic-university-529521,usnews,2026,1132
usn-pontificia-universidade-catolica-do-rio-grande-do-sul-529583,usnews,2026,1132
usn-yanshan-university-529086,usnews,2026,1132
usn-yanshan-university-529086,the,2019,1001
usn-yanshan-university-529086,the,2020,1001
usn-yanshan-university-529086,the,2021,1001
usn-yanshan-university-529086,the,2022,1201
usn-yanshan-university-529086,the,2023,1501
usn-yanshan-university-529086,the,2024,1501
usn-yanshan-university-529086,the,2025,1501
usn-yanshan-university-529086,the,2026,1201
usn-polytechnic-university-of-bucharest-506097,usnews,2026,1136
usn-polytechnic-university-of-bucharest-506097,the,2020,1001
usn-polytechnic-university-of-bucharest-506097,the,2021,1001
usn-polytechnic-university-of-bucharest-506097,the,2022,1201
usn-polytechnic-university-of-bucharest-506097,the,2023,1501
usn-polytechnic-university-of-bucharest-506097,the,2024,1501
usn-polytechnic-university-of-bucharest-506097,the,2025,1501
usn-polytechnic-university-of-bucharest-506097,the,2026,1501
universitat-kassel,qs,2026,1201
universitat-kassel,usnews,2026,1138
usn-shahid-beheshti-university-tehran-sbu-502879,usnews,2026,1138
usn-universidade-federal-do-abc-ufabc-528920,usnews,2026,1138
usn-universidade-federal-do-abc-ufabc-528920,the,2017,601
usn-universidade-federal-do-abc-ufabc-528920,the,2018,601
usn-universidade-federal-do-abc-ufabc-528920,the,2019,801
usn-universidade-federal-do-abc-ufabc-528920,the,2020,1001
usn-universidade-federal-do-abc-ufabc-528920,the,2021,1001
usn-universidade-federal-do-abc-ufabc-528920,the,2022,1001
usn-universidade-federal-do-abc-ufabc-528920,the,2023,1201
usn-universidade-federal-do-abc-ufabc-528920,the,2024,1201
usn-universidade-federal-do-abc-ufabc-528920,the,2025,1201
usn-universidade-federal-do-abc-ufabc-528920,the,2026,1501
usn-xian-university-of-technology-529477,usnews,2026,1138
usn-hebei-university-529732,usnews,2026,1142
usn-shanghai-ocean-university-529171,usnews,2026,1142
usn-universite-gustave-eiffel-529800,usnews,2026,1142
usn-middle-east-university-514495,usnews,2026,1147
usn-xinjiang-university-529284,usnews,2026,1147
usn-shandong-agricultural-university-529093,usnews,2026,1153
usn-university-of-jeddah-530059,usnews,2026,1153
usn-university-of-jeddah-530059,the,2022,1001
usn-university-of-jeddah-530059,the,2023,1001
usn-university-of-jeddah-530059,the,2024,1001
usn-university-of-jeddah-530059,the,2025,1001
usn-university-of-jeddah-530059,the,2026,1201
usn-university-of-texas-rio-grande-valley-227368,usnews,2026,1153
usn-university-of-texas-rio-grande-valley-227368,the,2022,801
usn-university-of-texas-rio-grande-valley-227368,the,2023,1001
usn-university-of-texas-rio-grande-valley-227368,the,2024,1201
usn-university-of-texas-rio-grande-valley-227368,the,2025,1201
usn-university-of-texas-rio-grande-valley-227368,the,2026,1501
zhejiang-sci-tech-university,qs,2026,1201
zhejiang-sci-tech-university,usnews,2026,1158
zhejiang-sci-tech-university,the,2025,1201
usn-qingdao-university-of-technology-529642,usnews,2026,1158
usn-university-campus-bio-medico-rome-italy-528992,usnews,2026,1163
marquette-university,qs,2026,1401
marquette-university,usnews,2026,1167
marquette-university,the,2018,601
marquette-university,the,2019,601
marquette-university,the,2020,801
marquette-university,the,2021,801
marquette-university,the,2022,801
marquette-university,the,2023,801
marquette-university,the,2024,801
usn-henan-agricultural-university-529759,usnews,2026,1167
usn-jishou-university-530424,usnews,2026,1167
usn-magna-graecia-university-of-catanzaro-529254,usnews,2026,1167
usn-g-dannunzio-university-of-chieti-pescara-529183,usnews,2026,1174
usn-university-of-rouen-528984,usnews,2026,1174
usn-east-carolina-university-198464,usnews,2026,1183
usn-east-carolina-university-198464,the,2019,801
usn-east-carolina-university-198464,the,2021,1001
usn-ibn-tofail-university-of-kenitra-530231,usnews,2026,1183
usn-university-of-the-west-indies-529749,usnews,2026,1183
usn-university-of-the-west-indies-529749,the,2019,501
usn-university-of-the-west-indies-529749,the,2020,501
usn-university-of-the-west-indies-529749,the,2021,501
usn-university-of-the-west-indies-529749,the,2022,401
usn-university-of-the-west-indies-529749,the,2023,501
usn-university-of-the-west-indies-529749,the,2024,1001
usn-university-of-the-west-indies-529749,the,2025,1201
usn-university-of-the-west-indies-529749,the,2026,1201
usn-air-university-islamabad-530215,usnews,2026,1192
usn-dalian-polytechnic-university-529903,usnews,2026,1192
usn-dongbei-university-of-finance-economics-530185,usnews,2026,1192
usn-istanbul-university-cerrahpasa-529526,usnews,2026,1197
usn-istanbul-university-cerrahpasa-529526,the,2022,801
usn-istanbul-university-cerrahpasa-529526,the,2023,1001
usn-istanbul-university-cerrahpasa-529526,the,2024,1001
usn-istanbul-university-cerrahpasa-529526,the,2025,1001
usn-istanbul-university-cerrahpasa-529526,the,2026,1201
usn-liaocheng-university-529802,usnews,2026,1197
asharqiyah-university,qs,2026,1201
adamson-university,qs,2026,1201
ahmadu-bello-university-zaria,qs,2026,1201
alexandru-ioan-cuza-university,qs,2026,1201
alexandru-ioan-cuza-university,usnews,2026,1316
alexandru-ioan-cuza-university,the,2016,601
alexandru-ioan-cuza-university,the,2017,801
alexandru-ioan-cuza-university,the,2018,801
alexandru-ioan-cuza-university,the,2019,1001
alexandru-ioan-cuza-university,the,2020,1001
alexandru-ioan-cuza-university,the,2021,1001
alexandru-ioan-cuza-university,the,2022,1201
alexandru-ioan-cuza-university,the,2023,1501
alexandru-ioan-cuza-university,the,2024,1501
alexandru-ioan-cuza-university,the,2025,1501
alexandru-ioan-cuza-university,the,2026,1501
amman-arab-university,qs,2026,1201
amrita-vishwa-vidyapeetham,qs,2026,1201
amrita-vishwa-vidyapeetham,the,2016,601
amrita-vishwa-vidyapeetham,the,2017,801
amrita-vishwa-vidyapeetham,the,2018,801
amrita-vishwa-vidyapeetham,the,2019,601
amrita-vishwa-vidyapeetham,the,2020,601
amrita-vishwa-vidyapeetham,the,2021,801
amrita-vishwa-vidyapeetham,the,2022,801
amrita-vishwa-vidyapeetham,the,2024,801
azerbaijan-state-pedagogical-university,qs,2026,1201
beijing-foreign-studies-university,qs,2026,1201
brigham-young-university,qs,2026,1201
brock-university,qs,2026,1201
brock-university,usnews,2026,1669
brock-university,the,2026,1201
capital-university-egypt,qs,2026,1201
chung-yuan-christian-university,qs,2026,1201
chung-yuan-christian-university,usnews,2026,1990
chung-yuan-christian-university,the,2016,601
chung-yuan-christian-university,the,2017,601
chung-yuan-christian-university,the,2018,801
chung-yuan-christian-university,the,2019,801
chung-yuan-christian-university,the,2020,1001
chung-yuan-christian-university,the,2021,1001
chung-yuan-christian-university,the,2022,1001
chung-yuan-christian-university,the,2023,1201
chung-yuan-christian-university,the,2024,1001
chung-yuan-christian-university,the,2025,1201
chung-yuan-christian-university,the,2026,1201
damascus-university,qs,2026,1201
damascus-university,the,2025,1501
damascus-university,the,2026,1501
democritus-university-thrace-duth,qs,2026,1201
democritus-university-thrace-duth,usnews,2026,1351
democritus-university-thrace-duth,the,2019,1001
democritus-university-thrace-duth,the,2020,1001
democritus-university-thrace-duth,the,2021,1001
democritus-university-thrace-duth,the,2022,1201
democritus-university-thrace-duth,the,2023,1201
democritus-university-thrace-duth,the,2024,1001
democritus-university-thrace-duth,the,2025,1001
democritus-university-thrace-duth,the,2026,1201
dokuz-eylul-universitesi,qs,2026,1201
dokuz-eylul-universitesi,usnews,2026,1424
dokuz-eylul-universitesi,the,2018,1001
dokuz-eylul-universitesi,the,2019,1001
dokuz-eylul-universitesi,the,2020,1001
dokuz-eylul-universitesi,the,2021,1001
dokuz-eylul-universitesi,the,2022,1201
dokuz-eylul-universitesi,the,2023,1201
dokuz-eylul-universitesi,the,2024,1201
dokuz-eylul-universitesi,the,2025,1501
dokuz-eylul-universitesi,the,2026,1501
erciyes-university,qs,2026,1201
erciyes-university,usnews,2026,1266
erciyes-university,the,2016,601
erciyes-university,the,2017,801
erciyes-university,the,2018,801
erciyes-university,the,2019,801
erciyes-university,the,2020,1001
erciyes-university,the,2021,1001
erciyes-university,the,2022,1201
erciyes-university,the,2023,1201
erciyes-university,the,2024,1201
erciyes-university,the,2025,1201
erciyes-university,the,2026,1201
estonian-university-life-sciences,qs,2026,1201
estonian-university-life-sciences,usnews,2026,1569
estonian-university-life-sciences,the,2022,801
florida-atlantic-university-boca-raton,qs,2026,1201
fu-jen-catholic-university,qs,2026,1201
fu-jen-catholic-university,usnews,2026,1911
fu-jen-catholic-university,the,2016,601
fu-jen-catholic-university,the,2017,801
fu-jen-catholic-university,the,2018,801
fu-jen-catholic-university,the,2019,801
fu-jen-catholic-university,the,2020,801
fu-jen-catholic-university,the,2021,801
fu-jen-catholic-university,the,2022,1001
fu-jen-catholic-university,the,2023,1001
fu-jen-catholic-university,the,2024,1001
fu-jen-catholic-university,the,2025,1201
fu-jen-catholic-university,the,2026,1201
galgotias-university,qs,2026,1201
galgotias-university,the,2025,1001
galgotias-university,the,2026,1201
german-university-technology-oman-gutech,qs,2026,1201
gifu-university,qs,2026,1201
gifu-university,usnews,2026,1607
gifu-university,the,2016,601
gifu-university,the,2017,801
gifu-university,the,2018,801
gifu-university,the,2019,1001
gifu-university,the,2020,1001
gifu-university,the,2021,1001
gifu-university,the,2022,1201
gifu-university,the,2023,1201
gifu-university,the,2024,1001
gifu-university,the,2025,1201
gifu-university,the,2026,1201
gunma-university,qs,2026,1201
gunma-university,usnews,2026,1975
gunma-university,the,2017,801
gunma-university,the,2019,1001
gunma-university,the,2020,1001
gunma-university,the,2021,1001
gunma-university,the,2022,1201
gunma-university,the,2023,1201
gunma-university,the,2024,1201
gunma-university,the,2025,1501
gunma-university,the,2026,1501
ibn-tofail-university,qs,2026,1201
ibn-tofail-university,the,2020,1001
ibn-tofail-university,the,2021,1001
ibn-tofail-university,the,2022,1001
ibn-tofail-university,the,2023,1001
ibn-tofail-university,the,2024,1201
ibn-tofail-university,the,2025,1201
ibn-tofail-university,the,2026,1201
indian-institute-information-technology-allahabad,qs,2026,1201
instituto-tecnologico-de-buenos-aires-itba,qs,2026,1201
international-christian-university,qs,2026,1201
islamic-university-lebanon,qs,2026,1201
istanbul-aydin-university,qs,2026,1201
istanbul-aydin-university,usnews,2026,1842
iteso-universidad-jesuita-de-guadalajara,qs,2026,1201
ivan-franko-national-university-lviv,qs,2026,1201
ivan-franko-national-university-lviv,the,2018,1001
ivan-franko-national-university-lviv,the,2019,1001
ivan-franko-national-university-lviv,the,2020,1001
ivan-franko-national-university-lviv,the,2021,1001
ivan-franko-national-university-lviv,the,2022,1201
ivan-franko-national-university-lviv,the,2023,1201
ivan-franko-national-university-lviv,the,2024,1501
ivan-franko-national-university-lviv,the,2025,1501
ivan-franko-national-university-lviv,the,2026,1501
jadara-university,qs,2026,1201
jeju-national-university,qs,2026,1201
jeju-national-university,usnews,2026,1687
jeju-national-university,the,2021,1001
jeju-national-university,the,2022,1201
jeju-national-university,the,2023,1201
jeju-national-university,the,2024,1201
jeju-national-university,the,2025,1001
jeju-national-university,the,2026,1201
kagoshima-university,qs,2026,1201
kagoshima-university,usnews,2026,1808
kagoshima-university,the,2018,801
kagoshima-university,the,2019,1001
kagoshima-university,the,2020,1001
kagoshima-university,the,2021,1001
kagoshima-university,the,2022,1201
kagoshima-university,the,2023,1501
kagoshima-university,the,2024,1201
kagoshima-university,the,2025,1501
kagoshima-university,the,2026,1501
kazakh-british-technical-university,qs,2026,1201
king-mongkuts-institute-technology-ladkrabang-kmitl,qs,2026,1201
king-mongkuts-institute-technology-ladkrabang-kmitl,usnews,2026,2215
kyrgyz-national-university,qs,2026,1201
kyushu-institute-technology,qs,2026,1201
kyushu-institute-technology,usnews,2026,1679
kyushu-institute-technology,the,2016,601
kyushu-institute-technology,the,2017,801
kyushu-institute-technology,the,2018,801
kyushu-institute-technology,the,2019,801
kyushu-institute-technology,the,2020,1001
kyushu-institute-technology,the,2021,1001
kyushu-institute-technology,the,2022,1201
kyushu-institute-technology,the,2023,1201
kyushu-institute-technology,the,2024,1201
kyushu-institute-technology,the,2025,1201
kyushu-institute-technology,the,2026,1201
lobachevsky-university,qs,2026,1201
lviv-polytechnic-national-university,qs,2026,1201
lviv-polytechnic-national-university,the,2017,801
lviv-polytechnic-national-university,the,2018,1001
lviv-polytechnic-national-university,the,2019,1001
lviv-polytechnic-national-university,the,2020,801
lviv-polytechnic-national-university,the,2021,501
lviv-polytechnic-national-university,the,2022,601
lviv-polytechnic-national-university,the,2023,601
lviv-polytechnic-national-university,the,2024,1201
lviv-polytechnic-national-university,the,2025,1501
lviv-polytechnic-national-university,the,2026,1501
malmo-university,qs,2026,1201
malmo-university,usnews,2026,1559
nagoya-institute-technology-nit,qs,2026,1201
nagoya-institute-technology-nit,usnews,2026,2002
nagoya-institute-technology-nit,the,2017,601
nagoya-institute-technology-nit,the,2018,801
nagoya-institute-technology-nit,the,2019,1001
nagoya-institute-technology-nit,the,2020,1001
nagoya-institute-technology-nit,the,2021,1001
nagoya-institute-technology-nit,the,2022,1201
nagoya-institute-technology-nit,the,2023,1501
nagoya-institute-technology-nit,the,2024,1201
nagoya-institute-technology-nit,the,2025,1201
nagoya-institute-technology-nit,the,2026,1501
national-research-saratov-state-university,qs,2026,1201
national-research-saratov-state-university,the,2017,801
national-research-saratov-state-university,the,2018,801
national-research-saratov-state-university,the,2019,1001
national-research-saratov-state-university,the,2020,1001
national-research-saratov-state-university,the,2021,1001
national-research-saratov-state-university,the,2022,1201
national-research-saratov-state-university,the,2023,1201
national-research-saratov-state-university,the,2024,1501
national-taipei-university,qs,2026,1201
national-taipei-university,the,2018,801
national-taipei-university,the,2019,801
national-taipei-university,the,2020,1001
national-taipei-university,the,2021,1001
national-taipei-university,the,2022,1201
national-taipei-university,the,2023,1501
national-taipei-university,the,2024,1501
national-taipei-university,the,2025,1501
national-taipei-university,the,2026,1501
national-taiwan-ocean-university,qs,2026,1201
national-taiwan-ocean-university,usnews,2026,1871
national-taiwan-ocean-university,the,2012,350
national-taiwan-ocean-university,the,2016,601
national-taiwan-ocean-university,the,2017,601
national-taiwan-ocean-university,the,2018,801
national-taiwan-ocean-university,the,2019,801
national-taiwan-ocean-university,the,2020,1001
national-taiwan-ocean-university,the,2021,1001
national-taiwan-ocean-university,the,2022,1201
national-taiwan-ocean-university,the,2023,1001
national-taiwan-ocean-university,the,2024,1201
national-taiwan-ocean-university,the,2025,1201
national-taiwan-ocean-university,the,2026,1201
national-university-kyiv-mohyla-academy-naukma,qs,2026,1201
national-university-science-technology-politehnica-bucharest,qs,2026,1201
national-university-science-technology-oman,qs,2026,1201
notre-dame-university-louaize-ndu,qs,2026,1201
odessa-iimechnikov-national-university,qs,2026,1201
otto-friedrich-universitat-bamberg,qs,2026,1201
otto-friedrich-universitat-bamberg,usnews,2026,1893
palestine-technical-university-kadoorie,qs,2026,1201
paul-valery-university-montpellier,qs,2026,1201
pukyong-national-university,qs,2026,1201
pukyong-national-university,usnews,2026,1490
pukyong-national-university,the,2024,1201
pukyong-national-university,the,2025,1201
pukyong-national-university,the,2026,1201
queen-margaret-university-edinburgh,qs,2026,1201
russian-presidential-academy-national-economy-public-administration,qs,2026,1201
russian-presidential-academy-national-economy-public-administration,the,2021,1001
russian-presidential-academy-national-economy-public-administration,the,2022,1201
russian-presidential-academy-national-economy-public-administration,the,2023,1501
russian-presidential-academy-national-economy-public-administration,the,2024,1501
russian-presidential-academy-national-economy-public-administration,the,2025,1501
russian-presidential-academy-national-economy-public-administration,the,2026,1501
saint-petersburg-electrotechnical-university-etu-leti,qs,2026,1201
saken-seifullin-kazakh-agrotechnical-research-university,qs,2026,1201
samara-national-research-university-samara-university,qs,2026,1201
samara-national-research-university-samara-university,the,2019,801
samara-national-research-university-samara-university,the,2020,1001
samara-national-research-university-samara-university,the,2021,1001
samara-national-research-university-samara-university,the,2022,1201
samara-national-research-university-samara-university,the,2023,1201
samara-national-research-university-samara-university,the,2024,1201
samara-national-research-university-samara-university,the,2025,1501
samara-national-research-university-samara-university,the,2026,1501
sathyabama-institute-science-technology-deemed-be-university,qs,2026,1201
sathyabama-institute-science-technology-deemed-be-university,usnews,2026,2048
sathyabama-institute-science-technology-deemed-be-university,the,2017,801
sathyabama-institute-science-technology-deemed-be-university,the,2018,1001
sathyabama-institute-science-technology-deemed-be-university,the,2019,1001
sathyabama-institute-science-technology-deemed-be-university,the,2020,1001
sathyabama-institute-science-technology-deemed-be-university,the,2021,1001
sathyabama-institute-science-technology-deemed-be-university,the,2022,1201
sathyabama-institute-science-technology-deemed-be-university,the,2023,1201
sathyabama-institute-science-technology-deemed-be-university,the,2024,1201
sathyabama-institute-science-technology-deemed-be-university,the,2025,1201
sathyabama-institute-science-technology-deemed-be-university,the,2026,1201
seattle-university,qs,2026,1201
shanghai-university-finance-economics,qs,2026,1201
shanghai-university-finance-economics,the,2020,801
shanghai-university-finance-economics,the,2021,801
shanghai-university-finance-economics,the,2022,801
shinshu-university,qs,2026,1201
shinshu-university,usnews,2026,1375
shinshu-university,the,2016,601
shinshu-university,the,2017,601
shinshu-university,the,2018,801
shinshu-university,the,2019,801
shinshu-university,the,2020,1001
shinshu-university,the,2021,1001
shinshu-university,the,2022,1201
shinshu-university,the,2023,1201
shinshu-university,the,2024,1001
shinshu-university,the,2025,1201
shinshu-university,the,2026,1201
siksha-o-anusandhan-deemed-be-university-soa,qs,2026,1201
slovak-university-agriculture-nitra,qs,2026,1201
slovak-university-agriculture-nitra,the,2020,1001
slovak-university-agriculture-nitra,the,2021,1001
slovak-university-agriculture-nitra,the,2022,1201
slovak-university-agriculture-nitra,the,2023,1201
slovak-university-agriculture-nitra,the,2024,1201
slovak-university-agriculture-nitra,the,2025,1501
slovak-university-agriculture-nitra,the,2026,1201
sookmyung-womens-university,qs,2026,1201
sookmyung-womens-university,usnews,2026,2076
sungshin-womens-university,qs,2026,1201
tamkang-university,qs,2026,1201
tamkang-university,usnews,2026,1484
tamkang-university,the,2017,801
tamkang-university,the,2018,1001
tamkang-university,the,2019,1001
tamkang-university,the,2020,1001
tamkang-university,the,2021,1001
tamkang-university,the,2022,1201
tamkang-university,the,2023,1201
tamkang-university,the,2024,1201
tamkang-university,the,2025,1501
tamkang-university,the,2026,1501
tashkent-state-transport-university,qs,2026,1201
tashkent-state-university-economics,qs,2026,1201
technical-university-liberec,qs,2026,1201
technical-university-liberec,usnews,2026,2048
technical-university-liberec,the,2017,801
technical-university-liberec,the,2018,1001
technical-university-liberec,the,2019,1001
technical-university-liberec,the,2020,1001
technical-university-liberec,the,2021,1001
technical-university-liberec,the,2022,1201
technical-university-liberec,the,2023,1501
technical-university-liberec,the,2024,1501
technical-university-liberec,the,2025,1501
technical-university-liberec,the,2026,1501
tecnologico-de-costa-rica-tec,qs,2026,1201
telkom-university,qs,2026,1201
telkom-university,the,2021,1001
telkom-university,the,2022,1201
telkom-university,the,2023,1501
telkom-university,the,2024,1501
telkom-university,the,2025,1501
telkom-university,the,2026,1501
josip-juraj-strossmayer-university-osijek,qs,2026,1201
university-northampton,qs,2026,1201
university-northampton,the,2025,1201
university-northampton,the,2026,1501
tokushima-university,qs,2026,1201
tokushima-university,usnews,2026,1798
tokushima-university,the,2016,601
tokushima-university,the,2017,601
tokushima-university,the,2018,801
tokushima-university,the,2019,801
tokushima-university,the,2020,1001
tokushima-university,the,2021,1001
tokushima-university,the,2022,1201
tokushima-university,the,2023,1201
tokushima-university,the,2024,1201
tokushima-university,the,2025,1201
tokushima-university,the,2026,1201
tomas-bata-university-zlin,qs,2026,1201
tomas-bata-university-zlin,the,2017,801
tomas-bata-university-zlin,the,2018,801
tomas-bata-university-zlin,the,2019,1001
tomas-bata-university-zlin,the,2020,1001
tomas-bata-university-zlin,the,2021,1001
tomas-bata-university-zlin,the,2022,1201
tomas-bata-university-zlin,the,2023,1201
tomas-bata-university-zlin,the,2024,1201
tomas-bata-university-zlin,the,2025,1201
tomas-bata-university-zlin,the,2026,1201
tunghai-university,qs,2026,1201
tunghai-university,usnews,2026,1495
tunghai-university,the,2020,1001
tunghai-university,the,2021,1001
tunghai-university,the,2022,1201
tunghai-university,the,2023,1201
tunghai-university,the,2024,1201
tunghai-university,the,2025,1201
tunghai-university,the,2026,1501
ucam-universidad-catolica-san-antonio-de-murcia,qs,2026,1201
universidad-autonoma-chapingo,qs,2026,1201
universidad-autonoma-chapingo,the,2023,1501
universidad-autonoma-chapingo,the,2025,1501
universidad-autonoma-de-nuevo-leon,qs,2026,1201
universidad-autonoma-de-nuevo-leon,usnews,2026,1679
universidad-autonoma-de-nuevo-leon,the,2017,801
universidad-autonoma-de-nuevo-leon,the,2018,1001
universidad-autonoma-de-nuevo-leon,the,2019,1001
universidad-autonoma-de-nuevo-leon,the,2020,1001
universidad-autonoma-de-nuevo-leon,the,2021,1001
universidad-autonoma-de-nuevo-leon,the,2022,1201
universidad-autonoma-de-nuevo-leon,the,2023,1501
universidad-autonoma-de-nuevo-leon,the,2024,1501
universidad-autonoma-de-nuevo-leon,the,2025,1501
universidad-autonoma-de-nuevo-leon,the,2026,1501
universidad-autonoma-del-estado-de-mexico-uaemex,qs,2026,1201
universidad-autonoma-del-estado-de-mexico-uaemex,the,2017,801
universidad-autonoma-del-estado-de-mexico-uaemex,the,2018,1001
universidad-autonoma-del-estado-de-mexico-uaemex,the,2019,1001
universidad-autonoma-del-estado-de-mexico-uaemex,the,2020,1001
universidad-autonoma-del-estado-de-mexico-uaemex,the,2021,1001
universidad-autonoma-del-estado-de-mexico-uaemex,the,2022,1201
universidad-autonoma-del-estado-de-mexico-uaemex,the,2023,1501
universidad-autonoma-del-estado-de-mexico-uaemex,the,2024,1501
universidad-autonoma-del-estado-de-mexico-uaemex,the,2025,1501
universidad-autonoma-del-estado-de-mexico-uaemex,the,2026,1501
universidad-central-marta-abreu-de-las-villas,qs,2026,1201
universidad-cientifica-del-sur,qs,2026,1201
universidad-cientifica-del-sur,the,2025,1501
universidad-cientifica-del-sur,the,2026,1501
universidad-de-almeria,qs,2026,1201
universidad-de-almeria,usnews,2026,1495
universidad-de-cadiz,qs,2026,1201
universidad-de-cadiz,usnews,2026,1393
universidad-de-la-frontera-ufro,qs,2026,1201
universidad-de-la-frontera-ufro,usnews,2026,1461
universidad-de-las-americas-udla-ecuador,qs,2026,1201
universidad-de-lima,qs,2026,1201
universidad-de-los-andes-ula-merida,qs,2026,1201
universidad-de-monterrey-udem,qs,2026,1201
universidad-de-talca,qs,2026,1201
universidad-de-talca,usnews,2026,1646
universidad-del-desarrollo-udd,qs,2026,1201
universidad-del-desarrollo-udd,usnews,2026,1449
universidad-del-desarrollo-udd,the,2019,401
universidad-del-desarrollo-udd,the,2020,401
universidad-del-desarrollo-udd,the,2021,401
universidad-del-desarrollo-udd,the,2022,501
universidad-del-desarrollo-udd,the,2023,601
universidad-del-desarrollo-udd,the,2024,1001
universidad-del-desarrollo-udd,the,2025,1201
universidad-del-desarrollo-udd,the,2026,1201
universidad-del-norte,qs,2026,1201
universidad-del-valle,qs,2026,1201
universidad-del-valle,usnews,2026,1642
universidad-del-valle,the,2024,1501
universidad-del-valle,the,2025,1501
universidad-del-valle,the,2026,1501
universidad-del-valle-de-guatemala-uvg,qs,2026,1201
universidad-diego-portales,qs,2026,1201
universidad-icesi,qs,2026,1201
universidad-miguel-hernandez-de-elche,qs,2026,1201
universidad-miguel-hernandez-de-elche,usnews,2026,1713
universidad-nacional-de-asuncion,qs,2026,1201
universidad-nacional-de-asuncion,the,2025,1501
universidad-nacional-de-asuncion,the,2026,1501
universidad-nacional-de-cuyo-uncuyo,qs,2026,1201
universidad-nacional-costa-rica,qs,2026,1201
universidade-da-coruna,qs,2026,1201
universidade-da-coruna,usnews,2026,1393
universidade-do-estado-do-rio-de-janeiro-uerj,qs,2026,1201
universidade-do-estado-do-rio-de-janeiro-uerj,the,2016,601
universidade-do-estado-do-rio-de-janeiro-uerj,the,2017,801
universidade-do-estado-do-rio-de-janeiro-uerj,the,2018,801
universidade-do-estado-do-rio-de-janeiro-uerj,the,2019,1001
universidade-do-estado-do-rio-de-janeiro-uerj,the,2020,1001
universidade-do-estado-do-rio-de-janeiro-uerj,the,2021,1001
universidade-do-estado-do-rio-de-janeiro-uerj,the,2022,1201
universidade-do-estado-do-rio-de-janeiro-uerj,the,2023,1201
universidade-do-estado-do-rio-de-janeiro-uerj,the,2024,1201
universidade-do-estado-do-rio-de-janeiro-uerj,the,2025,1501
universidade-do-estado-do-rio-de-janeiro-uerj,the,2026,1501
universidade-federal-de-pernambuco-ufpe,qs,2026,1201
universidade-federal-de-pernambuco-ufpe,the,2017,801
universidade-federal-de-pernambuco-ufpe,the,2018,801
universidade-federal-de-pernambuco-ufpe,the,2019,1001
universidade-federal-de-pernambuco-ufpe,the,2020,1001
universidade-federal-de-pernambuco-ufpe,the,2021,1001
universidade-federal-de-pernambuco-ufpe,the,2022,1201
universidade-federal-de-pernambuco-ufpe,the,2023,1501
universidade-federal-de-pernambuco-ufpe,the,2024,1201
universidade-federal-de-pernambuco-ufpe,the,2025,1501
universidade-federal-de-pernambuco-ufpe,the,2026,1201
universidade-federal-fluminense,qs,2026,1201
universidade-federal-fluminense,usnews,2026,1290
universita-degli-studi-del-molise,qs,2026,1201
universita-degli-studi-di-sassari,qs,2026,1201
universitas-muhammadiyah-yogyakarta-umy,qs,2026,1201
universitas-muhammadiyah-yogyakarta-umy,the,2025,1501
universitas-muhammadiyah-yogyakarta-umy,the,2026,1501
west-university-timisoara,qs,2026,1201
universite-de-caen-normandie,qs,2026,1201
universite-de-poitiers,qs,2026,1201
universite-de-poitiers,the,2024,801
universite-de-poitiers,the,2025,1001
universite-de-poitiers,the,2026,1201
universite-de-sousse,qs,2026,1201
universite-de-sousse,usnews,2026,1471
universite-paris-nanterre,qs,2026,1201
universite-paris-nanterre,the,2018,801
universite-paris-nanterre,the,2019,801
universite-paris-nanterre,the,2020,1001
universite-paris-nanterre,the,2021,1001
universite-paris-nanterre,the,2022,1201
universite-paris-nanterre,the,2023,1201
universite-paris-nanterre,the,2024,1201
universite-paris-nanterre,the,2025,1201
universite-paris-nanterre,the,2026,1501
universite-polytechnique-hauts-de-france,qs,2026,1201
universite-polytechnique-hauts-de-france,the,2022,1001
universite-polytechnique-hauts-de-france,the,2023,1201
universite-polytechnique-hauts-de-france,the,2024,1201
universite-polytechnique-hauts-de-france,the,2025,1201
universite-polytechnique-hauts-de-france,the,2026,1501
universite-sorbonne-paris-nord,qs,2026,1201
universite-sorbonne-paris-nord,the,2012,350
universite-sorbonne-paris-nord,the,2016,601
universite-toulouse-jean-jaures,qs,2026,1201
universiti-teknikal-malaysia-melaka,qs,2026,1201
universiti-teknikal-malaysia-melaka,the,2021,1001
universiti-teknikal-malaysia-melaka,the,2022,1201
universiti-teknikal-malaysia-melaka,the,2023,1201
universiti-teknikal-malaysia-melaka,the,2024,1201
universiti-teknikal-malaysia-melaka,the,2025,1501
universiti-teknikal-malaysia-melaka,the,2026,1501
university-anbar,qs,2026,1201
university-anbar,the,2023,1001
university-anbar,the,2024,1501
university-anbar,the,2025,1201
university-anbar,the,2026,1201
university-arkansas-fayetteville,qs,2026,1201
university-dar-es-salaam,qs,2026,1201
university-dar-es-salaam,usnews,2026,1835
university-dar-es-salaam,the,2019,1001
university-dar-es-salaam,the,2020,1001
university-dar-es-salaam,the,2022,1201
university-dar-es-salaam,the,2023,1501
university-dar-es-salaam,the,2024,1501
university-dar-es-salaam,the,2025,1501
university-dar-es-salaam,the,2026,1501
university-evora,qs,2026,1201
university-evora,usnews,2026,2138
university-evora,the,2019,801
university-evora,the,2020,801
university-evora,the,2025,1201
university-evora,the,2026,1201
university-idaho,qs,2026,1201
university-idaho,usnews,2026,1435
university-idaho,the,2012,350
university-idaho,the,2016,401
university-idaho,the,2019,501
university-idaho,the,2020,501
university-idaho,the,2021,601
university-idaho,the,2022,601
university-isfahan,qs,2026,1201
university-isfahan,usnews,2026,1380
university-isfahan,the,2018,801
university-isfahan,the,2019,801
university-isfahan,the,2020,801
university-isfahan,the,2021,1001
university-isfahan,the,2023,1201
university-isfahan,the,2024,1001
university-isfahan,the,2025,1001
university-isfahan,the,2026,1201
university-karachi,qs,2026,1201
university-karachi,usnews,2026,1728
university-karachi,the,2017,801
university-karachi,the,2022,1201
university-karachi,the,2023,1501
university-karachi,the,2024,1501
university-karachi,the,2025,1501
university-karachi,the,2026,1501
university-management-technology-umt-pakistan,qs,2026,1201
university-new-england-australia,qs,2026,1201
university-nigeria-nsukka,qs,2026,1201
university-nigeria-nsukka,the,2019,1001
university-nigeria-nsukka,the,2020,1001
university-nigeria-nsukka,the,2021,1001
university-nigeria-nsukka,the,2022,1201
university-nigeria-nsukka,the,2023,1201
university-nigeria-nsukka,the,2024,1201
university-nigeria-nsukka,the,2025,1201
university-nigeria-nsukka,the,2026,1201
university-northern-british-columbia,qs,2026,1201
university-northern-british-columbia,the,2018,601
university-northern-british-columbia,the,2019,801
university-northern-british-columbia,the,2020,801
university-northern-british-columbia,the,2021,801
university-northern-british-columbia,the,2022,801
university-northern-british-columbia,the,2023,801
university-northern-british-columbia,the,2024,801
university-northern-british-columbia,the,2025,1001
university-northern-british-columbia,the,2026,1201
university-novi-sad,qs,2026,1201
university-novi-sad,usnews,2026,1312
university-novi-sad,the,2021,1001
university-novi-sad,the,2022,1201
university-novi-sad,the,2023,1501
university-novi-sad,the,2024,1501
university-novi-sad,the,2025,1501
university-novi-sad,the,2026,1501
university-ostrava,qs,2026,1201
university-ostrava,usnews,2026,1761
university-ostrava,the,2018,801
university-ostrava,the,2019,801
university-ostrava,the,2020,1001
university-ostrava,the,2021,1001
university-ostrava,the,2022,1201
university-ostrava,the,2023,1201
university-ostrava,the,2024,1501
university-ostrava,the,2025,1501
university-ostrava,the,2026,1501
university-primorska,qs,2026,1201
university-primorska,usnews,2026,2095
university-primorska,the,2022,1001
university-primorska,the,2023,1201
university-primorska,the,2024,1501
university-primorska,the,2025,1501
university-primorska,the,2026,1501
university-rijeka,qs,2026,1201
university-rijeka,usnews,2026,1500
university-rijeka,the,2022,1201
university-rijeka,the,2023,1501
university-rijeka,the,2024,1501
university-rijeka,the,2025,1501
university-rijeka,the,2026,1501
university-san-francisco,qs,2026,1201
university-san-francisco,the,2016,401
university-silesia-katowice,qs,2026,1201
university-silesia-katowice,the,2016,601
university-silesia-katowice,the,2017,801
university-silesia-katowice,the,2018,801
university-silesia-katowice,the,2019,1001
university-silesia-katowice,the,2020,1001
university-silesia-katowice,the,2021,1001
university-silesia-katowice,the,2023,1501
university-silesia-katowice,the,2024,1501
university-silesia-katowice,the,2025,1501
university-silesia-katowice,the,2026,1501
university-south-wales,qs,2026,1201
university-south-wales,the,2018,601
university-south-wales,the,2019,801
university-south-wales,the,2020,1001
university-south-wales,the,2021,1001
university-south-wales,the,2022,1001
university-south-wales,the,2023,1001
university-south-wales,the,2024,1001
university-south-wales,the,2025,1201
university-south-wales,the,2026,1201
university-tunis,qs,2026,1201
university-tunis,the,2023,1501
university-tunis,the,2024,1201
university-tunis,the,2025,1501
university-tunis,the,2026,1501
university-warmia-mazury-olsztyn,qs,2026,1201
university-warmia-mazury-olsztyn,the,2022,1201
university-warmia-mazury-olsztyn,the,2023,1501
university-warmia-mazury-olsztyn,the,2024,1501
university-warmia-mazury-olsztyn,the,2025,1501
university-warmia-mazury-olsztyn,the,2026,1501
university-zilina,qs,2026,1201
university-zilina,the,2021,1001
university-zilina,the,2022,1001
university-zilina,the,2023,1001
university-zilina,the,2024,1001
university-zilina,the,2025,1001
university-zilina,the,2026,1201
warsaw-university-life-sciences-sggw-wuls-sggw,qs,2026,1201
warsaw-university-life-sciences-sggw-wuls-sggw,the,2021,1001
warsaw-university-life-sciences-sggw-wuls-sggw,the,2022,1201
warsaw-university-life-sciences-sggw-wuls-sggw,the,2023,1201
warsaw-university-life-sciences-sggw-wuls-sggw,the,2024,1201
warsaw-university-life-sciences-sggw-wuls-sggw,the,2025,1201
warsaw-university-life-sciences-sggw-wuls-sggw,the,2026,1501
western-michigan-university,qs,2026,1201
western-michigan-university,usnews,2026,1705
western-michigan-university,the,2021,1001
western-michigan-university,the,2022,1201
western-michigan-university,the,2023,1201
western-michigan-university,the,2024,1001
western-michigan-university,the,2025,1201
akdeniz-universitesi,qs,2026,1401
akdeniz-universitesi,usnews,2026,1410
akdeniz-universitesi,the,2018,801
akdeniz-universitesi,the,2019,1001
akdeniz-universitesi,the,2020,1001
akdeniz-universitesi,the,2021,1001
akdeniz-universitesi,the,2022,1201
akdeniz-universitesi,the,2023,1201
akdeniz-universitesi,the,2024,1001
akdeniz-universitesi,the,2025,1201
akdeniz-universitesi,the,2026,1201
american-international-university-bangladesh-aiub,qs,2026,1401
american-international-university-bangladesh-aiub,the,2025,1201
american-international-university-bangladesh-aiub,the,2026,1201
canterbury-christ-church-university,qs,2026,1401
canterbury-christ-church-university,the,2019,1001
canterbury-christ-church-university,the,2020,1001
canterbury-christ-church-university,the,2021,1001
canterbury-christ-church-university,the,2022,1001
canterbury-christ-church-university,the,2023,1201
canterbury-christ-church-university,the,2024,1001
canterbury-christ-church-university,the,2025,1201
canterbury-christ-church-university,the,2026,1201
chittagong-university-engineering-technology,qs,2026,1401
chittagong-university-engineering-technology,the,2025,1001
chittagong-university-engineering-technology,the,2026,1201
king-mongkuts-university-technology-north-bangkok-kmutnb,qs,2026,1401
king-mongkuts-university-technology-north-bangkok-kmutnb,the,2018,1001
king-mongkuts-university-technology-north-bangkok-kmutnb,the,2019,1001
king-mongkuts-university-technology-north-bangkok-kmutnb,the,2020,1001
king-mongkuts-university-technology-north-bangkok-kmutnb,the,2021,1001
king-mongkuts-university-technology-north-bangkok-kmutnb,the,2022,1201
king-mongkuts-university-technology-north-bangkok-kmutnb,the,2023,1201
king-mongkuts-university-technology-north-bangkok-kmutnb,the,2024,1201
king-mongkuts-university-technology-north-bangkok-kmutnb,the,2025,1201
king-mongkuts-university-technology-north-bangkok-kmutnb,the,2026,1201
national-dong-hwa-university,qs,2026,1401
national-dong-hwa-university,usnews,2026,2123
national-dong-hwa-university,the,2018,801
national-dong-hwa-university,the,2019,801
national-dong-hwa-university,the,2020,801
national-dong-hwa-university,the,2021,801
national-dong-hwa-university,the,2022,1001
national-dong-hwa-university,the,2023,1201
national-dong-hwa-university,the,2024,1201
national-dong-hwa-university,the,2025,1501
national-dong-hwa-university,the,2026,1201
nelson-mandela-university,qs,2026,1401
nelson-mandela-university,the,2026,1201
pondicherry-university,qs,2026,1401
pondicherry-university,usnews,2026,2011
pondicherry-university,the,2018,801
pondicherry-university,the,2019,801
pondicherry-university,the,2020,801
pondicherry-university,the,2021,1001
pondicherry-university,the,2022,1001
pondicherry-university,the,2023,1001
pondicherry-university,the,2024,1001
pondicherry-university,the,2025,1201
pondicherry-university,the,2026,1201
sakarya-university,qs,2026,1401
sakarya-university,usnews,2026,1203
sakarya-university,the,2021,1001
sakarya-university,the,2022,1201
sakarya-university,the,2023,1001
sakarya-university,the,2024,1201
sakarya-university,the,2025,1501
sakarya-university,the,2026,1201
suranaree-university-technology,qs,2026,1401
suranaree-university-technology,usnews,2026,1823
suranaree-university-technology,the,2016,601
suranaree-university-technology,the,2017,601
suranaree-university-technology,the,2018,601
suranaree-university-technology,the,2019,801
suranaree-university-technology,the,2020,1001
suranaree-university-technology,the,2021,1001
suranaree-university-technology,the,2022,1201
suranaree-university-technology,the,2023,1201
suranaree-university-technology,the,2024,1201
suranaree-university-technology,the,2025,1201
suranaree-university-technology,the,2026,1201
tokai-university,qs,2026,1401
tokai-university,usnews,2026,1246
tokai-university,the,2016,601
tokai-university,the,2017,801
tokai-university,the,2018,801
tokai-university,the,2019,1001
tokai-university,the,2020,1001
tokai-university,the,2021,1001
tokai-university,the,2022,1201
tokai-university,the,2023,1201
tokai-university,the,2024,1201
tokai-university,the,2025,1201
tokai-university,the,2026,1201
walailak-university,qs,2026,1401
walailak-university,usnews,2026,2014
walailak-university,the,2023,1501
walailak-university,the,2024,1201
walailak-university,the,2025,1201
walailak-university,the,2026,1201
usn-damanhour-university-508118,usnews,2026,1210
usn-damanhour-university-508118,the,2025,1201
usn-damanhour-university-508118,the,2026,1201
usn-wroclaw-university-of-science-and-technology-502904,usnews,2026,1210
usn-wroclaw-university-of-science-and-technology-502904,the,2019,1001
usn-wroclaw-university-of-science-and-technology-502904,the,2020,1001
usn-wroclaw-university-of-science-and-technology-502904,the,2021,1001
usn-wroclaw-university-of-science-and-technology-502904,the,2022,1201
usn-wroclaw-university-of-science-and-technology-502904,the,2023,1501
usn-wroclaw-university-of-science-and-technology-502904,the,2024,1201
usn-wroclaw-university-of-science-and-technology-502904,the,2025,1201
usn-wroclaw-university-of-science-and-technology-502904,the,2026,1201
usn-hangzhou-dianzi-university-529256,usnews,2026,1216
usn-hangzhou-dianzi-university-529256,the,2026,1201
usn-changzhou-university-529351,usnews,2026,1224
usn-changzhou-university-529351,the,2025,1201
usn-changzhou-university-529351,the,2026,1201
usn-xiangtan-university-529020,usnews,2026,1278
usn-xiangtan-university-529020,the,2017,801
usn-xiangtan-university-529020,the,2018,801
usn-xiangtan-university-529020,the,2019,801
usn-xiangtan-university-529020,the,2020,801
usn-xiangtan-university-529020,the,2021,1001
usn-xiangtan-university-529020,the,2022,1001
usn-xiangtan-university-529020,the,2023,1201
usn-xiangtan-university-529020,the,2024,1201
usn-xiangtan-university-529020,the,2025,1201
usn-xiangtan-university-529020,the,2026,1201
usn-huaqiao-university-529488,usnews,2026,1284
usn-huaqiao-university-529488,the,2018,801
usn-huaqiao-university-529488,the,2019,1001
usn-huaqiao-university-529488,the,2020,1001
usn-huaqiao-university-529488,the,2021,1001
usn-huaqiao-university-529488,the,2022,1001
usn-huaqiao-university-529488,the,2023,1001
usn-huaqiao-university-529488,the,2024,1001
usn-huaqiao-university-529488,the,2025,1001
usn-huaqiao-university-529488,the,2026,1201
usn-jiangxi-normal-university-529313,usnews,2026,1284
usn-jiangxi-normal-university-529313,the,2026,1201
usn-wuhan-textile-university-529883,usnews,2026,1298
usn-wuhan-textile-university-529883,the,2023,1201
usn-wuhan-textile-university-529883,the,2024,1201
usn-wuhan-textile-university-529883,the,2025,1201
usn-wuhan-textile-university-529883,the,2026,1201
usn-indian-institute-of-science-education-and-research-pune-529311,usnews,2026,1370
usn-indian-institute-of-science-education-and-research-pune-529311,the,2019,601
usn-indian-institute-of-science-education-and-research-pune-529311,the,2020,601
usn-indian-institute-of-science-education-and-research-pune-529311,the,2021,601
usn-indian-institute-of-science-education-and-research-pune-529311,the,2022,801
usn-indian-institute-of-science-education-and-research-pune-529311,the,2023,1001
usn-indian-institute-of-science-education-and-research-pune-529311,the,2024,801
usn-indian-institute-of-science-education-and-research-pune-529311,the,2025,1201
usn-indian-institute-of-science-education-and-research-pune-529311,the,2026,1201
usn-zhejiang-university-of-finance-and-economics-529822,usnews,2026,1435
usn-zhejiang-university-of-finance-and-economics-529822,the,2022,801
usn-zhejiang-university-of-finance-and-economics-529822,the,2023,801
usn-zhejiang-university-of-finance-and-economics-529822,the,2024,1001
usn-zhejiang-university-of-finance-and-economics-529822,the,2025,1001
usn-zhejiang-university-of-finance-and-economics-529822,the,2026,1201
usn-tianjin-normal-university-529963,usnews,2026,1461
usn-tianjin-normal-university-529963,the,2026,1201
usn-university-of-sargodha-530013,usnews,2026,1471
usn-university-of-sargodha-530013,the,2020,1001
usn-university-of-sargodha-530013,the,2021,1001
usn-university-of-sargodha-530013,the,2022,1001
usn-university-of-sargodha-530013,the,2023,1001
usn-university-of-sargodha-530013,the,2024,1001
usn-university-of-sargodha-530013,the,2025,1001
usn-university-of-sargodha-530013,the,2026,1201
usn-pontificia-universidade-catolica-do-parana-529597,usnews,2026,1509
usn-pontificia-universidade-catolica-do-parana-529597,the,2016,601
usn-pontificia-universidade-catolica-do-parana-529597,the,2017,801
usn-pontificia-universidade-catolica-do-parana-529597,the,2018,801
usn-pontificia-universidade-catolica-do-parana-529597,the,2019,1001
usn-pontificia-universidade-catolica-do-parana-529597,the,2020,1001
usn-pontificia-universidade-catolica-do-parana-529597,the,2021,1001
usn-pontificia-universidade-catolica-do-parana-529597,the,2022,1001
usn-pontificia-universidade-catolica-do-parana-529597,the,2023,1201
usn-pontificia-universidade-catolica-do-parana-529597,the,2024,1201
usn-pontificia-universidade-catolica-do-parana-529597,the,2025,1201
usn-pontificia-universidade-catolica-do-parana-529597,the,2026,1201
usn-texas-state-university-228459,usnews,2026,1531
usn-texas-state-university-228459,the,2018,801
usn-texas-state-university-228459,the,2019,801
usn-texas-state-university-228459,the,2020,1001
usn-texas-state-university-228459,the,2021,1001
usn-texas-state-university-228459,the,2022,1001
usn-texas-state-university-228459,the,2023,1201
usn-texas-state-university-228459,the,2024,1001
usn-texas-state-university-228459,the,2025,1201
usn-texas-state-university-228459,the,2026,1201
usn-suleyman-demirel-university-528971,usnews,2026,1539
usn-suleyman-demirel-university-528971,the,2020,1001
usn-suleyman-demirel-university-528971,the,2021,1001
usn-suleyman-demirel-university-528971,the,2022,1201
usn-suleyman-demirel-university-528971,the,2023,1501
usn-suleyman-demirel-university-528971,the,2024,1501
usn-suleyman-demirel-university-528971,the,2025,1501
usn-suleyman-demirel-university-528971,the,2026,1201
usn-saudi-electronic-university-530615,usnews,2026,1559
usn-saudi-electronic-university-530615,the,2025,1201
usn-saudi-electronic-university-530615,the,2026,1201
usn-wilfrid-laurier-university-529247,usnews,2026,1559
usn-wilfrid-laurier-university-529247,the,2025,801
usn-wilfrid-laurier-university-529247,the,2026,1201
usn-istanbul-medeniyet-university-529954,usnews,2026,1569
usn-istanbul-medeniyet-university-529954,the,2022,801
usn-istanbul-medeniyet-university-529954,the,2023,801
usn-istanbul-medeniyet-university-529954,the,2024,1201
usn-istanbul-medeniyet-university-529954,the,2025,1201
usn-istanbul-medeniyet-university-529954,the,2026,1201
usn-al-baha-university-514891,usnews,2026,1579
usn-al-baha-university-514891,the,2025,1001
usn-al-baha-university-514891,the,2026,1201
usn-opole-university-of-technology-530189,usnews,2026,1607
usn-opole-university-of-technology-530189,the,2023,1201
usn-opole-university-of-technology-530189,the,2024,1201
usn-opole-university-of-technology-530189,the,2025,1201
usn-opole-university-of-technology-530189,the,2026,1201
usn-biruni-university-530574,usnews,2026,1616
usn-biruni-university-530574,the,2026,1201
usn-university-of-maragheh-530197,usnews,2026,1616
usn-university-of-maragheh-530197,the,2022,801
usn-university-of-maragheh-530197,the,2023,1001
usn-university-of-maragheh-530197,the,2024,1001
usn-university-of-maragheh-530197,the,2025,1201
usn-university-of-maragheh-530197,the,2026,1201
usn-shahid-chamran-university-of-ahvaz-529810,usnews,2026,1646
usn-shahid-chamran-university-of-ahvaz-529810,the,2020,1001
usn-shahid-chamran-university-of-ahvaz-529810,the,2021,1001
usn-shahid-chamran-university-of-ahvaz-529810,the,2022,1001
usn-shahid-chamran-university-of-ahvaz-529810,the,2023,1201
usn-shahid-chamran-university-of-ahvaz-529810,the,2024,1001
usn-shahid-chamran-university-of-ahvaz-529810,the,2025,1201
usn-shahid-chamran-university-of-ahvaz-529810,the,2026,1201
usn-university-of-guilan-529421,usnews,2026,1646
usn-university-of-guilan-529421,the,2018,801
usn-university-of-guilan-529421,the,2019,801
usn-university-of-guilan-529421,the,2020,1001
usn-university-of-guilan-529421,the,2021,1001
usn-university-of-guilan-529421,the,2022,1001
usn-university-of-guilan-529421,the,2024,1201
usn-university-of-guilan-529421,the,2025,1201
usn-university-of-guilan-529421,the,2026,1201
usn-ilia-state-university-529448,usnews,2026,1653
usn-ilia-state-university-529448,the,2022,1201
usn-ilia-state-university-529448,the,2023,1001
usn-ilia-state-university-529448,the,2024,1201
usn-ilia-state-university-529448,the,2025,1201
usn-ilia-state-university-529448,the,2026,1201
usn-university-of-reims-champagne-ardenne-529182,usnews,2026,1653
usn-university-of-reims-champagne-ardenne-529182,the,2026,1201
usn-azarbaijan-shahid-madani-university-530260,usnews,2026,1661
usn-azarbaijan-shahid-madani-university-530260,the,2019,801
usn-azarbaijan-shahid-madani-university-530260,the,2020,1001
usn-azarbaijan-shahid-madani-university-530260,the,2021,801
usn-azarbaijan-shahid-madani-university-530260,the,2022,601
usn-azarbaijan-shahid-madani-university-530260,the,2023,601
usn-azarbaijan-shahid-madani-university-530260,the,2024,1001
usn-azarbaijan-shahid-madani-university-530260,the,2025,1001
usn-azarbaijan-shahid-madani-university-530260,the,2026,1201
usn-poznan-university-of-medical-sciences-529261,usnews,2026,1661
usn-poznan-university-of-medical-sciences-529261,the,2023,1201
usn-poznan-university-of-medical-sciences-529261,the,2024,1001
usn-poznan-university-of-medical-sciences-529261,the,2025,1201
usn-poznan-university-of-medical-sciences-529261,the,2026,1201
usn-shahid-bahonar-university-of-kerman-sbuk-529425,usnews,2026,1661
usn-shahid-bahonar-university-of-kerman-sbuk-529425,the,2019,1001
usn-shahid-bahonar-university-of-kerman-sbuk-529425,the,2020,1001
usn-shahid-bahonar-university-of-kerman-sbuk-529425,the,2021,1001
usn-shahid-bahonar-university-of-kerman-sbuk-529425,the,2022,1201
usn-shahid-bahonar-university-of-kerman-sbuk-529425,the,2023,1201
usn-shahid-bahonar-university-of-kerman-sbuk-529425,the,2024,1201
usn-shahid-bahonar-university-of-kerman-sbuk-529425,the,2025,1201
usn-shahid-bahonar-university-of-kerman-sbuk-529425,the,2026,1201
usn-national-kaohsiung-university-of-science-and-technology-529460,usnews,2026,1669
usn-national-kaohsiung-university-of-science-and-technology-529460,the,2023,1501
usn-national-kaohsiung-university-of-science-and-technology-529460,the,2024,1201
usn-national-kaohsiung-university-of-science-and-technology-529460,the,2025,1201
usn-national-kaohsiung-university-of-science-and-technology-529460,the,2026,1201
usn-sefako-makgatho-health-sciences-university-530586,usnews,2026,1721
usn-sefako-makgatho-health-sciences-university-530586,the,2025,1201
usn-sefako-makgatho-health-sciences-university-530586,the,2026,1201
usn-oakland-university-171571,usnews,2026,1732
usn-oakland-university-171571,the,2016,601
usn-oakland-university-171571,the,2017,601
usn-oakland-university-171571,the,2018,801
usn-oakland-university-171571,the,2019,801
usn-oakland-university-171571,the,2020,1001
usn-oakland-university-171571,the,2021,1001
usn-oakland-university-171571,the,2022,1001
usn-oakland-university-171571,the,2023,1001
usn-oakland-university-171571,the,2024,1001
usn-oakland-university-171571,the,2025,1001
usn-oakland-university-171571,the,2026,1201
usn-rowan-university-184782,usnews,2026,1734
usn-rowan-university-184782,the,2022,1001
usn-rowan-university-184782,the,2023,1001
usn-rowan-university-184782,the,2024,1001
usn-rowan-university-184782,the,2025,1001
usn-rowan-university-184782,the,2026,1201
usn-ariel-university-530014,usnews,2026,1742
usn-ariel-university-530014,the,2021,1001
usn-ariel-university-530014,the,2022,1201
usn-ariel-university-530014,the,2023,1201
usn-ariel-university-530014,the,2024,1201
usn-ariel-university-530014,the,2025,1201
usn-ariel-university-530014,the,2026,1201
usn-bu-ali-sina-university-529463,usnews,2026,1757
usn-bu-ali-sina-university-529463,the,2020,1001
usn-bu-ali-sina-university-529463,the,2021,1001
usn-bu-ali-sina-university-529463,the,2022,1201
usn-bu-ali-sina-university-529463,the,2023,1201
usn-bu-ali-sina-university-529463,the,2024,1201
usn-bu-ali-sina-university-529463,the,2025,1201
usn-bu-ali-sina-university-529463,the,2026,1201
usn-university-of-tras-os-montes-and-alto-douro-529241,usnews,2026,1761
usn-university-of-tras-os-montes-and-alto-douro-529241,the,2019,601
usn-university-of-tras-os-montes-and-alto-douro-529241,the,2020,801
usn-university-of-tras-os-montes-and-alto-douro-529241,the,2021,1001
usn-university-of-tras-os-montes-and-alto-douro-529241,the,2022,801
usn-university-of-tras-os-montes-and-alto-douro-529241,the,2023,1001
usn-university-of-tras-os-montes-and-alto-douro-529241,the,2024,801
usn-university-of-tras-os-montes-and-alto-douro-529241,the,2025,1201
usn-university-of-tras-os-montes-and-alto-douro-529241,the,2026,1201
usn-bharathidasan-university-529541,usnews,2026,1770
usn-bharathidasan-university-529541,the,2025,1201
usn-bharathidasan-university-529541,the,2026,1201
usn-incheon-national-university-529412,usnews,2026,1778
usn-incheon-national-university-529412,the,2019,1001
usn-incheon-national-university-529412,the,2020,1001
usn-incheon-national-university-529412,the,2021,1001
usn-incheon-national-university-529412,the,2022,1001
usn-incheon-national-university-529412,the,2023,1201
usn-incheon-national-university-529412,the,2024,1201
usn-incheon-national-university-529412,the,2025,1201
usn-incheon-national-university-529412,the,2026,1201
usn-university-of-chittagong-530779,usnews,2026,1815
usn-university-of-chittagong-530779,the,2025,1201
usn-university-of-chittagong-530779,the,2026,1201
usn-university-of-occupational-and-environmental-health-japan-529360,usnews,2026,1815
usn-university-of-occupational-and-environmental-health-japan-529360,the,2020,351
usn-university-of-occupational-and-environmental-health-japan-529360,the,2021,351
usn-university-of-occupational-and-environmental-health-japan-529360,the,2022,401
usn-university-of-occupational-and-environmental-health-japan-529360,the,2023,601
usn-university-of-occupational-and-environmental-health-japan-529360,the,2024,1001
usn-university-of-occupational-and-environmental-health-japan-529360,the,2025,1001
usn-university-of-occupational-and-environmental-health-japan-529360,the,2026,1201
usn-kharazmi-university-530055,usnews,2026,1835
usn-kharazmi-university-530055,the,2019,1001
usn-kharazmi-university-530055,the,2020,1001
usn-kharazmi-university-530055,the,2021,1001
usn-kharazmi-university-530055,the,2022,1201
usn-kharazmi-university-530055,the,2023,1201
usn-kharazmi-university-530055,the,2024,1201
usn-kharazmi-university-530055,the,2025,1201
usn-kharazmi-university-530055,the,2026,1201
usn-necmettin-erbakan-university-529726,usnews,2026,1835
usn-necmettin-erbakan-university-529726,the,2022,1201
usn-necmettin-erbakan-university-529726,the,2023,1001
usn-necmettin-erbakan-university-529726,the,2024,1001
usn-necmettin-erbakan-university-529726,the,2025,1201
usn-necmettin-erbakan-university-529726,the,2026,1201
usn-university-of-mazandaran-529472,usnews,2026,1835
usn-university-of-mazandaran-529472,the,2019,801
usn-university-of-mazandaran-529472,the,2020,801
usn-university-of-mazandaran-529472,the,2021,1001
usn-university-of-mazandaran-529472,the,2022,1001
usn-university-of-mazandaran-529472,the,2023,1001
usn-university-of-mazandaran-529472,the,2024,1001
usn-university-of-mazandaran-529472,the,2025,1201
usn-university-of-mazandaran-529472,the,2026,1201
usn-lorestan-university-529981,usnews,2026,1846
usn-lorestan-university-529981,the,2021,1001
usn-lorestan-university-529981,the,2022,1001
usn-lorestan-university-529981,the,2023,1001
usn-lorestan-university-529981,the,2024,1001
usn-lorestan-university-529981,the,2025,1201
usn-lorestan-university-529981,the,2026,1201
usn-shahrood-university-of-technology-529465,usnews,2026,1846
usn-shahrood-university-of-technology-529465,the,2019,1001
usn-shahrood-university-of-technology-529465,the,2020,1001
usn-shahrood-university-of-technology-529465,the,2021,1001
usn-shahrood-university-of-technology-529465,the,2022,1001
usn-shahrood-university-of-technology-529465,the,2023,1001
usn-shahrood-university-of-technology-529465,the,2024,1001
usn-shahrood-university-of-technology-529465,the,2025,1001
usn-shahrood-university-of-technology-529465,the,2026,1201
usn-university-of-yazd-529540,usnews,2026,1846
usn-university-of-yazd-529540,the,2017,801
usn-university-of-yazd-529540,the,2018,1001
usn-university-of-yazd-529540,the,2019,1001
usn-university-of-yazd-529540,the,2020,1001
usn-university-of-yazd-529540,the,2021,1001
usn-university-of-yazd-529540,the,2022,1201
usn-university-of-yazd-529540,the,2023,1201
usn-university-of-yazd-529540,the,2024,1001
usn-university-of-yazd-529540,the,2025,1201
usn-university-of-yazd-529540,the,2026,1201
usn-nagoya-city-university-529121,usnews,2026,1863
usn-nagoya-city-university-529121,the,2017,601
usn-nagoya-city-university-529121,the,2018,601
usn-nagoya-city-university-529121,the,2019,801
usn-nagoya-city-university-529121,the,2020,1001
usn-nagoya-city-university-529121,the,2021,1001
usn-nagoya-city-university-529121,the,2022,1201
usn-nagoya-city-university-529121,the,2023,1201
usn-nagoya-city-university-529121,the,2024,1001
usn-nagoya-city-university-529121,the,2025,1201
usn-nagoya-city-university-529121,the,2026,1201
usn-duzce-university-530069,usnews,2026,1868
usn-duzce-university-530069,the,2021,1001
usn-duzce-university-530069,the,2022,1001
usn-duzce-university-530069,the,2023,801
usn-duzce-university-530069,the,2024,1201
usn-duzce-university-530069,the,2025,1201
usn-duzce-university-530069,the,2026,1201
usn-kurume-university-529122,usnews,2026,1888
usn-kurume-university-529122,the,2020,601
usn-kurume-university-529122,the,2021,801
usn-kurume-university-529122,the,2022,801
usn-kurume-university-529122,the,2023,801
usn-kurume-university-529122,the,2024,1001
usn-kurume-university-529122,the,2025,1201
usn-kurume-university-529122,the,2026,1201
usn-national-institute-of-technology-warangal-529770,usnews,2026,1893
usn-national-institute-of-technology-warangal-529770,the,2024,1001
usn-national-institute-of-technology-warangal-529770,the,2025,1201
usn-national-institute-of-technology-warangal-529770,the,2026,1201
usn-gauhati-university-529649,usnews,2026,1897
usn-gauhati-university-529649,the,2024,1001
usn-gauhati-university-529649,the,2025,1201
usn-gauhati-university-529649,the,2026,1201
usn-medical-university-of-bialystok-529631,usnews,2026,1897
usn-medical-university-of-bialystok-529631,the,2022,1001
usn-medical-university-of-bialystok-529631,the,2023,1001
usn-medical-university-of-bialystok-529631,the,2024,1001
usn-medical-university-of-bialystok-529631,the,2025,1001
usn-medical-university-of-bialystok-529631,the,2026,1201
usn-shahrekord-university-529831,usnews,2026,1931
usn-shahrekord-university-529831,the,2020,1001
usn-shahrekord-university-529831,the,2021,1001
usn-shahrekord-university-529831,the,2022,1001
usn-shahrekord-university-529831,the,2023,1001
usn-shahrekord-university-529831,the,2024,1001
usn-shahrekord-university-529831,the,2025,1201
usn-shahrekord-university-529831,the,2026,1201
usn-zhejiang-chinese-medical-university-529949,usnews,2026,1931
usn-zhejiang-chinese-medical-university-529949,the,2024,1201
usn-zhejiang-chinese-medical-university-529949,the,2026,1201
usn-medical-university-of-lublin-529305,usnews,2026,1938
usn-medical-university-of-lublin-529305,the,2024,1201
usn-medical-university-of-lublin-529305,the,2025,1201
usn-medical-university-of-lublin-529305,the,2026,1201
usn-university-of-technology-of-compiegne-529344,usnews,2026,1938
usn-university-of-technology-of-compiegne-529344,the,2018,601
usn-university-of-technology-of-compiegne-529344,the,2019,601
usn-university-of-technology-of-compiegne-529344,the,2020,601
usn-university-of-technology-of-compiegne-529344,the,2021,801
usn-university-of-technology-of-compiegne-529344,the,2022,1001
usn-university-of-technology-of-compiegne-529344,the,2023,1201
usn-university-of-technology-of-compiegne-529344,the,2024,1201
usn-university-of-technology-of-compiegne-529344,the,2025,1201
usn-university-of-technology-of-compiegne-529344,the,2026,1201
usn-nitte-deemed-to-be-university-530785,usnews,2026,1945
usn-nitte-deemed-to-be-university-530785,the,2025,1501
usn-nitte-deemed-to-be-university-530785,the,2026,1201
usn-chaoyang-university-of-technology-530191,usnews,2026,1960
usn-chaoyang-university-of-technology-530191,the,2018,1001
usn-chaoyang-university-of-technology-530191,the,2019,1001
usn-chaoyang-university-of-technology-530191,the,2020,1001
usn-chaoyang-university-of-technology-530191,the,2021,1001
usn-chaoyang-university-of-technology-530191,the,2022,1201
usn-chaoyang-university-of-technology-530191,the,2023,1501
usn-chaoyang-university-of-technology-530191,the,2024,1501
usn-chaoyang-university-of-technology-530191,the,2025,1201
usn-chaoyang-university-of-technology-530191,the,2026,1201
usn-persian-gulf-university-530601,usnews,2026,2076
usn-persian-gulf-university-530601,the,2022,1201
usn-persian-gulf-university-530601,the,2023,1201
usn-persian-gulf-university-530601,the,2024,1201
usn-persian-gulf-university-530601,the,2025,1201
usn-persian-gulf-university-530601,the,2026,1201
usn-kansai-medical-university-529913,usnews,2026,2095
usn-kansai-medical-university-529913,the,2018,801
usn-kansai-medical-university-529913,the,2019,801
usn-kansai-medical-university-529913,the,2020,501
usn-kansai-medical-university-529913,the,2021,601
usn-kansai-medical-university-529913,the,2022,601
usn-kansai-medical-university-529913,the,2023,601
usn-kansai-medical-university-529913,the,2024,1001
usn-kansai-medical-university-529913,the,2025,1201
usn-kansai-medical-university-529913,the,2026,1201
usn-aichi-medical-university-529374,usnews,2026,2104
usn-aichi-medical-university-529374,the,2019,801
usn-aichi-medical-university-529374,the,2020,801
usn-aichi-medical-university-529374,the,2021,1001
usn-aichi-medical-university-529374,the,2022,1001
usn-aichi-medical-university-529374,the,2023,1201
usn-aichi-medical-university-529374,the,2024,1001
usn-aichi-medical-university-529374,the,2025,1201
usn-aichi-medical-university-529374,the,2026,1201
usn-manipal-university-jaipur-530602,usnews,2026,2159
usn-manipal-university-jaipur-530602,the,2024,1201
usn-manipal-university-jaipur-530602,the,2025,1201
usn-manipal-university-jaipur-530602,the,2026,1201
usn-indian-institute-of-science-education-and-research-bhopal-529738,usnews,2026,2179
usn-indian-institute-of-science-education-and-research-bhopal-529738,the,2021,801
usn-indian-institute-of-science-education-and-research-bhopal-529738,the,2022,1001
usn-indian-institute-of-science-education-and-research-bhopal-529738,the,2023,1201
usn-indian-institute-of-science-education-and-research-bhopal-529738,the,2024,1201
usn-indian-institute-of-science-education-and-research-bhopal-529738,the,2025,1201
usn-indian-institute-of-science-education-and-research-bhopal-529738,the,2026,1201
usn-i-shou-university-529910,usnews,2026,2179
usn-i-shou-university-529910,the,2016,601
usn-i-shou-university-529910,the,2017,801
usn-i-shou-university-529910,the,2018,801
usn-i-shou-university-529910,the,2019,1001
usn-i-shou-university-529910,the,2020,1001
usn-i-shou-university-529910,the,2021,1001
usn-i-shou-university-529910,the,2022,1201
usn-i-shou-university-529910,the,2023,1501
usn-i-shou-university-529910,the,2024,1201
usn-i-shou-university-529910,the,2025,1201
usn-i-shou-university-529910,the,2026,1201
usn-kohat-university-of-science-technology-530600,usnews,2026,2189
usn-kohat-university-of-science-technology-530600,the,2024,1001
usn-kohat-university-of-science-technology-530600,the,2025,1201
usn-kohat-university-of-science-technology-530600,the,2026,1201
usn-sahand-university-of-technology-529513,usnews,2026,2189
usn-sahand-university-of-technology-529513,the,2022,601
usn-sahand-university-of-technology-529513,the,2023,1001
usn-sahand-university-of-technology-529513,the,2024,1001
usn-sahand-university-of-technology-529513,the,2025,1001
usn-sahand-university-of-technology-529513,the,2026,1201
usn-karunya-institute-of-technology-sciences-530316,usnews,2026,2195
usn-karunya-institute-of-technology-sciences-530316,the,2024,1201
usn-karunya-institute-of-technology-sciences-530316,the,2025,1201
usn-karunya-institute-of-technology-sciences-530316,the,2026,1201
usn-netaji-subhas-university-of-technology-530181,usnews,2026,2219
usn-netaji-subhas-university-of-technology-530181,the,2026,1201
usn-inonu-university-529951,usnews,2026,2248
usn-inonu-university-529951,the,2023,1501
usn-inonu-university-529951,the,2024,1501
usn-inonu-university-529951,the,2025,1001
usn-inonu-university-529951,the,2026,1201
the-university-urbino-carlo-bo,the,2016,401
the-university-urbino-carlo-bo,the,2017,501
the-university-urbino-carlo-bo,the,2018,401
the-university-urbino-carlo-bo,the,2019,401
the-university-urbino-carlo-bo,the,2020,401
the-university-urbino-carlo-bo,the,2021,501
the-university-urbino-carlo-bo,the,2022,501
the-university-urbino-carlo-bo,the,2023,801
the-university-urbino-carlo-bo,the,2024,1001
the-university-urbino-carlo-bo,the,2025,1201
the-university-urbino-carlo-bo,the,2026,1201
the-university-coruna,the,2016,601
the-university-coruna,the,2017,601
the-university-coruna,the,2018,801
the-university-coruna,the,2019,801
the-university-coruna,the,2020,801
the-university-coruna,the,2021,1001
the-university-coruna,the,2022,1001
the-university-coruna,the,2023,1001
the-university-coruna,the,2024,1001
the-university-coruna,the,2025,1201
the-university-coruna,the,2026,1201
the-university-antioquia,the,2016,601
the-university-antioquia,the,2017,601
the-university-antioquia,the,2018,801
the-university-antioquia,the,2019,1001
the-university-antioquia,the,2020,1001
the-university-antioquia,the,2021,1001
the-university-antioquia,the,2022,1001
the-university-antioquia,the,2023,1201
the-university-antioquia,the,2024,1201
the-university-antioquia,the,2025,1201
the-university-antioquia,the,2026,1201
the-universidade-federal-do-parana-ufpr,the,2016,601
the-universidade-federal-do-parana-ufpr,the,2017,601
the-universidade-federal-do-parana-ufpr,the,2018,1001
the-universidade-federal-do-parana-ufpr,the,2019,1001
the-universidade-federal-do-parana-ufpr,the,2020,1001
the-universidade-federal-do-parana-ufpr,the,2021,1001
the-universidade-federal-do-parana-ufpr,the,2022,1201
the-universidade-federal-do-parana-ufpr,the,2023,1201
the-universidade-federal-do-parana-ufpr,the,2024,1201
the-universidade-federal-do-parana-ufpr,the,2025,1201
the-universidade-federal-do-parana-ufpr,the,2026,1201
the-kindai-university,the,2016,601
the-kindai-university,the,2017,601
the-kindai-university,the,2018,801
the-kindai-university,the,2019,601
the-kindai-university,the,2020,601
the-kindai-university,the,2021,801
the-kindai-university,the,2022,801
the-kindai-university,the,2023,801
the-kindai-university,the,2024,1001
the-kindai-university,the,2025,1201
the-kindai-university,the,2026,1201
the-toyohashi-university-technology-tut,the,2016,601
the-toyohashi-university-technology-tut,the,2017,601
the-toyohashi-university-technology-tut,the,2018,801
the-toyohashi-university-technology-tut,the,2019,801
the-toyohashi-university-technology-tut,the,2020,1001
the-toyohashi-university-technology-tut,the,2021,1001
the-toyohashi-university-technology-tut,the,2022,1201
the-toyohashi-university-technology-tut,the,2023,1201
the-toyohashi-university-technology-tut,the,2024,1001
the-toyohashi-university-technology-tut,the,2025,1201
the-toyohashi-university-technology-tut,the,2026,1201
the-university-la-frontera,the,2017,601
the-university-la-frontera,the,2018,801
the-university-la-frontera,the,2019,801
the-university-la-frontera,the,2020,801
the-university-la-frontera,the,2021,1001
the-university-la-frontera,the,2022,1001
the-university-la-frontera,the,2023,1201
the-university-la-frontera,the,2024,1201
the-university-la-frontera,the,2025,1501
the-university-la-frontera,the,2026,1201
the-jikei-university-school-medicine,the,2017,601
the-jikei-university-school-medicine,the,2018,801
the-jikei-university-school-medicine,the,2019,801
the-jikei-university-school-medicine,the,2020,601
the-jikei-university-school-medicine,the,2021,601
the-jikei-university-school-medicine,the,2022,801
the-jikei-university-school-medicine,the,2023,1001
the-jikei-university-school-medicine,the,2024,1201
the-jikei-university-school-medicine,the,2025,1201
the-jikei-university-school-medicine,the,2026,1201
the-university-rey-juan-carlos,the,2017,601
the-university-rey-juan-carlos,the,2018,601
the-university-rey-juan-carlos,the,2019,801
the-university-rey-juan-carlos,the,2020,801
the-university-rey-juan-carlos,the,2021,1001
the-university-rey-juan-carlos,the,2022,1001
the-university-rey-juan-carlos,the,2023,1001
the-university-rey-juan-carlos,the,2024,1201
the-university-rey-juan-carlos,the,2025,1201
the-university-rey-juan-carlos,the,2026,1201
the-tobb-university-economics-and-technology,the,2017,601
the-tobb-university-economics-and-technology,the,2018,801
the-tobb-university-economics-and-technology,the,2019,1001
the-tobb-university-economics-and-technology,the,2020,1001
the-tobb-university-economics-and-technology,the,2021,1001
the-tobb-university-economics-and-technology,the,2022,1201
the-tobb-university-economics-and-technology,the,2023,1201
the-tobb-university-economics-and-technology,the,2024,1001
the-tobb-university-economics-and-technology,the,2025,1201
the-tobb-university-economics-and-technology,the,2026,1201
the-tezpur-university,the,2017,601
the-tezpur-university,the,2018,601
the-tezpur-university,the,2019,601
the-tezpur-university,the,2020,801
the-tezpur-university,the,2021,1001
the-tezpur-university,the,2022,1001
the-tezpur-university,the,2023,1201
the-tezpur-university,the,2024,1201
the-tezpur-university,the,2025,1501
the-tezpur-university,the,2026,1201
the-mohammed-v-university-rabat,the,2017,801
the-mohammed-v-university-rabat,the,2018,801
the-mohammed-v-university-rabat,the,2019,801
the-mohammed-v-university-rabat,the,2020,1001
the-mohammed-v-university-rabat,the,2021,1001
the-mohammed-v-university-rabat,the,2022,1201
the-mohammed-v-university-rabat,the,2023,1201
the-mohammed-v-university-rabat,the,2024,1201
the-mohammed-v-university-rabat,the,2025,1201
the-mohammed-v-university-rabat,the,2026,1201
the-nicolaus-copernicus-university-torun,the,2017,801
the-nicolaus-copernicus-university-torun,the,2018,801
the-nicolaus-copernicus-university-torun,the,2019,1001
the-nicolaus-copernicus-university-torun,the,2020,1001
the-nicolaus-copernicus-university-torun,the,2021,1001
the-nicolaus-copernicus-university-torun,the,2022,1001
the-nicolaus-copernicus-university-torun,the,2023,1201
the-nicolaus-copernicus-university-torun,the,2024,1001
the-nicolaus-copernicus-university-torun,the,2025,1201
the-nicolaus-copernicus-university-torun,the,2026,1201
the-osmania-university,the,2017,801
the-osmania-university,the,2018,801
the-osmania-university,the,2019,801
the-osmania-university,the,2020,801
the-osmania-university,the,2021,801
the-osmania-university,the,2022,1001
the-osmania-university,the,2023,1201
the-osmania-university,the,2024,1201
the-osmania-university,the,2025,1201
the-osmania-university,the,2026,1201
the-sastra-university,the,2017,801
the-sastra-university,the,2018,1001
the-sastra-university,the,2019,1001
the-sastra-university,the,2020,1001
the-sastra-university,the,2021,1001
the-sastra-university,the,2022,1001
the-sastra-university,the,2023,1201
the-sastra-university,the,2024,1201
the-sastra-university,the,2026,1201
the-sidi-mohamed-ben-abdellah-university,the,2017,801
the-sidi-mohamed-ben-abdellah-university,the,2018,1001
the-sidi-mohamed-ben-abdellah-university,the,2019,801
the-sidi-mohamed-ben-abdellah-university,the,2020,601
the-sidi-mohamed-ben-abdellah-university,the,2021,801
the-sidi-mohamed-ben-abdellah-university,the,2022,801
the-sidi-mohamed-ben-abdellah-university,the,2023,1001
the-sidi-mohamed-ben-abdellah-university,the,2024,1001
the-sidi-mohamed-ben-abdellah-university,the,2025,1201
the-sidi-mohamed-ben-abdellah-university,the,2026,1201
the-south-valley-university-egypt,the,2017,801
the-south-valley-university-egypt,the,2018,801
the-south-valley-university-egypt,the,2019,1001
the-south-valley-university-egypt,the,2020,1001
the-south-valley-university-egypt,the,2021,1001
the-south-valley-university-egypt,the,2022,801
the-south-valley-university-egypt,the,2023,1001
the-south-valley-university-egypt,the,2024,1201
the-south-valley-university-egypt,the,2025,1201
the-south-valley-university-egypt,the,2026,1201
the-university-electro-communications,the,2018,801
the-university-electro-communications,the,2019,1001
the-university-electro-communications,the,2020,1001
the-university-electro-communications,the,2021,1001
the-university-electro-communications,the,2022,1201
the-university-electro-communications,the,2023,1201
the-university-electro-communications,the,2024,1201
the-university-electro-communications,the,2025,1201
the-university-electro-communications,the,2026,1201
the-university-kerala,the,2018,801
the-university-kerala,the,2019,1001
the-university-kerala,the,2026,1201
the-shiga-university-medical-science,the,2018,801
the-shiga-university-medical-science,the,2020,1001
the-shiga-university-medical-science,the,2021,1001
the-shiga-university-medical-science,the,2022,1001
the-shiga-university-medical-science,the,2023,1201
the-shiga-university-medical-science,the,2024,1201
the-shiga-university-medical-science,the,2025,1201
the-shiga-university-medical-science,the,2026,1201
the-university-las-palmas-de-gran-canaria,the,2019,601
the-university-las-palmas-de-gran-canaria,the,2020,801
the-university-las-palmas-de-gran-canaria,the,2021,801
the-university-las-palmas-de-gran-canaria,the,2022,1001
the-university-las-palmas-de-gran-canaria,the,2023,1001
the-university-las-palmas-de-gran-canaria,the,2024,1001
the-university-las-palmas-de-gran-canaria,the,2025,1201
the-university-las-palmas-de-gran-canaria,the,2026,1201
the-miguel-hernandez-university-elche,the,2019,601
the-miguel-hernandez-university-elche,the,2020,601
the-miguel-hernandez-university-elche,the,2021,601
the-miguel-hernandez-university-elche,the,2022,801
the-miguel-hernandez-university-elche,the,2023,1001
the-miguel-hernandez-university-elche,the,2024,1001
the-miguel-hernandez-university-elche,the,2025,1201
the-miguel-hernandez-university-elche,the,2026,1201
the-university-burgos,the,2019,801
the-university-burgos,the,2020,1001
the-university-burgos,the,2021,1001
the-university-burgos,the,2022,1201
the-university-burgos,the,2023,1001
the-university-burgos,the,2024,1201
the-university-burgos,the,2025,1201
the-university-burgos,the,2026,1201
the-iuliu-hatieganu-university-medicine-and-pharmacy-cluj-napoca,the,2019,801
the-iuliu-hatieganu-university-medicine-and-pharmacy-cluj-napoca,the,2021,801
the-iuliu-hatieganu-university-medicine-and-pharmacy-cluj-napoca,the,2022,801
the-iuliu-hatieganu-university-medicine-and-pharmacy-cluj-napoca,the,2023,801
the-iuliu-hatieganu-university-medicine-and-pharmacy-cluj-napoca,the,2024,1001
the-iuliu-hatieganu-university-medicine-and-pharmacy-cluj-napoca,the,2025,1001
the-iuliu-hatieganu-university-medicine-and-pharmacy-cluj-napoca,the,2026,1201
the-sapporo-medical-university,the,2019,801
the-sapporo-medical-university,the,2020,801
the-sapporo-medical-university,the,2021,1001
the-sapporo-medical-university,the,2022,1201
the-sapporo-medical-university,the,2023,1201
the-sapporo-medical-university,the,2024,1201
the-sapporo-medical-university,the,2025,1201
the-sapporo-medical-university,the,2026,1201
the-university-staffordshire,the,2019,801
the-university-staffordshire,the,2020,801
the-university-staffordshire,the,2021,1001
the-university-staffordshire,the,2022,1001
the-university-staffordshire,the,2023,1201
the-university-staffordshire,the,2024,1001
the-university-staffordshire,the,2025,1201
the-university-staffordshire,the,2026,1201
the-university-leon,the,2019,1001
the-university-leon,the,2020,1001
the-university-leon,the,2021,1001
the-university-leon,the,2022,1001
the-university-leon,the,2023,1001
the-university-leon,the,2024,1001
the-university-leon,the,2025,1201
the-university-leon,the,2026,1201
the-menoufia-university,the,2019,1001
the-menoufia-university,the,2020,1001
the-menoufia-university,the,2021,1001
the-menoufia-university,the,2022,801
the-menoufia-university,the,2023,1001
the-menoufia-university,the,2025,1201
the-menoufia-university,the,2026,1201
the-university-cadiz,the,2020,801
the-university-cadiz,the,2021,1001
the-university-cadiz,the,2022,1001
the-university-cadiz,the,2023,1201
the-university-cadiz,the,2024,1001
the-university-cadiz,the,2025,1201
the-university-cadiz,the,2026,1201
the-university-malaga,the,2020,801
the-university-malaga,the,2021,1001
the-university-malaga,the,2022,1001
the-university-malaga,the,2023,1201
the-university-malaga,the,2024,1001
the-university-malaga,the,2025,1201
the-university-malaga,the,2026,1201
the-autonomous-university-sinaloa,the,2020,1001
the-autonomous-university-sinaloa,the,2022,1201
the-autonomous-university-sinaloa,the,2023,1001
the-autonomous-university-sinaloa,the,2024,1201
the-autonomous-university-sinaloa,the,2025,1201
the-autonomous-university-sinaloa,the,2026,1201
the-banasthali-university,the,2020,1001
the-banasthali-university,the,2021,1001
the-banasthali-university,the,2022,1201
the-banasthali-university,the,2023,1201
the-banasthali-university,the,2024,1201
the-banasthali-university,the,2026,1201
the-university-manouba,the,2020,1001
the-university-manouba,the,2021,1001
the-university-manouba,the,2022,1001
the-university-manouba,the,2023,1001
the-university-manouba,the,2024,1201
the-university-manouba,the,2025,1201
the-university-manouba,the,2026,1201
the-swps-university,the,2020,1001
the-swps-university,the,2021,1001
the-swps-university,the,2022,1001
the-swps-university,the,2023,1001
the-swps-university,the,2024,1001
the-swps-university,the,2025,1201
the-swps-university,the,2026,1201
the-tzu-chi-university,the,2020,1001
the-tzu-chi-university,the,2021,1001
the-tzu-chi-university,the,2022,1201
the-tzu-chi-university,the,2023,1201
the-tzu-chi-university,the,2024,1201
the-tzu-chi-university,the,2025,1201
the-tzu-chi-university,the,2026,1201
the-university-valladolid,the,2020,1001
the-university-valladolid,the,2021,1001
the-university-valladolid,the,2022,1201
the-university-valladolid,the,2023,1201
the-university-valladolid,the,2024,1201
the-university-valladolid,the,2025,1201
the-university-valladolid,the,2026,1201
the-guru-jambheshwar-university-science-and-technology,the,2021,801
the-guru-jambheshwar-university-science-and-technology,the,2022,1001
the-guru-jambheshwar-university-science-and-technology,the,2023,1001
the-guru-jambheshwar-university-science-and-technology,the,2024,1201
the-guru-jambheshwar-university-science-and-technology,the,2025,1201
the-guru-jambheshwar-university-science-and-technology,the,2026,1201
the-adolfo-ibanez-university,the,2021,1001
the-adolfo-ibanez-university,the,2022,1201
the-adolfo-ibanez-university,the,2023,1201
the-adolfo-ibanez-university,the,2024,1201
the-adolfo-ibanez-university,the,2025,1201
the-adolfo-ibanez-university,the,2026,1201
the-universidad-catolica-san-antonio-de-murcia-ucam,the,2021,1001
the-universidad-catolica-san-antonio-de-murcia-ucam,the,2022,1001
the-universidad-catolica-san-antonio-de-murcia-ucam,the,2023,1001
the-universidad-catolica-san-antonio-de-murcia-ucam,the,2024,1201
the-universidad-catolica-san-antonio-de-murcia-ucam,the,2025,1201
the-universidad-catolica-san-antonio-de-murcia-ucam,the,2026,1201
the-hakim-sabzevari-university,the,2021,1001
the-hakim-sabzevari-university,the,2022,1201
the-hakim-sabzevari-university,the,2023,1001
the-hakim-sabzevari-university,the,2024,1001
the-hakim-sabzevari-university,the,2025,1001
the-hakim-sabzevari-university,the,2026,1201
the-public-university-navarre,the,2021,1001
the-public-university-navarre,the,2022,1001
the-public-university-navarre,the,2023,1001
the-public-university-navarre,the,2024,1001
the-public-university-navarre,the,2025,1001
the-public-university-navarre,the,2026,1201
the-visvesvaraya-national-institute-technology-nagpur,the,2021,1001
the-visvesvaraya-national-institute-technology-nagpur,the,2022,1001
the-visvesvaraya-national-institute-technology-nagpur,the,2023,1201
the-visvesvaraya-national-institute-technology-nagpur,the,2024,1201
the-visvesvaraya-national-institute-technology-nagpur,the,2025,1201
the-visvesvaraya-national-institute-technology-nagpur,the,2026,1201
the-kashan-university-medical-sciences-and-health-services,the,2022,601
the-kashan-university-medical-sciences-and-health-services,the,2023,501
the-kashan-university-medical-sciences-and-health-services,the,2024,601
the-kashan-university-medical-sciences-and-health-services,the,2026,1201
the-st-francis-xavier-university,the,2022,801
the-st-francis-xavier-university,the,2025,1201
the-st-francis-xavier-university,the,2026,1201
the-zewail-city-science-and-technology,the,2022,801
the-zewail-city-science-and-technology,the,2023,801
the-zewail-city-science-and-technology,the,2024,1001
the-zewail-city-science-and-technology,the,2025,1001
the-zewail-city-science-and-technology,the,2026,1201
the-university-social-welfare-and-rehabilitation-sciences,the,2022,1001
the-university-social-welfare-and-rehabilitation-sciences,the,2023,1001
the-university-social-welfare-and-rehabilitation-sciences,the,2024,1001
the-university-social-welfare-and-rehabilitation-sciences,the,2025,1201
the-university-social-welfare-and-rehabilitation-sciences,the,2026,1201
the-binus-university,the,2022,1201
the-binus-university,the,2023,1201
the-binus-university,the,2024,1201
the-binus-university,the,2025,1201
the-binus-university,the,2026,1201
the-hungarian-university-agriculture-and-life-sciences,the,2022,1201
the-hungarian-university-agriculture-and-life-sciences,the,2023,1201
the-hungarian-university-agriculture-and-life-sciences,the,2024,1201
the-hungarian-university-agriculture-and-life-sciences,the,2025,1001
the-hungarian-university-agriculture-and-life-sciences,the,2026,1201
the-icesi-university,the,2023,601
the-icesi-university,the,2024,1001
the-icesi-university,the,2025,1001
the-icesi-university,the,2026,1201
the-maharishi-markandeshwar-university-mmu,the,2023,601
the-maharishi-markandeshwar-university-mmu,the,2024,1001
the-maharishi-markandeshwar-university-mmu,the,2025,1001
the-maharishi-markandeshwar-university-mmu,the,2026,1201
the-universidade-eduardo-mondlane,the,2023,601
the-universidade-eduardo-mondlane,the,2024,1201
the-universidade-eduardo-mondlane,the,2025,1201
the-universidade-eduardo-mondlane,the,2026,1201
the-hes-so-university-applied-sciences-and-arts-western-switzerland,the,2023,801
the-hes-so-university-applied-sciences-and-arts-western-switzerland,the,2024,1001
the-hes-so-university-applied-sciences-and-arts-western-switzerland,the,2025,1201
the-hes-so-university-applied-sciences-and-arts-western-switzerland,the,2026,1201
the-university-la-serena,the,2023,801
the-university-la-serena,the,2024,1201
the-university-la-serena,the,2025,1201
the-university-la-serena,the,2026,1201
the-university-winchester,the,2023,801
the-university-winchester,the,2024,1001
the-university-winchester,the,2025,1201
the-university-winchester,the,2026,1201
the-university-mauritius,the,2023,1001
the-university-mauritius,the,2024,1201
the-university-mauritius,the,2025,1201
the-university-mauritius,the,2026,1201
the-lahore-college-women-university-lcwu,the,2023,1201
the-lahore-college-women-university-lcwu,the,2024,1501
the-lahore-college-women-university-lcwu,the,2025,1501
the-lahore-college-women-university-lcwu,the,2026,1201
the-national-university-distance-education-uned,the,2023,1201
the-national-university-distance-education-uned,the,2024,1201
the-national-university-distance-education-uned,the,2025,1201
the-national-university-distance-education-uned,the,2026,1201
the-john-paul-ii-catholic-university-lublin,the,2023,1201
the-john-paul-ii-catholic-university-lublin,the,2024,1201
the-john-paul-ii-catholic-university-lublin,the,2025,1201
the-john-paul-ii-catholic-university-lublin,the,2026,1201
the-usamv-cluj-napoca,the,2023,1201
the-usamv-cluj-napoca,the,2024,1001
the-usamv-cluj-napoca,the,2025,1201
the-usamv-cluj-napoca,the,2026,1201
the-medical-university-silsia-0,the,2023,1501
the-medical-university-silsia-0,the,2024,1201
the-medical-university-silsia-0,the,2025,1201
the-medical-university-silsia-0,the,2026,1201
the-university-colima,the,2023,1501
the-university-colima,the,2024,1501
the-university-colima,the,2025,1501
the-university-colima,the,2026,1201
the-mehran-university-engineering-and-technology-jamshoro-pakistan,the,2024,1001
the-mehran-university-engineering-and-technology-jamshoro-pakistan,the,2025,1201
the-mehran-university-engineering-and-technology-jamshoro-pakistan,the,2026,1201
the-national-university-computer-and-emerging-sciences,the,2024,1001
the-national-university-computer-and-emerging-sciences,the,2025,1001
the-national-university-computer-and-emerging-sciences,the,2026,1201
the-universite-djillali-liabes-de-sidi-bel-abbes,the,2024,1001
the-universite-djillali-liabes-de-sidi-bel-abbes,the,2025,1201
the-universite-djillali-liabes-de-sidi-bel-abbes,the,2026,1201
the-university-west-london,the,2024,1001
the-university-west-london,the,2025,1001
the-university-west-london,the,2026,1201
the-urmia-university-technology,the,2024,1001
the-urmia-university-technology,the,2025,1001
the-urmia-university-technology,the,2026,1201
the-botswana-international-university-science-and-technology-biust,the,2024,1201
the-botswana-international-university-science-and-technology-biust,the,2025,1201
the-botswana-international-university-science-and-technology-biust,the,2026,1201
the-hyogo-medical-university,the,2024,1201
the-hyogo-medical-university,the,2025,1201
the-hyogo-medical-university,the,2026,1201
the-ilam-university,the,2024,1201
the-ilam-university,the,2025,1201
the-ilam-university,the,2026,1201
the-khulna-university,the,2024,1201
the-khulna-university,the,2025,1201
the-khulna-university,the,2026,1201
the-national-institute-technology-srinagar,the,2024,1201
the-national-institute-technology-srinagar,the,2025,1201
the-national-institute-technology-srinagar,the,2026,1201
the-hindustan-institute-technology-and-science,the,2024,1501
the-hindustan-institute-technology-and-science,the,2025,1201
the-hindustan-institute-technology-and-science,the,2026,1201
the-reshetnev-siberian-state-university-science-and-technology,the,2024,1501
the-reshetnev-siberian-state-university-science-and-technology,the,2025,1501
the-reshetnev-siberian-state-university-science-and-technology,the,2026,1201
the-austral-university,the,2025,1001
the-austral-university,the,2026,1201
the-dit-university,the,2025,1001
the-dit-university,the,2026,1201
the-dr-d-y-patil-vidyapeeth-pune,the,2025,1001
the-dr-d-y-patil-vidyapeeth-pune,the,2026,1201
the-universite-dorleans,the,2025,1001
the-universite-dorleans,the,2026,1201
the-yasar-university,the,2025,1001
the-yasar-university,the,2026,1201
the-al-hussein-bin-talal-university,the,2025,1201
the-al-hussein-bin-talal-university,the,2026,1201
the-amity-university-gurugram,the,2025,1201
the-amity-university-gurugram,the,2026,1201
the-federal-university-technology-minna,the,2025,1201
the-federal-university-technology-minna,the,2026,1201
the-ho-chi-minh-city-open-university,the,2025,1201
the-ho-chi-minh-city-open-university,the,2026,1201
the-national-institute-technology-delhi,the,2025,1201
the-national-institute-technology-delhi,the,2026,1201
the-national-textile-university,the,2025,1201
the-national-textile-university,the,2026,1201
the-salahaddin-university-erbil,the,2025,1201
the-salahaddin-university-erbil,the,2026,1201
the-universitas-muhammadiyah-surakarta,the,2025,1201
the-universitas-muhammadiyah-surakarta,the,2026,1201
the-university-duhok,the,2025,1201
the-university-duhok,the,2026,1201
the-university-health-sciences-turkey,the,2025,1201
the-university-health-sciences-turkey,the,2026,1201
the-university-nebraska-omaha,the,2025,1201
the-university-nebraska-omaha,the,2026,1201
the-university-rouen-normandie,the,2025,1201
the-university-rouen-normandie,the,2026,1201
the-woosong-university,the,2025,1201
the-woosong-university,the,2026,1201
the-shiv-nadar-university,the,2025,1501
the-shiv-nadar-university,the,2026,1201
the-chaudhary-charan-singh-university-meerut,the,2026,1201
the-ibn-zohr-university,the,2026,1201
the-ifhe-hyderabad,the,2026,1201
the-i-horbachevsky-ternopil-national-medical-university,the,2026,1201
the-madan-mohan-malaviya-university-technology,the,2026,1201
the-mawlana-bhashani-science-and-technology-university,the,2026,1201
the-m-kumarasamy-college-engineering,the,2026,1201
the-mns-university-agriculture-multan,the,2026,1201
the-national-institute-technology-meghalaya,the,2026,1201
the-noakhali-science-and-technology-university-nstu,the,2026,1201
the-october-6-university,the,2026,1201
the-shivaji-university-kolhapur,the,2026,1201
the-university-el-oued-0,the,2026,1201
the-university-jendouba,the,2026,1201
the-university-jos,the,2026,1201
the-university-tripoli,the,2026,1201
usn-suzhou-university-of-science-and-technology-529823,usnews,2026,1203
usn-universidad-de-la-serena-529880,usnews,2026,1203
usn-universiti-teknologi-mara-529194,usnews,2026,1203
usn-universiti-teknologi-mara-529194,the,2016,601
usn-universiti-teknologi-mara-529194,the,2017,801
usn-universiti-teknologi-mara-529194,the,2019,1001
usn-universiti-teknologi-mara-529194,the,2020,1001
usn-universiti-teknologi-mara-529194,the,2021,1001
usn-universiti-teknologi-mara-529194,the,2022,1201
usn-universiti-teknologi-mara-529194,the,2023,1501
usn-universiti-teknologi-mara-529194,the,2024,1501
usn-universiti-teknologi-mara-529194,the,2025,1501
usn-universiti-teknologi-mara-529194,the,2026,1501
usn-anhui-agricultural-university-529528,usnews,2026,1210
usn-capital-university-of-economics-business-530280,usnews,2026,1210
usn-king-mongkuts-university-of-technology-north-bangkok-529830,usnews,2026,1216
usn-universidade-federal-de-pelotas-528834,usnews,2026,1216
usn-university-of-marrakech-cadi-ayyad-529144,usnews,2026,1216
usn-chongqing-medical-university-529043,usnews,2026,1224
usn-new-york-medical-college-193830,usnews,2026,1224
usn-university-of-picardie-jules-verne-528959,usnews,2026,1224
usn-qufu-normal-university-529543,usnews,2026,1233
usn-salzburg-university-528953,usnews,2026,1233
usn-tianjin-university-of-technology-529674,usnews,2026,1233
usn-universite-paul-valery-montpellier-3-506008,usnews,2026,1233
usn-university-of-massachusetts-lowell-166513,usnews,2026,1233
universidad-de-tarapaca,qs,2026,1401
universidad-de-tarapaca,usnews,2026,1238
usn-universite-de-brest-529145,usnews,2026,1238
usn-nanjing-university-of-chinese-medicine-529308,usnews,2026,1246
usn-north-dakota-state-university-200332,usnews,2026,1250
usn-semnan-university-of-medical-sciences-530409,usnews,2026,1250
usn-shandong-first-medical-university-and-shandong-academy-of-medical-sciences-529729,usnews,2026,1250
usn-university-of-yaounde-i-529161,usnews,2026,1250
usn-university-of-maine-161253,usnews,2026,1254
usn-medical-university-sofia-529176,usnews,2026,1259
usn-medical-university-sofia-529176,the,2024,1201
usn-medical-university-sofia-529176,the,2025,1201
usn-medical-university-sofia-529176,the,2026,1501
usn-university-of-basilicata-528962,usnews,2026,1259
usn-dongguan-university-of-technology-529804,usnews,2026,1266
usn-pirogov-russian-national-research-medical-university-529909,usnews,2026,1266
usn-pirogov-russian-national-research-medical-university-529909,the,2019,1001
usn-pirogov-russian-national-research-medical-university-529909,the,2020,1001
usn-pirogov-russian-national-research-medical-university-529909,the,2021,1001
usn-pirogov-russian-national-research-medical-university-529909,the,2022,1201
usn-pirogov-russian-national-research-medical-university-529909,the,2023,1201
usn-pirogov-russian-national-research-medical-university-529909,the,2024,1201
usn-pirogov-russian-national-research-medical-university-529909,the,2025,1201
usn-pirogov-russian-national-research-medical-university-529909,the,2026,1501
usn-tianjin-university-science-and-technology-529285,usnews,2026,1266
usn-universiti-malaysia-pahang-529458,usnews,2026,1266
usn-university-of-london-royal-veterinary-college-528814,usnews,2026,1266
usn-university-of-sassari-528880,usnews,2026,1266
usn-university-of-sassari-528880,the,2018,501
usn-university-of-sassari-528880,the,2019,601
usn-university-of-sassari-528880,the,2020,601
usn-university-of-sassari-528880,the,2021,501
usn-university-of-sassari-528880,the,2022,501
usn-university-of-sassari-528880,the,2023,501
usn-university-of-sassari-528880,the,2024,601
usn-university-of-sassari-528880,the,2025,601
usn-hazara-university-530241,usnews,2026,1274
usn-universidad-autonoma-de-chile-529688,usnews,2026,1274
usn-universidad-autonoma-de-chile-529688,the,2020,501
usn-universidad-autonoma-de-chile-529688,the,2021,501
usn-universidad-autonoma-de-chile-529688,the,2022,501
usn-universidad-autonoma-de-chile-529688,the,2023,801
usn-universidad-autonoma-de-chile-529688,the,2024,1001
usn-universidad-autonoma-de-chile-529688,the,2025,1201
usn-universidad-autonoma-de-chile-529688,the,2026,1501
usn-west-university-of-timisoara-529320,usnews,2026,1274
usn-west-university-of-timisoara-529320,the,2016,601
usn-west-university-of-timisoara-529320,the,2017,601
usn-west-university-of-timisoara-529320,the,2018,801
usn-west-university-of-timisoara-529320,the,2019,1001
usn-west-university-of-timisoara-529320,the,2020,1001
usn-west-university-of-timisoara-529320,the,2021,1001
usn-west-university-of-timisoara-529320,the,2022,1201
usn-west-university-of-timisoara-529320,the,2023,1501
usn-west-university-of-timisoara-529320,the,2024,1201
usn-west-university-of-timisoara-529320,the,2025,1201
usn-west-university-of-timisoara-529320,the,2026,1501
universidade-federal-de-santa-maria,qs,2026,1401
universidade-federal-de-santa-maria,usnews,2026,1278
usn-applied-science-university-jordan-530765,usnews,2026,1278
usn-california-polytechnic-state-university-san-luis-obispo-110422,usnews,2026,1278
usn-california-polytechnic-state-university-san-luis-obispo-110422,the,2018,801
usn-california-polytechnic-state-university-san-luis-obispo-110422,the,2019,801
usn-king-mongkuts-university-of-technology-thonburi-529070,usnews,2026,1278
usn-rio-de-janeiro-state-university-502771,usnews,2026,1278
usn-national-institute-for-applied-sciences-lyon-505713,usnews,2026,1284
usn-tobb-ekonomi-ve-teknoloji-university-529325,usnews,2026,1284
usn-jiangxi-university-of-science-and-technology-529889,usnews,2026,1290
beijing-university-chinese-medicine,qs,2026,1401
beijing-university-chinese-medicine,usnews,2026,1298
university-augsburg,qs,2026,1401
university-augsburg,usnews,2026,1298
usn-islamic-university-of-al-madinah-514268,usnews,2026,1298
usn-postgraduate-institute-of-medical-education-and-research-pgimer-chandigarh-529687,usnews,2026,1298
usn-shandong-university-of-finance-economics-530179,usnews,2026,1298
usn-university-of-north-carolina-greensboro-199148,usnews,2026,1298
usn-university-of-north-carolina-greensboro-199148,the,2016,501
usn-university-of-north-carolina-greensboro-199148,the,2017,601
usn-university-of-north-carolina-greensboro-199148,the,2018,601
usn-university-of-north-carolina-greensboro-199148,the,2019,601
usn-university-of-north-carolina-greensboro-199148,the,2020,601
usn-university-of-north-carolina-greensboro-199148,the,2021,601
usn-university-of-north-carolina-greensboro-199148,the,2022,801
usn-university-of-north-carolina-greensboro-199148,the,2023,801
usn-xian-university-of-science-and-technology-529798,usnews,2026,1298
usn-qingdao-agricultural-university-529491,usnews,2026,1308
universidade-federal-do-ceara-ufc,qs,2026,1401
universidade-federal-do-ceara-ufc,usnews,2026,1312
universidade-federal-do-ceara-ufc,the,2017,801
universidade-federal-do-ceara-ufc,the,2018,801
universidade-federal-do-ceara-ufc,the,2019,1001
universidade-federal-do-ceara-ufc,the,2020,1001
universidade-federal-do-ceara-ufc,the,2021,1001
universidade-federal-do-ceara-ufc,the,2022,1201
universidade-federal-do-ceara-ufc,the,2023,1501
universidade-federal-do-ceara-ufc,the,2024,1201
universidade-federal-do-ceara-ufc,the,2025,1501
usn-taiyuan-university-of-science-and-technology-529841,usnews,2026,1317
usn-university-of-orleans-528865,usnews,2026,1317
usn-uttaranchal-university-530766,usnews,2026,1317
usn-anhui-university-of-technology-529084,usnews,2026,1322
usn-heilongjiang-university-529289,usnews,2026,1322
usn-henan-university-of-science-and-technology-529653,usnews,2026,1322
usn-mendel-university-brno-529109,usnews,2026,1322
usn-north-university-of-china-529839,usnews,2026,1322
usn-north-university-of-china-529839,the,2025,1501
usn-universidade-federal-de-juiz-de-fora-529150,usnews,2026,1322
usn-universidade-federal-de-juiz-de-fora-529150,the,2021,1001
usn-universidade-federal-de-juiz-de-fora-529150,the,2022,1201
usn-universidade-federal-de-juiz-de-fora-529150,the,2023,1501
usn-universidade-federal-de-juiz-de-fora-529150,the,2024,1501
usn-universidade-federal-de-juiz-de-fora-529150,the,2025,1501
usn-universidade-federal-de-juiz-de-fora-529150,the,2026,1501
usn-universite-ferhat-abbas-setif-509582,usnews,2026,1322
usn-linyi-university-529970,usnews,2026,1332
usn-shandong-university-of-technology-529853,usnews,2026,1332
university-sarajevo,qs,2026,1401
university-sarajevo,usnews,2026,1338
university-sarajevo,the,2024,1501
university-sarajevo,the,2025,1501
university-sarajevo,the,2026,1501
usn-hebei-agricultural-university-529877,usnews,2026,1338
usn-loma-linda-university-117636,usnews,2026,1338
usn-taiyuan-university-of-technology-529111,usnews,2026,1338
usn-technical-university-of-ostrava-529411,usnews,2026,1338
usn-universidade-federal-de-goias-529175,usnews,2026,1338
usn-universite-de-carthage-529240,usnews,2026,1338
usn-california-state-university-fullerton-110565,usnews,2026,1348
usn-xuzhou-medical-college-529926,usnews,2026,1348
cukurova-university,qs,2026,1401
cukurova-university,usnews,2026,1351
cukurova-university,the,2019,1001
cukurova-university,the,2020,1001
cukurova-university,the,2021,1001
cukurova-university,the,2022,1201
cukurova-university,the,2023,1501
cukurova-university,the,2024,1201
cukurova-university,the,2025,1501
cukurova-university,the,2026,1501
usn-inner-mongolia-university-529483,usnews,2026,1351
usn-university-of-the-philippines-diliman-529699,usnews,2026,1351
usn-bi-norwegian-business-school-499993,usnews,2026,1359
usn-instituto-universitario-de-lisboa-529551,usnews,2026,1359
usn-capital-normal-university-529223,usnews,2026,1365
usn-central-south-university-of-forestry-and-technology-529997,usnews,2026,1365
usn-guizhou-university-of-finance-economics-530611,usnews,2026,1365
usn-university-of-south-china-529496,usnews,2026,1365
usn-university-of-south-china-529496,the,2019,1001
usn-university-of-south-china-529496,the,2020,1001
usn-university-of-south-china-529496,the,2021,1001
usn-university-of-south-china-529496,the,2022,1201
usn-university-of-south-china-529496,the,2024,1201
usn-california-state-university-sacramento-110617,usnews,2026,1370
usn-taizhou-university-529962,usnews,2026,1370
usn-universidade-federal-de-uberlandia-529244,usnews,2026,1370
usn-yantai-university-529490,usnews,2026,1370
usn-thapar-university-529291,usnews,2026,1375
usn-beijing-university-of-civil-engineering-and-architecture-529765,usnews,2026,1380
usn-university-of-akron-200800,usnews,2026,1380
usn-guangxi-normal-university-529504,usnews,2026,1384
usn-guangxi-normal-university-529504,the,2026,1501
usn-shanghai-university-of-traditional-chinese-medicine-529292,usnews,2026,1384
usn-sichuan-normal-university-529719,usnews,2026,1384
benemerita-universidad-autonoma-de-puebla,qs,2026,1401
benemerita-universidad-autonoma-de-puebla,usnews,2026,1388
benemerita-universidad-autonoma-de-puebla,the,2017,801
benemerita-universidad-autonoma-de-puebla,the,2018,1001
benemerita-universidad-autonoma-de-puebla,the,2019,1001
benemerita-universidad-autonoma-de-puebla,the,2020,1001
benemerita-universidad-autonoma-de-puebla,the,2021,1001
benemerita-universidad-autonoma-de-puebla,the,2022,1201
benemerita-universidad-autonoma-de-puebla,the,2023,1501
benemerita-universidad-autonoma-de-puebla,the,2024,1501
benemerita-universidad-autonoma-de-puebla,the,2025,1501
benemerita-universidad-autonoma-de-puebla,the,2026,1501
usn-embry-riddle-aeronautical-university-133553,usnews,2026,1388
usn-embry-riddle-aeronautical-university-133553,the,2017,801
usn-embry-riddle-aeronautical-university-133553,the,2018,601
usn-embry-riddle-aeronautical-university-133553,the,2019,601
usn-embry-riddle-aeronautical-university-133553,the,2020,801
usn-chongqing-normal-university-530005,usnews,2026,1393
usn-university-of-zambia-529619,usnews,2026,1393
usn-university-of-zambia-529619,the,2023,501
usn-university-of-zambia-529619,the,2024,1201
usn-university-of-zambia-529619,the,2025,1501
usn-university-of-zambia-529619,the,2026,1501
benha-university-egypt,qs,2026,1401
california-polytechnic-state-university,qs,2026,1401
can-tho-university,qs,2026,1401
can-tho-university,usnews,2026,2116
china-university-political-science-law,qs,2026,1401
depaul-university,qs,2026,1401
depaul-university,usnews,2026,2099
doshisha-university,qs,2026,1401
doshisha-university,the,2017,801
doshisha-university,the,2018,1001
doshisha-university,the,2019,1001
doshisha-university,the,2020,1001
doshisha-university,the,2021,1001
doshisha-university,the,2022,1201
doshisha-university,the,2023,1501
doshisha-university,the,2024,1501
doshisha-university,the,2025,1501
doshisha-university,the,2026,1501
escuela-politecnica-nacional,qs,2026,1401
escuela-politecnica-nacional,the,2022,1201
escuela-politecnica-nacional,the,2023,1501
escuela-politecnica-nacional,the,2024,1501
escuela-politecnica-nacional,the,2025,1501
escuela-politecnica-nacional,the,2026,1501
feng-chia-university,qs,2026,1401
feng-chia-university,usnews,2026,2056
feng-chia-university,the,2016,601
feng-chia-university,the,2017,601
feng-chia-university,the,2018,801
feng-chia-university,the,2019,1001
feng-chia-university,the,2020,1001
feng-chia-university,the,2021,1001
feng-chia-university,the,2022,1201
feng-chia-university,the,2023,1501
feng-chia-university,the,2024,1201
feng-chia-university,the,2025,1501
feng-chia-university,the,2026,1501
georgian-technical-university,qs,2026,1401
georgian-technical-university,the,2024,1501
georgian-technical-university,the,2025,1501
georgian-technical-university,the,2026,1501
german-university-cairo,qs,2026,1401
german-university-cairo,the,2022,1201
german-university-cairo,the,2023,1201
german-university-cairo,the,2024,1501
german-university-cairo,the,2025,1501
ho-chi-minh-city-university-technology-hutech,qs,2026,1401
ho-chi-minh-city-university-technology-hutech,usnews,2026,2155
hongik-university,qs,2026,1401
hongik-university,the,2025,1501
i-razzakov-kyrgyz-state-technical-university,qs,2026,1401
industrial-university-ho-chi-minh-city-iuh,qs,2026,1401
industrial-university-ho-chi-minh-city-iuh,usnews,2026,2231
instituto-tecnologico-de-santo-domingo-intec,qs,2026,1401
islamic-university-technology,qs,2026,1401
karadeniz-technical-university,qs,2026,1401
karadeniz-technical-university,usnews,2026,1679
karadeniz-technical-university,the,2022,1201
karadeniz-technical-university,the,2023,1501
karadeniz-technical-university,the,2024,1501
karadeniz-technical-university,the,2025,1501
karadeniz-technical-university,the,2026,1501
kazakh-ablai-khan-university-international-relations-world-languages,qs,2026,1401
kyoto-institute-technology,qs,2026,1401
kyoto-institute-technology,the,2018,801
kyoto-institute-technology,the,2019,1001
kyoto-institute-technology,the,2020,1001
kyoto-institute-technology,the,2021,1001
kyoto-institute-technology,the,2022,1201
kyoto-institute-technology,the,2023,1501
kyoto-institute-technology,the,2024,1201
kyoto-institute-technology,the,2025,1501
kyoto-institute-technology,the,2026,1501
lublin-university-technology,qs,2026,1401
lublin-university-technology,usnews,2026,2123
lublin-university-technology,the,2025,1501
lublin-university-technology,the,2026,1501
meiji-university,qs,2026,1401
meiji-university,usnews,2026,2175
meiji-university,the,2017,801
meiji-university,the,2018,801
meiji-university,the,2019,1001
meiji-university,the,2020,1001
meiji-university,the,2021,1001
meiji-university,the,2022,1201
meiji-university,the,2023,1501
meiji-university,the,2024,1501
meiji-university,the,2025,1501
meiji-university,the,2026,1501
national-chinyi-university-technology,qs,2026,1401
national-research-university-moscow-power-engineering-institute-mpei,qs,2026,1401
pontificia-universidad-catolica-madre-y-maestra-pucmm,qs,2026,1401
pontificia-universidade-catolica-do-rio-grande-do-sul-pucrs,qs,2026,1401
shahjalal-university-science-technology,qs,2026,1401
shahjalal-university-science-technology,the,2024,1201
shanghai-international-studies-university,qs,2026,1401
shanghai-international-studies-university,usnews,2026,1693
silpakorn-university,qs,2026,1401
silpakorn-university,the,2020,1001
silpakorn-university,the,2021,1001
silpakorn-university,the,2022,1201
silpakorn-university,the,2023,1501
silpakorn-university,the,2024,1501
silpakorn-university,the,2025,1501
silpakorn-university,the,2026,1501
stefan-cel-mare-university-suceava,qs,2026,1401
stefan-cel-mare-university-suceava,the,2023,1001
stefan-cel-mare-university-suceava,the,2024,1201
stefan-cel-mare-university-suceava,the,2025,1201
stefan-cel-mare-university-suceava,the,2026,1501
technical-university-cluj-napoca,qs,2026,1401
technical-university-cluj-napoca,usnews,2026,1693
technical-university-cluj-napoca,the,2020,1001
technical-university-cluj-napoca,the,2021,1001
technical-university-cluj-napoca,the,2022,1201
technical-university-cluj-napoca,the,2023,1501
technical-university-cluj-napoca,the,2024,1201
technical-university-cluj-napoca,the,2025,1501
technical-university-cluj-napoca,the,2026,1501
technical-university-sofia,qs,2026,1401
technical-university-sofia,the,2022,1201
technical-university-sofia,the,2023,1501
technical-university-sofia,the,2024,1501
technical-university-sofia,the,2025,1501
technical-university-sofia,the,2026,1501
islamia-university-bahawalpurpakistan,qs,2026,1401
university-georgia-tbilisi,qs,2026,1401
toraighyrov-university,qs,2026,1401
universidad-autonoma-de-guadalajara-uag,qs,2026,1401
universidad-catolica-del-norte,qs,2026,1401
universidad-catolica-del-norte,usnews,2026,1471
universidad-de-la-laguna,qs,2026,1401
universidad-de-san-carlos-de-guatemala,qs,2026,1401
universidad-de-valparaiso-uv,qs,2026,1401
universidad-de-valparaiso-uv,usnews,2026,1547
universidad-nacional-del-centro-de-la-provincia-de-buenos-aires-unicen,qs,2026,1401
universidad-nacional-del-litoral,qs,2026,1401
universidad-nacional-del-litoral,the,2021,1001
universidad-nacional-del-litoral,the,2022,1201
universidad-nacional-del-litoral,the,2023,1501
universidad-nacional-del-litoral,the,2024,1501
universidad-nacional-del-litoral,the,2025,1501
universidad-nacional-del-litoral,the,2026,1501
universidad-peruana-de-ciencias-aplicadas-upc,qs,2026,1401
universidad-peruana-de-ciencias-aplicadas-upc,the,2024,1501
universidad-peruana-de-ciencias-aplicadas-upc,the,2025,1501
universidad-peruana-de-ciencias-aplicadas-upc,the,2026,1501
universidad-tecnologica-centroamericana-unitec,qs,2026,1401
universidad-tecnologica-de-panama-utp,qs,2026,1401
universidad-tecnologica-nacional-utn,qs,2026,1401
universidade-federal-de-vicosa-ufv,qs,2026,1401
universidade-presbiteriana-mackenzie,qs,2026,1401
universitas-andalas,qs,2026,1401
universitas-andalas,the,2023,1501
universitas-andalas,the,2024,1501
universitas-andalas,the,2025,1501
universitas-andalas,the,2026,1501
universitas-negeri-padang,qs,2026,1401
universitas-negeri-padang,the,2025,1501
universitas-negeri-padang,the,2026,1501
universitas-negeri-yogyakarta,qs,2026,1401
universitas-negeri-yogyakarta,the,2024,1501
universitas-negeri-yogyakarta,the,2025,1501
universitas-negeri-yogyakarta,the,2026,1501
universitas-pendidikan-indonesia,qs,2026,1401
universitas-pendidikan-indonesia,the,2022,1001
universitas-pendidikan-indonesia,the,2023,1201
universitas-pendidikan-indonesia,the,2024,1501
universitas-pendidikan-indonesia,the,2025,1501
universitas-pendidikan-indonesia,the,2026,1501
universitas-trisakti-usakti,qs,2026,1401
universitat-trier,qs,2026,1401
universitat-trier,usnews,2026,1738
universite-de-limoges,qs,2026,1401
universite-de-rouen,qs,2026,1401
universiti-kuala-lumpur-unikl,qs,2026,1401
universiti-kuala-lumpur-unikl,the,2021,1001
universiti-kuala-lumpur-unikl,the,2022,1201
universiti-kuala-lumpur-unikl,the,2023,1201
universiti-kuala-lumpur-unikl,the,2024,1501
universiti-kuala-lumpur-unikl,the,2025,1501
universiti-kuala-lumpur-unikl,the,2026,1501
universiti-malaysia-kelantan,qs,2026,1401
universiti-malaysia-kelantan,the,2023,1201
universiti-malaysia-kelantan,the,2024,1501
universiti-malaysia-kelantan,the,2025,1501
universiti-malaysia-kelantan,the,2026,1501
university-kaiserslautern-landau-rptu,qs,2026,1401
university-kerbala,qs,2026,1401
university-kerbala,the,2024,1501
university-kerbala,the,2025,1501
university-kerbala,the,2026,1501
university-kufa,qs,2026,1401
university-kufa,the,2023,1501
university-kufa,the,2024,1501
university-kufa,the,2026,1501
university-miskolc,qs,2026,1401
university-miskolc,the,2021,1001
university-miskolc,the,2022,1201
university-miskolc,the,2023,1501
university-miskolc,the,2024,1501
university-miskolc,the,2025,1501
university-miskolc,the,2026,1501
university-moratuwa,qs,2026,1401
university-moratuwa,the,2025,1501
university-moratuwa,the,2026,1501
university-pardubice,qs,2026,1401
university-pardubice,the,2016,601
university-pardubice,the,2017,801
university-pardubice,the,2018,801
university-pardubice,the,2019,1001
university-pardubice,the,2020,1001
university-pardubice,the,2021,1001
university-pardubice,the,2022,1201
university-pardubice,the,2023,1501
university-pardubice,the,2024,1501
university-pardubice,the,2025,1501
university-pardubice,the,2026,1501
university-san-diego,qs,2026,1401
university-san-diego,the,2019,601
university-sri-jayewardenapura,qs,2026,1401
university-tyumen,qs,2026,1401
university-tyumen,the,2022,1201
university-tyumen,the,2023,1501
yessenov-university,qs,2026,1401
zarqa-university-zu,qs,2026,1401
usn-chongqing-technology-and-business-university-529956,usnews,2026,1401
usn-guangzhou-university-of-chinese-medicine-529492,usnews,2026,1401
usn-indian-institute-of-technology-iit-bhu-varanasi-529539,usnews,2026,1401
usn-linnaeus-university-529159,usnews,2026,1401
usn-mohammed-first-university-of-oujda-529326,usnews,2026,1401
usn-golestan-university-of-medical-sciences-530401,usnews,2026,1410
usn-golestan-university-of-medical-sciences-530401,the,2023,351
usn-golestan-university-of-medical-sciences-530401,the,2025,801
usn-hochiminh-city-university-of-medicine-pharmacy-530695,usnews,2026,1410
usn-minjiang-university-530235,usnews,2026,1410
usn-national-polytechnic-institute-506818,usnews,2026,1410
usn-nelson-mandela-metropolitan-university-529355,usnews,2026,1410
usn-saint-johns-university-530053,usnews,2026,1410
usn-suny-downstate-health-sciences-university-529728,usnews,2026,1410
usn-universidad-publica-de-navarra-529169,usnews,2026,1410
usn-university-of-bialystok-530232,usnews,2026,1410
usn-university-of-paris-nord-paris-xiii-528858,usnews,2026,1410
usn-jiangxi-agricultural-university-530062,usnews,2026,1424
usn-universita-degli-studi-del-sannio-benevento-529691,usnews,2026,1424
usn-university-of-south-eastern-norway-529689,usnews,2026,1424
usn-jawaharlal-institute-of-postgraduate-medical-education-research-530405,usnews,2026,1429
usn-kinki-university-kindai-university-505855,usnews,2026,1433
usn-china-three-gorges-university-529478,usnews,2026,1435
usn-ibn-zohr-university-of-agadir-530253,usnews,2026,1435
usn-sidi-mohamed-ben-abdellah-university-of-fez-530071,usnews,2026,1435
usn-hunan-university-of-science-and-technology-529481,usnews,2026,1443
usn-jiangsu-normal-university-529282,usnews,2026,1443
usn-jiangsu-normal-university-529282,the,2020,601
usn-jiangsu-normal-university-529282,the,2021,601
usn-jiangsu-normal-university-529282,the,2022,801
usn-jiangsu-normal-university-529282,the,2023,1001
usn-jiangsu-normal-university-529282,the,2024,1201
usn-jiangsu-normal-university-529282,the,2025,1201
usn-jiangsu-normal-university-529282,the,2026,1501
usn-polytechnic-institute-of-porto-529555,usnews,2026,1443
usn-polytechnic-institute-of-porto-529555,the,2019,601
usn-polytechnic-institute-of-porto-529555,the,2020,801
usn-polytechnic-institute-of-porto-529555,the,2021,1001
usn-polytechnic-institute-of-porto-529555,the,2022,1001
usn-polytechnic-institute-of-porto-529555,the,2023,1001
usn-polytechnic-institute-of-porto-529555,the,2024,1201
usn-polytechnic-institute-of-porto-529555,the,2025,1501
usn-polytechnic-institute-of-porto-529555,the,2026,1501
usn-university-of-zimbabwe-529992,usnews,2026,1443
usn-university-of-zimbabwe-529992,the,2023,1001
usn-university-of-zimbabwe-529992,the,2024,1201
usn-university-of-zimbabwe-529992,the,2025,1501
usn-university-of-zimbabwe-529992,the,2026,1501
usn-nanchang-hangkong-university-529611,usnews,2026,1449
usn-slovak-university-of-agriculture-nitra-530458,usnews,2026,1449
usn-southwest-petroleum-university-529461,usnews,2026,1449
usn-southwest-petroleum-university-529461,the,2022,1201
usn-southwest-petroleum-university-529461,the,2024,1201
usn-southwest-petroleum-university-529461,the,2025,1501
usn-southwest-petroleum-university-529461,the,2026,1501
usn-universidad-de-jaen-529044,usnews,2026,1449
usn-university-of-veterinary-animal-science---pakistan-530076,usnews,2026,1449
usn-guilin-university-of-electronic-technology-529505,usnews,2026,1457
usn-university-of-francois-rabelais-tours-505177,usnews,2026,1457
usn-university-of-limoges-529157,usnews,2026,1457
usn-jiangxi-university-of-finance-economics-530180,usnews,2026,1461
usn-jiangxi-university-of-finance-economics-530180,the,2023,1001
usn-taras-shevchenko-national-university-kiev-529168,usnews,2026,1461
usn-university-of-arkansas-medical-sciences-106263,usnews,2026,1461
usn-chongqing-jiaotong-university-529852,usnews,2026,1468
usn-suny-college-of-environmental-science-196103,usnews,2026,1468
usn-al-mustaqbal-university-college-530569,usnews,2026,1471
usn-guangdong-ocean-university-530011,usnews,2026,1471
usn-hubei-university-of-technology-529727,usnews,2026,1471
usn-metropolitan-autonomous-university-500675,usnews,2026,1471
usn-metropolitan-autonomous-university-500675,the,2018,801
usn-metropolitan-autonomous-university-500675,the,2019,801
usn-metropolitan-autonomous-university-500675,the,2020,601
usn-metropolitan-autonomous-university-500675,the,2021,601
usn-metropolitan-autonomous-university-500675,the,2022,801
usn-metropolitan-autonomous-university-500675,the,2023,1201
usn-metropolitan-autonomous-university-500675,the,2024,1201
usn-metropolitan-autonomous-university-500675,the,2025,1501
usn-metropolitan-autonomous-university-500675,the,2026,1501
usn-nord-university-530051,usnews,2026,1471
usn-hunan-university-of-technology-529606,usnews,2026,1481
usn-warsaw-university-of-life-sciences-529101,usnews,2026,1481
usn-federal-university-of-vicosa-503863,usnews,2026,1484
usn-federal-university-of-vicosa-503863,the,2016,601
usn-federal-university-of-vicosa-503863,the,2017,801
usn-federal-university-of-vicosa-503863,the,2018,1001
usn-federal-university-of-vicosa-503863,the,2019,1001
usn-federal-university-of-vicosa-503863,the,2020,1001
usn-federal-university-of-vicosa-503863,the,2021,1001
usn-federal-university-of-vicosa-503863,the,2022,1201
usn-federal-university-of-vicosa-503863,the,2023,1201
usn-federal-university-of-vicosa-503863,the,2024,1201
usn-federal-university-of-vicosa-503863,the,2025,1501
usn-federal-university-of-vicosa-503863,the,2026,1501
usn-university-of-science-and-technology-529395,usnews,2026,1490
usn-fujian-medical-university-529622,usnews,2026,1495
usn-abdelmalek-essaadi-university-of-tetouan-530298,usnews,2026,1500
usn-guru-nanak-dev-university-529309,usnews,2026,1500
usn-shaoxing-university-530004,usnews,2026,1500
usn-university-of-central-lancashire-529003,usnews,2026,1500
usn-university-of-babylon-530650,usnews,2026,1547
usn-university-of-babylon-530650,the,2023,601
usn-university-of-babylon-530650,the,2024,1201
usn-university-of-babylon-530650,the,2025,1501
usn-university-of-babylon-530650,the,2026,1501
usn-durban-university-of-technology-530223,usnews,2026,1569
usn-durban-university-of-technology-530223,the,2021,401
usn-durban-university-of-technology-530223,the,2022,401
usn-durban-university-of-technology-530223,the,2023,501
usn-durban-university-of-technology-530223,the,2024,1001
usn-durban-university-of-technology-530223,the,2025,1201
usn-durban-university-of-technology-530223,the,2026,1501
usn-ehime-university-505737,usnews,2026,1589
usn-ehime-university-505737,the,2016,601
usn-ehime-university-505737,the,2017,601
usn-ehime-university-505737,the,2018,801
usn-ehime-university-505737,the,2019,1001
usn-ehime-university-505737,the,2020,1001
usn-ehime-university-505737,the,2021,1001
usn-ehime-university-505737,the,2022,1201
usn-ehime-university-505737,the,2023,1201
usn-ehime-university-505737,the,2024,1201
usn-ehime-university-505737,the,2025,1501
usn-ehime-university-505737,the,2026,1501
usn-international-hellenic-university-530577,usnews,2026,1607
usn-international-hellenic-university-530577,the,2023,1201
usn-international-hellenic-university-530577,the,2024,1501
usn-international-hellenic-university-530577,the,2025,1501
usn-international-hellenic-university-530577,the,2026,1501
usn-rikkyo-university-529655,usnews,2026,1607
usn-rikkyo-university-529655,the,2019,601
usn-rikkyo-university-529655,the,2020,801
usn-rikkyo-university-529655,the,2021,801
usn-rikkyo-university-529655,the,2022,1001
usn-rikkyo-university-529655,the,2023,1001
usn-rikkyo-university-529655,the,2024,1201
usn-rikkyo-university-529655,the,2025,1501
usn-rikkyo-university-529655,the,2026,1501
usn-karpagam-academy-of-higher-education-kahe-530772,usnews,2026,1693
usn-karpagam-academy-of-higher-education-kahe-530772,the,2025,1501
usn-karpagam-academy-of-higher-education-kahe-530772,the,2026,1501
usn-universite-de-gabes-530056,usnews,2026,1713
usn-universite-de-gabes-530056,the,2023,1201
usn-universite-de-gabes-530056,the,2024,1501
usn-universite-de-gabes-530056,the,2025,1501
usn-universite-de-gabes-530056,the,2026,1501
usn-university-of-craiova-530492,usnews,2026,1713
usn-university-of-craiova-530492,the,2023,1501
usn-university-of-craiova-530492,the,2024,1501
usn-university-of-craiova-530492,the,2025,1501
usn-university-of-craiova-530492,the,2026,1501
usn-george-emil-palade-university-of-medicine-pharmacy-science-technology-of-targu-mures-530167,usnews,2026,1721
usn-george-emil-palade-university-of-medicine-pharmacy-science-technology-of-targu-mures-530167,the,2021,1001
usn-george-emil-palade-university-of-medicine-pharmacy-science-technology-of-targu-mures-530167,the,2022,1201
usn-george-emil-palade-university-of-medicine-pharmacy-science-technology-of-targu-mures-530167,the,2023,1501
usn-george-emil-palade-university-of-medicine-pharmacy-science-technology-of-targu-mures-530167,the,2024,1201
usn-george-emil-palade-university-of-medicine-pharmacy-science-technology-of-targu-mures-530167,the,2025,1501
usn-george-emil-palade-university-of-medicine-pharmacy-science-technology-of-targu-mures-530167,the,2026,1501
usn-university-of-rwanda-530267,usnews,2026,1721
usn-university-of-rwanda-530267,the,2025,1501
usn-university-of-rwanda-530267,the,2026,1501
usn-yeditepe-university-529952,usnews,2026,1721
usn-yeditepe-university-529952,the,2018,1001
usn-yeditepe-university-529952,the,2019,1001
usn-yeditepe-university-529952,the,2020,1001
usn-yeditepe-university-529952,the,2021,1001
usn-yeditepe-university-529952,the,2022,1201
usn-yeditepe-university-529952,the,2023,1501
usn-yeditepe-university-529952,the,2024,1501
usn-yeditepe-university-529952,the,2025,1501
usn-yeditepe-university-529952,the,2026,1501
usn-universidade-federal-de-sergipe-529586,usnews,2026,1732
usn-universidade-federal-de-sergipe-529586,the,2021,601
usn-universidade-federal-de-sergipe-529586,the,2022,601
usn-universidade-federal-de-sergipe-529586,the,2023,801
usn-universidade-federal-de-sergipe-529586,the,2024,1501
usn-universidade-federal-de-sergipe-529586,the,2025,1501
usn-universidade-federal-de-sergipe-529586,the,2026,1501
usn-east-china-university-of-technology-529973,usnews,2026,1748
usn-east-china-university-of-technology-529973,the,2026,1501
usn-university-of-ryukyus-529099,usnews,2026,1748
usn-university-of-ryukyus-529099,the,2019,1001
usn-university-of-ryukyus-529099,the,2020,1001
usn-university-of-ryukyus-529099,the,2021,1001
usn-university-of-ryukyus-529099,the,2022,1201
usn-university-of-ryukyus-529099,the,2023,1201
usn-university-of-ryukyus-529099,the,2024,1501
usn-university-of-ryukyus-529099,the,2025,1501
usn-university-of-ryukyus-529099,the,2026,1501
usn-yasouj-university-529429,usnews,2026,1748
usn-yasouj-university-529429,the,2020,401
usn-yasouj-university-529429,the,2021,601
usn-yasouj-university-529429,the,2022,801
usn-yasouj-university-529429,the,2023,1001
usn-yasouj-university-529429,the,2024,1201
usn-yasouj-university-529429,the,2025,1201
usn-yasouj-university-529429,the,2026,1501
usn-shanxi-medical-university-529915,usnews,2026,1761
usn-shanxi-medical-university-529915,the,2025,1501
usn-shanxi-medical-university-529915,the,2026,1501
usn-hellenic-open-university-529783,usnews,2026,1770
usn-hellenic-open-university-529783,the,2022,1201
usn-hellenic-open-university-529783,the,2023,1501
usn-hellenic-open-university-529783,the,2024,1501
usn-hellenic-open-university-529783,the,2025,1501
usn-hellenic-open-university-529783,the,2026,1501
usn-nihon-university-504934,usnews,2026,1770
usn-nihon-university-504934,the,2026,1501
usn-ondokuz-mayis-university-504179,usnews,2026,1778
usn-ondokuz-mayis-university-504179,the,2018,1001
usn-ondokuz-mayis-university-504179,the,2019,1001
usn-ondokuz-mayis-university-504179,the,2020,1001
usn-ondokuz-mayis-university-504179,the,2021,1001
usn-ondokuz-mayis-university-504179,the,2022,1201
usn-ondokuz-mayis-university-504179,the,2023,1501
usn-ondokuz-mayis-university-504179,the,2024,1501
usn-ondokuz-mayis-university-504179,the,2025,1501
usn-ondokuz-mayis-university-504179,the,2026,1501
usn-university-of-toyama-501284,usnews,2026,1791
usn-university-of-toyama-501284,the,2017,801
usn-university-of-toyama-501284,the,2018,801
usn-university-of-toyama-501284,the,2019,1001
usn-university-of-toyama-501284,the,2020,1001
usn-university-of-toyama-501284,the,2021,1001
usn-university-of-toyama-501284,the,2022,1201
usn-university-of-toyama-501284,the,2023,1201
usn-university-of-toyama-501284,the,2024,1201
usn-university-of-toyama-501284,the,2025,1201
usn-university-of-toyama-501284,the,2026,1501
usn-kagawa-university-529279,usnews,2026,1798
usn-kagawa-university-529279,the,2018,601
usn-kagawa-university-529279,the,2019,801
usn-kagawa-university-529279,the,2020,1001
usn-kagawa-university-529279,the,2021,1001
usn-kagawa-university-529279,the,2022,1201
usn-kagawa-university-529279,the,2023,1201
usn-kagawa-university-529279,the,2024,1201
usn-kagawa-university-529279,the,2025,1201
usn-kagawa-university-529279,the,2026,1501
usn-muhimbili-university-of-health-and-allied-sciences-529617,usnews,2026,1815
usn-muhimbili-university-of-health-and-allied-sciences-529617,the,2023,401
usn-muhimbili-university-of-health-and-allied-sciences-529617,the,2024,1001
usn-muhimbili-university-of-health-and-allied-sciences-529617,the,2025,1501
usn-muhimbili-university-of-health-and-allied-sciences-529617,the,2026,1501
usn-universidad-mayor-530294,usnews,2026,1815
usn-universidad-mayor-530294,the,2024,1501
usn-universidad-mayor-530294,the,2025,1501
usn-universidad-mayor-530294,the,2026,1501
usn-georgia-southern-university-139931,usnews,2026,1829
usn-georgia-southern-university-139931,the,2022,1001
usn-georgia-southern-university-139931,the,2023,1201
usn-georgia-southern-university-139931,the,2024,1201
usn-georgia-southern-university-139931,the,2025,1501
usn-georgia-southern-university-139931,the,2026,1501
usn-national-university-of-rosario-529046,usnews,2026,1853
usn-national-university-of-rosario-529046,the,2026,1501
usn-yamagata-university-529042,usnews,2026,1853
usn-yamagata-university-529042,the,2017,601
usn-yamagata-university-529042,the,2018,801
usn-yamagata-university-529042,the,2019,801
usn-yamagata-university-529042,the,2020,1001
usn-yamagata-university-529042,the,2021,1001
usn-yamagata-university-529042,the,2022,1201
usn-yamagata-university-529042,the,2023,1201
usn-yamagata-university-529042,the,2024,1201
usn-yamagata-university-529042,the,2025,1201
usn-yamagata-university-529042,the,2026,1501
usn-university-of-west-attica-530310,usnews,2026,1868
usn-university-of-west-attica-530310,the,2023,1501
usn-university-of-west-attica-530310,the,2024,1501
usn-university-of-west-attica-530310,the,2025,1501
usn-university-of-west-attica-530310,the,2026,1501
usn-saga-university-529232,usnews,2026,1884
usn-saga-university-529232,the,2018,801
usn-saga-university-529232,the,2019,1001
usn-saga-university-529232,the,2020,1001
usn-saga-university-529232,the,2021,1001
usn-saga-university-529232,the,2022,1201
usn-saga-university-529232,the,2023,1201
usn-saga-university-529232,the,2024,1501
usn-saga-university-529232,the,2025,1501
usn-saga-university-529232,the,2026,1501
usn-dow-university-of-health-sciences-529934,usnews,2026,1888
usn-dow-university-of-health-sciences-529934,the,2023,601
usn-dow-university-of-health-sciences-529934,the,2024,1201
usn-dow-university-of-health-sciences-529934,the,2025,1501
usn-dow-university-of-health-sciences-529934,the,2026,1501
usn-kocaeli-university-529277,usnews,2026,1888
usn-kocaeli-university-529277,the,2022,1201
usn-kocaeli-university-529277,the,2023,1501
usn-kocaeli-university-529277,the,2024,1501
usn-kocaeli-university-529277,the,2025,1501
usn-kocaeli-university-529277,the,2026,1501
usn-hirosaki-university-529263,usnews,2026,1893
usn-hirosaki-university-529263,the,2026,1501
usn-university-of-oradea-530265,usnews,2026,1893
usn-university-of-oradea-530265,the,2022,1201
usn-university-of-oradea-530265,the,2023,1501
usn-university-of-oradea-530265,the,2024,1201
usn-university-of-oradea-530265,the,2025,1501
usn-university-of-oradea-530265,the,2026,1501
usn-university-of-montenegro-530066,usnews,2026,1906
usn-university-of-montenegro-530066,the,2020,1001
usn-university-of-montenegro-530066,the,2021,1001
usn-university-of-montenegro-530066,the,2022,1201
usn-university-of-montenegro-530066,the,2023,1501
usn-university-of-montenegro-530066,the,2024,1501
usn-university-of-montenegro-530066,the,2025,1501
usn-university-of-montenegro-530066,the,2026,1501
usn-recep-tayyip-erdogan-university-530141,usnews,2026,1911
usn-recep-tayyip-erdogan-university-530141,the,2021,1001
usn-recep-tayyip-erdogan-university-530141,the,2022,1201
usn-recep-tayyip-erdogan-university-530141,the,2023,1501
usn-recep-tayyip-erdogan-university-530141,the,2024,1501
usn-recep-tayyip-erdogan-university-530141,the,2025,1501
usn-recep-tayyip-erdogan-university-530141,the,2026,1501
usn-university-zanjan-530052,usnews,2026,1914
usn-university-zanjan-530052,the,2017,801
usn-university-zanjan-530052,the,2018,1001
usn-university-zanjan-530052,the,2019,1001
usn-university-zanjan-530052,the,2020,1001
usn-university-zanjan-530052,the,2023,1201
usn-university-zanjan-530052,the,2024,1201
usn-university-zanjan-530052,the,2025,1501
usn-university-zanjan-530052,the,2026,1501
usn-harran-university-530058,usnews,2026,1922
usn-harran-university-530058,the,2026,1501
usn-lobachevsky-state-university-nizhni-novgorod-529207,usnews,2026,1922
usn-lobachevsky-state-university-nizhni-novgorod-529207,the,2017,801
usn-lobachevsky-state-university-nizhni-novgorod-529207,the,2018,801
usn-lobachevsky-state-university-nizhni-novgorod-529207,the,2019,1001
usn-lobachevsky-state-university-nizhni-novgorod-529207,the,2020,1001
usn-lobachevsky-state-university-nizhni-novgorod-529207,the,2021,1001
usn-lobachevsky-state-university-nizhni-novgorod-529207,the,2022,1201
usn-lobachevsky-state-university-nizhni-novgorod-529207,the,2023,1201
usn-lobachevsky-state-university-nizhni-novgorod-529207,the,2024,1501
usn-lobachevsky-state-university-nizhni-novgorod-529207,the,2025,1501
usn-lobachevsky-state-university-nizhni-novgorod-529207,the,2026,1501
usn-lucian-blaga-university-of-sibiu-530784,usnews,2026,1931
usn-lucian-blaga-university-of-sibiu-530784,the,2022,1201
usn-lucian-blaga-university-of-sibiu-530784,the,2023,1501
usn-lucian-blaga-university-of-sibiu-530784,the,2024,1501
usn-lucian-blaga-university-of-sibiu-530784,the,2025,1501
usn-lucian-blaga-university-of-sibiu-530784,the,2026,1501
usn-christ-university-530591,usnews,2026,1945
usn-christ-university-530591,the,2024,1201
usn-christ-university-530591,the,2025,1501
usn-christ-university-530591,the,2026,1501
usn-toho-university-529265,usnews,2026,1950
usn-toho-university-529265,the,2019,801
usn-toho-university-529265,the,2020,1001
usn-toho-university-529265,the,2021,1001
usn-toho-university-529265,the,2022,1201
usn-toho-university-529265,the,2023,1201
usn-toho-university-529265,the,2024,1201
usn-toho-university-529265,the,2025,1501
usn-toho-university-529265,the,2026,1501
usn-jianghan-university-530073,usnews,2026,1955
usn-jianghan-university-530073,the,2021,1001
usn-jianghan-university-530073,the,2022,1001
usn-jianghan-university-530073,the,2023,1201
usn-jianghan-university-530073,the,2024,1501
usn-jianghan-university-530073,the,2025,1501
usn-jianghan-university-530073,the,2026,1501
usn-mersin-university-528942,usnews,2026,1957
usn-mersin-university-528942,the,2025,1501
usn-mersin-university-528942,the,2026,1501
usn-tokyo-university-of-marine-science-technology-530054,usnews,2026,1960
usn-tokyo-university-of-marine-science-technology-530054,the,2016,601
usn-tokyo-university-of-marine-science-technology-530054,the,2017,801
usn-tokyo-university-of-marine-science-technology-530054,the,2018,801
usn-tokyo-university-of-marine-science-technology-530054,the,2019,1001
usn-tokyo-university-of-marine-science-technology-530054,the,2020,1001
usn-tokyo-university-of-marine-science-technology-530054,the,2021,1001
usn-tokyo-university-of-marine-science-technology-530054,the,2022,1201
usn-tokyo-university-of-marine-science-technology-530054,the,2023,1201
usn-tokyo-university-of-marine-science-technology-530054,the,2024,1201
usn-tokyo-university-of-marine-science-technology-530054,the,2025,1201
usn-tokyo-university-of-marine-science-technology-530054,the,2026,1501
usn-universidade-estadual-de-maringa-529117,usnews,2026,1960
usn-universidade-estadual-de-maringa-529117,the,2017,801
usn-universidade-estadual-de-maringa-529117,the,2018,1001
usn-universidade-estadual-de-maringa-529117,the,2019,1001
usn-universidade-estadual-de-maringa-529117,the,2020,1001
usn-universidade-estadual-de-maringa-529117,the,2021,1001
usn-universidade-estadual-de-maringa-529117,the,2022,1201
usn-universidade-estadual-de-maringa-529117,the,2023,1501
usn-universidade-estadual-de-maringa-529117,the,2024,1501
usn-universidade-estadual-de-maringa-529117,the,2025,1501
usn-universidade-estadual-de-maringa-529117,the,2026,1501
usn-universite-badji-mokhtar-annaba-529722,usnews,2026,1960
usn-universite-badji-mokhtar-annaba-529722,the,2019,1001
usn-universite-badji-mokhtar-annaba-529722,the,2022,1201
usn-universite-badji-mokhtar-annaba-529722,the,2023,1501
usn-universite-badji-mokhtar-annaba-529722,the,2024,1501
usn-universite-badji-mokhtar-annaba-529722,the,2025,1501
usn-universite-badji-mokhtar-annaba-529722,the,2026,1501
usn-bozok-university-530281,usnews,2026,1967
usn-bozok-university-530281,the,2023,1201
usn-bozok-university-530281,the,2024,1501
usn-bozok-university-530281,the,2025,1501
usn-bozok-university-530281,the,2026,1501
usn-universidad-francisco-de-vitoria-530590,usnews,2026,1967
usn-universidad-francisco-de-vitoria-530590,the,2025,1501
usn-universidad-francisco-de-vitoria-530590,the,2026,1501
usn-wroclaw-university-of-environmental-and-life-sciences-529558,usnews,2026,1975
usn-wroclaw-university-of-environmental-and-life-sciences-529558,the,2021,1001
usn-wroclaw-university-of-environmental-and-life-sciences-529558,the,2022,1201
usn-wroclaw-university-of-environmental-and-life-sciences-529558,the,2023,1201
usn-wroclaw-university-of-environmental-and-life-sciences-529558,the,2024,1201
usn-wroclaw-university-of-environmental-and-life-sciences-529558,the,2025,1501
usn-wroclaw-university-of-environmental-and-life-sciences-529558,the,2026,1501
usn-dunarea-de-jos-university-galati-530308,usnews,2026,1990
usn-dunarea-de-jos-university-galati-530308,the,2021,1001
usn-dunarea-de-jos-university-galati-530308,the,2022,1201
usn-dunarea-de-jos-university-galati-530308,the,2023,1501
usn-dunarea-de-jos-university-galati-530308,the,2024,1501
usn-dunarea-de-jos-university-galati-530308,the,2025,1501
usn-dunarea-de-jos-university-galati-530308,the,2026,1501
usn-sinop-university-529790,usnews,2026,1990
usn-sinop-university-529790,the,2026,1501
usn-shahid-sadoughi-university-of-medical-sciences-530786,usnews,2026,1994
usn-shahid-sadoughi-university-of-medical-sciences-530786,the,2024,1201
usn-shahid-sadoughi-university-of-medical-sciences-530786,the,2025,1201
usn-shahid-sadoughi-university-of-medical-sciences-530786,the,2026,1501
usn-gaziantep-university-528972,usnews,2026,2002
usn-gaziantep-university-528972,the,2020,1001
usn-gaziantep-university-528972,the,2021,1001
usn-gaziantep-university-528972,the,2022,1201
usn-gaziantep-university-528972,the,2023,1501
usn-gaziantep-university-528972,the,2024,1501
usn-gaziantep-university-528972,the,2025,1501
usn-gaziantep-university-528972,the,2026,1501
usn-eskisehir-osmangazi-university-529293,usnews,2026,2011
usn-eskisehir-osmangazi-university-529293,the,2021,1001
usn-eskisehir-osmangazi-university-529293,the,2022,1201
usn-eskisehir-osmangazi-university-529293,the,2023,1501
usn-eskisehir-osmangazi-university-529293,the,2024,1501
usn-eskisehir-osmangazi-university-529293,the,2025,1501
usn-eskisehir-osmangazi-university-529293,the,2026,1501
usn-nagaoka-university-of-technology-529077,usnews,2026,2021
usn-nagaoka-university-of-technology-529077,the,2017,801
usn-nagaoka-university-of-technology-529077,the,2018,801
usn-nagaoka-university-of-technology-529077,the,2019,1001
usn-nagaoka-university-of-technology-529077,the,2020,1001
usn-nagaoka-university-of-technology-529077,the,2021,1001
usn-nagaoka-university-of-technology-529077,the,2022,1201
usn-nagaoka-university-of-technology-529077,the,2023,1201
usn-nagaoka-university-of-technology-529077,the,2024,1201
usn-nagaoka-university-of-technology-529077,the,2025,1201
usn-nagaoka-university-of-technology-529077,the,2026,1501
usn-university-of-rzeszow-529560,usnews,2026,2032
usn-university-of-rzeszow-529560,the,2026,1501
usn-polytechnic-university-of-timisoara-529464,usnews,2026,2041
usn-polytechnic-university-of-timisoara-529464,the,2020,1001
usn-polytechnic-university-of-timisoara-529464,the,2021,1001
usn-polytechnic-university-of-timisoara-529464,the,2022,1201
usn-polytechnic-university-of-timisoara-529464,the,2023,1501
usn-polytechnic-university-of-timisoara-529464,the,2024,1501
usn-polytechnic-university-of-timisoara-529464,the,2025,1501
usn-polytechnic-university-of-timisoara-529464,the,2026,1501
usn-kitasato-university-505240,usnews,2026,2048
usn-kitasato-university-505240,the,2018,801
usn-kitasato-university-505240,the,2019,1001
usn-kitasato-university-505240,the,2020,1001
usn-kitasato-university-505240,the,2021,1001
usn-kitasato-university-505240,the,2022,1201
usn-kitasato-university-505240,the,2023,1201
usn-kitasato-university-505240,the,2024,1201
usn-kitasato-university-505240,the,2025,1501
usn-kitasato-university-505240,the,2026,1501
usn-shimane-university-529295,usnews,2026,2054
usn-shimane-university-529295,the,2017,801
usn-shimane-university-529295,the,2018,801
usn-shimane-university-529295,the,2019,1001
usn-shimane-university-529295,the,2020,1001
usn-shimane-university-529295,the,2021,1001
usn-shimane-university-529295,the,2022,1201
usn-shimane-university-529295,the,2023,1501
usn-shimane-university-529295,the,2024,1501
usn-shimane-university-529295,the,2025,1501
usn-shimane-university-529295,the,2026,1501
usn-chosun-university-529249,usnews,2026,2056
usn-chosun-university-529249,the,2023,1201
usn-chosun-university-529249,the,2024,1201
usn-chosun-university-529249,the,2025,1201
usn-chosun-university-529249,the,2026,1501
usn-kastamonu-university-530322,usnews,2026,2056
usn-kastamonu-university-530322,the,2024,1501
usn-kastamonu-university-530322,the,2025,1501
usn-kastamonu-university-530322,the,2026,1501
usn-universidade-federal-do-maranhao-530082,usnews,2026,2056
usn-universidade-federal-do-maranhao-530082,the,2021,1001
usn-universidade-federal-do-maranhao-530082,the,2022,1201
usn-universidade-federal-do-maranhao-530082,the,2023,1501
usn-universidade-federal-do-maranhao-530082,the,2024,1501
usn-universidade-federal-do-maranhao-530082,the,2025,1501
usn-universidade-federal-do-maranhao-530082,the,2026,1501
usn-payame-noor-university-529865,usnews,2026,2068
usn-payame-noor-university-529865,the,2023,1501
usn-payame-noor-university-529865,the,2024,1501
usn-payame-noor-university-529865,the,2025,1501
usn-payame-noor-university-529865,the,2026,1501
usn-universidad-catolica-del-maule-530349,usnews,2026,2068
usn-universidad-catolica-del-maule-530349,the,2024,1501
usn-universidad-catolica-del-maule-530349,the,2025,1501
usn-universidad-catolica-del-maule-530349,the,2026,1501
usn-naresuan-university-530075,usnews,2026,2088
usn-naresuan-university-530075,the,2019,1001
usn-naresuan-university-530075,the,2020,1001
usn-naresuan-university-530075,the,2021,1001
usn-naresuan-university-530075,the,2022,1201
usn-naresuan-university-530075,the,2023,1501
usn-naresuan-university-530075,the,2024,1501
usn-naresuan-university-530075,the,2025,1501
usn-naresuan-university-530075,the,2026,1501
usn-razi-university-529417,usnews,2026,2088
usn-razi-university-529417,the,2021,1001
usn-razi-university-529417,the,2022,1201
usn-razi-university-529417,the,2024,1001
usn-razi-university-529417,the,2025,1201
usn-razi-university-529417,the,2026,1501
usn-universidad-catolica-de-la-santisima-concepcion-530285,usnews,2026,2104
usn-universidad-catolica-de-la-santisima-concepcion-530285,the,2024,1501
usn-universidad-catolica-de-la-santisima-concepcion-530285,the,2025,1501
usn-universidad-catolica-de-la-santisima-concepcion-530285,the,2026,1501
usn-karabuk-university-530124,usnews,2026,2116
usn-karabuk-university-530124,the,2020,801
usn-karabuk-university-530124,the,2021,801
usn-karabuk-university-530124,the,2022,1001
usn-karabuk-university-530124,the,2023,1201
usn-karabuk-university-530124,the,2024,1201
usn-karabuk-university-530124,the,2025,1501
usn-karabuk-university-530124,the,2026,1501
usn-university-of-yamanashi-529231,usnews,2026,2141
usn-university-of-yamanashi-529231,the,2017,601
usn-university-of-yamanashi-529231,the,2018,801
usn-university-of-yamanashi-529231,the,2019,801
usn-university-of-yamanashi-529231,the,2020,1001
usn-university-of-yamanashi-529231,the,2021,1001
usn-university-of-yamanashi-529231,the,2022,1201
usn-university-of-yamanashi-529231,the,2023,1201
usn-university-of-yamanashi-529231,the,2024,1201
usn-university-of-yamanashi-529231,the,2025,1501
usn-university-of-yamanashi-529231,the,2026,1501
usn-chung-shan-medical-university-529116,usnews,2026,2144
usn-chung-shan-medical-university-529116,the,2024,1201
usn-chung-shan-medical-university-529116,the,2025,1501
usn-chung-shan-medical-university-529116,the,2026,1501
usn-giresun-university-529785,usnews,2026,2144
usn-giresun-university-529785,the,2026,1501
usn-university-of-danang-530596,usnews,2026,2152
usn-university-of-danang-530596,the,2026,1501
usn-university-of-lethbridge-529030,usnews,2026,2163
usn-university-of-lethbridge-529030,the,2020,1001
usn-university-of-lethbridge-529030,the,2021,1001
usn-university-of-lethbridge-529030,the,2022,1201
usn-university-of-lethbridge-529030,the,2023,1201
usn-university-of-lethbridge-529030,the,2024,1201
usn-university-of-lethbridge-529030,the,2025,1501
usn-university-of-lethbridge-529030,the,2026,1501
usn-canakkale-onsekiz-mart-university-530086,usnews,2026,2171
usn-canakkale-onsekiz-mart-university-530086,the,2026,1501
usn-shizuoka-university-503668,usnews,2026,2171
usn-shizuoka-university-503668,the,2017,801
usn-shizuoka-university-503668,the,2018,801
usn-shizuoka-university-503668,the,2019,1001
usn-shizuoka-university-503668,the,2020,1001
usn-shizuoka-university-503668,the,2021,1001
usn-shizuoka-university-503668,the,2022,1201
usn-shizuoka-university-503668,the,2023,1501
usn-shizuoka-university-503668,the,2024,1501
usn-shizuoka-university-503668,the,2025,1501
usn-shizuoka-university-503668,the,2026,1501
usn-tottori-university-529530,usnews,2026,2171
usn-tottori-university-529530,the,2016,601
usn-tottori-university-529530,the,2017,801
usn-tottori-university-529530,the,2018,1001
usn-tottori-university-529530,the,2019,1001
usn-tottori-university-529530,the,2020,1001
usn-tottori-university-529530,the,2021,1001
usn-tottori-university-529530,the,2022,1201
usn-tottori-university-529530,the,2023,1501
usn-tottori-university-529530,the,2024,1501
usn-tottori-university-529530,the,2025,1501
usn-tottori-university-529530,the,2026,1501
usn-grigore-t-popa-university-of-medicine-and-pharmacy-529245,usnews,2026,2175
usn-grigore-t-popa-university-of-medicine-and-pharmacy-529245,the,2018,801
usn-grigore-t-popa-university-of-medicine-and-pharmacy-529245,the,2019,1001
usn-grigore-t-popa-university-of-medicine-and-pharmacy-529245,the,2020,1001
usn-grigore-t-popa-university-of-medicine-and-pharmacy-529245,the,2021,1001
usn-grigore-t-popa-university-of-medicine-and-pharmacy-529245,the,2022,1201
usn-grigore-t-popa-university-of-medicine-and-pharmacy-529245,the,2023,1501
usn-grigore-t-popa-university-of-medicine-and-pharmacy-529245,the,2024,1501
usn-grigore-t-popa-university-of-medicine-and-pharmacy-529245,the,2025,1501
usn-grigore-t-popa-university-of-medicine-and-pharmacy-529245,the,2026,1501
usn-kwansei-gakuin-university-530072,usnews,2026,2175
usn-kwansei-gakuin-university-530072,the,2017,801
usn-kwansei-gakuin-university-530072,the,2018,1001
usn-kwansei-gakuin-university-530072,the,2019,1001
usn-kwansei-gakuin-university-530072,the,2020,1001
usn-kwansei-gakuin-university-530072,the,2021,1001
usn-kwansei-gakuin-university-530072,the,2022,1201
usn-kwansei-gakuin-university-530072,the,2023,1501
usn-kwansei-gakuin-university-530072,the,2024,1501
usn-kwansei-gakuin-university-530072,the,2025,1501
usn-kwansei-gakuin-university-530072,the,2026,1501
usn-saitama-medical-university-529373,usnews,2026,2179
usn-saitama-medical-university-529373,the,2017,801
usn-saitama-medical-university-529373,the,2018,801
usn-saitama-medical-university-529373,the,2019,1001
usn-saitama-medical-university-529373,the,2020,1001
usn-saitama-medical-university-529373,the,2021,1001
usn-saitama-medical-university-529373,the,2022,1001
usn-saitama-medical-university-529373,the,2023,1201
usn-saitama-medical-university-529373,the,2024,1201
usn-saitama-medical-university-529373,the,2025,1201
usn-saitama-medical-university-529373,the,2026,1501
usn-teikyo-university-529123,usnews,2026,2179
usn-teikyo-university-529123,the,2019,401
usn-teikyo-university-529123,the,2020,401
usn-teikyo-university-529123,the,2021,501
usn-teikyo-university-529123,the,2022,801
usn-teikyo-university-529123,the,2023,1201
usn-teikyo-university-529123,the,2024,1501
usn-teikyo-university-529123,the,2025,1501
usn-teikyo-university-529123,the,2026,1501
usn-tokyo-university-of-agriculture-504314,usnews,2026,2179
usn-tokyo-university-of-agriculture-504314,the,2019,1001
usn-tokyo-university-of-agriculture-504314,the,2020,1001
usn-tokyo-university-of-agriculture-504314,the,2021,1001
usn-tokyo-university-of-agriculture-504314,the,2022,1201
usn-tokyo-university-of-agriculture-504314,the,2023,1501
usn-tokyo-university-of-agriculture-504314,the,2024,1501
usn-tokyo-university-of-agriculture-504314,the,2025,1501
usn-tokyo-university-of-agriculture-504314,the,2026,1501
usn-universidad-industrial-de-santander-530035,usnews,2026,2179
usn-universidad-industrial-de-santander-530035,the,2019,801
usn-universidad-industrial-de-santander-530035,the,2020,1001
usn-universidad-industrial-de-santander-530035,the,2021,1001
usn-universidad-industrial-de-santander-530035,the,2022,1201
usn-universidad-industrial-de-santander-530035,the,2023,1501
usn-universidad-industrial-de-santander-530035,the,2024,1501
usn-universidad-industrial-de-santander-530035,the,2025,1501
usn-universidad-industrial-de-santander-530035,the,2026,1501
usn-university-of-basrah-510010,usnews,2026,2179
usn-university-of-basrah-510010,the,2021,1001
usn-university-of-basrah-510010,the,2022,1201
usn-university-of-basrah-510010,the,2023,1501
usn-university-of-basrah-510010,the,2024,1501
usn-university-of-basrah-510010,the,2025,1501
usn-university-of-basrah-510010,the,2026,1501
usn-yamaguchi-university-505526,usnews,2026,2179
usn-yamaguchi-university-505526,the,2017,801
usn-yamaguchi-university-505526,the,2018,801
usn-yamaguchi-university-505526,the,2019,1001
usn-yamaguchi-university-505526,the,2020,1001
usn-yamaguchi-university-505526,the,2021,1001
usn-yamaguchi-university-505526,the,2022,1201
usn-yamaguchi-university-505526,the,2023,1501
usn-yamaguchi-university-505526,the,2024,1201
usn-yamaguchi-university-505526,the,2025,1501
usn-yamaguchi-university-505526,the,2026,1501
usn-izmir-katip-celebi-university-530088,usnews,2026,2198
usn-izmir-katip-celebi-university-530088,the,2026,1501
usn-universidad-michoacana-de-san-nicolas-de-hidalgo-529330,usnews,2026,2198
usn-universidad-michoacana-de-san-nicolas-de-hidalgo-529330,the,2019,1001
usn-universidad-michoacana-de-san-nicolas-de-hidalgo-529330,the,2020,1001
usn-universidad-michoacana-de-san-nicolas-de-hidalgo-529330,the,2021,1001
usn-universidad-michoacana-de-san-nicolas-de-hidalgo-529330,the,2022,1201
usn-universidad-michoacana-de-san-nicolas-de-hidalgo-529330,the,2023,1501
usn-universidad-michoacana-de-san-nicolas-de-hidalgo-529330,the,2025,1501
usn-universidad-michoacana-de-san-nicolas-de-hidalgo-529330,the,2026,1501
usn-university-of-szczecin-530291,usnews,2026,2202
usn-university-of-szczecin-530291,the,2025,1501
usn-university-of-szczecin-530291,the,2026,1501
usn-universidade-do-estado-de-santa-catarina-530008,usnews,2026,2207
usn-universidade-do-estado-de-santa-catarina-530008,the,2020,1001
usn-universidade-do-estado-de-santa-catarina-530008,the,2021,1001
usn-universidade-do-estado-de-santa-catarina-530008,the,2022,1201
usn-universidade-do-estado-de-santa-catarina-530008,the,2023,1501
usn-universidade-do-estado-de-santa-catarina-530008,the,2024,1501
usn-universidade-do-estado-de-santa-catarina-530008,the,2025,1501
usn-universidade-do-estado-de-santa-catarina-530008,the,2026,1501
usn-konya-technical-university-530604,usnews,2026,2215
usn-konya-technical-university-530604,the,2025,1501
usn-konya-technical-university-530604,the,2026,1501
usn-saitama-university-529191,usnews,2026,2219
usn-saitama-university-529191,the,2016,601
usn-saitama-university-529191,the,2017,801
usn-saitama-university-529191,the,2018,801
usn-saitama-university-529191,the,2019,801
usn-saitama-university-529191,the,2020,1001
usn-saitama-university-529191,the,2021,1001
usn-saitama-university-529191,the,2022,1201
usn-saitama-university-529191,the,2023,1501
usn-saitama-university-529191,the,2024,1501
usn-saitama-university-529191,the,2025,1501
usn-saitama-university-529191,the,2026,1501
usn-shibaura-institute-of-technology-530300,usnews,2026,2219
usn-shibaura-institute-of-technology-530300,the,2017,801
usn-shibaura-institute-of-technology-530300,the,2018,1001
usn-shibaura-institute-of-technology-530300,the,2019,1001
usn-shibaura-institute-of-technology-530300,the,2020,1001
usn-shibaura-institute-of-technology-530300,the,2021,1001
usn-shibaura-institute-of-technology-530300,the,2022,1201
usn-shibaura-institute-of-technology-530300,the,2023,1201
usn-shibaura-institute-of-technology-530300,the,2024,1201
usn-shibaura-institute-of-technology-530300,the,2025,1501
usn-shibaura-institute-of-technology-530300,the,2026,1501
usn-mie-university-529216,usnews,2026,2226
usn-mie-university-529216,the,2018,801
usn-mie-university-529216,the,2020,1001
usn-mie-university-529216,the,2021,1001
usn-mie-university-529216,the,2022,1201
usn-mie-university-529216,the,2023,1201
usn-mie-university-529216,the,2024,1201
usn-mie-university-529216,the,2025,1501
usn-mie-university-529216,the,2026,1501
usn-universidade-federal-de-ouro-preto-529582,usnews,2026,2237
usn-universidade-federal-de-ouro-preto-529582,the,2017,801
usn-universidade-federal-de-ouro-preto-529582,the,2018,1001
usn-universidade-federal-de-ouro-preto-529582,the,2020,1001
usn-universidade-federal-de-ouro-preto-529582,the,2021,1001
usn-universidade-federal-de-ouro-preto-529582,the,2022,1201
usn-universidade-federal-de-ouro-preto-529582,the,2023,1501
usn-universidade-federal-de-ouro-preto-529582,the,2024,1501
usn-universidade-federal-de-ouro-preto-529582,the,2026,1501
usn-baskent-university-529924,usnews,2026,2242
usn-baskent-university-529924,the,2020,1001
usn-baskent-university-529924,the,2021,1001
usn-baskent-university-529924,the,2022,1201
usn-baskent-university-529924,the,2023,1501
usn-baskent-university-529924,the,2024,1501
usn-baskent-university-529924,the,2025,1501
usn-baskent-university-529924,the,2026,1501
usn-national-chin-yi-university-of-technology-530340,usnews,2026,2242
usn-national-chin-yi-university-of-technology-530340,the,2020,1001
usn-national-chin-yi-university-of-technology-530340,the,2021,1001
usn-national-chin-yi-university-of-technology-530340,the,2022,1201
usn-national-chin-yi-university-of-technology-530340,the,2023,1201
usn-national-chin-yi-university-of-technology-530340,the,2024,1201
usn-national-chin-yi-university-of-technology-530340,the,2025,1501
usn-national-chin-yi-university-of-technology-530340,the,2026,1501
usn-lucknow-university-530429,usnews,2026,2248
usn-lucknow-university-530429,the,2021,1001
usn-lucknow-university-530429,the,2022,1201
usn-lucknow-university-530429,the,2023,1201
usn-lucknow-university-530429,the,2024,1501
usn-lucknow-university-530429,the,2025,1501
usn-lucknow-university-530429,the,2026,1501
usn-nigde-omer-halisdemir-university-530337,usnews,2026,2248
usn-nigde-omer-halisdemir-university-530337,the,2024,1501
usn-nigde-omer-halisdemir-university-530337,the,2025,1501
usn-nigde-omer-halisdemir-university-530337,the,2026,1501
the-federico-santa-maria-technical-university,the,2015,251
the-federico-santa-maria-technical-university,the,2016,401
the-federico-santa-maria-technical-university,the,2017,401
the-federico-santa-maria-technical-university,the,2018,501
the-federico-santa-maria-technical-university,the,2019,601
the-federico-santa-maria-technical-university,the,2020,801
the-federico-santa-maria-technical-university,the,2021,1001
the-federico-santa-maria-technical-university,the,2022,1201
the-federico-santa-maria-technical-university,the,2023,1201
the-federico-santa-maria-technical-university,the,2024,1201
the-federico-santa-maria-technical-university,the,2025,1501
the-federico-santa-maria-technical-university,the,2026,1501
the-university-cadi-ayyad-marrakech,the,2015,301
the-university-cadi-ayyad-marrakech,the,2016,601
the-university-cadi-ayyad-marrakech,the,2017,801
the-university-cadi-ayyad-marrakech,the,2018,801
the-university-cadi-ayyad-marrakech,the,2019,801
the-university-cadi-ayyad-marrakech,the,2020,1001
the-university-cadi-ayyad-marrakech,the,2021,1001
the-university-cadi-ayyad-marrakech,the,2022,1201
the-university-cadi-ayyad-marrakech,the,2023,1001
the-university-cadi-ayyad-marrakech,the,2024,1201
the-university-cadi-ayyad-marrakech,the,2025,1501
the-university-cadi-ayyad-marrakech,the,2026,1501
the-austral-university-chile,the,2016,601
the-austral-university-chile,the,2017,601
the-austral-university-chile,the,2018,801
the-austral-university-chile,the,2019,801
the-austral-university-chile,the,2020,1001
the-austral-university-chile,the,2021,1001
the-austral-university-chile,the,2022,1201
the-austral-university-chile,the,2023,1201
the-austral-university-chile,the,2024,1201
the-austral-university-chile,the,2025,1501
the-austral-university-chile,the,2026,1501
the-federal-university-lavras,the,2016,601
the-federal-university-lavras,the,2017,801
the-federal-university-lavras,the,2018,1001
the-federal-university-lavras,the,2019,1001
the-federal-university-lavras,the,2020,1001
the-federal-university-lavras,the,2021,1001
the-federal-university-lavras,the,2022,1201
the-federal-university-lavras,the,2023,1201
the-federal-university-lavras,the,2024,1201
the-federal-university-lavras,the,2025,1201
the-federal-university-lavras,the,2026,1501
the-pontificia-universidad-catolica-de-valparaiso,the,2016,601
the-pontificia-universidad-catolica-de-valparaiso,the,2017,801
the-pontificia-universidad-catolica-de-valparaiso,the,2018,801
the-pontificia-universidad-catolica-de-valparaiso,the,2019,1001
the-pontificia-universidad-catolica-de-valparaiso,the,2020,1001
the-pontificia-universidad-catolica-de-valparaiso,the,2021,1001
the-pontificia-universidad-catolica-de-valparaiso,the,2022,1001
the-pontificia-universidad-catolica-de-valparaiso,the,2023,1201
the-pontificia-universidad-catolica-de-valparaiso,the,2024,1201
the-pontificia-universidad-catolica-de-valparaiso,the,2025,1501
the-pontificia-universidad-catolica-de-valparaiso,the,2026,1501
the-university-santiago-chile-usach,the,2016,601
the-university-santiago-chile-usach,the,2017,801
the-university-santiago-chile-usach,the,2018,801
the-university-santiago-chile-usach,the,2019,1001
the-university-santiago-chile-usach,the,2020,1001
the-university-santiago-chile-usach,the,2021,1001
the-university-santiago-chile-usach,the,2022,1201
the-university-santiago-chile-usach,the,2023,1201
the-university-santiago-chile-usach,the,2024,1501
the-university-santiago-chile-usach,the,2025,1501
the-university-santiago-chile-usach,the,2026,1501
the-university-west-bohemia,the,2016,601
the-university-west-bohemia,the,2017,801
the-university-west-bohemia,the,2018,801
the-university-west-bohemia,the,2019,1001
the-university-west-bohemia,the,2020,1001
the-university-west-bohemia,the,2021,1001
the-university-west-bohemia,the,2022,1001
the-university-west-bohemia,the,2023,1201
the-university-west-bohemia,the,2024,1201
the-university-west-bohemia,the,2025,1201
the-university-west-bohemia,the,2026,1501
the-atilim-university,the,2017,401
the-atilim-university,the,2018,601
the-atilim-university,the,2019,801
the-atilim-university,the,2020,801
the-atilim-university,the,2021,1001
the-atilim-university,the,2022,1001
the-atilim-university,the,2023,1001
the-atilim-university,the,2024,1201
the-atilim-university,the,2025,1501
the-atilim-university,the,2026,1501
the-kochi-university,the,2017,601
the-kochi-university,the,2018,601
the-kochi-university,the,2019,801
the-kochi-university,the,2020,1001
the-kochi-university,the,2021,1001
the-kochi-university,the,2022,1201
the-kochi-university,the,2023,1501
the-kochi-university,the,2024,1501
the-kochi-university,the,2025,1501
the-kochi-university,the,2026,1501
the-sri-venkateswara-university,the,2017,601
the-sri-venkateswara-university,the,2018,801
the-sri-venkateswara-university,the,2019,801
the-sri-venkateswara-university,the,2020,801
the-sri-venkateswara-university,the,2021,801
the-sri-venkateswara-university,the,2022,1001
the-sri-venkateswara-university,the,2023,1201
the-sri-venkateswara-university,the,2024,1201
the-sri-venkateswara-university,the,2025,1201
the-sri-venkateswara-university,the,2026,1501
the-acharya-nagarjuna-university,the,2017,801
the-acharya-nagarjuna-university,the,2019,801
the-acharya-nagarjuna-university,the,2020,801
the-acharya-nagarjuna-university,the,2021,1001
the-acharya-nagarjuna-university,the,2022,1001
the-acharya-nagarjuna-university,the,2023,1201
the-acharya-nagarjuna-university,the,2024,1201
the-acharya-nagarjuna-university,the,2025,1501
the-acharya-nagarjuna-university,the,2026,1501
the-university-andes-venezuela,the,2017,801
the-university-andes-venezuela,the,2018,1001
the-university-andes-venezuela,the,2019,1001
the-university-andes-venezuela,the,2020,1001
the-university-andes-venezuela,the,2021,1001
the-university-andes-venezuela,the,2022,1201
the-university-andes-venezuela,the,2023,1501
the-university-andes-venezuela,the,2024,1501
the-university-andes-venezuela,the,2025,1501
the-university-andes-venezuela,the,2026,1501
the-chiba-institute-technology,the,2017,801
the-chiba-institute-technology,the,2018,1001
the-chiba-institute-technology,the,2019,1001
the-chiba-institute-technology,the,2020,1001
the-chiba-institute-technology,the,2021,1001
the-chiba-institute-technology,the,2022,1201
the-chiba-institute-technology,the,2023,1501
the-chiba-institute-technology,the,2024,1501
the-chiba-institute-technology,the,2025,1501
the-chiba-institute-technology,the,2026,1501
the-chuo-university,the,2017,801
the-chuo-university,the,2018,801
the-chuo-university,the,2019,1001
the-chuo-university,the,2020,1001
the-chuo-university,the,2021,1001
the-chuo-university,the,2022,1201
the-chuo-university,the,2023,1501
the-chuo-university,the,2024,1501
the-chuo-university,the,2025,1501
the-chuo-university,the,2026,1501
the-university-costa-rica,the,2017,801
the-university-costa-rica,the,2018,801
the-university-costa-rica,the,2019,601
the-university-costa-rica,the,2020,601
the-university-costa-rica,the,2021,501
the-university-costa-rica,the,2022,501
the-university-costa-rica,the,2023,601
the-university-costa-rica,the,2024,1201
the-university-costa-rica,the,2025,1501
the-university-costa-rica,the,2026,1501
the-federal-university-goias,the,2017,801
the-federal-university-goias,the,2018,1001
the-federal-university-goias,the,2019,1001
the-federal-university-goias,the,2020,1001
the-federal-university-goias,the,2021,1001
the-federal-university-goias,the,2022,1201
the-federal-university-goias,the,2023,1201
the-federal-university-goias,the,2024,1201
the-federal-university-goias,the,2025,1501
the-federal-university-goias,the,2026,1501
the-federal-university-rio-grande-do-norte-ufrn,the,2017,801
the-federal-university-rio-grande-do-norte-ufrn,the,2018,801
the-federal-university-rio-grande-do-norte-ufrn,the,2019,1001
the-federal-university-rio-grande-do-norte-ufrn,the,2020,1001
the-federal-university-rio-grande-do-norte-ufrn,the,2021,1001
the-federal-university-rio-grande-do-norte-ufrn,the,2022,1201
the-federal-university-rio-grande-do-norte-ufrn,the,2023,1201
the-federal-university-rio-grande-do-norte-ufrn,the,2024,1201
the-federal-university-rio-grande-do-norte-ufrn,the,2025,1501
the-federal-university-rio-grande-do-norte-ufrn,the,2026,1501
the-federal-university-santa-maria,the,2017,801
the-federal-university-santa-maria,the,2018,1001
the-federal-university-santa-maria,the,2019,1001
the-federal-university-santa-maria,the,2020,1001
the-federal-university-santa-maria,the,2021,1001
the-federal-university-santa-maria,the,2022,1201
the-federal-university-santa-maria,the,2023,1201
the-federal-university-santa-maria,the,2024,1201
the-federal-university-santa-maria,the,2025,1201
the-federal-university-santa-maria,the,2026,1501
the-fluminense-federal-university,the,2017,801
the-fluminense-federal-university,the,2018,1001
the-fluminense-federal-university,the,2019,1001
the-fluminense-federal-university,the,2020,1001
the-fluminense-federal-university,the,2021,1001
the-fluminense-federal-university,the,2022,1201
the-fluminense-federal-university,the,2023,1501
the-fluminense-federal-university,the,2024,1501
the-fluminense-federal-university,the,2025,1501
the-fluminense-federal-university,the,2026,1501
the-university-guadalajara,the,2017,801
the-university-guadalajara,the,2018,1001
the-university-guadalajara,the,2019,1001
the-university-guadalajara,the,2020,1001
the-university-guadalajara,the,2021,1001
the-university-guadalajara,the,2022,1201
the-university-guadalajara,the,2023,1501
the-university-guadalajara,the,2024,1501
the-university-guadalajara,the,2025,1501
the-university-guadalajara,the,2026,1501
the-kansai-university,the,2017,801
the-kansai-university,the,2018,1001
the-kansai-university,the,2019,1001
the-kansai-university,the,2020,1001
the-kansai-university,the,2021,1001
the-kansai-university,the,2022,1201
the-kansai-university,the,2023,1501
the-kansai-university,the,2024,1501
the-kansai-university,the,2025,1501
the-kansai-university,the,2026,1501
the-kmitl-king-mongkuts-institute-technology-ladkrabang,the,2017,801
the-kmitl-king-mongkuts-institute-technology-ladkrabang,the,2018,801
the-kmitl-king-mongkuts-institute-technology-ladkrabang,the,2019,1001
the-kmitl-king-mongkuts-institute-technology-ladkrabang,the,2020,1001
the-kmitl-king-mongkuts-institute-technology-ladkrabang,the,2021,1001
the-kmitl-king-mongkuts-institute-technology-ladkrabang,the,2022,1201
the-kmitl-king-mongkuts-institute-technology-ladkrabang,the,2023,1501
the-kmitl-king-mongkuts-institute-technology-ladkrabang,the,2024,1501
the-kmitl-king-mongkuts-institute-technology-ladkrabang,the,2025,1501
the-kmitl-king-mongkuts-institute-technology-ladkrabang,the,2026,1501
the-londrina-state-university,the,2017,801
the-londrina-state-university,the,2018,1001
the-londrina-state-university,the,2019,1001
the-londrina-state-university,the,2020,1001
the-londrina-state-university,the,2021,1001
the-londrina-state-university,the,2022,1201
the-londrina-state-university,the,2023,1201
the-londrina-state-university,the,2024,1501
the-londrina-state-university,the,2025,1501
the-londrina-state-university,the,2026,1501
the-ming-chuan-university,the,2017,801
the-ming-chuan-university,the,2018,1001
the-ming-chuan-university,the,2019,1001
the-ming-chuan-university,the,2020,1001
the-ming-chuan-university,the,2021,1001
the-ming-chuan-university,the,2022,1201
the-ming-chuan-university,the,2023,1501
the-ming-chuan-university,the,2024,1501
the-ming-chuan-university,the,2025,1501
the-ming-chuan-university,the,2026,1501
the-university-monastir,the,2017,801
the-university-monastir,the,2018,1001
the-university-monastir,the,2019,1001
the-university-monastir,the,2020,1001
the-university-monastir,the,2021,1001
the-university-monastir,the,2022,1201
the-university-monastir,the,2023,1201
the-university-monastir,the,2024,1201
the-university-monastir,the,2025,1201
the-university-monastir,the,2026,1501
the-tokyo-city-university,the,2017,801
the-tokyo-city-university,the,2018,1001
the-tokyo-city-university,the,2019,1001
the-tokyo-city-university,the,2020,1001
the-tokyo-city-university,the,2021,1001
the-tokyo-city-university,the,2022,1201
the-tokyo-city-university,the,2023,1501
the-tokyo-city-university,the,2024,1501
the-tokyo-city-university,the,2025,1501
the-tokyo-city-university,the,2026,1501
the-national-research-university-electronic-technology-miet,the,2017,801
the-national-research-university-electronic-technology-miet,the,2018,1001
the-national-research-university-electronic-technology-miet,the,2019,1001
the-national-research-university-electronic-technology-miet,the,2021,1001
the-national-research-university-electronic-technology-miet,the,2022,1201
the-national-research-university-electronic-technology-miet,the,2023,1201
the-national-research-university-electronic-technology-miet,the,2024,1201
the-national-research-university-electronic-technology-miet,the,2025,1501
the-national-research-university-electronic-technology-miet,the,2026,1501
the-novosibirsk-state-technical-university,the,2017,801
the-novosibirsk-state-technical-university,the,2018,801
the-novosibirsk-state-technical-university,the,2019,801
the-novosibirsk-state-technical-university,the,2020,1001
the-novosibirsk-state-technical-university,the,2021,1001
the-novosibirsk-state-technical-university,the,2022,1201
the-novosibirsk-state-technical-university,the,2023,1501
the-novosibirsk-state-technical-university,the,2024,1501
the-novosibirsk-state-technical-university,the,2025,1501
the-novosibirsk-state-technical-university,the,2026,1501
the-oita-university,the,2017,801
the-oita-university,the,2018,1001
the-oita-university,the,2019,1001
the-oita-university,the,2020,1001
the-oita-university,the,2021,1001
the-oita-university,the,2022,1201
the-oita-university,the,2023,1501
the-oita-university,the,2024,1501
the-oita-university,the,2025,1501
the-oita-university,the,2026,1501
the-university-talca,the,2017,801
the-university-talca,the,2018,801
the-university-talca,the,2019,801
the-university-talca,the,2020,1001
the-university-talca,the,2021,1001
the-university-talca,the,2022,1201
the-university-talca,the,2023,1201
the-university-talca,the,2024,1201
the-university-talca,the,2025,1501
the-university-talca,the,2026,1501
the-university-abou-bekr-belkaid-tlemcen,the,2017,801
the-university-abou-bekr-belkaid-tlemcen,the,2018,801
the-university-abou-bekr-belkaid-tlemcen,the,2019,1001
the-university-abou-bekr-belkaid-tlemcen,the,2020,1001
the-university-abou-bekr-belkaid-tlemcen,the,2021,1001
the-university-abou-bekr-belkaid-tlemcen,the,2022,1201
the-university-abou-bekr-belkaid-tlemcen,the,2023,1501
the-university-abou-bekr-belkaid-tlemcen,the,2024,1501
the-university-abou-bekr-belkaid-tlemcen,the,2025,1501
the-university-abou-bekr-belkaid-tlemcen,the,2026,1501
the-tokyo-denki-university,the,2017,801
the-tokyo-denki-university,the,2018,1001
the-tokyo-denki-university,the,2019,1001
the-tokyo-denki-university,the,2020,1001
the-tokyo-denki-university,the,2021,1001
the-tokyo-denki-university,the,2022,1201
the-tokyo-denki-university,the,2023,1501
the-tokyo-denki-university,the,2024,1501
the-tokyo-denki-university,the,2025,1501
the-tokyo-denki-university,the,2026,1501
the-utsunomiya-university,the,2017,801
the-utsunomiya-university,the,2018,1001
the-utsunomiya-university,the,2019,1001
the-utsunomiya-university,the,2020,1001
the-utsunomiya-university,the,2021,1001
the-utsunomiya-university,the,2022,1201
the-utsunomiya-university,the,2023,1501
the-utsunomiya-university,the,2024,1501
the-utsunomiya-university,the,2025,1501
the-utsunomiya-university,the,2026,1501
the-voronezh-state-university,the,2017,801
the-voronezh-state-university,the,2018,1001
the-voronezh-state-university,the,2019,1001
the-voronezh-state-university,the,2020,1001
the-voronezh-state-university,the,2021,1001
the-voronezh-state-university,the,2022,1201
the-voronezh-state-university,the,2023,1501
the-voronezh-state-university,the,2024,1501
the-voronezh-state-university,the,2025,1501
the-voronezh-state-university,the,2026,1501
the-universidad-autonoma-de-yucatan,the,2017,801
the-universidad-autonoma-de-yucatan,the,2018,1001
the-universidad-autonoma-de-yucatan,the,2019,1001
the-universidad-autonoma-de-yucatan,the,2020,1001
the-universidad-autonoma-de-yucatan,the,2021,1001
the-universidad-autonoma-de-yucatan,the,2022,1201
the-universidad-autonoma-de-yucatan,the,2023,1501
the-universidad-autonoma-de-yucatan,the,2024,1501
the-universidad-autonoma-de-yucatan,the,2025,1501
the-universidad-autonoma-de-yucatan,the,2026,1501
the-pontifical-catholic-university-peru,the,2018,601
the-pontifical-catholic-university-peru,the,2019,801
the-pontifical-catholic-university-peru,the,2020,801
the-pontifical-catholic-university-peru,the,2021,1001
the-pontifical-catholic-university-peru,the,2022,1001
the-pontifical-catholic-university-peru,the,2023,1201
the-pontifical-catholic-university-peru,the,2024,1201
the-pontifical-catholic-university-peru,the,2025,1501
the-pontifical-catholic-university-peru,the,2026,1501
the-catholic-university-north,the,2018,801
the-catholic-university-north,the,2019,1001
the-catholic-university-north,the,2020,1001
the-catholic-university-north,the,2021,1001
the-catholic-university-north,the,2022,1201
the-catholic-university-north,the,2023,1201
the-catholic-university-north,the,2024,1501
the-catholic-university-north,the,2025,1501
the-catholic-university-north,the,2026,1501
the-central-university-venezuela,the,2018,801
the-central-university-venezuela,the,2026,1501
the-del-rosario-university,the,2018,801
the-del-rosario-university,the,2019,1001
the-del-rosario-university,the,2020,1001
the-del-rosario-university,the,2021,1001
the-del-rosario-university,the,2022,1201
the-del-rosario-university,the,2023,1201
the-del-rosario-university,the,2024,1201
the-del-rosario-university,the,2025,1501
the-del-rosario-university,the,2026,1501
the-federal-university-pelotas,the,2018,801
the-federal-university-pelotas,the,2019,801
the-federal-university-pelotas,the,2020,801
the-federal-university-pelotas,the,2021,801
the-federal-university-pelotas,the,2022,1001
the-federal-university-pelotas,the,2023,1501
the-federal-university-pelotas,the,2025,1501
the-federal-university-pelotas,the,2026,1501
the-university-miyazaki,the,2018,801
the-university-miyazaki,the,2019,1001
the-university-miyazaki,the,2020,1001
the-university-miyazaki,the,2021,1001
the-university-miyazaki,the,2022,1201
the-university-miyazaki,the,2023,1501
the-university-miyazaki,the,2024,1501
the-university-miyazaki,the,2025,1501
the-university-miyazaki,the,2026,1501
the-national-university-colombia,the,2018,801
the-national-university-colombia,the,2019,1001
the-national-university-colombia,the,2020,1001
the-national-university-colombia,the,2021,1001
the-national-university-colombia,the,2022,1001
the-national-university-colombia,the,2023,1001
the-national-university-colombia,the,2024,1201
the-national-university-colombia,the,2025,1501
the-national-university-colombia,the,2026,1501
the-state-university-ponta-grossa,the,2018,801
the-state-university-ponta-grossa,the,2019,1001
the-state-university-ponta-grossa,the,2020,1001
the-state-university-ponta-grossa,the,2021,1001
the-state-university-ponta-grossa,the,2022,1201
the-state-university-ponta-grossa,the,2023,1501
the-state-university-ponta-grossa,the,2024,1501
the-state-university-ponta-grossa,the,2025,1501
the-state-university-ponta-grossa,the,2026,1501
the-university-valparaiso,the,2018,801
the-university-valparaiso,the,2019,1001
the-university-valparaiso,the,2020,1001
the-university-valparaiso,the,2021,1001
the-university-valparaiso,the,2022,1201
the-university-valparaiso,the,2023,1501
the-university-valparaiso,the,2024,1501
the-university-valparaiso,the,2025,1501
the-university-valparaiso,the,2026,1501
the-akita-university,the,2018,1001
the-akita-university,the,2019,1001
the-akita-university,the,2020,1001
the-akita-university,the,2021,1001
the-akita-university,the,2022,1201
the-akita-university,the,2023,1501
the-akita-university,the,2024,1501
the-akita-university,the,2025,1501
the-akita-university,the,2026,1501
the-alzahra-university,the,2018,1001
the-alzahra-university,the,2019,1001
the-alzahra-university,the,2020,1001
the-alzahra-university,the,2021,1001
the-alzahra-university,the,2022,1201
the-alzahra-university,the,2023,1501
the-alzahra-university,the,2024,1501
the-alzahra-university,the,2025,1501
the-alzahra-university,the,2026,1501
the-universidad-autonoma-del-estado-de-hidalgo,the,2018,1001
the-universidad-autonoma-del-estado-de-hidalgo,the,2019,1001
the-universidad-autonoma-del-estado-de-hidalgo,the,2020,1001
the-universidad-autonoma-del-estado-de-hidalgo,the,2021,1001
the-universidad-autonoma-del-estado-de-hidalgo,the,2022,1201
the-universidad-autonoma-del-estado-de-hidalgo,the,2023,1501
the-universidad-autonoma-del-estado-de-hidalgo,the,2024,1501
the-universidad-autonoma-del-estado-de-hidalgo,the,2025,1501
the-universidad-autonoma-del-estado-de-hidalgo,the,2026,1501
the-autonomous-university-baja-california,the,2018,1001
the-autonomous-university-baja-california,the,2019,1001
the-autonomous-university-baja-california,the,2020,1001
the-autonomous-university-baja-california,the,2021,1001
the-autonomous-university-baja-california,the,2022,1201
the-autonomous-university-baja-california,the,2023,1501
the-autonomous-university-baja-california,the,2024,1501
the-autonomous-university-baja-california,the,2025,1501
the-autonomous-university-baja-california,the,2026,1501
the-university-birjand,the,2018,1001
the-university-birjand,the,2019,1001
the-university-birjand,the,2020,1001
the-university-birjand,the,2021,1001
the-university-birjand,the,2022,1201
the-university-birjand,the,2024,1501
the-university-birjand,the,2025,1501
the-university-birjand,the,2026,1501
the-universidade-estadual-do-oeste-do-parana-unioeste,the,2018,1001
the-universidade-estadual-do-oeste-do-parana-unioeste,the,2019,1001
the-universidade-estadual-do-oeste-do-parana-unioeste,the,2020,1001
the-universidade-estadual-do-oeste-do-parana-unioeste,the,2021,1001
the-universidade-estadual-do-oeste-do-parana-unioeste,the,2022,1201
the-universidade-estadual-do-oeste-do-parana-unioeste,the,2023,1501
the-universidade-estadual-do-oeste-do-parana-unioeste,the,2024,1501
the-universidade-estadual-do-oeste-do-parana-unioeste,the,2025,1501
the-universidade-estadual-do-oeste-do-parana-unioeste,the,2026,1501
the-university-fukui,the,2018,1001
the-university-fukui,the,2019,1001
the-university-fukui,the,2020,1001
the-university-fukui,the,2021,1001
the-university-fukui,the,2022,1201
the-university-fukui,the,2023,1501
the-university-fukui,the,2024,1501
the-university-fukui,the,2025,1501
the-university-fukui,the,2026,1501
the-gitam-university,the,2018,1001
the-gitam-university,the,2019,1001
the-gitam-university,the,2020,1001
the-gitam-university,the,2021,1001
the-gitam-university,the,2022,1201
the-gitam-university,the,2023,1501
the-gitam-university,the,2024,1501
the-gitam-university,the,2025,1501
the-gitam-university,the,2026,1501
the-university-hyogo,the,2018,1001
the-university-hyogo,the,2019,1001
the-university-hyogo,the,2020,1001
the-university-hyogo,the,2021,1001
the-university-hyogo,the,2022,1201
the-university-hyogo,the,2023,1501
the-university-hyogo,the,2024,1501
the-university-hyogo,the,2025,1501
the-university-hyogo,the,2026,1501
the-ibaraki-university,the,2018,1001
the-ibaraki-university,the,2019,1001
the-ibaraki-university,the,2020,1001
the-ibaraki-university,the,2021,1001
the-ibaraki-university,the,2022,1201
the-ibaraki-university,the,2023,1501
the-ibaraki-university,the,2024,1501
the-ibaraki-university,the,2025,1501
the-ibaraki-university,the,2026,1501
the-kanagawa-university,the,2018,1001
the-kanagawa-university,the,2019,1001
the-kanagawa-university,the,2020,1001
the-kanagawa-university,the,2021,1001
the-kanagawa-university,the,2022,1201
the-kanagawa-university,the,2023,1501
the-kanagawa-university,the,2024,1501
the-kanagawa-university,the,2025,1501
the-kanagawa-university,the,2026,1501
the-kogakuin-university,the,2018,1001
the-kogakuin-university,the,2019,1001
the-kogakuin-university,the,2020,1001
the-kogakuin-university,the,2021,1001
the-kogakuin-university,the,2022,1201
the-kogakuin-university,the,2023,1501
the-kogakuin-university,the,2024,1501
the-kogakuin-university,the,2025,1501
the-kogakuin-university,the,2026,1501
the-meijo-university,the,2018,1001
the-meijo-university,the,2019,1001
the-meijo-university,the,2020,1001
the-meijo-university,the,2021,1001
the-meijo-university,the,2022,1201
the-meijo-university,the,2023,1501
the-meijo-university,the,2024,1501
the-meijo-university,the,2025,1501
the-meijo-university,the,2026,1501
the-national-chiayi-university,the,2018,1001
the-national-chiayi-university,the,2019,1001
the-national-chiayi-university,the,2020,1001
the-national-chiayi-university,the,2021,1001
the-national-chiayi-university,the,2022,1201
the-national-chiayi-university,the,2023,1501
the-national-chiayi-university,the,2024,1501
the-national-chiayi-university,the,2025,1501
the-national-chiayi-university,the,2026,1501
the-national-university-kaohsiung,the,2018,1001
the-national-university-kaohsiung,the,2019,1001
the-national-university-kaohsiung,the,2020,1001
the-national-university-kaohsiung,the,2021,1001
the-national-university-kaohsiung,the,2022,1201
the-national-university-kaohsiung,the,2023,1501
the-national-university-kaohsiung,the,2024,1501
the-national-university-kaohsiung,the,2025,1501
the-national-university-kaohsiung,the,2026,1501
the-perm-state-university,the,2018,1001
the-perm-state-university,the,2019,1001
the-perm-state-university,the,2020,1001
the-perm-state-university,the,2021,1001
the-perm-state-university,the,2022,1201
the-perm-state-university,the,2023,1501
the-perm-state-university,the,2024,1501
the-perm-state-university,the,2025,1501
the-perm-state-university,the,2026,1501
the-psg-college-technology,the,2018,1001
the-psg-college-technology,the,2019,1001
the-psg-college-technology,the,2020,1001
the-psg-college-technology,the,2021,1001
the-psg-college-technology,the,2022,1201
the-psg-college-technology,the,2023,1501
the-psg-college-technology,the,2024,1501
the-psg-college-technology,the,2025,1501
the-psg-college-technology,the,2026,1501
the-tamil-nadu-agricultural-university,the,2018,1001
the-tamil-nadu-agricultural-university,the,2019,1001
the-tamil-nadu-agricultural-university,the,2020,1001
the-tamil-nadu-agricultural-university,the,2021,1001
the-tamil-nadu-agricultural-university,the,2022,1201
the-tamil-nadu-agricultural-university,the,2023,1501
the-tamil-nadu-agricultural-university,the,2024,1501
the-tamil-nadu-agricultural-university,the,2025,1501
the-tamil-nadu-agricultural-university,the,2026,1501
the-toyo-university,the,2018,1001
the-toyo-university,the,2019,1001
the-toyo-university,the,2020,1001
the-toyo-university,the,2021,1001
the-toyo-university,the,2022,1201
the-toyo-university,the,2023,1501
the-toyo-university,the,2024,1501
the-toyo-university,the,2025,1501
the-toyo-university,the,2026,1501
the-unisinos-university,the,2018,1001
the-unisinos-university,the,2019,1001
the-unisinos-university,the,2020,1001
the-unisinos-university,the,2021,1001
the-unisinos-university,the,2022,1201
the-unisinos-university,the,2023,1201
the-unisinos-university,the,2024,1201
the-unisinos-university,the,2025,1201
the-unisinos-university,the,2026,1501
the-volgograd-state-technical-university,the,2018,1001
the-volgograd-state-technical-university,the,2019,1001
the-volgograd-state-technical-university,the,2020,1001
the-volgograd-state-technical-university,the,2021,801
the-volgograd-state-technical-university,the,2022,1001
the-volgograd-state-technical-university,the,2023,1201
the-volgograd-state-technical-university,the,2024,1501
the-volgograd-state-technical-university,the,2025,1501
the-volgograd-state-technical-university,the,2026,1501
the-universidad-autonoma-de-queretaro,the,2019,801
the-universidad-autonoma-de-queretaro,the,2020,1001
the-universidad-autonoma-de-queretaro,the,2021,1001
the-universidad-autonoma-de-queretaro,the,2022,1201
the-universidad-autonoma-de-queretaro,the,2023,1501
the-universidad-autonoma-de-queretaro,the,2024,1501
the-universidad-autonoma-de-queretaro,the,2025,1501
the-universidad-autonoma-de-queretaro,the,2026,1501
the-university-bejaia,the,2019,801
the-university-bejaia,the,2020,801
the-university-bejaia,the,2021,1001
the-university-bejaia,the,2022,1201
the-university-bejaia,the,2023,1501
the-university-bejaia,the,2024,1501
the-university-bejaia,the,2025,1501
the-university-bejaia,the,2026,1501
the-belgorod-state-national-research-university,the,2019,801
the-belgorod-state-national-research-university,the,2020,1001
the-belgorod-state-national-research-university,the,2021,1001
the-belgorod-state-national-research-university,the,2022,1201
the-belgorod-state-national-research-university,the,2023,1501
the-belgorod-state-national-research-university,the,2024,1501
the-belgorod-state-national-research-university,the,2025,1501
the-belgorod-state-national-research-university,the,2026,1501
the-ferhat-abbas-setif-university-1,the,2019,801
the-ferhat-abbas-setif-university-1,the,2020,601
the-ferhat-abbas-setif-university-1,the,2021,501
the-ferhat-abbas-setif-university-1,the,2022,501
the-ferhat-abbas-setif-university-1,the,2023,401
the-ferhat-abbas-setif-university-1,the,2024,1201
the-ferhat-abbas-setif-university-1,the,2025,1501
the-ferhat-abbas-setif-university-1,the,2026,1501
the-national-university-cuyo,the,2019,801
the-national-university-cuyo,the,2020,1001
the-national-university-cuyo,the,2021,1001
the-national-university-cuyo,the,2022,1201
the-national-university-cuyo,the,2025,1501
the-national-university-cuyo,the,2026,1501
the-national-university-san-martin,the,2019,801
the-national-university-san-martin,the,2020,1001
the-national-university-san-martin,the,2021,1001
the-national-university-san-martin,the,2022,1001
the-national-university-san-martin,the,2023,1201
the-national-university-san-martin,the,2024,1501
the-national-university-san-martin,the,2025,1501
the-national-university-san-martin,the,2026,1501
the-aoyama-gakuin-university,the,2019,1001
the-aoyama-gakuin-university,the,2020,1001
the-aoyama-gakuin-university,the,2021,1001
the-aoyama-gakuin-university,the,2022,1201
the-aoyama-gakuin-university,the,2023,1501
the-aoyama-gakuin-university,the,2024,1501
the-aoyama-gakuin-university,the,2025,1501
the-aoyama-gakuin-university,the,2026,1501
the-university-bio-bio,the,2019,1001
the-university-bio-bio,the,2020,1001
the-university-bio-bio,the,2021,1001
the-university-bio-bio,the,2022,1201
the-university-bio-bio,the,2023,1501
the-university-bio-bio,the,2024,1501
the-university-bio-bio,the,2025,1501
the-university-bio-bio,the,2026,1501
the-ceara-state-university,the,2019,1001
the-ceara-state-university,the,2020,1001
the-ceara-state-university,the,2021,1001
the-ceara-state-university,the,2022,1201
the-ceara-state-university,the,2023,1501
the-ceara-state-university,the,2024,1501
the-ceara-state-university,the,2025,1501
the-ceara-state-university,the,2026,1501
the-university-chester,the,2019,1001
the-university-chester,the,2020,1001
the-university-chester,the,2021,1001
the-university-chester,the,2022,1201
the-university-chester,the,2023,1201
the-university-chester,the,2024,1201
the-university-chester,the,2025,1501
the-university-chester,the,2026,1501
the-chubu-university,the,2019,1001
the-chubu-university,the,2020,1001
the-chubu-university,the,2021,1001
the-chubu-university,the,2022,1201
the-chubu-university,the,2023,1501
the-chubu-university,the,2024,1501
the-chubu-university,the,2025,1501
the-chubu-university,the,2026,1501
the-federal-university-para,the,2019,1001
the-federal-university-para,the,2020,1001
the-federal-university-para,the,2021,1001
the-federal-university-para,the,2022,1201
the-federal-university-para,the,2023,1501
the-federal-university-para,the,2024,1501
the-federal-university-para,the,2025,1501
the-federal-university-para,the,2026,1501
the-federal-university-uberlandia,the,2019,1001
the-federal-university-uberlandia,the,2021,1001
the-federal-university-uberlandia,the,2022,1201
the-federal-university-uberlandia,the,2023,1201
the-federal-university-uberlandia,the,2024,1201
the-federal-university-uberlandia,the,2025,1201
the-federal-university-uberlandia,the,2026,1501
the-universite-freres-mentouri-constantine-1,the,2019,1001
the-universite-freres-mentouri-constantine-1,the,2020,1001
the-universite-freres-mentouri-constantine-1,the,2021,1001
the-universite-freres-mentouri-constantine-1,the,2022,1201
the-universite-freres-mentouri-constantine-1,the,2023,1501
the-universite-freres-mentouri-constantine-1,the,2024,1501
the-universite-freres-mentouri-constantine-1,the,2025,1501
the-universite-freres-mentouri-constantine-1,the,2026,1501
the-university-guanajuato,the,2019,1001
the-university-guanajuato,the,2020,1001
the-university-guanajuato,the,2021,1001
the-university-guanajuato,the,2022,1201
the-university-guanajuato,the,2023,1501
the-university-guanajuato,the,2024,1501
the-university-guanajuato,the,2025,1501
the-university-guanajuato,the,2026,1501
the-universite-hassan-ii-de-casablanca,the,2019,1001
the-universite-hassan-ii-de-casablanca,the,2020,1001
the-universite-hassan-ii-de-casablanca,the,2021,1001
the-universite-hassan-ii-de-casablanca,the,2022,1201
the-universite-hassan-ii-de-casablanca,the,2023,1201
the-universite-hassan-ii-de-casablanca,the,2024,1201
the-universite-hassan-ii-de-casablanca,the,2025,1501
the-universite-hassan-ii-de-casablanca,the,2026,1501
the-kazan-national-research-technological-university,the,2019,1001
the-kazan-national-research-technological-university,the,2020,1001
the-kazan-national-research-technological-university,the,2021,1001
the-kazan-national-research-technological-university,the,2022,1201
the-kazan-national-research-technological-university,the,2023,1201
the-kazan-national-research-technological-university,the,2024,1501
the-kazan-national-research-technological-university,the,2025,1501
the-kazan-national-research-technological-university,the,2026,1501
the-mahasarakham-university,the,2019,1001
the-mahasarakham-university,the,2020,1001
the-mahasarakham-university,the,2021,1001
the-mahasarakham-university,the,2022,1201
the-mahasarakham-university,the,2023,1501
the-mahasarakham-university,the,2024,1501
the-mahasarakham-university,the,2025,1501
the-mahasarakham-university,the,2026,1501
the-mirea-russian-technological-university,the,2019,1001
the-mirea-russian-technological-university,the,2020,1001
the-mirea-russian-technological-university,the,2021,1001
the-mirea-russian-technological-university,the,2022,1201
the-mirea-russian-technological-university,the,2023,1501
the-mirea-russian-technological-university,the,2024,1501
the-mirea-russian-technological-university,the,2025,1501
the-mirea-russian-technological-university,the,2026,1501
the-moscow-aviation-institute,the,2019,1001
the-moscow-aviation-institute,the,2020,1001
the-moscow-aviation-institute,the,2021,1001
the-moscow-aviation-institute,the,2022,1201
the-moscow-aviation-institute,the,2023,1201
the-moscow-aviation-institute,the,2024,1201
the-moscow-aviation-institute,the,2025,1201
the-moscow-aviation-institute,the,2026,1501
the-moscow-power-engineering-institute,the,2019,1001
the-moscow-power-engineering-institute,the,2020,1001
the-moscow-power-engineering-institute,the,2021,1001
the-moscow-power-engineering-institute,the,2022,1201
the-moscow-power-engineering-institute,the,2023,1501
the-moscow-power-engineering-institute,the,2024,1201
the-moscow-power-engineering-institute,the,2025,1501
the-moscow-power-engineering-institute,the,2026,1501
the-muroran-institute-technology,the,2019,1001
the-muroran-institute-technology,the,2020,801
the-muroran-institute-technology,the,2021,1001
the-muroran-institute-technology,the,2022,1201
the-muroran-institute-technology,the,2023,1501
the-muroran-institute-technology,the,2024,1501
the-muroran-institute-technology,the,2025,1501
the-muroran-institute-technology,the,2026,1501
the-national-changhua-university-education,the,2019,1001
the-national-changhua-university-education,the,2020,1001
the-national-changhua-university-education,the,2021,1001
the-national-changhua-university-education,the,2022,1201
the-national-changhua-university-education,the,2023,1501
the-national-changhua-university-education,the,2024,1201
the-national-changhua-university-education,the,2025,1501
the-national-changhua-university-education,the,2026,1501
the-ochanomizu-university,the,2019,1001
the-ochanomizu-university,the,2020,1001
the-ochanomizu-university,the,2021,1001
the-ochanomizu-university,the,2022,1201
the-ochanomizu-university,the,2023,1501
the-ochanomizu-university,the,2024,1201
the-ochanomizu-university,the,2025,1501
the-ochanomizu-university,the,2026,1501
the-perm-national-research-polytechnic-university,the,2019,1001
the-perm-national-research-polytechnic-university,the,2020,1001
the-perm-national-research-polytechnic-university,the,2021,1001
the-perm-national-research-polytechnic-university,the,2022,1201
the-perm-national-research-polytechnic-university,the,2023,1501
the-perm-national-research-polytechnic-university,the,2024,1501
the-perm-national-research-polytechnic-university,the,2025,1501
the-perm-national-research-polytechnic-university,the,2026,1501
the-university-sciences-and-technology-houari-boumediene,the,2019,1001
the-university-sciences-and-technology-houari-boumediene,the,2020,1001
the-university-sciences-and-technology-houari-boumediene,the,2021,1001
the-university-sciences-and-technology-houari-boumediene,the,2024,1501
the-university-sciences-and-technology-houari-boumediene,the,2025,1501
the-university-sciences-and-technology-houari-boumediene,the,2026,1501
the-university-sonora,the,2019,1001
the-university-sonora,the,2020,1001
the-university-sonora,the,2021,1001
the-university-sonora,the,2022,1201
the-university-sonora,the,2023,1501
the-university-sonora,the,2024,1501
the-university-sonora,the,2025,1501
the-university-sonora,the,2026,1501
the-srinakharinwirot-university,the,2019,1001
the-srinakharinwirot-university,the,2020,1001
the-srinakharinwirot-university,the,2021,1001
the-srinakharinwirot-university,the,2022,1201
the-srinakharinwirot-university,the,2023,1501
the-srinakharinwirot-university,the,2024,1501
the-srinakharinwirot-university,the,2025,1501
the-srinakharinwirot-university,the,2026,1501
the-st-petersburg-electrotechnical-university-leti,the,2019,1001
the-st-petersburg-electrotechnical-university-leti,the,2020,1001
the-st-petersburg-electrotechnical-university-leti,the,2021,1001
the-st-petersburg-electrotechnical-university-leti,the,2022,1201
the-st-petersburg-electrotechnical-university-leti,the,2023,1201
the-st-petersburg-electrotechnical-university-leti,the,2024,1201
the-st-petersburg-electrotechnical-university-leti,the,2025,1501
the-st-petersburg-electrotechnical-university-leti,the,2026,1501
the-universite-saint-joseph-de-beyrouth,the,2020,801
the-universite-saint-joseph-de-beyrouth,the,2021,801
the-universite-saint-joseph-de-beyrouth,the,2022,1001
the-universite-saint-joseph-de-beyrouth,the,2023,1201
the-universite-saint-joseph-de-beyrouth,the,2024,1201
the-universite-saint-joseph-de-beyrouth,the,2025,1201
the-universite-saint-joseph-de-beyrouth,the,2026,1501
the-acibadem-university,the,2020,1001
the-acibadem-university,the,2021,1001
the-acibadem-university,the,2022,1201
the-acibadem-university,the,2023,1201
the-acibadem-university,the,2024,1501
the-acibadem-university,the,2025,1501
the-acibadem-university,the,2026,1501
the-university-andes-chile,the,2020,1001
the-university-andes-chile,the,2021,1001
the-university-andes-chile,the,2022,1001
the-university-andes-chile,the,2023,1201
the-university-andes-chile,the,2024,1201
the-university-andes-chile,the,2025,1501
the-university-andes-chile,the,2026,1501
the-university-biskra,the,2020,1001
the-university-biskra,the,2021,1001
the-university-biskra,the,2022,1201
the-university-biskra,the,2023,1501
the-university-biskra,the,2024,1501
the-university-biskra,the,2025,1501
the-university-biskra,the,2026,1501
the-technical-university-cartagena,the,2020,1001
the-technical-university-cartagena,the,2021,1001
the-technical-university-cartagena,the,2022,1001
the-technical-university-cartagena,the,2023,1001
the-technical-university-cartagena,the,2024,1001
the-technical-university-cartagena,the,2025,1201
the-technical-university-cartagena,the,2026,1501
the-university-carthage,the,2020,1001
the-university-carthage,the,2021,1001
the-university-carthage,the,2022,1201
the-university-carthage,the,2023,1201
the-university-carthage,the,2024,1201
the-university-carthage,the,2025,1501
the-university-carthage,the,2026,1501
the-university-caxias-do-sul,the,2020,1001
the-university-caxias-do-sul,the,2021,1001
the-university-caxias-do-sul,the,2022,1201
the-university-caxias-do-sul,the,2023,1501
the-university-caxias-do-sul,the,2024,1501
the-university-caxias-do-sul,the,2025,1501
the-university-caxias-do-sul,the,2026,1501
the-universidade-federal-de-ciencias-da-saude-de-porto-alegre-ufcspa,the,2020,1001
the-universidade-federal-de-ciencias-da-saude-de-porto-alegre-ufcspa,the,2021,1001
the-universidade-federal-de-ciencias-da-saude-de-porto-alegre-ufcspa,the,2022,1201
the-universidade-federal-de-ciencias-da-saude-de-porto-alegre-ufcspa,the,2023,1501
the-universidade-federal-de-ciencias-da-saude-de-porto-alegre-ufcspa,the,2024,1501
the-universidade-federal-de-ciencias-da-saude-de-porto-alegre-ufcspa,the,2025,1501
the-universidade-federal-de-ciencias-da-saude-de-porto-alegre-ufcspa,the,2026,1501
the-federal-university-espirito-santo,the,2020,1001
the-federal-university-espirito-santo,the,2021,1001
the-federal-university-espirito-santo,the,2022,1201
the-federal-university-espirito-santo,the,2023,1201
the-federal-university-espirito-santo,the,2024,1201
the-federal-university-espirito-santo,the,2025,1501
the-federal-university-espirito-santo,the,2026,1501
the-federal-university-mato-grosso-do-sul,the,2020,1001
the-federal-university-mato-grosso-do-sul,the,2021,1001
the-federal-university-mato-grosso-do-sul,the,2022,1201
the-federal-university-mato-grosso-do-sul,the,2023,1501
the-federal-university-mato-grosso-do-sul,the,2024,1501
the-federal-university-mato-grosso-do-sul,the,2025,1501
the-federal-university-mato-grosso-do-sul,the,2026,1501
the-universidade-federal-rural-do-semi-arido,the,2020,1001
the-universidade-federal-rural-do-semi-arido,the,2021,1001
the-universidade-federal-rural-do-semi-arido,the,2022,1201
the-universidade-federal-rural-do-semi-arido,the,2023,1501
the-universidade-federal-rural-do-semi-arido,the,2024,1501
the-universidade-federal-rural-do-semi-arido,the,2025,1501
the-universidade-federal-rural-do-semi-arido,the,2026,1501
the-university-fortaleza-unifor,the,2020,1001
the-university-fortaleza-unifor,the,2021,1001
the-university-fortaleza-unifor,the,2022,801
the-university-fortaleza-unifor,the,2023,1001
the-university-fortaleza-unifor,the,2024,1501
the-university-fortaleza-unifor,the,2025,1501
the-university-fortaleza-unifor,the,2026,1501
the-gubkin-russian-state-university-oil-and-gas,the,2020,1001
the-gubkin-russian-state-university-oil-and-gas,the,2021,1001
the-gubkin-russian-state-university-oil-and-gas,the,2022,1201
the-gubkin-russian-state-university-oil-and-gas,the,2023,1501
the-gubkin-russian-state-university-oil-and-gas,the,2024,1501
the-gubkin-russian-state-university-oil-and-gas,the,2025,1501
the-gubkin-russian-state-university-oil-and-gas,the,2026,1501
the-university-havana,the,2020,1001
the-university-havana,the,2021,1001
the-university-havana,the,2022,1201
the-university-havana,the,2023,1501
the-university-havana,the,2024,1501
the-university-havana,the,2025,1501
the-university-havana,the,2026,1501
the-latvia-university-life-sciences-and-technologies,the,2020,1001
the-latvia-university-life-sciences-and-technologies,the,2021,1001
the-latvia-university-life-sciences-and-technologies,the,2022,1201
the-latvia-university-life-sciences-and-technologies,the,2023,1501
the-latvia-university-life-sciences-and-technologies,the,2024,1501
the-latvia-university-life-sciences-and-technologies,the,2025,1501
the-latvia-university-life-sciences-and-technologies,the,2026,1501
the-mhamed-bougara-university-boumerdes,the,2020,1001
the-mhamed-bougara-university-boumerdes,the,2021,1001
the-mhamed-bougara-university-boumerdes,the,2022,1201
the-mhamed-bougara-university-boumerdes,the,2023,1501
the-mhamed-bougara-university-boumerdes,the,2024,1501
the-mhamed-bougara-university-boumerdes,the,2025,1501
the-mhamed-bougara-university-boumerdes,the,2026,1501
the-university-north-colombia,the,2020,1001
the-university-north-colombia,the,2021,1001
the-university-north-colombia,the,2022,1201
the-university-north-colombia,the,2023,1201
the-university-north-colombia,the,2024,1501
the-university-north-colombia,the,2025,1501
the-university-north-colombia,the,2026,1501
the-pontifical-catholic-university-minas-gerais,the,2020,1001
the-pontifical-catholic-university-minas-gerais,the,2021,1001
the-pontifical-catholic-university-minas-gerais,the,2022,1201
the-pontifical-catholic-university-minas-gerais,the,2023,1501
the-pontifical-catholic-university-minas-gerais,the,2024,1501
the-pontifical-catholic-university-minas-gerais,the,2025,1501
the-pontifical-catholic-university-minas-gerais,the,2026,1501
the-university-science-and-technology-oran-mohamed-boudiaf,the,2020,1001
the-university-science-and-technology-oran-mohamed-boudiaf,the,2021,1001
the-university-science-and-technology-oran-mohamed-boudiaf,the,2022,1201
the-university-science-and-technology-oran-mohamed-boudiaf,the,2023,1501
the-university-science-and-technology-oran-mohamed-boudiaf,the,2024,1501
the-university-science-and-technology-oran-mohamed-boudiaf,the,2025,1501
the-university-science-and-technology-oran-mohamed-boudiaf,the,2026,1501
the-shahed-university,the,2020,1001
the-shahed-university,the,2021,1001
the-shahed-university,the,2022,1201
the-shahed-university,the,2023,1201
the-shahed-university,the,2024,1501
the-shahed-university,the,2026,1501
the-university-sousse,the,2020,1001
the-university-sousse,the,2021,1001
the-university-sousse,the,2022,1201
the-university-sousse,the,2023,1201
the-university-sousse,the,2024,1201
the-university-sousse,the,2025,1501
the-university-sousse,the,2026,1501
the-universidade-estadual-de-santa-cruz,the,2020,1001
the-universidade-estadual-de-santa-cruz,the,2021,1001
the-universidade-estadual-de-santa-cruz,the,2022,1201
the-universidade-estadual-de-santa-cruz,the,2023,1501
the-universidade-estadual-de-santa-cruz,the,2024,1501
the-universidade-estadual-de-santa-cruz,the,2025,1501
the-universidade-estadual-de-santa-cruz,the,2026,1501
the-tokat-gaziosmanpasa-university,the,2020,1001
the-tokat-gaziosmanpasa-university,the,2021,1001
the-tokat-gaziosmanpasa-university,the,2022,1201
the-tokat-gaziosmanpasa-university,the,2023,1201
the-tokat-gaziosmanpasa-university,the,2024,1501
the-tokat-gaziosmanpasa-university,the,2025,1501
the-tokat-gaziosmanpasa-university,the,2026,1501
the-vietnam-national-university-ho-chi-minh-city,the,2020,1001
the-vietnam-national-university-ho-chi-minh-city,the,2021,1001
the-vietnam-national-university-ho-chi-minh-city,the,2022,1201
the-vietnam-national-university-ho-chi-minh-city,the,2023,1501
the-vietnam-national-university-ho-chi-minh-city,the,2024,1501
the-vietnam-national-university-ho-chi-minh-city,the,2025,1501
the-vietnam-national-university-ho-chi-minh-city,the,2026,1501
the-lagos-state-university,the,2021,501
the-lagos-state-university,the,2024,1501
the-lagos-state-university,the,2025,1501
the-lagos-state-university,the,2026,1501
the-university-antofagasta,the,2021,601
the-university-antofagasta,the,2023,601
the-university-antofagasta,the,2024,1201
the-university-antofagasta,the,2025,1201
the-university-antofagasta,the,2026,1501
the-kharkiv-national-university-radio-electronics,the,2021,801
the-kharkiv-national-university-radio-electronics,the,2022,1001
the-kharkiv-national-university-radio-electronics,the,2023,1001
the-kharkiv-national-university-radio-electronics,the,2024,1501
the-kharkiv-national-university-radio-electronics,the,2025,1501
the-kharkiv-national-university-radio-electronics,the,2026,1501
the-oran-1-university,the,2021,801
the-oran-1-university,the,2022,601
the-oran-1-university,the,2023,1201
the-oran-1-university,the,2024,1501
the-oran-1-university,the,2025,1501
the-oran-1-university,the,2026,1501
the-university-technology-troyes,the,2021,801
the-university-technology-troyes,the,2022,1001
the-university-technology-troyes,the,2023,1201
the-university-technology-troyes,the,2024,1001
the-university-technology-troyes,the,2025,1201
the-university-technology-troyes,the,2026,1501
the-aksaray-university,the,2021,1001
the-aksaray-university,the,2022,1201
the-aksaray-university,the,2023,1501
the-aksaray-university,the,2024,1501
the-aksaray-university,the,2025,1501
the-aksaray-university,the,2026,1501
the-arak-university,the,2021,1001
the-arak-university,the,2022,1201
the-arak-university,the,2023,1201
the-arak-university,the,2024,1501
the-arak-university,the,2025,1501
the-arak-university,the,2026,1501
the-bezmialem-vakif-university,the,2021,1001
the-bezmialem-vakif-university,the,2022,1001
the-bezmialem-vakif-university,the,2023,1201
the-bezmialem-vakif-university,the,2024,1201
the-bezmialem-vakif-university,the,2025,1501
the-bezmialem-vakif-university,the,2026,1501
the-blida-1-university,the,2021,1001
the-blida-1-university,the,2022,1201
the-blida-1-university,the,2023,1501
the-blida-1-university,the,2024,1501
the-blida-1-university,the,2025,1501
the-blida-1-university,the,2026,1501
the-bolu-abant-izzet-baysal-university,the,2021,1001
the-bolu-abant-izzet-baysal-university,the,2022,1201
the-bolu-abant-izzet-baysal-university,the,2023,1501
the-bolu-abant-izzet-baysal-university,the,2024,1501
the-bolu-abant-izzet-baysal-university,the,2025,1501
the-bolu-abant-izzet-baysal-university,the,2026,1501
the-burapha-university,the,2021,1001
the-burapha-university,the,2022,1201
the-burapha-university,the,2023,1501
the-burapha-university,the,2024,1501
the-burapha-university,the,2025,1501
the-burapha-university,the,2026,1501
the-dokkyo-medical-university,the,2021,1001
the-dokkyo-medical-university,the,2022,1201
the-dokkyo-medical-university,the,2023,1501
the-dokkyo-medical-university,the,2024,1501
the-dokkyo-medical-university,the,2025,1501
the-dokkyo-medical-university,the,2026,1501
the-irkutsk-state-university,the,2021,1001
the-irkutsk-state-university,the,2022,1201
the-irkutsk-state-university,the,2023,1501
the-irkutsk-state-university,the,2024,1501
the-irkutsk-state-university,the,2025,1501
the-irkutsk-state-university,the,2026,1501
the-jan-evangelista-purkyne-university,the,2021,1001
the-jan-evangelista-purkyne-university,the,2022,1201
the-jan-evangelista-purkyne-university,the,2023,1501
the-jan-evangelista-purkyne-university,the,2024,1501
the-jan-evangelista-purkyne-university,the,2026,1501
the-kochi-university-technology,the,2021,1001
the-kochi-university-technology,the,2022,1201
the-kochi-university-technology,the,2023,1201
the-kochi-university-technology,the,2024,1501
the-kochi-university-technology,the,2025,1501
the-kochi-university-technology,the,2026,1501
the-morgan-state-university,the,2021,1001
the-morgan-state-university,the,2022,1001
the-morgan-state-university,the,2023,1001
the-morgan-state-university,the,2024,1201
the-morgan-state-university,the,2025,1501
the-morgan-state-university,the,2026,1501
the-national-chi-nan-university,the,2021,1001
the-national-chi-nan-university,the,2022,1201
the-national-chi-nan-university,the,2023,1501
the-national-chi-nan-university,the,2024,1501
the-national-chi-nan-university,the,2025,1501
the-national-chi-nan-university,the,2026,1501
the-national-ilan-university,the,2021,1001
the-national-ilan-university,the,2022,1201
the-national-ilan-university,the,2023,1501
the-national-ilan-university,the,2024,1501
the-national-ilan-university,the,2025,1501
the-national-ilan-university,the,2026,1501
the-north-eastern-federal-university,the,2021,1001
the-north-eastern-federal-university,the,2022,1201
the-north-eastern-federal-university,the,2023,1501
the-north-eastern-federal-university,the,2024,1501
the-north-eastern-federal-university,the,2025,1501
the-north-eastern-federal-university,the,2026,1501
the-omsk-state-technical-university,the,2021,1001
the-omsk-state-technical-university,the,2022,1201
the-omsk-state-technical-university,the,2023,1501
the-omsk-state-technical-university,the,2024,1501
the-omsk-state-technical-university,the,2025,1501
the-omsk-state-technical-university,the,2026,1501
the-osaka-institute-technology,the,2021,1001
the-osaka-institute-technology,the,2022,1201
the-osaka-institute-technology,the,2023,1501
the-osaka-institute-technology,the,2024,1501
the-osaka-institute-technology,the,2025,1501
the-osaka-institute-technology,the,2026,1501
the-ryukoku-university,the,2021,1001
the-ryukoku-university,the,2022,1201
the-ryukoku-university,the,2023,1501
the-ryukoku-university,the,2024,1501
the-ryukoku-university,the,2025,1501
the-ryukoku-university,the,2026,1501
the-university-la-sabana,the,2021,1001
the-university-la-sabana,the,2022,1201
the-university-la-sabana,the,2023,1501
the-university-la-sabana,the,2024,1501
the-university-la-sabana,the,2025,1501
the-university-la-sabana,the,2026,1501
the-samara-state-technical-university,the,2021,1001
the-samara-state-technical-university,the,2022,1201
the-samara-state-technical-university,the,2023,1501
the-samara-state-technical-university,the,2024,1501
the-samara-state-technical-university,the,2025,1501
the-samara-state-technical-university,the,2026,1501
the-university-sistan-and-baluchestan,the,2021,1001
the-university-sistan-and-baluchestan,the,2022,1201
the-university-sistan-and-baluchestan,the,2023,1501
the-university-sistan-and-baluchestan,the,2024,1501
the-university-sistan-and-baluchestan,the,2025,1501
the-university-sistan-and-baluchestan,the,2026,1501
the-tomsk-state-university-control-systems-and-radioelectronics,the,2021,1001
the-tomsk-state-university-control-systems-and-radioelectronics,the,2022,1201
the-tomsk-state-university-control-systems-and-radioelectronics,the,2023,1501
the-tomsk-state-university-control-systems-and-radioelectronics,the,2024,1501
the-tomsk-state-university-control-systems-and-radioelectronics,the,2025,1501
the-tomsk-state-university-control-systems-and-radioelectronics,the,2026,1501
the-yuriy-fedkovych-chernivtsi-national-university,the,2021,1001
the-yuriy-fedkovych-chernivtsi-national-university,the,2022,1201
the-yuriy-fedkovych-chernivtsi-national-university,the,2023,1201
the-yuriy-fedkovych-chernivtsi-national-university,the,2024,1501
the-yuriy-fedkovych-chernivtsi-national-university,the,2025,1501
the-yuriy-fedkovych-chernivtsi-national-university,the,2026,1501
the-don-state-technical-university,the,2022,501
the-don-state-technical-university,the,2023,1001
the-don-state-technical-university,the,2024,1001
the-don-state-technical-university,the,2025,1501
the-don-state-technical-university,the,2026,1501
the-technical-university-crete,the,2022,801
the-technical-university-crete,the,2023,1001
the-technical-university-crete,the,2024,1201
the-technical-university-crete,the,2025,1201
the-technical-university-crete,the,2026,1501
the-bursa-uludag-university,the,2022,1201
the-bursa-uludag-university,the,2023,1501
the-bursa-uludag-university,the,2024,1501
the-bursa-uludag-university,the,2025,1501
the-bursa-uludag-university,the,2026,1501
the-chang-gung-university-science-and-technology,the,2022,1201
the-chang-gung-university-science-and-technology,the,2023,1201
the-chang-gung-university-science-and-technology,the,2024,1201
the-chang-gung-university-science-and-technology,the,2025,1501
the-chang-gung-university-science-and-technology,the,2026,1501
the-damghan-university,the,2022,1201
the-damghan-university,the,2023,1201
the-damghan-university,the,2024,1501
the-damghan-university,the,2025,1501
the-damghan-university,the,2026,1501
the-dicle-university,the,2022,1201
the-dicle-university,the,2023,1501
the-dicle-university,the,2024,1501
the-dicle-university,the,2025,1501
the-dicle-university,the,2026,1501
the-kutahya-dumlupinar-university,the,2022,1201
the-kutahya-dumlupinar-university,the,2023,1501
the-kutahya-dumlupinar-university,the,2024,1501
the-kutahya-dumlupinar-university,the,2025,1501
the-kutahya-dumlupinar-university,the,2026,1501
the-eafit-university,the,2022,1201
the-eafit-university,the,2023,1501
the-eafit-university,the,2024,1501
the-eafit-university,the,2025,1501
the-eafit-university,the,2026,1501
the-erzincan-binali-yildirim-university,the,2022,1201
the-erzincan-binali-yildirim-university,the,2023,1501
the-erzincan-binali-yildirim-university,the,2024,1501
the-erzincan-binali-yildirim-university,the,2025,1501
the-erzincan-binali-yildirim-university,the,2026,1501
the-federal-rural-university-pernambuco,the,2022,1201
the-federal-rural-university-pernambuco,the,2023,1501
the-federal-rural-university-pernambuco,the,2024,1501
the-federal-rural-university-pernambuco,the,2025,1501
the-federal-rural-university-pernambuco,the,2026,1501
the-gheorghe-asachi-technical-university-iasi,the,2022,1201
the-gheorghe-asachi-technical-university-iasi,the,2023,1501
the-gheorghe-asachi-technical-university-iasi,the,2024,1501
the-gheorghe-asachi-technical-university-iasi,the,2025,1501
the-gheorghe-asachi-technical-university-iasi,the,2026,1501
the-grand-valley-state-university,the,2022,1201
the-grand-valley-state-university,the,2023,1201
the-grand-valley-state-university,the,2025,1501
the-grand-valley-state-university,the,2026,1501
the-ivanovo-state-university-chemistry-and-technology,the,2022,1201
the-ivanovo-state-university-chemistry-and-technology,the,2023,1501
the-ivanovo-state-university-chemistry-and-technology,the,2024,1501
the-ivanovo-state-university-chemistry-and-technology,the,2025,1501
the-ivanovo-state-university-chemistry-and-technology,the,2026,1501
the-jean-moulin-university-lyon-3,the,2022,1201
the-jean-moulin-university-lyon-3,the,2023,1501
the-jean-moulin-university-lyon-3,the,2024,1501
the-jean-moulin-university-lyon-3,the,2025,1501
the-jean-moulin-university-lyon-3,the,2026,1501
the-mackenzie-presbyterian-university,the,2022,1201
the-mackenzie-presbyterian-university,the,2023,1501
the-mackenzie-presbyterian-university,the,2024,1501
the-mackenzie-presbyterian-university,the,2025,1501
the-mackenzie-presbyterian-university,the,2026,1501
the-maria-curie-sklodowska-university-umcs,the,2022,1201
the-maria-curie-sklodowska-university-umcs,the,2023,1501
the-maria-curie-sklodowska-university-umcs,the,2024,1501
the-maria-curie-sklodowska-university-umcs,the,2025,1501
the-maria-curie-sklodowska-university-umcs,the,2026,1501
the-matej-bel-university,the,2022,1201
the-matej-bel-university,the,2023,1501
the-matej-bel-university,the,2024,1501
the-matej-bel-university,the,2025,1501
the-matej-bel-university,the,2026,1501
the-moscow-polytechnic-university,the,2022,1201
the-moscow-polytechnic-university,the,2023,1501
the-moscow-polytechnic-university,the,2024,1501
the-moscow-polytechnic-university,the,2025,1501
the-moscow-polytechnic-university,the,2026,1501
the-national-united-university,the,2022,1201
the-national-united-university,the,2023,1501
the-national-united-university,the,2024,1501
the-national-united-university,the,2025,1501
the-national-united-university,the,2026,1501
the-nizhny-novgorod-state-technical-university-na-re-alekseev,the,2022,1201
the-nizhny-novgorod-state-technical-university-na-re-alekseev,the,2023,1501
the-nizhny-novgorod-state-technical-university-na-re-alekseev,the,2024,1501
the-nizhny-novgorod-state-technical-university-na-re-alekseev,the,2025,1501
the-nizhny-novgorod-state-technical-university-na-re-alekseev,the,2026,1501
the-oles-honchar-dnipro-national-university,the,2022,1201
the-oles-honchar-dnipro-national-university,the,2023,1201
the-oles-honchar-dnipro-national-university,the,2024,1501
the-oles-honchar-dnipro-national-university,the,2025,1501
the-oles-honchar-dnipro-national-university,the,2026,1501
the-pavlov-first-saint-petersburg-state-medical-university,the,2022,1201
the-pavlov-first-saint-petersburg-state-medical-university,the,2023,1501
the-pavlov-first-saint-petersburg-state-medical-university,the,2024,1501
the-pavlov-first-saint-petersburg-state-medical-university,the,2025,1501
the-pavlov-first-saint-petersburg-state-medical-university,the,2026,1501
the-privolzhsky-research-medical-university,the,2022,1201
the-privolzhsky-research-medical-university,the,2023,1501
the-privolzhsky-research-medical-university,the,2024,1501
the-privolzhsky-research-medical-university,the,2025,1501
the-privolzhsky-research-medical-university,the,2026,1501
the-rzeszow-university-technology,the,2022,1201
the-rzeszow-university-technology,the,2023,1501
the-rzeszow-university-technology,the,2024,1501
the-rzeszow-university-technology,the,2025,1501
the-rzeszow-university-technology,the,2026,1501
the-sivas-cumhuriyet-university,the,2022,1201
the-sivas-cumhuriyet-university,the,2023,1501
the-sivas-cumhuriyet-university,the,2024,1501
the-sivas-cumhuriyet-university,the,2025,1501
the-sivas-cumhuriyet-university,the,2026,1501
the-universidad-de-las-fuerzas-armadas-espe,the,2022,1201
the-universidad-de-las-fuerzas-armadas-espe,the,2023,1501
the-universidad-de-las-fuerzas-armadas-espe,the,2024,1501
the-universidad-de-las-fuerzas-armadas-espe,the,2025,1501
the-universidad-de-las-fuerzas-armadas-espe,the,2026,1501
the-universidade-nove-de-julho-uninove,the,2022,1201
the-universidade-nove-de-julho-uninove,the,2023,1501
the-universidade-nove-de-julho-uninove,the,2024,1501
the-universidade-nove-de-julho-uninove,the,2025,1501
the-universidade-nove-de-julho-uninove,the,2026,1501
the-universidad-politecnica-salesiana,the,2022,1201
the-universidad-politecnica-salesiana,the,2023,1501
the-universidad-politecnica-salesiana,the,2024,1501
the-universidad-politecnica-salesiana,the,2025,1501
the-universidad-politecnica-salesiana,the,2026,1501
the-universidad-tecnica-particular-de-loja,the,2022,1201
the-universidad-tecnica-particular-de-loja,the,2023,1501
the-universidad-tecnica-particular-de-loja,the,2024,1501
the-universidad-tecnica-particular-de-loja,the,2025,1501
the-universidad-tecnica-particular-de-loja,the,2026,1501
the-university-mohamed-boudiaf-msila,the,2022,1201
the-university-mohamed-boudiaf-msila,the,2023,1501
the-university-mohamed-boudiaf-msila,the,2024,1501
the-university-mohamed-boudiaf-msila,the,2025,1501
the-university-mohamed-boudiaf-msila,the,2026,1501
the-university-passo-fundo-upf,the,2022,1201
the-university-passo-fundo-upf,the,2023,1501
the-university-passo-fundo-upf,the,2025,1501
the-university-passo-fundo-upf,the,2026,1501
the-university-pau-and-pays-de-ladour,the,2022,1201
the-university-pau-and-pays-de-ladour,the,2023,1201
the-university-pau-and-pays-de-ladour,the,2024,1201
the-university-pau-and-pays-de-ladour,the,2025,1501
the-university-pau-and-pays-de-ladour,the,2026,1501
the-university-pernambuco,the,2022,1201
the-university-pernambuco,the,2023,1501
the-university-pernambuco,the,2024,1501
the-university-pernambuco,the,2025,1501
the-university-pernambuco,the,2026,1501
the-zonguldak-bulent-ecevit-university,the,2022,1201
the-zonguldak-bulent-ecevit-university,the,2023,1501
the-zonguldak-bulent-ecevit-university,the,2024,1501
the-zonguldak-bulent-ecevit-university,the,2025,1501
the-zonguldak-bulent-ecevit-university,the,2026,1501
the-qom-university-medical-sciences,the,2023,401
the-qom-university-medical-sciences,the,2024,801
the-qom-university-medical-sciences,the,2025,1201
the-qom-university-medical-sciences,the,2026,1501
the-university-namibia,the,2023,601
the-university-namibia,the,2024,1201
the-university-namibia,the,2025,1501
the-university-namibia,the,2026,1501
the-federal-university-technology-akure,the,2023,1001
the-federal-university-technology-akure,the,2024,1001
the-federal-university-technology-akure,the,2025,1201
the-federal-university-technology-akure,the,2026,1501
the-ufa-state-petroleum-technological-university,the,2023,1001
the-ufa-state-petroleum-technological-university,the,2024,1501
the-ufa-state-petroleum-technological-university,the,2025,1501
the-ufa-state-petroleum-technological-university,the,2026,1501
the-university-sunderland,the,2023,1001
the-university-sunderland,the,2024,1201
the-university-sunderland,the,2025,1201
the-university-sunderland,the,2026,1501
the-abdelmalek-essaadi-university,the,2023,1201
the-abdelmalek-essaadi-university,the,2024,1501
the-abdelmalek-essaadi-university,the,2025,1501
the-abdelmalek-essaadi-university,the,2026,1501
the-el-bosque-university,the,2023,1201
the-el-bosque-university,the,2024,1501
the-el-bosque-university,the,2025,1501
the-el-bosque-university,the,2026,1501
the-irkutsk-national-research-technical-university,the,2023,1201
the-irkutsk-national-research-technical-university,the,2024,1501
the-irkutsk-national-research-technical-university,the,2025,1501
the-irkutsk-national-research-technical-university,the,2026,1501
the-kazan-state-medical-university,the,2023,1201
the-kazan-state-medical-university,the,2024,1501
the-kazan-state-medical-university,the,2025,1501
the-kazan-state-medical-university,the,2026,1501
the-state-university-malang,the,2023,1201
the-state-university-malang,the,2024,1501
the-state-university-malang,the,2025,1501
the-state-university-malang,the,2026,1501
the-technological-university-pereira,the,2023,1201
the-technological-university-pereira,the,2024,1501
the-technological-university-pereira,the,2025,1501
the-technological-university-pereira,the,2026,1501
the-unir-international-university-la-rioja-0,the,2023,1201
the-unir-international-university-la-rioja-0,the,2024,1201
the-unir-international-university-la-rioja-0,the,2025,1501
the-unir-international-university-la-rioja-0,the,2026,1501
the-universite-8-mai-1945-guelma,the,2023,1201
the-universite-8-mai-1945-guelma,the,2024,1501
the-universite-8-mai-1945-guelma,the,2025,1501
the-universite-8-mai-1945-guelma,the,2026,1501
the-universite-chouaib-doukkali,the,2023,1201
the-universite-chouaib-doukkali,the,2024,1501
the-universite-chouaib-doukkali,the,2025,1501
the-universite-chouaib-doukkali,the,2026,1501
the-universite-sorbonne-nouvelle,the,2023,1201
the-universite-sorbonne-nouvelle,the,2024,1201
the-universite-sorbonne-nouvelle,the,2025,1501
the-universite-sorbonne-nouvelle,the,2026,1501
the-university-benin,the,2023,1201
the-university-benin,the,2024,1501
the-university-benin,the,2025,1201
the-university-benin,the,2026,1501
the-university-western-macedonia,the,2023,1201
the-university-western-macedonia,the,2024,1201
the-university-western-macedonia,the,2025,1501
the-university-western-macedonia,the,2026,1501
the-vignans-foundation-science-technology-and-research,the,2023,1201
the-vignans-foundation-science-technology-and-research,the,2024,1501
the-vignans-foundation-science-technology-and-research,the,2025,1501
the-vignans-foundation-science-technology-and-research,the,2026,1501
the-voronezh-state-technical-university,the,2023,1201
the-voronezh-state-technical-university,the,2024,1501
the-voronezh-state-technical-university,the,2025,1501
the-voronezh-state-technical-university,the,2026,1501
the-bialystok-university-technology,the,2023,1501
the-bialystok-university-technology,the,2024,1501
the-bialystok-university-technology,the,2025,1501
the-bialystok-university-technology,the,2026,1501
the-catholic-university-brasilia,the,2023,1501
the-catholic-university-brasilia,the,2024,1501
the-catholic-university-brasilia,the,2025,1501
the-catholic-university-brasilia,the,2026,1501
the-chinese-culture-university,the,2023,1501
the-chinese-culture-university,the,2024,1501
the-chinese-culture-university,the,2025,1501
the-chinese-culture-university,the,2026,1501
the-communication-university-china,the,2023,1501
the-communication-university-china,the,2024,1501
the-communication-university-china,the,2025,1501
the-communication-university-china,the,2026,1501
the-federal-university-agriculture-abeokuta,the,2023,1501
the-federal-university-agriculture-abeokuta,the,2024,1501
the-federal-university-agriculture-abeokuta,the,2025,1501
the-federal-university-agriculture-abeokuta,the,2026,1501
the-hue-university,the,2023,1501
the-hue-university,the,2024,1501
the-hue-university,the,2025,1501
the-hue-university,the,2026,1501
the-industrial-university-tyumen,the,2023,1501
the-industrial-university-tyumen,the,2024,1501
the-industrial-university-tyumen,the,2025,1501
the-industrial-university-tyumen,the,2026,1501
the-islamic-university-indonesia,the,2023,1501
the-islamic-university-indonesia,the,2024,1501
the-islamic-university-indonesia,the,2025,1501
the-islamic-university-indonesia,the,2026,1501
the-kemerovo-state-university,the,2023,1501
the-kemerovo-state-university,the,2024,1501
the-kemerovo-state-university,the,2025,1501
the-kemerovo-state-university,the,2026,1501
the-kirikkale-university,the,2023,1501
the-kirikkale-university,the,2024,1501
the-kirikkale-university,the,2025,1501
the-kirikkale-university,the,2026,1501
the-ladoke-akintola-university-technology,the,2023,1501
the-ladoke-akintola-university-technology,the,2024,1501
the-ladoke-akintola-university-technology,the,2025,1501
the-ladoke-akintola-university-technology,the,2026,1501
the-manisa-celal-bayar-university,the,2023,1501
the-manisa-celal-bayar-university,the,2024,1501
the-manisa-celal-bayar-university,the,2025,1501
the-manisa-celal-bayar-university,the,2026,1501
the-mapua-university,the,2023,1501
the-mapua-university,the,2024,1501
the-mapua-university,the,2025,1501
the-mapua-university,the,2026,1501
the-mendeleev-university-chemical-technology,the,2023,1501
the-mendeleev-university-chemical-technology,the,2024,1501
the-mendeleev-university-chemical-technology,the,2025,1501
the-mendeleev-university-chemical-technology,the,2026,1501
the-national-formosa-university,the,2023,1501
the-national-formosa-university,the,2024,1501
the-national-formosa-university,the,2025,1501
the-national-formosa-university,the,2026,1501
the-nnamdi-azikiwe-university,the,2023,1501
the-nnamdi-azikiwe-university,the,2024,1501
the-nnamdi-azikiwe-university,the,2025,1501
the-nnamdi-azikiwe-university,the,2026,1501
the-north-caucasus-federal-university,the,2023,1501
the-north-caucasus-federal-university,the,2024,1501
the-north-caucasus-federal-university,the,2025,1501
the-north-caucasus-federal-university,the,2026,1501
the-northern-arctic-federal-university-named-after-mv-lomonosov,the,2023,1501
the-northern-arctic-federal-university-named-after-mv-lomonosov,the,2024,1501
the-northern-arctic-federal-university-named-after-mv-lomonosov,the,2025,1501
the-northern-arctic-federal-university-named-after-mv-lomonosov,the,2026,1501
the-north-western-state-medical-university-named-after-ii-mechnikov,the,2023,1501
the-north-western-state-medical-university-named-after-ii-mechnikov,the,2024,1501
the-north-western-state-medical-university-named-after-ii-mechnikov,the,2025,1501
the-north-western-state-medical-university-named-after-ii-mechnikov,the,2026,1501
the-nueva-granada-military-university,the,2023,1501
the-nueva-granada-military-university,the,2024,1501
the-nueva-granada-military-university,the,2025,1501
the-nueva-granada-military-university,the,2026,1501
the-ogarev-mordovia-state-university,the,2023,1501
the-ogarev-mordovia-state-university,the,2024,1501
the-ogarev-mordovia-state-university,the,2025,1501
the-ogarev-mordovia-state-university,the,2026,1501
the-osaka-medical-and-pharmaceutical-university,the,2023,1501
the-osaka-medical-and-pharmaceutical-university,the,2024,1501
the-osaka-medical-and-pharmaceutical-university,the,2025,1501
the-osaka-medical-and-pharmaceutical-university,the,2026,1501
the-ovidius-university-constanta,the,2023,1501
the-ovidius-university-constanta,the,2024,1501
the-ovidius-university-constanta,the,2025,1501
the-ovidius-university-constanta,the,2026,1501
the-penza-state-university,the,2023,1501
the-penza-state-university,the,2024,1501
the-penza-state-university,the,2025,1501
the-penza-state-university,the,2026,1501
the-r-v-college-engineering,the,2023,1501
the-r-v-college-engineering,the,2024,1501
the-r-v-college-engineering,the,2025,1501
the-r-v-college-engineering,the,2026,1501
the-sgh-warsaw-school-economics,the,2023,1501
the-sgh-warsaw-school-economics,the,2024,1501
the-sgh-warsaw-school-economics,the,2025,1501
the-sgh-warsaw-school-economics,the,2026,1501
the-siberian-state-medical-university,the,2023,1501
the-siberian-state-medical-university,the,2024,1501
the-siberian-state-medical-university,the,2025,1501
the-siberian-state-medical-university,the,2026,1501
the-temuco-catholic-university,the,2023,1501
the-temuco-catholic-university,the,2024,1501
the-temuco-catholic-university,the,2025,1501
the-temuco-catholic-university,the,2026,1501
the-universidad-autonoma-de-coahuila,the,2023,1501
the-universidad-autonoma-de-coahuila,the,2024,1501
the-universidad-autonoma-de-coahuila,the,2025,1501
the-universidad-autonoma-de-coahuila,the,2026,1501
the-universidade-estadual-do-norte-fluminense-darcy-ribeiro,the,2023,1501
the-universidade-estadual-do-norte-fluminense-darcy-ribeiro,the,2024,1501
the-universidade-estadual-do-norte-fluminense-darcy-ribeiro,the,2025,1501
the-universidade-estadual-do-norte-fluminense-darcy-ribeiro,the,2026,1501
the-universidad-pedagogica-y-tecnologica-de-colombia-uptc,the,2023,1501
the-universidad-pedagogica-y-tecnologica-de-colombia-uptc,the,2024,1501
the-universidad-pedagogica-y-tecnologica-de-colombia-uptc,the,2025,1501
the-universidad-pedagogica-y-tecnologica-de-colombia-uptc,the,2026,1501
the-universite-mouloud-mammeri-de-tizi-ouzou,the,2023,1501
the-universite-mouloud-mammeri-de-tizi-ouzou,the,2024,1501
the-universite-mouloud-mammeri-de-tizi-ouzou,the,2025,1501
the-universite-mouloud-mammeri-de-tizi-ouzou,the,2026,1501
the-university-mosul,the,2023,1501
the-university-mosul,the,2024,1501
the-university-mosul,the,2025,1501
the-university-mosul,the,2026,1501
the-usak-university,the,2023,1501
the-usak-university,the,2024,1501
the-usak-university,the,2025,1501
the-usak-university,the,2026,1501
the-van-yuzuncu-yil-university,the,2023,1501
the-van-yuzuncu-yil-university,the,2024,1501
the-van-yuzuncu-yil-university,the,2025,1501
the-van-yuzuncu-yil-university,the,2026,1501
the-guru-ghasidas-vishwavidyalaya,the,2024,1001
the-guru-ghasidas-vishwavidyalaya,the,2025,1201
the-guru-ghasidas-vishwavidyalaya,the,2026,1501
the-mirpur-university-science-and-technology,the,2024,1001
the-mirpur-university-science-and-technology,the,2025,1201
the-mirpur-university-science-and-technology,the,2026,1501
the-nile-university,the,2024,1001
the-nile-university,the,2025,1201
the-nile-university,the,2026,1501
the-allameh-tabataba-i-university,the,2024,1201
the-allameh-tabataba-i-university,the,2025,1501
the-allameh-tabataba-i-university,the,2026,1501
the-b-s-abdur-rahman-crescent-institute-science-and-technology,the,2024,1201
the-b-s-abdur-rahman-crescent-institute-science-and-technology,the,2025,1501
the-b-s-abdur-rahman-crescent-institute-science-and-technology,the,2026,1501
the-istanbul-bilgi-university,the,2024,1201
the-istanbul-bilgi-university,the,2025,1501
the-istanbul-bilgi-university,the,2026,1501
the-kharkiv-aviation-institute,the,2024,1201
the-kharkiv-aviation-institute,the,2025,1501
the-kharkiv-aviation-institute,the,2026,1501
the-thiagarajar-college-engineering,the,2024,1201
the-thiagarajar-college-engineering,the,2025,1501
the-thiagarajar-college-engineering,the,2026,1501
the-universidad-de-cartagena,the,2024,1201
the-universidad-de-cartagena,the,2025,1201
the-universidad-de-cartagena,the,2026,1501
the-universidade-lusofona,the,2024,1201
the-universidade-lusofona,the,2025,1501
the-universidade-lusofona,the,2026,1501
the-universidad-loyola,the,2024,1201
the-universidad-loyola,the,2025,1201
the-universidad-loyola,the,2026,1501
the-universitas-syiah-kuala,the,2024,1201
the-universitas-syiah-kuala,the,2025,1501
the-universitas-syiah-kuala,the,2026,1501
the-universite-de-skikda,the,2024,1201
the-universite-de-skikda,the,2025,1501
the-universite-de-skikda,the,2026,1501
the-university-al-qadisiyah,the,2024,1201
the-university-al-qadisiyah,the,2025,1501
the-university-al-qadisiyah,the,2026,1501
the-university-diyala,the,2024,1201
the-university-diyala,the,2025,1501
the-university-diyala,the,2026,1501
the-university-hormozgan,the,2024,1201
the-university-hormozgan,the,2025,1501
the-university-hormozgan,the,2026,1501
the-university-qom,the,2024,1201
the-university-qom,the,2025,1501
the-university-qom,the,2026,1501
the-volgograd-state-university,the,2024,1201
the-volgograd-state-university,the,2025,1501
the-volgograd-state-university,the,2026,1501
the-adelphi-university,the,2024,1501
the-adelphi-university,the,2025,1501
the-adelphi-university,the,2026,1501
the-ankara-yildirim-beyazit-university,the,2024,1501
the-ankara-yildirim-beyazit-university,the,2025,1501
the-ankara-yildirim-beyazit-university,the,2026,1501
the-antonio-narino-university,the,2024,1501
the-antonio-narino-university,the,2025,1501
the-antonio-narino-university,the,2026,1501
the-bernardo-ohiggins-university,the,2024,1501
the-bernardo-ohiggins-university,the,2025,1501
the-bernardo-ohiggins-university,the,2026,1501
the-bharati-vidyapeeth-university,the,2024,1501
the-bharati-vidyapeeth-university,the,2025,1501
the-bharati-vidyapeeth-university,the,2026,1501
the-bilecik-seyh-edebali-university,the,2024,1501
the-bilecik-seyh-edebali-university,the,2025,1501
the-bilecik-seyh-edebali-university,the,2026,1501
the-bursa-technical-university,the,2024,1501
the-bursa-technical-university,the,2025,1501
the-bursa-technical-university,the,2026,1501
the-cankiri-karatekin-university,the,2024,1501
the-cankiri-karatekin-university,the,2025,1501
the-cankiri-karatekin-university,the,2026,1501
the-centro-federal-de-educacao-tecnologica-celso-suckow-da-fonseca-cefet-rj,the,2024,1501
the-centro-federal-de-educacao-tecnologica-celso-suckow-da-fonseca-cefet-rj,the,2025,1501
the-centro-federal-de-educacao-tecnologica-celso-suckow-da-fonseca-cefet-rj,the,2026,1501
the-ces-university,the,2024,1501
the-ces-university,the,2025,1501
the-ces-university,the,2026,1501
the-chelyabinsk-state-university,the,2024,1501
the-chelyabinsk-state-university,the,2025,1501
the-chelyabinsk-state-university,the,2026,1501
the-goa-university,the,2024,1501
the-goa-university,the,2025,1501
the-goa-university,the,2026,1501
the-hassiba-benbouali-university-chlef,the,2024,1501
the-hassiba-benbouali-university-chlef,the,2025,1501
the-hassiba-benbouali-university-chlef,the,2026,1501
the-herzen-state-pedagogical-university-russia,the,2024,1501
the-herzen-state-pedagogical-university-russia,the,2025,1501
the-herzen-state-pedagogical-university-russia,the,2026,1501
the-hitit-university,the,2024,1501
the-hitit-university,the,2025,1501
the-hitit-university,the,2026,1501
the-instituto-politecnico-de-viana-do-castelo,the,2024,1501
the-instituto-politecnico-de-viana-do-castelo,the,2025,1501
the-instituto-politecnico-de-viana-do-castelo,the,2026,1501
the-istanbul-aydin-university,the,2024,1501
the-istanbul-aydin-university,the,2025,1501
the-istanbul-aydin-university,the,2026,1501
the-izmir-university-economics,the,2024,1501
the-izmir-university-economics,the,2025,1501
the-izmir-university-economics,the,2026,1501
the-jan-kochanowski-university-kielce,the,2024,1501
the-jan-kochanowski-university-kielce,the,2025,1501
the-jan-kochanowski-university-kielce,the,2026,1501
the-jember-university,the,2024,1501
the-jember-university,the,2025,1501
the-jember-university,the,2026,1501
the-kirsehir-ahi-evran-university,the,2024,1501
the-kirsehir-ahi-evran-university,the,2025,1501
the-kirsehir-ahi-evran-university,the,2026,1501
the-middle-technical-university,the,2024,1501
the-middle-technical-university,the,2025,1501
the-middle-technical-university,the,2026,1501
the-moulay-ismail-university,the,2024,1501
the-moulay-ismail-university,the,2025,1501
the-moulay-ismail-university,the,2026,1501
the-national-university-costa-rica,the,2024,1501
the-national-university-costa-rica,the,2026,1501
the-national-university-life-and-environmental-sciences-ukraine,the,2024,1501
the-national-university-life-and-environmental-sciences-ukraine,the,2025,1501
the-national-university-life-and-environmental-sciences-ukraine,the,2026,1501
the-national-university-medical-sciences-nums,the,2024,1501
the-national-university-medical-sciences-nums,the,2025,1501
the-national-university-medical-sciences-nums,the,2026,1501
the-ned-university-engineering-and-technology,the,2024,1501
the-ned-university-engineering-and-technology,the,2025,1501
the-ned-university-engineering-and-technology,the,2026,1501
the-ordu-university,the,2024,1501
the-ordu-university,the,2025,1501
the-ordu-university,the,2026,1501
the-pamukkale-university,the,2024,1501
the-pamukkale-university,the,2025,1501
the-pamukkale-university,the,2026,1501
the-reva-university,the,2024,1501
the-reva-university,the,2025,1501
the-reva-university,the,2026,1501
the-russian-state-university-humanities,the,2024,1501
the-russian-state-university-humanities,the,2025,1501
the-russian-state-university-humanities,the,2026,1501
the-saints-cyril-and-methodius-university-skopje,the,2024,1501
the-saints-cyril-and-methodius-university-skopje,the,2025,1501
the-saints-cyril-and-methodius-university-skopje,the,2026,1501
the-state-university-kyiv-aviation-institute,the,2024,1501
the-state-university-kyiv-aviation-institute,the,2025,1501
the-state-university-kyiv-aviation-institute,the,2026,1501
the-state-university-bahia,the,2024,1501
the-state-university-bahia,the,2025,1501
the-state-university-bahia,the,2026,1501
the-toyama-prefectural-university,the,2024,1501
the-toyama-prefectural-university,the,2025,1501
the-toyama-prefectural-university,the,2026,1501
the-tula-state-university,the,2024,1501
the-tula-state-university,the,2025,1501
the-tula-state-university,the,2026,1501
the-universitas-negeri-surabaya,the,2024,1501
the-universitas-negeri-surabaya,the,2025,1501
the-universitas-negeri-surabaya,the,2026,1501
the-universitas-sriwijaya,the,2024,1501
the-universitas-sriwijaya,the,2025,1501
the-universitas-sriwijaya,the,2026,1501
the-universite-kasdi-merbah-ouargla,the,2024,1501
the-universite-kasdi-merbah-ouargla,the,2025,1501
the-universite-kasdi-merbah-ouargla,the,2026,1501
the-universite-sultan-moulay-slimane,the,2024,1501
the-universite-sultan-moulay-slimane,the,2025,1501
the-universite-sultan-moulay-slimane,the,2026,1501
the-university-abdelhamid-ibn-badis-mostaganem,the,2024,1501
the-university-abdelhamid-ibn-badis-mostaganem,the,2025,1501
the-university-abdelhamid-ibn-badis-mostaganem,the,2026,1501
the-university-development-studies,the,2024,1501
the-university-development-studies,the,2025,1501
the-university-development-studies,the,2026,1501
the-university-batna-2,the,2024,1501
the-university-batna-2,the,2025,1501
the-university-batna-2,the,2026,1501
the-university-jijel,the,2024,1501
the-university-jijel,the,2025,1501
the-university-jijel,the,2026,1501
the-university-kelaniya,the,2024,1501
the-university-kelaniya,the,2025,1501
the-university-kelaniya,the,2026,1501
the-university-laghouat,the,2024,1501
the-university-laghouat,the,2025,1501
the-university-laghouat,the,2026,1501
the-university-lampung,the,2024,1501
the-university-lampung,the,2025,1501
the-university-lampung,the,2026,1501
the-university-life-sciences-lublin,the,2024,1501
the-university-life-sciences-lublin,the,2025,1501
the-university-life-sciences-lublin,the,2026,1501
the-university-los-lagos,the,2024,1501
the-university-los-lagos,the,2025,1501
the-university-los-lagos,the,2026,1501
the-university-mascara,the,2024,1501
the-university-mascara,the,2025,1501
the-university-mascara,the,2026,1501
the-university-phayao,the,2024,1501
the-university-phayao,the,2025,1501
the-university-phayao,the,2026,1501
the-university-port-harcourt,the,2024,1501
the-university-port-harcourt,the,2025,1501
the-university-port-harcourt,the,2026,1501
the-university-prishtina,the,2024,1501
the-university-prishtina,the,2025,1501
the-university-prishtina,the,2026,1501
the-university-sri-jayewardenepura,the,2024,1501
the-university-sri-jayewardenepura,the,2025,1501
the-university-sri-jayewardenepura,the,2026,1501
the-uzhhorod-national-university,the,2024,1501
the-uzhhorod-national-university,the,2025,1501
the-uzhhorod-national-university,the,2026,1501
the-balochistan-university-information-technology-engineering-and-management,the,2025,1201
the-balochistan-university-information-technology-engineering-and-management,the,2026,1501
the-maejo-university,the,2025,1201
the-maejo-university,the,2026,1501
the-manav-rachna-international-institute-research-and-studies,the,2025,1201
the-manav-rachna-international-institute-research-and-studies,the,2026,1501
the-national-institute-applied-sciences-strasbourg-insa-strasbourg,the,2025,1201
the-national-institute-applied-sciences-strasbourg-insa-strasbourg,the,2026,1501
the-university-la-rochelle,the,2025,1201
the-university-la-rochelle,the,2026,1501
the-university-macedonia,the,2025,1201
the-university-macedonia,the,2026,1501
the-university-worcester,the,2025,1201
the-university-worcester,the,2026,1501
the-vels-institute-science-technology-and-advanced-studies-vistas,the,2025,1201
the-vels-institute-science-technology-and-advanced-studies-vistas,the,2026,1501
the-adana-alparslan-turkes-science-and-technology-university,the,2025,1501
the-adana-alparslan-turkes-science-and-technology-university,the,2026,1501
the-afyon-kocatepe-university,the,2025,1501
the-afyon-kocatepe-university,the,2026,1501
the-alberto-hurtado-university,the,2025,1501
the-alberto-hurtado-university,the,2026,1501
the-al-furat-al-awsat-technical-university,the,2025,1501
the-al-furat-al-awsat-technical-university,the,2026,1501
the-al-muthanna-university,the,2025,1501
the-al-muthanna-university,the,2026,1501
the-altinbas-university,the,2025,1501
the-altinbas-university,the,2026,1501
the-aydin-adnan-menderes-university,the,2025,1501
the-aydin-adnan-menderes-university,the,2026,1501
the-bashkir-state-medical-university,the,2025,1501
the-bashkir-state-medical-university,the,2026,1501
the-bogomolets-national-medical-university,the,2025,1501
the-bogomolets-national-medical-university,the,2026,1501
the-burdur-mehmet-akif-ersoy-university,the,2025,1501
the-burdur-mehmet-akif-ersoy-university,the,2026,1501
the-ekiti-state-university,the,2025,1501
the-ekiti-state-university,the,2026,1501
the-eskisehir-technical-university,the,2025,1501
the-eskisehir-technical-university,the,2026,1501
the-federal-institute-education-science-and-technology-sao-paulo,the,2025,1501
the-federal-institute-education-science-and-technology-sao-paulo,the,2026,1501
the-federal-university-technology-owerri,the,2025,1501
the-federal-university-technology-owerri,the,2026,1501
the-federal-university-oye-ekiti,the,2025,1501
the-federal-university-oye-ekiti,the,2026,1501
the-gdynia-maritime-university,the,2025,1501
the-gdynia-maritime-university,the,2026,1501
the-gmr-institute-technology,the,2025,1501
the-gmr-institute-technology,the,2026,1501
the-hormozgan-university-medical-sciences,the,2025,1501
the-hormozgan-university-medical-sciences,the,2026,1501
the-ibn-khaldoun-university,the,2025,1501
the-ibn-khaldoun-university,the,2026,1501
the-institucion-universitaria-itm,the,2025,1501
the-institucion-universitaria-itm,the,2026,1501
the-ionian-university,the,2025,1501
the-ionian-university,the,2026,1501
the-kazan-state-power-engineering-university,the,2025,1501
the-kazan-state-power-engineering-university,the,2026,1501
the-kenyatta-university,the,2025,1501
the-kenyatta-university,the,2026,1501
the-larbi-tebessi-university,the,2025,1501
the-larbi-tebessi-university,the,2026,1501
the-mindanao-state-university-iligan-institute-technology,the,2025,1501
the-mindanao-state-university-iligan-institute-technology,the,2026,1501
the-misr-university-science-and-technology,the,2025,1501
the-misr-university-science-and-technology,the,2026,1501
the-m-s-ramaiah-university-applied-sciences-ruas,the,2025,1501
the-m-s-ramaiah-university-applied-sciences-ruas,the,2026,1501
the-mugla-sitki-kocman-university,the,2025,1501
the-mugla-sitki-kocman-university,the,2026,1501
the-mus-alparslan-university,the,2025,1501
the-mus-alparslan-university,the,2026,1501
the-national-pingtung-university-science-and-technology,the,2025,1501
the-national-pingtung-university-science-and-technology,the,2026,1501
the-national-university-mongolia,the,2025,1501
the-national-university-mongolia,the,2026,1501
the-northern-technical-university,the,2025,1501
the-northern-technical-university,the,2026,1501
the-october-university-modern-sciences-and-arts-msa,the,2025,1501
the-october-university-modern-sciences-and-arts-msa,the,2026,1501
the-odesa-ii-mechnikov-national-university,the,2025,1501
the-odesa-ii-mechnikov-national-university,the,2026,1501
the-okayama-university-science,the,2025,1501
the-okayama-university-science,the,2026,1501
the-pace-university-new-york,the,2025,1501
the-pace-university-new-york,the,2026,1501
the-polytechnic-institute-setubal,the,2025,1501
the-polytechnic-institute-setubal,the,2026,1501
the-pontifical-catholic-university-argentina,the,2025,1501
the-pontifical-catholic-university-argentina,the,2026,1501
the-russian-university-transport-miit,the,2025,1501
the-russian-university-transport-miit,the,2026,1501
the-saint-petersburg-state-pediatric-medical-university,the,2025,1501
the-saint-petersburg-state-pediatric-medical-university,the,2026,1501
the-samara-state-medical-university,the,2025,1501
the-samara-state-medical-university,the,2026,1501
the-sikkim-manipal-university,the,2025,1501
the-sikkim-manipal-university,the,2026,1501
the-soochow-university-taiwan,the,2025,1501
the-soochow-university-taiwan,the,2026,1501
the-sri-lanka-institute-information-technology,the,2025,1501
the-sri-lanka-institute-information-technology,the,2026,1501
the-sri-ramachandra-institute-higher-education-and-research,the,2025,1501
the-sri-ramachandra-institute-higher-education-and-research,the,2026,1501
the-tashkent-university-information-technologies,the,2025,1501
the-tashkent-university-information-technologies,the,2026,1501
the-tikrit-university,the,2025,1501
the-tikrit-university,the,2026,1501
the-tokyo-university-technology,the,2025,1501
the-tokyo-university-technology,the,2026,1501
the-trakia-university,the,2025,1501
the-trakia-university,the,2026,1501
the-trakya-university,the,2025,1501
the-trakya-university,the,2026,1501
the-universidad-distrital-francisco-jose-de-caldas,the,2025,1501
the-universidad-distrital-francisco-jose-de-caldas,the,2026,1501
the-universidade-estadual-de-feira-de-santana-uefs,the,2025,1501
the-universidade-estadual-de-feira-de-santana-uefs,the,2026,1501
the-universidade-estadual-do-maranhao,the,2025,1501
the-universidade-estadual-do-maranhao,the,2026,1501
the-universidad-nacional-agraria-la-molina,the,2025,1501
the-universidad-nacional-agraria-la-molina,the,2026,1501
the-universidad-san-ignacio-de-loyola,the,2025,1501
the-universidad-san-ignacio-de-loyola,the,2026,1501
the-universidad-santo-tomas,the,2025,1501
the-universidad-santo-tomas,the,2026,1501
the-universidad-tecnica-de-manabi,the,2025,1501
the-universidad-tecnica-de-manabi,the,2026,1501
the-universitas-ahmad-dahlan,the,2025,1501
the-universitas-ahmad-dahlan,the,2026,1501
the-universitas-muhammadiyah-malang,the,2025,1501
the-universitas-muhammadiyah-malang,the,2026,1501
the-universitas-negeri-semarang,the,2025,1501
the-universitas-negeri-semarang,the,2026,1501
the-university-cuenca,the,2025,1501
the-university-cuenca,the,2026,1501
the-university-las-americas-udla,the,2025,1501
the-university-las-americas-udla,the,2026,1501
the-university-mataram,the,2025,1501
the-university-mataram,the,2026,1501
the-university-medellin,the,2025,1501
the-university-medellin,the,2026,1501
the-university-oum-el-bouaghi,the,2025,1501
the-university-oum-el-bouaghi,the,2026,1501
the-university-taipei,the,2025,1501
the-university-taipei,the,2026,1501
the-university-thi-qar,the,2025,1501
the-university-thi-qar,the,2026,1501
the-vali-e-asr-university-rafsanjan,the,2025,1501
the-vali-e-asr-university-rafsanjan,the,2026,1501
the-vasyl-stefanyk-carpathian-national-university,the,2025,1501
the-vasyl-stefanyk-carpathian-national-university,the,2026,1501
the-vinayaka-missions-research-foundation,the,2025,1501
the-vinayaka-missions-research-foundation,the,2026,1501
the-volgograd-state-medical-university,the,2025,1501
the-volgograd-state-medical-university,the,2026,1501
the-wasit-university,the,2025,1501
the-wasit-university,the,2026,1501
the-adiyaman-university,the,2026,1501
the-afyonkarahisar-health-sciences-university,the,2026,1501
the-aiims-rishikesh,the,2026,1501
the-alanya-alaaddin-keykubat-university,the,2026,1501
the-al-qasim-green-university,the,2026,1501
the-amity-university-kolkata,the,2026,1501
the-anahuac-university,the,2026,1501
the-atma-jaya-catholic-university-indonesia,the,2026,1501
the-autonomous-university-guerrero-uagro,the,2026,1501
the-babcock-university,the,2026,1501
the-balikesir-university,the,2026,1501
the-beykent-university,the,2026,1501
the-cardinal-stefan-wyszynski-university-warsaw,the,2026,1501
the-centurion-university-technology-and-management,the,2026,1501
the-delta-state-university-abraka,the,2026,1501
the-dnipro-university-technology,the,2026,1501
the-dr-mgr-educational-and-research-institute,the,2026,1501
the-east-west-university-0,the,2026,1501
the-halu-oleo-university,the,2026,1501
the-hatay-mustafa-kemal-university,the,2026,1501
the-islamic-science-university-malaysia-usim,the,2026,1501
the-istanbul-okan-university,the,2026,1501
the-jaypee-institute-information-technology-noida,the,2026,1501
the-karamanoglu-mehmet-bey-university,the,2026,1501
the-kle-academy-higher-education-and-research,the,2026,1501
the-kyiv-national-university-construction-and-architecture,the,2026,1501
the-liverpool-hope-university,the,2026,1501
the-military-institute-science-and-technology-mist,the,2026,1501
the-national-pirogov-memorial-medical-university-vinnytsya,the,2026,1501
the-national-university-quilmes,the,2026,1501
the-north-khorasan-university-medical-sciences,the,2026,1501
the-paisii-hilendarski-university-plovdiv,the,2026,1501
the-pazmany-peter-catholic-university,the,2026,1501
the-petersburg-state-transport-university,the,2026,1501
the-petrozavodsk-state-university,the,2026,1501
the-presidency-university,the,2026,1501
the-regional-autonomous-university-andes-uniandes,the,2026,1501
the-sabzevar-university-medical-sciences,the,2026,1501
the-sakarya-university-applied-sciences,the,2026,1501
the-shree-guru-gobind-singh-tricentenary-university,the,2026,1501
the-state-islamic-university-sunan-gunung-djati-bandung,the,2026,1501
the-state-university-southwestern-bahia-uesb,the,2026,1501
the-tecnologico-de-costa-rica,the,2026,1501
the-tekirdag-namik-kemal-university,the,2026,1501
the-ubon-ratchathani-university,the,2026,1501
the-ukrainian-state-university-science-and-technologies,the,2026,1501
the-universitas-negeri-jakarta,the,2026,1501
the-universite-cheikh-anta-diop-de-dakar-ucad,the,2026,1501
the-university-calabar,the,2026,1501
the-university-cauca,the,2026,1501
the-university-huelva,the,2026,1501
the-university-kirkuk,the,2026,1501
the-university-san-martin-de-porres,the,2026,1501
the-uskudar-university,the,2026,1501
the-ziane-achour-university-djelfa,the,2026,1501
usn-creighton-university-181002,usnews,2026,1514
usn-creighton-university-181002,the,2012,226
usn-creighton-university-181002,the,2013,301
usn-creighton-university-181002,the,2014,276
usn-creighton-university-181002,the,2015,301
usn-creighton-university-181002,the,2017,501
usn-creighton-university-181002,the,2018,501
usn-creighton-university-181002,the,2019,501
usn-creighton-university-181002,the,2020,601
usn-creighton-university-181002,the,2021,601
usn-creighton-university-181002,the,2022,801
usn-creighton-university-181002,the,2023,1001
usn-pakistan-institute-of-engineering-applied-science-530048,usnews,2026,1514
usn-university-of-urbino-529329,usnews,2026,1514
usn-university-of-veterinary-medicine-vienna-528974,usnews,2026,1514
usn-hawassa-university-530262,usnews,2026,1520
usn-homi-bhabha-national-institute-529784,usnews,2026,1520
usn-university-of-massachusetts-dartmouth-167987,usnews,2026,1520
usn-university-osnabruck-529402,usnews,2026,1520
usn-anhui-normal-university-529314,usnews,2026,1527
usn-malaviya-national-institute-of-technology-jaipur-529640,usnews,2026,1527
usn-shanghai-university-of-engineering-science-529812,usnews,2026,1527
usn-ecole-de-technologie-superieure-canada-529339,usnews,2026,1531
usn-jimei-university-530020,usnews,2026,1531
usn-liaoning-university-529509,usnews,2026,1531
usn-universidad-de-las-palmas-de-gran-canaria-529049,usnews,2026,1540
usn-university-cheikh-anta-diop-dakar-530237,usnews,2026,1540
usn-pomeranian-medical-university-529424,usnews,2026,1543
usn-zhejiang-university-of-science-technology-530269,usnews,2026,1543
usn-ecole-nationale-superieure-de-chimie-de-montpellier-529615,usnews,2026,1547
usn-escuela-politecnica-nacional-ecuador-530418,usnews,2026,1547
usn-inland-norway-university-of-applied-sciences-530471,usnews,2026,1547
usn-universite-de-la-manouba-529717,usnews,2026,1547
usn-university-of-alabama-huntsville-100706,usnews,2026,1547
usn-malardalen-university-529796,usnews,2026,1556
usn-saints-cyril-and-methodius-university-of-skopje-529546,usnews,2026,1556
usn-jilin-agricultural-university-530080,usnews,2026,1559
usn-kwangwoon-university-529280,usnews,2026,1559
usn-indian-institute-of-science-education-and-research-kolkata-529446,usnews,2026,1564
usn-indian-institute-of-science-education-and-research-kolkata-529446,the,2019,801
usn-indian-institute-of-science-education-and-research-kolkata-529446,the,2020,801
usn-indian-institute-of-science-education-and-research-kolkata-529446,the,2021,601
usn-indian-institute-of-science-education-and-research-kolkata-529446,the,2022,801
usn-indian-institute-of-science-education-and-research-kolkata-529446,the,2023,1001
usn-indian-institute-of-science-education-and-research-kolkata-529446,the,2024,1001
usn-indian-institute-of-science-education-and-research-kolkata-529446,the,2025,1201
usn-miami-university-oxford-204024,usnews,2026,1564
usn-shandong-technology-business-university-530620,usnews,2026,1564
usn-bingol-university-529789,usnews,2026,1569
usn-guangdong-medical-university-529485,usnews,2026,1569
usn-indian-statistical-institute-kolkata-529534,usnews,2026,1569
usn-china-jiliang-university-529306,usnews,2026,1579
usn-harbin-university-of-science-and-technology-529815,usnews,2026,1579
usn-indian-institute-of-technology-iit-jodhpur-530261,usnews,2026,1579
usn-universidade-do-algarve-528821,usnews,2026,1579
usn-ningxia-university-529972,usnews,2026,1585
usn-tibet-university-530582,usnews,2026,1585
usn-agricultural-university-of-athens-501891,usnews,2026,1589
usn-dalian-medical-university-529283,usnews,2026,1589
usn-institute-technology-of-bandung-529995,usnews,2026,1589
usn-northeast-electric-power-university-529809,usnews,2026,1589
usn-university-of-north-dakota-200280,usnews,2026,1589
usn-yangtze-university-529494,usnews,2026,1589
usn-guangdong-university-of-petrochemical-technology-530254,usnews,2026,1599
usn-henan-university-of-technology-529673,usnews,2026,1599
usn-louisiana-state-university-health-sciences-center-159373,usnews,2026,1599
usn-minzu-university-of-china-530279,usnews,2026,1599
usn-nara-institute-of-science-528981,usnews,2026,1599
usn-sanjay-gandhi-postgraduate-institute-of-medical-sciences-529743,usnews,2026,1599
usn-chapman-university-111948,usnews,2026,1607
usn-chapman-university-111948,the,2021,601
usn-chapman-university-111948,the,2022,801
usn-chapman-university-111948,the,2023,801
usn-chapman-university-111948,the,2024,801
usn-chengdu-university-of-traditional-chinese-medicine-530083,usnews,2026,1607
usn-montclair-state-university-185590,usnews,2026,1607
usn-university-of-abomey-calavi-530256,usnews,2026,1607
usn-florida-am-university-133650,usnews,2026,1616
usn-iuliu-hatieganu-university-of-medicine-and-pharmacy-529214,usnews,2026,1616
usn-open-university-of-the-netherlands-529763,usnews,2026,1616
usn-shanxi-agricultural-university-529878,usnews,2026,1616
usn-shenzhen-technology-university-530277,usnews,2026,1616
usn-universidade-federal-da-paraiba-529248,usnews,2026,1616
usn-university-of-agricultural-sciences-veterinary-medicine-cluj-napoca-530242,usnews,2026,1616
usn-albany-medical-college-529365,usnews,2026,1625
usn-guangxi-minzu-university-530245,usnews,2026,1625
usn-northeast-petroleum-university-529819,usnews,2026,1625
usn-siirt-university-530579,usnews,2026,1625
usn-southwest-medical-university-529931,usnews,2026,1625
usn-university-of-cassino-529646,usnews,2026,1631
usn-university-of-london-school-oriental-and-african-studies-soas-529061,usnews,2026,1631
usn-university-of-madras-529221,usnews,2026,1631
usn-university-of-silesia-529010,usnews,2026,1631
usn-boise-state-university-142115,usnews,2026,1636
usn-san-jose-state-university-122755,usnews,2026,1636
usn-san-jose-state-university-122755,the,2022,1001
usn-shanghai-institute-of-technology-529887,usnews,2026,1636
usn-xuzhou-university-of-technology-530581,usnews,2026,1636
usn-bowling-green-state-university-201441,usnews,2026,1642
usn-bowling-green-state-university-201441,the,2021,801
usn-bowling-green-state-university-201441,the,2022,1001
usn-bowling-green-state-university-201441,the,2023,1001
usn-bowling-green-state-university-201441,the,2024,1001
usn-bowling-green-state-university-201441,the,2025,1001
usn-izmir-yuksek-teknoloji-enstitusu-529316,usnews,2026,1642
usn-universidad-de-antofagasta-529879,usnews,2026,1646
usn-universitat-de-vic-universitat-central-de-catalunya-uvic-ucc-530270,usnews,2026,1646
usn-xian-technological-university-529890,usnews,2026,1646
usn-anhui-university-of-science-and-technology-529833,usnews,2026,1653
usn-chongqing-university-of-technology-529845,usnews,2026,1653
usn-san-francisco-state-university-122597,usnews,2026,1653
usn-universidade-federal-do-para-529218,usnews,2026,1653
usn-university-of-west-bohemia-pilsen-529565,usnews,2026,1653
usn-xihua-university-529829,usnews,2026,1653
usn-california-state-university-northridge-110608,usnews,2026,1661
usn-universidade-federal-do-espirito-santo-529299,usnews,2026,1661
usn-kunming-medical-university-529921,usnews,2026,1669
usn-shenyang-pharmaceutical-university-501409,usnews,2026,1669
usn-uniformed-services-university-of-the-health-sciences-528993,usnews,2026,1669
usn-universitat-oberta-de-catalunya-529982,usnews,2026,1669
usn-university-of-missouri-st-louis-178420,usnews,2026,1669
usn-university-of-missouri-st-louis-178420,the,2020,401
usn-university-of-missouri-st-louis-178420,the,2021,601
usn-university-of-missouri-st-louis-178420,the,2022,601
usn-university-of-missouri-st-louis-178420,the,2023,801
usn-fujian-university-of-technology-530178,usnews,2026,1679
usn-institute-of-tropical-medicine-529905,usnews,2026,1679
usn-university-of-koblenz-and-landau-529467,usnews,2026,1679
usn-brandenburg-university-of-technology-cottbus-529323,usnews,2026,1687
usn-guilin-university-of-technology-529886,usnews,2026,1687
usn-hubei-university-of-arts-science-530313,usnews,2026,1687
usn-universidad-autonoma-de-sinaloa-530176,usnews,2026,1687
usn-al-ayen-university-530771,usnews,2026,1693
usn-anhui-polytechnic-university-530282,usnews,2026,1693
usn-shanghai-university-of-electric-power-529644,usnews,2026,1693
usn-shenyang-agricultural-university-529736,usnews,2026,1693
usn-south-central-university-for-nationalities-529493,usnews,2026,1693
usn-zhengzhou-university-of-light-industry-529838,usnews,2026,1693
usn-hangzhou-city-university-530335,usnews,2026,1705
usn-north-minzu-university-530276,usnews,2026,1705
usn-showa-university-529125,usnews,2026,1705
usn-showa-university-529125,the,2016,601
usn-showa-university-529125,the,2017,801
usn-showa-university-529125,the,2018,801
usn-showa-university-529125,the,2019,1001
usn-showa-university-529125,the,2020,1001
usn-showa-university-529125,the,2021,1001
usn-showa-university-529125,the,2022,1201
usn-showa-university-529125,the,2023,1201
usn-showa-university-529125,the,2024,1201
usn-showa-university-529125,the,2025,1201
usn-universidade-federal-de-lavras-529105,usnews,2026,1705
usn-universidad-nacional-de-educacion-a-distancia-uned-529230,usnews,2026,1705
usn-university-of-malawi-529362,usnews,2026,1705
usn-bogor-agricultural-university-529875,usnews,2026,1713
usn-bundeswehr-university-munich-529851,usnews,2026,1713
usn-karlstad-university-529993,usnews,2026,1713
usn-karlstad-university-529993,the,2020,801
usn-karlstad-university-529993,the,2021,801
usn-karlstad-university-529993,the,2022,801
usn-karlstad-university-529993,the,2023,801
usn-karlstad-university-529993,the,2024,1001
usn-medical-university-silesia-529276,usnews,2026,1713
usn-japan-advanced-institute-of-science-and-technology-529613,usnews,2026,1721
usn-jain-university-529958,usnews,2026,1728
usn-jiaxing-university-529959,usnews,2026,1728
usn-north-carolina-at-state-university-199102,usnews,2026,1728
usn-karamanoglu-mehmetbey-university-530174,usnews,2026,1734
usn-szent-istvan-university-529455,usnews,2026,1734
usn-szent-istvan-university-529455,the,2020,1001
usn-szent-istvan-university-529455,the,2021,1001
usn-slovak-university-of-technology-bratislava-529184,usnews,2026,1742
usn-universidad-politecnica-de-cartagena-529561,usnews,2026,1742
usn-western-washington-university-237011,usnews,2026,1742
usn-western-washington-university-237011,the,2019,601
usn-western-washington-university-237011,the,2020,601
usn-western-washington-university-237011,the,2021,601
usn-east-china-jiaotong-university-529827,usnews,2026,1748
usn-huaibei-normal-university-529612,usnews,2026,1748
usn-university-of-electro-communications-japan-529005,usnews,2026,1748
usn-university-of-jammu-529652,usnews,2026,1748
usn-university-of-puerto-rico-mayaguez-243197,usnews,2026,1748
usn-guangdong-university-of-finance-economics-530777,usnews,2026,1757
usn-yunnan-normal-university-530007,usnews,2026,1757
usn-zhejiang-shuren-university-530776,usnews,2026,1757
usn-technical-university-freiberg-529085,usnews,2026,1761
usn-university-of-minnesota-duluth-174233,usnews,2026,1761
usn-witten-herdecke-university-529274,usnews,2026,1761
usn-wuyi-university-530153,usnews,2026,1761
usn-yancheng-institute-of-technology-529888,usnews,2026,1761
usn-chongqing-university-of-science-technology-530292,usnews,2026,1770
usn-hubei-university-of-medicine-530078,usnews,2026,1770
usn-jacobs-university-528936,usnews,2026,1770
usn-shenzhen-polytechnic-university-530295,usnews,2026,1770
usn-southwest-forestry-university-china-530311,usnews,2026,1770
usn-ball-state-university-150136,usnews,2026,1778
usn-huaiyin-institute-of-technology-529857,usnews,2026,1778
usn-shihezi-university-529961,usnews,2026,1778
usn-universidad-del-norte-colombia-530266,usnews,2026,1784
usn-university-of-pavol-jozef-safarik-kosice-528995,usnews,2026,1784
usn-yanan-university-530130,usnews,2026,1784
usn-kennesaw-state-university-140164,usnews,2026,1787
usn-moulay-ismail-university-of-meknes-530268,usnews,2026,1787
usn-south-dakota-state-university-219356,usnews,2026,1787
usn-south-dakota-state-university-219356,the,2025,1001
usn-uludag-university-529206,usnews,2026,1787
usn-binzhou-medical-university-530074,usnews,2026,1791
usn-tianjin-university-of-commerce-530273,usnews,2026,1791
usn-arid-agriculture-university-529662,usnews,2026,1798
usn-avignon-universite-529720,usnews,2026,1798
usn-beijing-information-science-and-technology-university-529868,usnews,2026,1798
usn-cuny-hunter-college-190594,usnews,2026,1798
usn-shanghai-university-of-sport-530338,usnews,2026,1798
usn-university-of-warmia-529107,usnews,2026,1798
usn-university-of-zielona-gora-529987,usnews,2026,1798
usn-xian-university-of-posts-and-telecommunications-529862,usnews,2026,1798
usn-harbin-normal-university-529965,usnews,2026,1808
usn-nanjing-institute-of-technology-529873,usnews,2026,1808
usn-national-institute-of-technology-kurukshetra-529844,usnews,2026,1808
usn-universidade-federal-de-mato-grosso-do-sul-530198,usnews,2026,1808
usn-guizhou-medical-university-529927,usnews,2026,1815
usn-university-nacional-cuyo-mendoza-529408,usnews,2026,1815
usn-california-state-university-long-beach-110583,usnews,2026,1823
usn-california-state-university-long-beach-110583,the,2016,601
usn-california-state-university-long-beach-110583,the,2020,1001
usn-california-state-university-long-beach-110583,the,2021,1001
usn-changchun-university-of-science-and-technology-529860,usnews,2026,1823
usn-guangxi-medical-university-529620,usnews,2026,1823
usn-lanzhou-university-of-technology-529641,usnews,2026,1823
usn-srm-university-ap-530780,usnews,2026,1823
usn-hangzhou-medical-college-530123,usnews,2026,1829
usn-hebei-normal-university-530092,usnews,2026,1829
usn-universite-de-valenciennes-et-du-hainaut-cambresis-529196,usnews,2026,1829
usn-jikei-university-529126,usnews,2026,1835
usn-university-of-agriculture-in-krakow-529737,usnews,2026,1835
usn-shenyang-university-of-technology-529847,usnews,2026,1842
usn-university-of-quebec-trois-rivieres-529999,usnews,2026,1842
usn-wuhan-polytechnic-university-530264,usnews,2026,1842
usn-lanzhou-jiaotong-university-529614,usnews,2026,1846
usn-maharshi-dayanand-university-530297,usnews,2026,1846
usn-pandit-deendayal-energy-university-530585,usnews,2026,1846
usn-university-of-louisiana-lafayette-160658,usnews,2026,1846
usn-guangdong-pharmaceutical-university-530070,usnews,2026,1853
usn-ludong-university-530021,usnews,2026,1853
usn-nanjing-audit-university-530278,usnews,2026,1853
usn-gansu-agricultural-university-530100,usnews,2026,1863
usn-university-of-kaiserslautern-528867,usnews,2026,1863
usn-university-of-nis-529197,usnews,2026,1863
usn-maria-curie-sklodowska-university-529239,usnews,2026,1871
usn-san-pablo-ceu-university-530306,usnews,2026,1871
usn-texas-tech-university-health-sciences-center-229337,usnews,2026,1871
usn-universite-abou-bekr-belkaid-530781,usnews,2026,1871
usn-universite-de-haute-alsace-uha-528946,usnews,2026,1871
usn-hainan-medical-university-530089,usnews,2026,1878
usn-koneru-lakshmaiah-education-foundation-k-l-deemed-to-be-university-530323,usnews,2026,1878
usn-liaoning-normal-university-530118,usnews,2026,1878
usn-shenyang-aerospace-university-529849,usnews,2026,1878
usn-tokyo-womens-medical-university-529047,usnews,2026,1878
usn-xinyang-normal-university-529975,usnews,2026,1878
usn-north-china-university-of-water-resources-and-electric-power-529824,usnews,2026,1884
usn-southwest-minzu-university-529977,usnews,2026,1884
usn-universidade-federal-do-rio-grande-529672,usnews,2026,1884
usn-tshwane-university-of-technology-529469,usnews,2026,1888
usn-tshwane-university-of-technology-529469,the,2019,801
usn-tshwane-university-of-technology-529469,the,2020,801
usn-tshwane-university-of-technology-529469,the,2021,1001
usn-tshwane-university-of-technology-529469,the,2022,1001
usn-tshwane-university-of-technology-529469,the,2023,1201
usn-hafr-albatin-university-530782,usnews,2026,1897
usn-shanmugha-arts-science-technology-and-research-academy-529523,usnews,2026,1902
usn-university-of-veterinary-medicine-hannover-foundation-529714,usnews,2026,1902
usn-china-west-normal-university-529957,usnews,2026,1906
usn-texas-christian-university-228875,usnews,2026,1906
usn-university-of-jj-strossmayer-osijek-529579,usnews,2026,1906
usn-vetagro-sup-529725,usnews,2026,1906
usn-universita-mediterranea-di-reggio-calabria-529840,usnews,2026,1911
usn-almaarefa-university-530783,usnews,2026,1914
usn-ecole-nationale-veterinaire-dalfort-529353,usnews,2026,1914
usn-fukuoka-university-529259,usnews,2026,1914
usn-fukuoka-university-529259,the,2022,1201
usn-fukuoka-university-529259,the,2023,1501
usn-fukuoka-university-529259,the,2024,1501
usn-nanchang-institute-technology-530589,usnews,2026,1914
usn-university-of-leoben-529074,usnews,2026,1914
usn-gik-institute-engineering-science-technology-530592,usnews,2026,1922
usn-hebei-medical-university-529919,usnews,2026,1922
usn-hubei-university-of-science-technology-530597,usnews,2026,1922
usn-punjab-agricultural-university-529438,usnews,2026,1922
usn-yunnan-agricultural-university-529760,usnews,2026,1922
usn-national-institute-of-technology-patna-530249,usnews,2026,1931
usn-santa-clara-university-122931,usnews,2026,1931
usn-soongsil-university-529260,usnews,2026,1931
usn-soongsil-university-529260,the,2020,1001
usn-soongsil-university-529260,the,2021,1001
usn-soongsil-university-529260,the,2022,1201
usn-soongsil-university-529260,the,2023,1201
usn-soongsil-university-529260,the,2024,1201
usn-soongsil-university-529260,the,2025,1201
usn-universidad-de-la-rioja-529556,usnews,2026,1931
usn-jean-monnet-university-501383,usnews,2026,1938
usn-national-university-of-mar-del-plata-529217,usnews,2026,1938
usn-northwest-normal-university-china-529605,usnews,2026,1938
usn-shaanxi-university-of-technology-530439,usnews,2026,1938
usn-universidade-estadual-de-londrina-529115,usnews,2026,1938
usn-visva-bharati-university-529447,usnews,2026,1945
usn-xinxiang-medical-university-529948,usnews,2026,1945
usn-sichuan-university-of-science-and-engineering-529979,usnews,2026,1950
usn-sichuan-university-of-science-and-engineering-529979,the,2023,1501
usn-sichuan-university-of-science-and-engineering-529979,the,2024,1501
usn-sichuan-university-of-science-and-engineering-529979,the,2025,1501
usn-university-of-allahabad-530287,usnews,2026,1950
usn-university-of-science-and-technology-houari-boumediene-529820,usnews,2026,1950
usn-birla-institute-of-technology-mesra-529871,usnews,2026,1955
usn-hubei-normal-university-530283,usnews,2026,1957
usn-ssn-college-of-engineering-530289,usnews,2026,1957
usn-inje-university-500285,usnews,2026,1960
usn-keimyung-university-529536,usnews,2026,1960
usn-jichi-medical-university-529127,usnews,2026,1967
usn-periyar-university-530293,usnews,2026,1967
usn-universite-de-technologie-de-belfort-montbeliard-utbm-529767,usnews,2026,1967
usn-university-of-kashmir-530084,usnews,2026,1967
usn-university-of-southern-mississippi-176372,usnews,2026,1967
usn-university-of-southern-mississippi-176372,the,2016,601
usn-university-of-southern-mississippi-176372,the,2017,801
usn-university-of-southern-mississippi-176372,the,2018,801
usn-university-of-southern-mississippi-176372,the,2019,1001
usn-gannan-normal-university-530425,usnews,2026,1975
usn-louisiana-state-university-health-sciences-center-shreveport-529937,usnews,2026,1975
usn-university-of-science-and-technology-liaoning-529900,usnews,2026,1975
usn-chengdu-university-of-information-technology-530085,usnews,2026,1980
usn-dalian-minzu-university-530336,usnews,2026,1980
usn-huaiyin-normal-university-530064,usnews,2026,1980
usn-shanxi-normal-university-530121,usnews,2026,1980
usn-universidad-autonoma-de-baja-california-529594,usnews,2026,1980
usn-universidad-de-huelva-529193,usnews,2026,1980
usn-universidade-federal-de-mato-grosso-529468,usnews,2026,1980
usn-university-of-south-alabama-102094,usnews,2026,1980
usn-university-of-south-alabama-102094,the,2019,601
usn-hebei-university-of-science-technology-530112,usnews,2026,1988
usn-north-china-university-of-science-and-technology-529518,usnews,2026,1988
usn-university-of-molise-529577,usnews,2026,1990
usn-changshu-institute-of-technology-530312,usnews,2026,1994
usn-cumhuriyet-university-530091,usnews,2026,1994
usn-jiangsu-ocean-university-530321,usnews,2026,1994
usn-luoyang-normal-university-529964,usnews,2026,1994
usn-shandong-university-of-traditional-chinese-medicine-530106,usnews,2026,1994
usn-universidad-catolica-de-murcia-529906,usnews,2026,1994
usn-xian-polytechnic-university-530156,usnews,2026,1994
usn-henan-institute-of-science-technology-530107,usnews,2026,2002
usn-university-of-bergamo-530067,usnews,2026,2002
usn-university-of-bergamo-530067,the,2017,401
usn-university-of-bergamo-530067,the,2018,401
usn-university-of-bergamo-530067,the,2019,501
usn-university-of-bergamo-530067,the,2020,601
usn-university-of-bergamo-530067,the,2021,601
usn-university-of-bergamo-530067,the,2022,601
usn-university-of-bergamo-530067,the,2023,801
usn-university-of-bergamo-530067,the,2024,801
usn-university-of-bergamo-530067,the,2025,1001
usn-claremont-graduate-university-530002,usnews,2026,2007
usn-liaoning-university-of-technology-529801,usnews,2026,2007
usn-qinghai-university-530077,usnews,2026,2007
usn-mid-sweden-university-529628,usnews,2026,2011
usn-annamalai-university-529255,usnews,2026,2014
usn-annamalai-university-529255,the,2018,801
usn-annamalai-university-529255,the,2019,1001
usn-annamalai-university-529255,the,2020,1001
usn-annamalai-university-529255,the,2021,1001
usn-annamalai-university-529255,the,2022,1201
usn-annamalai-university-529255,the,2023,1501
usn-annamalai-university-529255,the,2024,1501
usn-east-tennessee-state-university-220075,usnews,2026,2014
usn-shandong-jianzhu-university-529832,usnews,2026,2014
usn-university-of-colorado-at-colorado-springs-530588,usnews,2026,2019
usn-university-of-colorado-at-colorado-springs-530588,the,2022,1201
usn-university-of-colorado-at-colorado-springs-530588,the,2023,1201
usn-victor-babes-university-of-medicine-and-pharmacy-timisoara-529547,usnews,2026,2019
usn-tomas-bata-university-zlin-530194,usnews,2026,2021
usn-university-of-north-carolina-wilmington-199218,usnews,2026,2021
usn-university-of-north-carolina-wilmington-199218,the,2020,1001
usn-university-of-north-carolina-wilmington-199218,the,2021,1001
usn-university-of-north-carolina-wilmington-199218,the,2022,1201
usn-university-of-north-carolina-wilmington-199218,the,2023,1201
usn-university-of-puerto-rico-medical-sciences-campus-243203,usnews,2026,2021
usn-institute-of-chemical-technology-mumbai-529413,usnews,2026,2025
usn-institut-national-des-sciences-appliquees-de-toulouse-529716,usnews,2026,2025
usn-pochon-cha-university-529476,usnews,2026,2025
usn-tianjin-university-of-traditional-chinese-medicine-530110,usnews,2026,2025
usn-universidade-tecnologica-federal-do-parana-529590,usnews,2026,2025
usn-universidade-tecnologica-federal-do-parana-529590,the,2019,1001
usn-universidade-tecnologica-federal-do-parana-529590,the,2020,1001
usn-universidade-tecnologica-federal-do-parana-529590,the,2021,1001
usn-universidade-tecnologica-federal-do-parana-529590,the,2022,1201
usn-universidade-tecnologica-federal-do-parana-529590,the,2023,1501
usn-universidade-tecnologica-federal-do-parana-529590,the,2024,1501
usn-universidade-tecnologica-federal-do-parana-529590,the,2025,1501
usn-universite-de-dschang-530594,usnews,2026,2025
usn-islamic-university-college-507428,usnews,2026,2032
usn-universidad-de-burgos-530018,usnews,2026,2032
usn-xinjiang-medical-university-529930,usnews,2026,2032
usn-national-institute-of-technology-jamshedpur-530668,usnews,2026,2036
usn-ningbo-university-of-technology-530433,usnews,2026,2036
usn-trent-university-499979,usnews,2026,2036
usn-universidad-autonoma-de-san-luis-potosi-528932,usnews,2026,2036
usn-kafkas-university-529317,usnews,2026,2041
usn-lusofona-university-530593,usnews,2026,2041
usn-xiamen-university-of-technology-529817,usnews,2026,2041
usn-zunyi-medical-university-530104,usnews,2026,2041
usn-shivaji-university-529073,usnews,2026,2048
usn-universidade-federal-de-sao-joao-del-rei-529322,usnews,2026,2048
usn-yanbian-university-529511,usnews,2026,2048
usn-yanbian-university-529511,the,2025,1501
usn-dali-university-530332,usnews,2026,2054
usn-chongqing-university-of-arts-and-sciences-529897,usnews,2026,2056
usn-duquesne-university-212106,usnews,2026,2056
usn-erzincan-binali-yildirim-university-529318,usnews,2026,2056
usn-guizhou-normal-university-530138,usnews,2026,2056
usn-jilin-normal-university-529884,usnews,2026,2056
usn-universidad-nacional-del-comahue-529608,usnews,2026,2056
usn-universite-de-bejaia-530788,usnews,2026,2056
usn-national-institute-of-technology-karnataka-529773,usnews,2026,2067
usn-universidad-de-sonora-530019,usnews,2026,2068
usn-chouaib-doukkali-university-of-el-jadida-530607,usnews,2026,2072
usn-instituto-politecnico-de-braganca-529114,usnews,2026,2072
usn-instituto-politecnico-de-braganca-529114,the,2023,1001
usn-instituto-politecnico-de-braganca-529114,the,2024,1201
usn-ningxia-medical-university-529941,usnews,2026,2072
usn-universidad-del-bio-bio-530302,usnews,2026,2072
usn-acibadem-university-529928,usnews,2026,2076
usn-civil-aviation-university-of-china-529856,usnews,2026,2076
usn-cleveland-state-university-202134,usnews,2026,2076
usn-kunsan-national-university-529872,usnews,2026,2076
usn-university-of-prince-edward-island-499971,usnews,2026,2076
usn-yancheng-teachers-university-530438,usnews,2026,2076
usn-yildirim-beyazit-university-530103,usnews,2026,2076
usn-saint-marianna-university-529908,usnews,2026,2085
usn-university-of-dayton-202480,usnews,2026,2085
usn-university-of-dayton-202480,the,2018,601
usn-university-of-dayton-202480,the,2019,601
usn-university-of-dayton-202480,the,2023,801
usn-adiyaman-university-529319,usnews,2026,2088
usn-saint-marys-university-canada-530317,usnews,2026,2088
usn-guangdong-polytechnic-normal-university-530603,usnews,2026,2092
usn-indian-institute-of-science-education-research-iiser---thiruvananthapuram-530435,usnews,2026,2092
usn-xijing-university-530358,usnews,2026,2092
usn-central-school-of-lyon-529054,usnews,2026,2095
usn-universidade-federal-rural-de-pernambuco-ufrpe-529592,usnews,2026,2095
usn-babasaheb-bhimrao-ambedkar-university-530789,usnews,2026,2099
usn-laurentian-university-529599,usnews,2026,2099
usn-nanning-normal-university-530447,usnews,2026,2099
usn-universidade-federal-de-amazonas-530010,usnews,2026,2099
usn-beijing-sport-university-530790,usnews,2026,2104
usn-centre-of-postgraduate-medical-education-529907,usnews,2026,2104
usn-gandhi-institute-of-technology-management-gitam-530314,usnews,2026,2104
usn-universite-perpignan-via-domitia-529018,usnews,2026,2104
usn-changsha-university-530671,usnews,2026,2111
usn-inner-mongolia-agricultural-university-530105,usnews,2026,2111
usn-saratov-state-university-529657,usnews,2026,2111
usn-visvesvaraya-technological-university-530468,usnews,2026,2111
usn-wannan-medical-college-530145,usnews,2026,2111
usn-amrita-vishwa-vidyapeetham-coimbatore-530605,usnews,2026,2116
usn-hunan-university-of-chinese-medicine-530079,usnews,2026,2116
usn-nanjing-xiaozhuang-university-530599,usnews,2026,2116
usn-west-pomeranian-university-of-technology-529891,usnews,2026,2116
usn-anhui-jianzhu-university-530328,usnews,2026,2123
usn-hainan-normal-university-530344,usnews,2026,2123
usn-kyorin-university-529361,usnews,2026,2123
usn-tu-clausthal-529078,usnews,2026,2123
usn-chuzhou-university-530791,usnews,2026,2129
usn-gaziosmanpasa-university-528975,usnews,2026,2129
usn-indian-institute-of-science-education-and-research-mohali-529967,usnews,2026,2129
usn-national-university-of-the-littoral-529233,usnews,2026,2129
usn-national-university-of-the-south-529267,usnews,2026,2129
usn-national-university-of-the-south-529267,the,2017,801
usn-national-university-of-the-south-529267,the,2019,1001
usn-national-university-of-the-south-529267,the,2020,1001
usn-national-university-of-the-south-529267,the,2022,1201
usn-shanghai-university-of-medicine-health-sciences-530333,usnews,2026,2129
usn-sultan-moulay-slimane-university-of-beni-mellal-530367,usnews,2026,2129
usn-universidade-federal-do-piaui-530023,usnews,2026,2129
usn-zhongyuan-university-of-technology-530155,usnews,2026,2129
usn-beijing-union-university-530792,usnews,2026,2138
usn-shandong-second-medical-university-530111,usnews,2026,2138
usn-kumoh-national-university-technology-530329,usnews,2026,2141
usn-sam-houston-state-university-227881,usnews,2026,2141
usn-illinois-state-university-145813,usnews,2026,2144
usn-tyumen-state-university-529665,usnews,2026,2144
usn-jiangxi-university-of-traditional-chinese-medicine-530117,usnews,2026,2149
usn-shahid-rajaee-teacher-training-university-srttu-530318,usnews,2026,2149
usn-shahid-rajaee-teacher-training-university-srttu-530318,the,2021,1001
usn-shahid-rajaee-teacher-training-university-srttu-530318,the,2022,1201
usn-shahid-rajaee-teacher-training-university-srttu-530318,the,2023,1201
usn-tianjin-chengjian-university-529858,usnews,2026,2149
usn-universidad-de-guanajuato-529416,usnews,2026,2152
usn-wright-state-university-206604,usnews,2026,2152
usn-german-sport-university-cologne-529747,usnews,2026,2155
usn-university-of-teramo-530299,usnews,2026,2155
usn-universidad-san-sebastian-530609,usnews,2026,2159
usn-university-of-burdwan-530288,usnews,2026,2159
usn-vel-tech-rangarajan-dr-sagunthala-rd-institute-of-science-technology-530651,usnews,2026,2159
usn-hubei-university-of-chinese-medicine-530413,usnews,2026,2163
usn-jiangsu-university-of-technology-530339,usnews,2026,2163
usn-chengdu-medical-college-530356,usnews,2026,2166
usn-north-china-university-of-technology-529799,usnews,2026,2166
usn-universidad-veracruzana-529598,usnews,2026,2166
usn-university-of-mysore-530426,usnews,2026,2166
usn-university-of-mysore-530426,the,2018,1001
usn-university-of-mysore-530426,the,2019,1001
usn-university-of-mysore-530426,the,2020,1001
usn-university-of-mysore-530426,the,2021,1001
usn-university-of-mysore-530426,the,2022,1201
usn-university-of-mysore-530426,the,2023,1201
usn-university-of-mysore-530426,the,2024,1501
usn-university-of-mysore-530426,the,2025,1501
usn-university-of-north-florida-136172,usnews,2026,2166
usn-university-of-north-florida-136172,the,2020,1001
usn-universite-dartois-529974,usnews,2026,2171
usn-universidade-federal-de-alagoas-529580,usnews,2026,2175
usn-air-force-engineering-university-529837,usnews,2026,2179
usn-hebei-university-of-engineering-530108,usnews,2026,2179
usn-guangxi-university-of-science-technology-530341,usnews,2026,2189
usn-manonmaniam-sundaranar-university-530707,usnews,2026,2192
usn-maulana-azad-national-institute-of-technology-bhopal-529813,usnews,2026,2192
usn-shandong-jiaotong-university-530656,usnews,2026,2192
usn-celal-bayar-university-530090,usnews,2026,2195
usn-national-institute-of-technology-hamirpur-529836,usnews,2026,2195
usn-national-institute-of-technology-hamirpur-529836,the,2023,801
usn-jiangxi-science-technology-normal-university-530363,usnews,2026,2198
usn-mahatma-gandhi-university-kerala-529968,usnews,2026,2198
usn-shenyang-university-of-chemical-technology-530327,usnews,2026,2202
usn-universite-du-maine-529656,usnews,2026,2202
usn-university-of-pau-and-pays-adour-529180,usnews,2026,2202
usn-zhengzhou-university-of-aeronautics-530623,usnews,2026,2202
usn-dong-a-university-529242,usnews,2026,2207
usn-abant-izzet-baysal-university-530087,usnews,2026,2209
usn-heilongjiang-bayi-agricultural-university-530365,usnews,2026,2209
usn-qinghai-normal-university-530793,usnews,2026,2209
usn-agricultural-university-lublin-529610,usnews,2026,2212
usn-gh-asachi-technical-university-529082,usnews,2026,2212
usn-shenyang-normal-university-530428,usnews,2026,2212
usn-chongqing-three-gorges-university-530794,usnews,2026,2215
usn-universidad-nacional-de-tucuman-530016,usnews,2026,2215
usn-kalyani-university-530324,usnews,2026,2219
usn-university-of-quebec-chicoutimi-530286,usnews,2026,2219
usn-yangtze-normal-university-529978,usnews,2026,2219
usn-liaoning-petrochemical-university-530140,usnews,2026,2226
usn-national-defense-medical-center-529936,usnews,2026,2226
usn-sardar-vallabhbhai-national-institute-of-technology-529639,usnews,2026,2226
usn-vilnius-gediminas-technical-university-529345,usnews,2026,2226
usn-anhui-university-of-chinese-medicine-530364,usnews,2026,2231
usn-changchun-university-of-technology-529892,usnews,2026,2231
usn-jiujiang-university-530795,usnews,2026,2231
usn-punjabi-university-530135,usnews,2026,2231
usn-universidade-federal-do-triangulo-mineiro-529757,usnews,2026,2231
usn-universidade-federal-do-triangulo-mineiro-529757,the,2022,1201
usn-universidade-federal-do-triangulo-mineiro-529757,the,2023,1501
usn-ecole-nationale-veterinaire-de-toulouse-529876,usnews,2026,2237
usn-kangnung-wonju-national-university-529998,usnews,2026,2237
usn-nanyang-normal-university-529739,usnews,2026,2237
usn-qiqihar-university-530353,usnews,2026,2237
usn-hankuk-university-foreign-studies-529503,usnews,2026,2242
usn-indian-institute-of-engineering-science-technology-shibpur-529842,usnews,2026,2242
usn-james-madison-university-232423,usnews,2026,2242
usn-james-madison-university-232423,the,2021,1001
usn-svkms-nmims-deemed-to-be-university-530414,usnews,2026,2242
the-ecole-polytechnique-institut-polytechnique-de-paris,the,2011,39
the-ecole-polytechnique-institut-polytechnique-de-paris,the,2012,63
the-ecole-polytechnique-institut-polytechnique-de-paris,the,2013,62
the-ecole-polytechnique-institut-polytechnique-de-paris,the,2014,70
the-ecole-polytechnique-institut-polytechnique-de-paris,the,2015,61
the-ecole-polytechnique-institut-polytechnique-de-paris,the,2016,101
the-ecole-polytechnique-institut-polytechnique-de-paris,the,2017,116
the-ecole-polytechnique-institut-polytechnique-de-paris,the,2018,115
the-ecole-polytechnique-institut-polytechnique-de-paris,the,2019,108
the-ecole-polytechnique-institut-polytechnique-de-paris,the,2020,93
the-ecole-polytechnique-institut-polytechnique-de-paris,the,2021,87
the-ecole-normale-superieure,the,2011,42
the-ecole-normale-superieure,the,2012,59
the-ecole-normale-superieure,the,2013,59
the-ecole-normale-superieure,the,2014,65
the-ecole-normale-superieure,the,2015,78
the-ecole-normale-superieure,the,2016,54
the-ecole-normale-superieure,the,2017,66
the-university-of-wisconsin,the,2011,43
the-tokyo-institute-technology,the,2011,112
the-tokyo-institute-technology,the,2012,108
the-tokyo-institute-technology,the,2013,128
the-tokyo-institute-technology,the,2014,125
the-tokyo-institute-technology,the,2015,141
the-tokyo-institute-technology,the,2016,201
the-tokyo-institute-technology,the,2017,251
the-tokyo-institute-technology,the,2018,251
the-tokyo-institute-technology,the,2019,251
the-tokyo-institute-technology,the,2020,251
the-tokyo-institute-technology,the,2021,301
the-tokyo-institute-technology,the,2022,301
the-tokyo-institute-technology,the,2023,301
the-tokyo-institute-technology,the,2024,191
the-tokyo-institute-technology,the,2025,195
the-pierre-and-marie-curie-university,the,2011,140
the-pierre-and-marie-curie-university,the,2012,84
the-pierre-and-marie-curie-university,the,2013,81
the-pierre-and-marie-curie-university,the,2014,96
the-pierre-and-marie-curie-university,the,2015,103
the-pierre-and-marie-curie-university,the,2016,113
the-pierre-and-marie-curie-university,the,2017,121
the-pierre-and-marie-curie-university,the,2018,123
the-georgia-health-sciences-university,the,2011,158
the-georgia-health-sciences-university,the,2012,197
the-georgia-health-sciences-university,the,2013,226
the-georgia-health-sciences-university,the,2014,226
the-national-chiao-tung-university,the,2011,181
the-national-chiao-tung-university,the,2012,226
the-national-chiao-tung-university,the,2013,251
the-national-chiao-tung-university,the,2014,251
the-national-chiao-tung-university,the,2015,276
the-national-chiao-tung-university,the,2016,301
the-national-chiao-tung-university,the,2017,401
the-national-chiao-tung-university,the,2018,401
the-national-chiao-tung-university,the,2019,501
the-national-chiao-tung-university,the,2020,501
the-national-chiao-tung-university,the,2021,501
the-university-cincinnati-uptown,the,2011,190
the-university-cincinnati-uptown,the,2012,201
the-university-cincinnati-uptown,the,2013,226
the-university-cincinnati-uptown,the,2014,226
the-university-cincinnati-uptown,the,2015,276
the-university-cincinnati-uptown,the,2016,301
the-university-cincinnati-uptown,the,2017,201
the-university-cincinnati-uptown,the,2018,201
the-university-cincinnati-uptown,the,2019,251
the-university-cincinnati-uptown,the,2020,251
the-university-cincinnati-uptown,the,2021,251
the-paris-diderot-university-paris-7,the,2012,169
the-paris-diderot-university-paris-7,the,2013,166
the-paris-diderot-university-paris-7,the,2014,178
the-paris-diderot-university-paris-7,the,2015,180
the-paris-diderot-university-paris-7,the,2016,199
the-paris-diderot-university-paris-7,the,2017,201
the-paris-diderot-university-paris-7,the,2018,201
the-paris-diderot-university-paris-7,the,2019,194
the-university-of-medicine-and-dentistry-of-new-jersey,the,2012,201
the-tokyo-medical-and-dental-university-tmdu,the,2012,276
the-tokyo-medical-and-dental-university-tmdu,the,2013,276
the-tokyo-medical-and-dental-university-tmdu,the,2014,276
the-tokyo-medical-and-dental-university-tmdu,the,2015,276
the-tokyo-medical-and-dental-university-tmdu,the,2016,401
the-tokyo-medical-and-dental-university-tmdu,the,2017,401
the-tokyo-medical-and-dental-university-tmdu,the,2018,401
the-tokyo-medical-and-dental-university-tmdu,the,2019,401
the-tokyo-medical-and-dental-university-tmdu,the,2020,401
the-tokyo-medical-and-dental-university-tmdu,the,2021,401
the-tokyo-medical-and-dental-university-tmdu,the,2022,501
the-tokyo-medical-and-dental-university-tmdu,the,2023,501
the-tokyo-medical-and-dental-university-tmdu,the,2024,401
the-tokyo-medical-and-dental-university-tmdu,the,2025,401
the-university-south-australia,the,2012,350
the-university-south-australia,the,2013,301
the-university-south-australia,the,2014,301
the-university-south-australia,the,2015,276
the-university-south-australia,the,2016,351
the-university-south-australia,the,2017,251
the-university-south-australia,the,2018,201
the-university-south-australia,the,2019,201
the-university-south-australia,the,2020,251
the-university-south-australia,the,2021,301
the-university-south-australia,the,2022,301
the-university-south-australia,the,2023,301
the-university-south-australia,the,2024,301
the-university-south-australia,the,2025,301
the-paris-sud-university,the,2013,92
the-paris-sud-university,the,2014,114
the-paris-sud-university,the,2015,120
the-paris-sud-university,the,2016,188
the-paris-sud-university,the,2017,179
the-paris-sud-university,the,2018,181
the-paris-sud-university,the,2019,201
the-paris-sud-university,the,2020,201
the-universite-joseph-fourier-grenoble,the,2013,180
the-universite-joseph-fourier-grenoble,the,2014,155
the-universite-joseph-fourier-grenoble,the,2015,178
the-universite-joseph-fourier-grenoble,the,2016,201
the-st-georges-university-london,the,2013,201
the-st-georges-university-london,the,2014,201
the-st-georges-university-london,the,2015,196
the-st-georges-university-london,the,2016,196
the-st-georges-university-london,the,2017,201
the-st-georges-university-london,the,2018,201
the-st-georges-university-london,the,2019,251
the-st-georges-university-london,the,2020,201
the-st-georges-university-london,the,2021,201
the-st-georges-university-london,the,2022,201
the-st-georges-university-london,the,2023,201
the-st-georges-university-london,the,2024,301
the-st-georges-university-london,the,2025,301
the-mines-paristech,the,2013,226
the-mines-paristech,the,2014,193
the-mines-paristech,the,2015,226
the-mines-paristech,the,2017,251
the-paris-dauphine-university,the,2013,351
the-paris-dauphine-university,the,2016,501
the-paris-descartes-university,the,2016,201
the-paris-descartes-university,the,2017,201
the-paris-sorbonne-university-paris-4,the,2016,251
the-paris-sorbonne-university-paris-4,the,2017,351
the-paris-sorbonne-university-paris-4,the,2018,196
the-toulouse-1-capitole-university,the,2016,301
the-instituto-superior-tecnico-lisboa,the,2016,351
the-lille-2-university-health-law,the,2016,351
the-city-university-london,the,2016,401
the-city-university-london,the,2017,351
the-city-university-london,the,2018,351
the-city-university-london,the,2019,351
the-city-university-london,the,2020,401
the-city-university-london,the,2021,351
the-city-university-london,the,2022,351
the-city-university-london,the,2023,351
the-city-university-london,the,2024,351
the-city-university-london,the,2025,351
the-national-yang-ming-university,the,2016,401
the-national-yang-ming-university,the,2017,501
the-national-yang-ming-university,the,2018,601
the-national-yang-ming-university,the,2019,501
the-national-yang-ming-university,the,2020,501
the-national-yang-ming-university,the,2021,401
the-university-nice-sophia-antipolis,the,2016,401
the-university-nice-sophia-antipolis,the,2017,401
the-tampere-university-technology,the,2016,401
the-tampere-university-technology,the,2017,501
the-tampere-university-technology,the,2018,501
the-tampere-university-technology,the,2019,401
the-blaise-pascal-university,the,2016,501
the-blaise-pascal-university,the,2018,501
the-osaka-city-university,the,2016,501
the-osaka-city-university,the,2017,601
the-osaka-city-university,the,2018,601
the-osaka-city-university,the,2019,801
the-osaka-city-university,the,2020,801
the-osaka-city-university,the,2021,1001
the-osaka-city-university,the,2022,1201
the-andhra-university,the,2016,601
the-andhra-university,the,2017,801
the-andhra-university,the,2018,801
the-andhra-university,the,2019,1001
the-andhra-university,the,2020,1001
the-andhra-university,the,2021,1001
the-andhra-university,the,2022,1201
the-andhra-university,the,2023,1201
the-andhra-university,the,2024,1501
the-university-cergy-pontoise,the,2016,601
the-university-cergy-pontoise,the,2017,801
the-university-cergy-pontoise,the,2018,801
the-university-cergy-pontoise,the,2019,801
the-university-cergy-pontoise,the,2020,1001
the-university-cergy-pontoise,the,2021,801
the-china-university-geosciences-wuhan,the,2016,601
the-china-university-geosciences-wuhan,the,2017,601
the-china-university-geosciences-wuhan,the,2018,601
the-china-university-geosciences-wuhan,the,2019,801
the-china-university-geosciences-wuhan,the,2020,801
the-china-university-geosciences-wuhan,the,2021,801
the-china-university-geosciences-wuhan,the,2022,801
the-dublin-institute-technology,the,2016,601
the-dublin-institute-technology,the,2017,601
the-dublin-institute-technology,the,2018,601
the-dublin-institute-technology,the,2019,801
the-lille-1-university-science-and-technology,the,2016,601
the-osaka-prefecture-university,the,2016,601
the-osaka-prefecture-university,the,2017,801
the-osaka-prefecture-university,the,2018,801
the-osaka-prefecture-university,the,2019,1001
the-osaka-prefecture-university,the,2020,1001
the-osaka-prefecture-university,the,2021,1001
the-osaka-prefecture-university,the,2022,1201
the-centralesupelec,the,2017,201
the-centralesupelec,the,2018,401
the-centralesupelec,the,2019,401
the-centralesupelec,the,2020,501
the-centralesupelec,the,2021,501
the-espci-paristech,the,2017,201
the-toyota-technological-institute,the,2017,351
the-toyota-technological-institute,the,2023,1001
the-toyota-technological-institute,the,2024,1001
the-toyota-technological-institute,the,2025,1001
the-ecole-nationale-des-ponts-et-chaussees-institut-polytechnique-de-paris,the,2017,351
the-ecole-nationale-des-ponts-et-chaussees-institut-polytechnique-de-paris,the,2018,251
the-ecole-nationale-des-ponts-et-chaussees-institut-polytechnique-de-paris,the,2019,201
the-ecole-nationale-des-ponts-et-chaussees-institut-polytechnique-de-paris,the,2020,251
the-ecole-nationale-des-ponts-et-chaussees-institut-polytechnique-de-paris,the,2021,251
the-ecole-nationale-des-ponts-et-chaussees-institut-polytechnique-de-paris,the,2022,251
the-ecole-nationale-des-ponts-et-chaussees-institut-polytechnique-de-paris,the,2023,251
the-ecole-nationale-des-ponts-et-chaussees-institut-polytechnique-de-paris,the,2024,401
the-ecole-nationale-des-ponts-et-chaussees-institut-polytechnique-de-paris,the,2025,501
the-ecole-normale-superieure-paris-saclay,the,2017,401
the-ecole-normale-superieure-paris-saclay,the,2018,601
the-ecole-normale-superieure-paris-saclay,the,2019,601
the-ecole-normale-superieure-paris-saclay,the,2020,601
the-ecole-normale-superieure-paris-saclay,the,2021,601
the-universite-bourgogne-franche-comte-ubfc,the,2017,501
the-universite-bourgogne-franche-comte-ubfc,the,2018,501
the-universite-bourgogne-franche-comte-ubfc,the,2019,501
the-universite-bourgogne-franche-comte-ubfc,the,2020,501
the-universite-bourgogne-franche-comte-ubfc,the,2021,601
the-universite-bourgogne-franche-comte-ubfc,the,2022,601
the-universite-bourgogne-franche-comte-ubfc,the,2023,601
the-khalifa-university-science-technology-and-research,the,2017,501
the-hofstra-university,the,2017,601
the-hofstra-university,the,2018,401
the-hofstra-university,the,2019,351
the-hofstra-university,the,2020,351
the-hofstra-university,the,2021,501
the-hofstra-university,the,2022,301
the-islamic-azad-university-karaj,the,2017,801
the-iwate-university,the,2017,801
the-iwate-university,the,2018,801
the-iwate-university,the,2019,1001
the-iwate-university,the,2020,1001
the-iwate-university,the,2021,1001
the-iwate-university,the,2022,1201
the-iwate-university,the,2023,1501
the-iwate-university,the,2024,1501
the-iwate-university,the,2025,1501
the-maharaja-sayajirao-university-baroda,the,2017,801
the-maharaja-sayajirao-university-baroda,the,2018,1001
the-maharaja-sayajirao-university-baroda,the,2019,1001
the-maharaja-sayajirao-university-baroda,the,2020,1001
the-maharaja-sayajirao-university-baroda,the,2021,1001
the-maharaja-sayajirao-university-baroda,the,2022,1201
the-samara-state-aerospace-university,the,2017,801
the-samara-state-aerospace-university,the,2018,601
the-simon-bolivar-university,the,2017,801
the-simon-bolivar-university,the,2018,801
the-simon-bolivar-university,the,2019,1001
the-simon-bolivar-university,the,2020,1001
the-simon-bolivar-university,the,2021,1001
the-brighton-and-sussex-medical-school,the,2018,301
the-brighton-and-sussex-medical-school,the,2019,251
the-brighton-and-sussex-medical-school,the,2020,251
the-brighton-and-sussex-medical-school,the,2021,251
the-brighton-and-sussex-medical-school,the,2022,201
the-brighton-and-sussex-medical-school,the,2023,251
the-brighton-and-sussex-medical-school,the,2024,501
the-universite-de-versailles-saint-quentin-en-yvelines,the,2018,351
the-universite-de-versailles-saint-quentin-en-yvelines,the,2019,301
the-universite-de-versailles-saint-quentin-en-yvelines,the,2020,351
the-universite-de-versailles-saint-quentin-en-yvelines,the,2021,351
the-university-lorraine,the,2018,501
the-university-lorraine,the,2019,601
the-university-lorraine,the,2020,601
the-university-lorraine,the,2021,601
the-university-lorraine,the,2022,601
the-university-lorraine,the,2023,601
the-university-lorraine,the,2024,601
the-university-lorraine,the,2025,601
the-china-university-geosciences-beijing,the,2018,601
the-china-university-geosciences-beijing,the,2019,601
the-china-university-geosciences-beijing,the,2020,801
the-china-university-geosciences-beijing,the,2021,801
the-china-university-geosciences-beijing,the,2022,801
the-china-university-geosciences-beijing,the,2023,1001
the-federal-university-itajuba,the,2018,601
the-federal-university-itajuba,the,2019,1001
the-federal-university-itajuba,the,2020,1001
the-federal-university-itajuba,the,2021,1001
the-federal-university-itajuba,the,2022,1201
the-federal-university-itajuba,the,2023,1501
the-federal-university-itajuba,the,2024,1501
the-federal-university-itajuba,the,2025,1501
the-corvinus-university-budapest,the,2018,801
the-corvinus-university-budapest,the,2019,1001
the-corvinus-university-budapest,the,2020,1001
the-corvinus-university-budapest,the,2021,1001
the-corvinus-university-budapest,the,2022,1201
the-corvinus-university-budapest,the,2023,1201
the-nara-medical-university,the,2018,801
the-nara-medical-university,the,2019,1001
the-nara-medical-university,the,2020,1001
the-nara-medical-university,the,2021,1001
the-nara-medical-university,the,2022,1201
the-national-university-tainan,the,2018,801
the-northwest-af-university,the,2018,801
the-northwest-af-university,the,2019,801
the-northwest-af-university,the,2020,801
the-northwest-af-university,the,2021,801
the-northwest-af-university,the,2022,801
the-gb-pant-university-agriculture-technology-pantnagar,the,2018,1001
the-gb-pant-university-agriculture-technology-pantnagar,the,2019,1001
the-university-alabama-huntsville,the,2019,401
the-university-alabama-huntsville,the,2020,501
the-university-alabama-huntsville,the,2021,601
the-university-alabama-huntsville,the,2022,601
the-new-mexico-institute-mining-and-technology,the,2019,401
the-new-mexico-institute-mining-and-technology,the,2020,401
the-chemnitz-university-technology,the,2019,501
the-chemnitz-university-technology,the,2020,601
the-louisiana-tech-university,the,2019,601
the-louisiana-tech-university,the,2020,801
the-louisiana-tech-university,the,2021,801
the-hyogo-college-medicine,the,2019,801
the-hyogo-college-medicine,the,2020,801
the-hyogo-college-medicine,the,2021,801
the-hyogo-college-medicine,the,2022,1001
the-hyogo-college-medicine,the,2023,1001
the-normandy-university,the,2019,801
the-normandy-university,the,2020,801
the-normandy-university,the,2021,801
the-normandy-university,the,2022,801
the-autonomous-university-san-luis-potosi,the,2019,1001
the-autonomous-university-san-luis-potosi,the,2020,1001
the-autonomous-university-san-luis-potosi,the,2021,1001
the-university-veracruz,the,2019,1001
the-telecom-paris-institut-polytechnique-de-paris,the,2020,188
the-telecom-paris-institut-polytechnique-de-paris,the,2021,201
the-institute-chemical-technology,the,2020,501
the-institute-chemical-technology,the,2021,601
the-institute-chemical-technology,the,2022,601
the-institute-chemical-technology,the,2023,801
the-institute-chemical-technology,the,2024,801
the-institute-chemical-technology,the,2025,801
the-university-puerto-rico,the,2020,801
the-university-puerto-rico,the,2021,801
the-university-puerto-rico,the,2022,1001
the-university-puerto-rico,the,2023,1001
the-university-puerto-rico,the,2024,1201
the-university-puerto-rico,the,2025,1201
the-southwestern-university-finance-and-economics,the,2020,801
the-southwestern-university-finance-and-economics,the,2021,501
the-southwestern-university-finance-and-economics,the,2022,501
the-southwestern-university-finance-and-economics,the,2023,501
the-st-marianna-university-school-medicine,the,2020,801
the-st-marianna-university-school-medicine,the,2021,1001
the-st-marianna-university-school-medicine,the,2022,1001
the-st-marianna-university-school-medicine,the,2023,1001
the-st-marianna-university-school-medicine,the,2024,1201
the-bashkir-state-university,the,2020,1001
the-bashkir-state-university,the,2021,1001
the-bashkir-state-university,the,2022,1201
the-bashkir-state-university,the,2023,1501
the-federal-university-alagoas,the,2020,1001
the-federal-university-alagoas,the,2021,1001
the-osaka-medical-college,the,2020,1001
the-osaka-medical-college,the,2021,1001
the-osaka-medical-college,the,2022,1201
the-ufa-state-aviation-technical-university,the,2020,1001
the-ufa-state-aviation-technical-university,the,2021,1001
the-ufa-state-aviation-technical-university,the,2022,1201
the-ufa-state-aviation-technical-university,the,2023,1501
the-telecom-sudparis-institut-polytechnique-de-paris,the,2021,501
the-king-georges-medical-university,the,2021,601
the-king-georges-medical-university,the,2022,1001
the-federal-university-paraiba-ufpb,the,2021,1001
the-federal-university-paraiba-ufpb,the,2023,1501
the-federal-university-piaui,the,2021,1001
the-federal-university-piaui,the,2022,1201
the-federal-university-piaui,the,2023,1501
the-kanazawa-medical-university,the,2021,1001
the-kanazawa-medical-university,the,2022,1201
the-kanazawa-medical-university,the,2023,1201
the-kanazawa-medical-university,the,2024,1501
the-kanazawa-medical-university,the,2025,1501
the-kazan-national-research-technical-university,the,2021,1001
the-kazan-national-research-technical-university,the,2022,1201
the-kazan-national-research-technical-university,the,2023,1201
the-kazan-national-research-technical-university,the,2024,1501
the-kyoto-sangyo-university,the,2021,1001
the-kyoto-sangyo-university,the,2022,1201
the-kyoto-sangyo-university,the,2023,1501
the-kyoto-sangyo-university,the,2024,1501
the-san-sebastian-university,the,2021,1001
the-san-sebastian-university,the,2022,1201
the-san-sebastian-university,the,2023,1501
the-san-sebastian-university,the,2024,1501
the-islamic-azad-university-najafabad-branch-iaun,the,2022,501
the-islamic-azad-university-najafabad-branch-iaun,the,2023,501
the-moscow-state-university-civil-engineering,the,2022,601
the-moscow-state-university-civil-engineering,the,2023,1201
the-moscow-state-university-civil-engineering,the,2024,1501
the-federal-university-tocantins,the,2022,1201
the-federal-university-vales-do-jequitinhonha-e-mucuri,the,2022,1201
the-federal-university-vales-do-jequitinhonha-e-mucuri,the,2023,1501
the-nosov-magnitogorsk-state-technical-university,the,2022,1201
the-nosov-magnitogorsk-state-technical-university,the,2023,1501
the-nosov-magnitogorsk-state-technical-university,the,2024,1501
the-purdue-university-northwest,the,2022,1201
the-semnan-university-medical-sciences-and-health-services,the,2022,1201
the-semnan-university-medical-sciences-and-health-services,the,2023,1001
the-semnan-university-medical-sciences-and-health-services,the,2024,1201
the-southwest-state-university,the,2022,1201
the-southwest-state-university,the,2023,1501
the-southwest-state-university,the,2024,1501
the-southwest-state-university,the,2025,1501
the-tokyo-university-pharmacy-and-life-sciences,the,2022,1201
the-tokyo-university-pharmacy-and-life-sciences,the,2023,1501
the-universidad-autonoma-del-estado-de-morelos,the,2022,1201
the-universidad-autonoma-del-estado-de-morelos,the,2023,1501
the-universidad-autonoma-del-estado-de-morelos,the,2024,1501
the-universidad-autonoma-del-estado-de-morelos,the,2025,1501
the-universidade-federal-da-grande-dourados,the,2022,1201
the-universidade-federal-da-grande-dourados,the,2025,1501
the-universite-hassan-1er,the,2022,1201
the-universite-hassan-1er,the,2023,1501
the-universite-hassan-1er,the,2024,1501
the-universite-hassan-1er,the,2025,1501
the-university-shanghai-science-and-technology,the,2022,1201
the-university-shanghai-science-and-technology,the,2023,1201
the-university-shanghai-science-and-technology,the,2024,1201
the-university-shanghai-science-and-technology,the,2025,1201
the-western-kentucky-university,the,2022,1201
the-yuri-gagarin-state-technical-university-saratov-sstu,the,2022,1201
the-yuri-gagarin-state-technical-university-saratov-sstu,the,2023,1501
the-arak-university-medical-sciences,the,2023,401
the-arak-university-medical-sciences,the,2024,801
the-arak-university-medical-sciences,the,2025,801
the-ensta-bretagne,the,2023,601
the-ensta-bretagne,the,2024,501
the-ensta-bretagne,the,2025,501
the-lusophone-university-humanities-and-technologies,the,2023,1001
the-university-extremadura,the,2023,1001
the-university-extremadura,the,2024,1001
the-university-fort-hare,the,2023,1201
the-university-fort-hare,the,2025,1501
the-university-venda,the,2023,1201
the-university-venda,the,2024,1201
the-university-venda,the,2025,1501
the-xuzhou-medical-university,the,2023,1201
the-xuzhou-medical-university,the,2024,1201
the-xuzhou-medical-university,the,2025,1201
the-federal-university-state-rio-de-janeiro-unirio,the,2023,1501
the-platov-south-russian-state-polytechnic-university-npi,the,2023,1501
the-platov-south-russian-state-polytechnic-university-npi,the,2025,1501
the-universidad-autonoma-de-ciudad-juarez,the,2023,1501
the-universidad-autonoma-de-ciudad-juarez,the,2024,1501
the-universidad-autonoma-de-ciudad-juarez,the,2025,1501
the-universidade-federal-do-vale-do-sao-francisco,the,2023,1501
the-university-macerata-unimc,the,2023,1501
the-university-macerata-unimc,the,2024,1501
the-vi-vernadsky-crimean-federal-university-vernadsky-cfu,the,2023,1501
the-vi-vernadsky-crimean-federal-university-vernadsky-cfu,the,2024,1501
the-islamia-college-peshawar,the,2024,801
the-islamia-college-peshawar,the,2025,1001
the-karnatak-university-dharwad,the,2024,1001
the-university-franche-comte,the,2024,1001
the-university-franche-comte,the,2025,1201
the-university-agriculture-peshawar,the,2024,1201
the-university-agriculture-peshawar,the,2025,1201
the-afe-babalola-university,the,2024,1501
the-bharath-institute-higher-education-and-research,the,2024,1501
the-bharath-institute-higher-education-and-research,the,2025,1501
the-college-charleston,the,2024,1501
the-college-charleston,the,2025,1501
the-nara-womens-university,the,2024,1501
the-nara-womens-university,the,2025,1501
the-national-taichung-university-science-and-technology,the,2024,1501
the-saratov-state-medical-university,the,2024,1501
the-ufa-university-science-and-technology,the,2024,1501
the-ufa-university-science-and-technology,the,2025,1501
the-universite-mohammed-premier,the,2024,1501
the-universite-mohammed-premier,the,2025,1501
the-university-caldas,the,2024,1501
the-university-peloponnese,the,2024,1501
the-university-azores,the,2025,1001
the-rajshahi-university-engineering-and-technology,the,2025,1201
the-university-azad-jammu-and-kashmir,the,2025,1201
the-indira-gandhi-delhi-technical-university-women,the,2025,1501
the-jagannath-university-bangladesh,the,2025,1501
the-kathmandu-university,the,2025,1501
the-loyola-marymount-university,the,2025,1501
the-national-university-comahue-unco,the,2025,1501
the-university-kinshasa,the,2025,1501
the-usmanu-danfodiyo-university-sokoto,the,2025,1501
