id,name,country,region,city,description,qs_url,usnews_url
massachusetts-institute-technology-mit,Massachusetts Institute of Technology (MIT),United States,North America,Cambridge,"Massachusetts Institute of Technology, founded in 1861, is located in Cambridge, Massachusetts, near Boston. Around 11,000 students attend the university, with roughly 60 percent of them studying at the graduate level. MIT contains five schools: architecture and planning; engineering; humanities, arts, and social sciences; management; and science. English is the language of instruction at MIT. The academic calendar is a 4-1-4 system with a four-week ""Independent Activities Period"" in January. During this period, undergraduate and graduate students, faculty, staff and alumni participate in forums, lecture series, recitals and other special activities. First-year undergraduate students are the only ones required to live on campus but many students further along in their studies choose to reside on campus as well. There are many opportunities for both undergraduate and graduate students to gain research experience at one of MIT’s many labs or centers, including the MIT Nuclear Reactor Laboratory, one of the largest university research reactors in the U.S. Nearly 90 percent of MIT undergraduates participate in the school’s Undergraduate Research Opportunities Program, which partners students and faculty for research projects, by the time they graduate. More than $675 million was spent on research at MIT in a recent year, with additional federal funding going to MIT’s Lincoln Laboratory, a Department of Defense research and development lab focused on technological solutions to national security issues.",https://www.topuniversities.com/universities/massachusetts-institute-technology-mit,https://www.usnews.com/education/best-global-universities/massachusetts-institute-of-technology-166683
harvard-university,Harvard University,United States,North America,Cambridge,"Founded in 1636, Harvard University is the oldest higher education institution in the U.S. The bulk of Harvard's students study at the graduate level and more than 20 percent of the student body is international. Harvard is located in Cambridge, Massachusetts, but also has facilities such as the Harvard Medical School based in the nearby city of Boston. The university has the largest endowment of any school in the world. Harvard research takes place across a range of disciplines in more than 100 centers. The university is made up of the undergraduate college, as well as 11 other degree-granting institutions including the highly ranked Business School, Graduate School of Education, Law School and the John F. Kennedy School of Government. The medical school is affiliated with several teaching hospitals, including Beth Israel Deaconess Medical Center and Brigham and Women’s Hospital. For Harvard undergraduates, the most popular majors include social sciences, biology/biological sciences, history, math and psychology. The university’s academic calendar is semester-based and English is the language of instruction. Most undergraduate students live on campus for all four years, first residing around the Harvard Yard at the center of campus as freshmen and then in one of 12 undergraduate houses for the duration of their studies. Some university housing is available for graduate students. The Harvard Library is the largest academic library in the world, boasting around 19 million volumes at its more than 70 libraries.",https://www.topuniversities.com/universities/harvard-university,https://www.usnews.com/education/best-global-universities/harvard-university-166027
imperial-college-london,Imperial College London,United Kingdom,Europe,London,"Imperial College London is a public institution that was founded in 1907. The university was previously a college of the University of London and became an independent institution in 2007. The science-focused university is made up of multiple campuses located in and around London. The main campus is situated in South Kensington, an area in Central London that is home to other cultural and educational institutions, such as the Natural History Museum. Upward of 15,000 students attend Imperial, and tuition costs are higher for non-European Union students. Housing is guaranteed for first-year undergraduates, and a limited number of rooms are available for returning undergrads. On-campus graduate student housing is available for those studying at the Silwood Park campus, located around 25 miles west of Central London. The university comprises four academic divisions focused on engineering, medicine, natural sciences and business. Imperial's academic calendar contains three terms – autumn, spring and summer – and the primary language of instruction is English. Among the university’s research centers and groups are the Data Science Institute, the Institute of Global Health Innovation and the Centre for Hedge Fund Research. The university’s Undergraduate Research Opportunities Programme each year provides around 400 students with hands-on research opportunities. The university's International Research Opportunities Programme sends Imperial undergraduates to partner universities in different countries – such as the Massachusetts Institute of Technology in the U.S. and Seoul National University in South Korea – to conduct research for a minimum of eight weeks during the summer break. Imperial also has a history of research pioneers, including Alexander Fleming, who in 1945 discovered penicillin, an antibiotic that is now commonly used to treat bacterial infections.",https://www.topuniversities.com/universities/imperial-college-london,https://www.usnews.com/education/best-global-universities/imperial-college-london-505571
stanford-university,Stanford University,United States,North America,Stanford,"Stanford University was founded in 1885 and is located in California’s Bay Area, around 30 miles south of San Francisco. More than half of the student body studies at the graduate level. Seven schools comprise the university, many of which are highly ranked for graduate-level studies. Three of the schools offer both undergraduate and graduate degrees: humanities and sciences; earth sciences; and engineering. The business, law, education and medical schools offer only graduate-level degrees. Stanford’s academic calendar is based on a quarter system and the language of instruction is English. Around 8 percent of the undergraduate student body is international, as is around 30 percent of the graduate student population. Housing is guaranteed for four years for undergraduates who enter as freshmen, and more than 90 percent of undergrads live on campus. Stanford also guarantees first-year housing for new graduate students. More than 60 percent of graduate students live on campus, as well as around 30 percent of faculty members. Stanford’s library system, which supports 20 libraries, comprises more than 9.3 million physical volumes. Research funding at Stanford has topped $1 billion, including funds from the federal government for projects at the SLAC National Accelerator Laboratory, a U.S. Department of Energy lab operated by Stanford. Scientists from all over the world – around 3,400 of them annually – take advantage of SLAC’s facilities. Upward of 1,000 scientific papers based on research conducted at the lab are published each year.",https://www.topuniversities.com/universities/stanford-university,https://www.usnews.com/education/best-global-universities/stanford-university-243744
university-oxford,University of Oxford,United Kingdom,Europe,Oxford,"The exact date of the University of Oxford’s founding is unknown, but the school traces its roots back to at least 1096. Oxford is located around 60 miles northwest of London, and around 45 percent of its student body is made up of graduate students. More than half of Oxford’s graduate students conduct research as part of their studies. Research at Oxford takes place in all four of its academic divisions: humanities; mathematical, physical and life sciences; medical sciences; and social sciences. Oxford’s academic calendar is divided into three terms – Michaelmas (fall), Hilary (spring) and Trinity (summer) – each eight weeks long. The language of instruction at the university is English. The University of Oxford is made up of a central university; 38 colleges; and six Permanent Private Halls, which tend to be smaller than colleges and offer fewer subjects. The colleges at Oxford are each equipped with a dining hall, common room and library. Undergraduates are guaranteed college housing for their freshman year and can often continue to live there during the later years of their studies. Graduate students are not guaranteed housing but some colleges may have space for them during their first year, especially for international students. Tuition costs are higher for non-European Union students. The university and its academic departments and colleges, as well as dozens of external organizations, have made more than 900 scholarships available for graduate students.",https://www.topuniversities.com/universities/university-oxford,https://www.usnews.com/education/best-global-universities/university-of-oxford-503637
university-cambridge,University of Cambridge,United Kingdom,Europe,Cambridge,"The University of Cambridge, located around 60 miles north of London, traces its history back to 1209. Around 19,000 students attend the university and more than 35 percent of them study at the graduate level. There are six schools: arts and humanities; biological sciences; clinical medicine; humanities and social sciences; physical sciences; and technology. Dozens of academic departments and other divisions constitute these schools. The academic calendar at Cambridge is divided into three terms – Michaelmas (fall), Lent (winter) and Easter (spring). English is the language of instruction at the university. Cambridge contains 31 residential colleges, which are responsible for admitting undergraduate and graduate students; three colleges – Lucy Cavendish College, Murray Edwards College and Newnham College – are women-only. Some small-group instruction for undergraduates also takes place at the colleges. Most undergraduate students at the University of Cambridge are guaranteed college housing for at least three years. Many new graduate students can also utilize college housing. Around 20 percent of the student body is from outside of the European Union; tuition costs are higher for non-EU students and vary depending on the field of study. Cambridge has more than 100 libraries, including college and department libraries. The university has around 140 centers and institutes that contribute to different areas of research, such as the Centre of African Studies; the Cambridge Centre for Economic and Public Policy; and the Institute of Theoretical Geophysics. In a recent year, the university received around $415 million in research grants and contracts.",https://www.topuniversities.com/universities/university-cambridge,https://www.usnews.com/education/best-global-universities/university-of-cambridge-502149
tsinghua-university,Tsinghua University,China (Mainland),Asia,Beijing,"Tsinghua University, located in northwest Beijing, China, is a public institution that traces its roots back to 1911. The primary language of instruction is Chinese, though there are some graduate degree programs offered in English. For instance, the university has English-taught master's programs in Chinese politics, foreign policy and international relations; mechanical engineering; and global business journalism, among others. Tuition costs vary by degree program and language of instruction. The university's international students hail from more than 100 countries, with the bulk of them coming from Asia. In a recent year, 41 percent of the university's non-Chinese students were undergraduates, 29 percent were pursuing master's degrees, 9 percent were doctoral students and the rest were participating in shorter-term programs. Tsinghua University housing is available for both undergraduate and graduate students. The university comprises numerous schools and departments, which offer programs across a variety of disciplines: science, engineering, literature, arts, history, philosophy, economics, management, law, education and medicine. In all, there are more than 70 degree programs available to undergraduate students at Tsinghua University, as well as many more master's and doctoral programs. The university has more than 300 research institutions. Among the university's research labs are the Tsinghua National Laboratory for Information Science and Technology, the State Key Laboratory of Precision Measuring Technology and Instruments and the National Engineering Laboratory for Digital Television. Students at Tsinghua have around 200 student groups that they can get involved in, such as the Zijing Volunteer Service and the Students' Performing Arts Club.",https://www.topuniversities.com/universities/tsinghua-university,https://www.usnews.com/education/best-global-universities/tsinghua-university-503146
california-institute-technology-caltech,California Institute of Technology (Caltech),United States,North America,Pasadena,"The California Institute of Technology, known as Caltech, was founded in 1891 as Throop University and received its current name in 1920. The science and engineering-focused school is located in Pasadena, California, roughly 11 miles northeast of Los Angeles. There are roughly 2,200 students at Caltech, with around 55 percent of them studying at the graduate level. The student-faculty ratio is very low, at 3:1. More than one-fourth of Caltech's total enrollment is international. The school’s academic calendar is based on the quarter system and English is the language of instruction. Caltech has six academic divisions, many of which have highly ranked graduate programs: biology and biological engineering; chemistry and chemical engineering; engineering and applied science; geology and planetary sciences; humanities and social sciences; and physics, mathematics and astronomy. The university guarantees housing for all first-year undergraduate and graduate students. Instead of typical undergraduate residence halls like those found at many U.S. universities, there are eight undergraduate houses, each with its own government and special traditions. Newly admitted graduate students are given priority for housing in the on-campus Catalina Apartments. Around 80 percent of undergraduates participate in research during their time at Caltech. The university offers a Summer Undergraduate Research Fellowships program where students write research proposals, collaborate with mentors and give presentations on their projects. Caltech has around 50 research institutes and centers, such as the Resnick Sustainability Institute and the Tectonics Observatory. Additionally, the university operates NASA’s Jet Propulsion Laboratory, a center for robotic exploration of the solar system that engages both faculty and students.",https://www.topuniversities.com/universities/california-institute-technology-caltech,https://www.usnews.com/education/best-global-universities/california-institute-of-technology-110404
university-california-berkeley-ucb,"University of California, Berkeley (UCB)",United States,North America,Berkeley,"The University of California—Berkeley is situated roughly 15 miles from San Francisco in what is known as the Bay Area. The public university, also commonly known as Berkeley or Cal, was founded in 1868. More than 70 percent of Berkeley students study at the undergraduate level. The university is divided into 14 colleges and schools, including the highly ranked Haas School of Business, College of Chemistry, College of Engineering, School of Public Health and School of Law. The academic calendar is semester-based and English is the language of instruction. UC—Berkeley offers students around 350 degree programs. Some of the most popular majors for Berkeley undergraduates have included electrical engineering and computer science; economics; political science; business administration; and psychology. Around a quarter of undergraduate students live on campus, including some 95 percent of freshmen. Many graduate students live off campus, but they have the option to live in university-owned accommodations. Roughly 15 percent of the student body is international, and tuition and fees are higher for out-of-state students. Around 3,000 international scholars come to Berkeley each year in temporary teaching or research positions. Berkeley research is conducted not just within academic department labs and research centers but also in some of the school’s museums and university-managed biological field stations. Research in botany, zoology, ecosystems and forestry is undertaken at the remote field station sites. Berkeley researchers discovered several of the elements on the periodic table, including californium and berkelium.",https://www.topuniversities.com/universities/university-california-berkeley-ucb,https://www.usnews.com/education/best-global-universities/university-of-california-berkeley-110635
eth-zurich,ETH Zurich,Switzerland,Europe,Zürich,,https://www.topuniversities.com/universities/eth-zurich,
ucl,UCL,United Kingdom,Europe,London,,https://www.topuniversities.com/universities/ucl,
yale-university,Yale University,United States,North America,New Haven,"Yale University was founded in 1701, making it one of the oldest institutions of higher education in the U.S. The private university is located in New Haven, Connecticut, around 80 miles northeast of New York City. Roughly 45 percent of Yale students study at the undergraduate level. Around 20 percent of the total student body is international, with students hailing from more than 110 countries. The university uses a semester-based academic calendar, and the primary language of instruction is English. More than 80 percent of undergraduates live in university housing, and accommodations are available for graduate students as well. The university comprises the undergraduate college, the Graduate School of Arts and Sciences and numerous professional schools. Economics, political science and history are among the most popular majors for undergraduates. Among Yale's highly ranked schools for graduate-level studies are the Law School and the School of Management. The medical school is affiliated with the Yale-New Haven Hospital, which is highly ranked in several specialties. The university has many research centers and institutes, among them the Yale Center for Emotional Intelligence, the Yale Cancer Center and the Yale Program in Sleep. Undergraduates have lots of opportunities to get involved with research at the university. For example, students can apply for a Yale College Freshman Summer Research Fellowship in the Sciences & Engineering. One of the major research innovations associated with Yale is chemotherapy treatment, which was developed at the university in the early 1940s.",https://www.topuniversities.com/universities/yale-university,https://www.usnews.com/education/best-global-universities/yale-university-130794
usn-university-college-london-501693,University College London,United Kingdom,Europe,London (U.K.),"University College London, or UCL, is a public institution that was founded in 1826. It was the third university established in England, following the University of Oxford and the University of Cambridge. UCL is based in central London, though it also has branch campuses in Qatar and Australia. Additionally, UCL has exchange and research agreements as well as other types of partnerships with universities around the world, such as the University of Montreal in Canada and Zhejiang University in China. UCL students hail from around 150 countries, and tuition costs are higher for students from outside the U.K. and European Union. University housing is guaranteed for first-year undergraduates. The UCL academic calendar has three terms, and the language of instruction is English. UCL has 11 academic divisions: arts and humanities; brain sciences; engineering; education; laws; life sciences; mathematical and physical sciences; medical sciences; population health sciences; social and historical sciences; and the Bartlett, a division focused on architecture and planning. The university is affiliated with several hospitals and medical centers, such as the University College Hospital and the Royal National Throat, Nose and Ear Hospital. Research takes place across the academic disciplines at UCL, but the main multidisciplinary research domains are neuroscience, personalized medicine, populations and lifelong health, the environment and eResearch. The university has been associated with research accomplishments throughout its history. One example is that a UCL professor won the Nobel Prize in chemistry in 1904 for his discovery of noble gases, including neon gas.",,https://www.usnews.com/education/best-global-universities/university-college-london-501693
national-university-singapore-nus,National University of Singapore (NUS),Singapore,Asia,Singapore,,https://www.topuniversities.com/universities/national-university-singapore-nus,https://www.usnews.com/education/best-global-universities/national-university-of-singapore-505009
columbia-university,Columbia University,United States,North America,New York City,"Columbia University is a private institution that was founded in 1754. It is located in the Upper West Side of New York City’s Manhattan borough. Originally called King’s College, the school received its current name in 1896. Around 30 percent of students at Columbia study at the undergraduate level and almost 30 percent of the total student body is international. More than 90 percent of undergraduate students live on campus, and there is some university housing available for graduate students as well. Columbia’s academic calendar is semester-based and the language of instruction is English. The university is made up of three schools that enroll undergraduates – Columbia College, the Fu Foundation School of Engineering and Applied Science, and the School of General Studies – and numerous graduate and professional schools. Among Columbia University’s highly ranked graduate programs are the Business School, the Law School, and the College of Physicians and Surgeons. Additionally, Columbia is affiliated with Barnard College for women, the Union Theological Seminary and the Jewish Theological Seminary. The highly regarded New York-Presbyterian University Hospital of Columbia and Cornell is a university teaching hospital. Columbia students and faculty conduct research across the sciences, humanities and social sciences disciplines at more than 200 university centers and institutes. Columbia has also established global centers in Amman, Jordan; Beijing; Mumbai, India; Paris; Istanbul; Nairobi, Kenya; Santiago, Chile; and Rio de Janeiro to facilitate study abroad and research opportunities for students.",https://www.topuniversities.com/universities/columbia-university,https://www.usnews.com/education/best-global-universities/columbia-university-190150
university-hong-kong,The University of Hong Kong,Hong Kong SAR,Asia,Hong Kong,,https://www.topuniversities.com/universities/university-hong-kong,https://www.usnews.com/education/best-global-universities/university-of-hong-kong-505046
university-california-los-angeles-ucla,"University of California, Los Angeles (UCLA)",United States,North America,Los Angeles,"The University of California—Los Angeles, commonly referred to as UCLA, is a public institution that was founded in 1919. It is one of the most applied-to universities in the U.S. Around 70 percent of the university's student body studies at the undergraduate level, and roughly 12 percent of undergraduates and more than 20 percent of graduate students at UCLA are international. Students who are not California residents must pay a supplemental tuition. UCLA guarantees three years of housing to freshman undergraduates, and some university housing is available for graduate students as well. Undergraduate studies take place across five academic divisions at UCLA: letters and science; arts and architecture; engineering and applied science; nursing; and theater, film and television. Some of the most popular majors for undergraduate students are political science, business economics and biology. Among the university’s highly ranked graduate schools are the Anderson School of Management, the David Geffen School of Medicine and the Henry Samueli School of Engineering and Applied Science. The Ronald Reagan UCLA Medical Center, the university’s primary teaching hospital, is a highly regarded medical facility. Most of the university’s schools use a quarter-based academic calendar, and English is the language of instruction. Since 2009-2010, the university has received an average of $1 billion for research each year. UCLA has more than 350 research labs, centers and institutes, and nearly 300 of these facilities are dedicated to medical research. Undergraduates can assist faculty with research at UCLA – and earn academic credit – by participating in the Student Research Program.",https://www.topuniversities.com/universities/university-california-los-angeles-ucla,https://www.usnews.com/education/best-global-universities/university-of-california-los-angeles-110662
nanyang-technological-university-singapore-ntu-singapore,"Nanyang Technological University, Singapore (NTU Singapore)",Singapore,Asia,Singapore,,https://www.topuniversities.com/universities/nanyang-technological-university-singapore-ntu-singapore,
university-washington,University of Washington,United States,North America,Seattle,"The University of Washington is a public institution that was founded in 1861. The school's oldest and largest campus in terms of enrollment is located in Seattle – the largest city in Washington. In 1990, the university added two smaller campuses in Bothell and Tacoma, Washington. Around 70 percent of the university's students – across all three campuses – study at the undergraduate level. Still, the large university offers more than 370 graduate-level programs. Tuition costs are higher for non-Washington-state residents, and university housing is available for both undergraduate and graduate students. UW utilizes a quarter-based academic calendar, and English is the language of instruction. The university has 16 colleges and schools that offer studies in a range of subjects, such as arts and sciences, engineering and social work. Its highly ranked graduate schools include the School of Medicine, School of Nursing and the College of Education. The University of Washington Medical Center, a teaching hospital, is highly ranked in several specialties. The university offers a community-based medical education program that allows students to complete clinical rotations in different states throughout the region - Alaska, Idaho, Montana, Washington and Wyoming. One goal of the program is to increase the number of primary care physicians, particularly in rural areas. Research awards received by UW have topped $1 billion in recent years, and the school has more than 280 specialized research centers. Among these research centers are the West Coast Poverty Center, the Polar Science Center and the Center for Emerging and Re-emerging Infectious Diseases.",https://www.topuniversities.com/universities/university-washington,https://www.usnews.com/education/best-global-universities/university-of-washington-236948
peking-university,Peking University,China (Mainland),Asia,Beijing,"Peking University is a public institution that was founded in 1898, though it wasn't known by its current name until 1912. The university’s main campus, known as Yan Yuan, is located in the Haidian District in the western suburbs of Beijing, China's capital city. University housing is available for both undergraduate and graduate students. Tuition costs are higher for non-Chinese nationals and vary by subject, with science subjects costing more. The university’s academic calendar is semester-based, and students typically study four years for undergraduate degree programs, two to three years for master's programs and four years for doctoral degree programs. PKU, as the university is sometimes called, has academic departments focused on various humanities, social sciences and science disciplines. The language of instruction for undergraduates is Chinese, and graduate-level programs are taught in either Chinese or English. In 2000, Beijing Medical University was incorporated into PKU and renamed the Peking University Health Science Center, which is now the home of PKU’s medical programs, including pharmaceutics and nursing. The university has numerous research labs and centers, such as the State Key Laboratory of Nuclear Physics & Technology, the Beijing National Laboratory for Molecular Sciences and the State Key Laboratory of Rare Earth Materials Chemistry and Applications. PKU has established academic and exchange partnership programs with institutions around the world. One such collaboration is a master's program in international affairs organized jointly with the London School of Economics and Political Science in the U.K.",https://www.topuniversities.com/universities/peking-university,https://www.usnews.com/education/best-global-universities/peking-university-501148
cornell-university,Cornell University,United States,North America,Ithaca,"Cornell University is a private institution that was founded in 1865. The Ivy League school is located in Ithaca, New York, which is about 220 miles northwest of New York City. In a recent year, Cornell enrolled more than 21,000 students, about 65 percent of whom were studying at the undergraduate level. The same year, around 20 percent of the total student body was international. Domestic and international students pay the same tuition at Cornell, and various types of university student housing are offered, including themed residence halls as well as apartments for graduate and professional students. The university has 14 colleges and schools, including seven undergraduate divisions in addition to graduate and professional divisions located in Ithaca, New York City and Doha, Qatar. The undergraduate colleges offer studies in agriculture and life sciences; architecture, art and planning; arts and sciences; business; engineering; human ecology; and industrial and labor relations. The university follows a semester-based academic calendar, and English is the language of instruction. Cornell offers English language courses and other resources, such as a language partner program, for international students. Research opportunities are available for both undergraduate and graduate Cornell students. One such offering that undergrads can take advantage of is the Food Science Summer Scholar Program, a 10-week program that provides students with stipends. A sampling of the university's research centers includes the Cornell Center for Comparative and Population Genomics, the Center for the Study of Inequality and the Center for Advanced Computing.",https://www.topuniversities.com/universities/cornell-university,https://www.usnews.com/education/best-global-universities/cornell-university-190415
princeton-university,Princeton University,United States,North America,Princeton,"Princeton University was founded in 1746, making it one of the oldest higher education institutions in the U.S. The private university was originally called the College of New Jersey, but its name was changed to Princeton in 1896. The university is located in the town of Princeton, New Jersey, situated around 50 miles southwest of New York City. Some 8,000 students attend Princeton and nearly two-thirds of them study at the undergraduate level. Around 12 percent of undergraduates and more than 40 percent of graduate students at Princeton are international. Housing is guaranteed for undergraduate students for all four years, and nearly all undergraduates reside on campus. Princeton has six undergraduate residential colleges – communities that offer academic and social programs for students. A large number of graduate students, around 70 percent, also live in university housing. The Ivy League university is made up of an undergraduate college, a graduate school, the School of Architecture, the highly ranked School of Engineering and Applied Science and the Woodrow Wilson School of Public and International Affairs. Princeton undergrads can choose from more than 30 academic concentrations. The primary language of instruction is English, and the academic calendar is semester-based. Research at Princeton is conducted across four broad disciplines: engineering and applied sciences, humanities, natural sciences and social sciences. The university is affiliated with two national laboratories, the U.S. Department of Energy’s Princeton Plasma Physics Laboratory and the National Oceanic and Atmospheric Administration’s Geophysical Fluid Dynamics Laboratory. The latter lab specializes in climate research and modeling.",https://www.topuniversities.com/universities/princeton-university,https://www.usnews.com/education/best-global-universities/princeton-university-186131
university-pennsylvania,University of Pennsylvania,United States,North America,Philadelphia,"The University of Pennsylvania, also known as Penn, was founded in 1740. The private, Ivy League institution is located in West Philadelphia, and nearly half of its full-time students study at the undergraduate level. Around 19 percent of the total student body is international, with students from more than 100 countries. In a recent year, more than 40 percent of Penn's international undergraduates hailed from Asia, 20 percent were from Europe and nearly 15 percent were from Canada and Mexico. The university uses a semester-based academic calendar and the language of instruction is English. First-year undergraduates are required to live on campus and may continue to do so as upperclassmen, although housing is not guaranteed after the first year. Some on-campus housing is available for graduate students as well. Penn comprises a dozen schools that focus on arts and sciences; business; communication; dental medicine; design; education; engineering and applied science; law; medicine; nursing; social policy and practice; and veterinary medicine. Four of the schools offer undergraduate degrees and all 12 have graduate offerings. The medical school is affiliated with the Hospitals of the University of Pennsylvania-Penn Presbyterian, which are highly ranked in several specialties. Penn’s research budget was more than $875 million in a recent year. The university’s Center for Undergraduate Research and Fellowships helps students find research projects that suit their interests, as well as funding resources. Among the university’s more than 130 research institutes and centers are the Center for Cognitive Neuroscience, the Leonard Davis Institute of Health Economics and the Penn Institute for Urban Research.",https://www.topuniversities.com/universities/university-pennsylvania,https://www.usnews.com/education/best-global-universities/university-of-pennsylvania-215062
johns-hopkins-university,Johns Hopkins University,United States,North America,Baltimore,"Johns Hopkins University is a private institution that was founded in 1876. The school has campuses located in and around Baltimore and the District of Columbia, as well as in Italy and China. The main campus for undergraduates is the Homewood campus in north Baltimore. Most of the university’s schools use a semester-based academic calendar, with some offering an additional, three-week study period in January. English is the language of instruction. Undergraduate students are required to live in university housing for the first two years of their studies. Accommodations are not available for graduate students, with the exception of those enrolled in the school's Peabody Institute, a conservatory. The university comprises nine academic divisions that offer studies in the arts and sciences, engineering, business, education, medicine, nursing, music, public health and international studies. Some of the most popular majors for undergraduates (at the Homewood campus) are public health studies, international studies and biomedical engineering. Johns Hopkins University’s graduate schools include the highly ranked School of Medicine, School of Nursing and School of Education. The Johns Hopkins Hospital, a teaching hospital, is highly ranked in many specialties. Undergraduate students can get involved in research with support from initiatives such as the Provost’s Undergraduate Research Awards program, which provides financing for students to design and conduct research with the help of a faculty sponsor. Among the institution's research facilities is the Johns Hopkins University Applied Physics Laboratory, an affiliated research center that is a hub for national security- and space-related research.",https://www.topuniversities.com/universities/johns-hopkins-university,https://www.usnews.com/education/best-global-universities/johns-hopkins-university-162928
chinese-university-hong-kong-cuhk,The Chinese University of Hong Kong (CUHK),Hong Kong SAR,Asia,Hong Kong,,https://www.topuniversities.com/universities/chinese-university-hong-kong-cuhk,https://www.usnews.com/education/best-global-universities/chinese-university-hong-kong-502973
university-new-south-wales-unsw-sydney,The University of New South Wales (UNSW Sydney),Australia,Oceania,Sydney,,https://www.topuniversities.com/universities/university-new-south-wales-unsw-sydney,https://www.usnews.com/education/best-global-universities/university-of-new-south-wales-502434
university-toronto,University of Toronto,Canada,North America,Toronto,"The University of Toronto is a public institution that was founded in 1827. Around 80 percent of its students study at the undergraduate level. The school has three campuses – St. George, Mississauga and Scarborough – located in and around Toronto. Roughly 95 percent of the university’s graduate students study at the downtown St. George campus, as do upward of 60 percent of its undergraduates. Thousands of foreign students from more than 160 countries and regions attend the University of Toronto. In a recent year, the top countries of origin for non-Canadian students were China, India and the U.S. Tuition is higher for international students. The university comprises academic divisions focused on a range of disciplines, such as applied science and engineering, management and public health. All told, the university offers some 700 undergraduate programs and more than 200 master’s and doctoral programs. The primary language of instruction is English. The academic calendar varies between the three campuses. Student housing is available on each campus, and accommodations are guaranteed for all first-year undergraduate students. The university has more than 44 libraries that house 19 million-plus physical volumes. One major innovation that came out of the University of Toronto is insulin, which researchers discovered in the early 1920s. The university’s Banting & Best Diabetes Centre is named after two of these researchers, one of whom eventually went on to win the Nobel Prize in physiology or medicine for this work.",https://www.topuniversities.com/universities/university-toronto,https://www.usnews.com/education/best-global-universities/university-of-toronto-499968
university-michigan-ann-arbor,University of Michigan-Ann Arbor,United States,North America,Ann Arbor,"The University of Michigan—Ann Arbor is a public institution that was founded in 1817 and made the city of Ann Arbor its permanent home in 1837. The university’s campus is located just less than 45 miles west of Detroit. More than 40,000 students attend the University of Michigan—Ann Arbor, and around 65 percent of them study at the undergraduate level. The institution hosts international students from more than 110 countries. Tuition costs are higher for out-of-state students. The academic calendar is based on a trimester system at many but not all of the university’s schools. The primary language of instruction is English, but the university teaches more than 65 foreign languages. The university guarantees housing for incoming freshmen as well as offers a variety of housing options for all students. The university comprises 19 schools and colleges, including schools of business, pharmacy and social work. Some of the most popular majors for undergraduates are business, psychology and economics. Among the highly ranked graduate schools at the university are the College of Engineering, the Law School and the Stephen M. Ross School of Business. The University of Michigan Hospitals and Health Centers are highly ranked in several specialties. The university's research expenditures have topped $1 billion in the last several years; the discipline that receives the highest percentage of the research dollars is medical sciences. Among the many research centers at the university are the Chronic Pain and Fatigue Research Center, the Ground Robotics Research Center and the Addiction Research Center.",https://www.topuniversities.com/universities/university-michigan-ann-arbor,https://www.usnews.com/education/best-global-universities/university-of-michigan-ann-arbor-170976
epfl-ecole-polytechnique-federale-de-lausanne,EPFL – École polytechnique fédérale de Lausanne,Switzerland,Europe,Lausanne,,https://www.topuniversities.com/universities/epfl-ecole-polytechnique-federale-de-lausanne,
university-melbourne,The University of Melbourne,Australia,Oceania,Melbourne,"The University of Melbourne is a public institution that was founded in 1853. The university has seven campuses located across Melbourne and other areas of Victoria, Australia. The school's main site is the Parkville campus, and both undergraduate and graduate students can reside in one of several nearby residential colleges. Other sites are the Southbank, Burnley, Creswick, Dookie, Shepparton and Werribee campuses. Tuition costs at the University of Melbourne vary by subject and are higher for international students. Dentistry, veterinary science and medicine are among the university's more expensive programs. Undergraduate students at the University of Melbourne choose from several bachelor's degree options: agriculture, arts, biomedicine, commerce, design, environments, fine arts, music, oral health and science. They then choose more specific majors within these broad degree categories. Extended Bachelor of Arts and Bachelor of Science programs are also available for indigenous students. The University of Melbourne also has nearly 20 graduate schools, including the Melbourne Business School, the Melbourne Medical School and the Melbourne Conservatorium of Music. The university has five Melbourne Research Institutes that encourage collaboration between university researchers, as well as involvement from industry, government and nonprofit organizations. The institutes focus on neuroscience, sustainable society, networked society, energy and social equity. One research achievement associated with the University of Melbourne came in the 1970s, when researchers developed the cochlear implant, an electronic device used to restore a sense of sound to people with severe hearing loss.",https://www.topuniversities.com/universities/university-melbourne,https://www.usnews.com/education/best-global-universities/university-of-melbourne-501796
usn-university-of-california-san-francisco-110699,University of California--San Francisco,United States,North America,San Francisco,"The University of California—San Francisco is a public institution that was founded in 1864. The health sciences-focused university has facilities throughout San Francisco and only offers graduate-level programs. The school has three main locations – the Parnassus, Mission Bay and Mount Zion campuses. In a recent year, the school enrolled more than 3,000 students. Tuition costs are higher for non-California residents, and student housing is available near the university's Parnassus and Mission Bay campuses. The university, which follows a quarter-based academic calendar, has four professional schools – dentistry, medicine, nursing and pharmacy – as well as a graduate division, which offers master's and doctoral programs, two certificate programs and a physical therapy program. A few graduate programs are offered through UCSF Global Health Sciences, an arm of the university that focuses on international health issues. The language of instruction at the university is English. The UCSF Medical Center is one of the university's teaching hospitals and is highly ranked in several specialties. Other medical institutions affiliated with the university include the UCSF Benioff Children’s Hospitals, the UCSF Dental Center and the San Francisco VA Medical Center. UCSF receives more research funding from the National Institutes of Health than any other public school in the U.S. The university has research partnerships with companies such as Pfizer and GE Healthcare, as well as with medical institutions around the world like the Kenya Medical Research Institute and Aga Khan Health Services–Tanzania.",,https://www.usnews.com/education/best-global-universities/university-of-california-san-francisco-110699
university-california-san-diego-ucsd,"University of California, San Diego (UCSD)",United States,North America,San Diego,"The University of California—San Diego is a public institution that was established in 1960. It is located in the La Jolla community of San Diego, near the Pacific Ocean. More than 75 percent of the student body studies at the undergraduate level. The school offers more than 100 undergraduate majors across a range of disciplines. UCSD undergrads are assigned to one of six residential colleges – smaller academic and social communities within the university. Incoming undergraduates and transfer students are guaranteed housing for two years. Accommodations are also available for graduate students. Out-of-state students must pay a supplemental tuition on top of the tuition in-state students pay. UCSD follows a quarter-based academic calendar, and English is the language of instruction. In addition to the six undergraduate colleges, UCSD comprises five academic divisions and five graduate and professional schools. Highly ranked UCSD graduate schools include the School of Medicine and the Jacobs School of Engineering. UC San Diego Medical Center - UC San Diego Health, a teaching hospital, is nationally ranked in a dozen adult specialties. One of the university's academic departments is the Scripps Institution of Oceanography, which is dedicated to ocean, earth and atmospheric science. Scripps researchers focus their efforts on subjects such as waves and circulation, global environmental monitoring and marine life. UCSD’s annual research funding has surpassed $1 billion several times in recent years. The university also operates organized research units aimed at promoting multidisciplinary research, such as the Center for Energy Research, the Kavli Institute for Brain and Mind and the San Diego Supercomputer Center.",https://www.topuniversities.com/universities/university-california-san-diego-ucsd,https://www.usnews.com/education/best-global-universities/university-of-california-san-diego-110680
university-chicago,University of Chicago,United States,North America,Chicago,"The University of Chicago is a private institution that was founded in 1890. The university is located in Chicago, Illinois, in the Midwest region of the U.S. Around 40 percent of the university's student body studies at the undergraduate level. The university’s academic calendar is based on a quarter system and the language of instruction is English. Roughly 10 percent of undergraduates and 30 percent of graduate students are international. Housing is guaranteed for all four years for undergraduates, and some university housing is available for graduate students as well. The university is made up of an undergraduate college and multiple graduate divisions and professional schools. Several University of Chicago graduate schools are highly ranked, including the Booth School of Business, the Law School and the Pritzker School of Medicine. The highly regarded University of Chicago Medical Center is a teaching hospital for the university’s medical students. In addition to its main campus in Chicago’s Hyde Park neighborhood, the university has several facilities located overseas, including centers in Paris, Beijing and New Delhi, which facilitate study abroad, student exchange and research. Students in the Booth Executive MBA program can study at campuses in Hong Kong and London. The university manages two U.S. Department of Energy laboratories: One focuses on energy, the environment and national security-related research, and the other on particle physics. A third affiliated lab is the Marine Biological Laboratory located in Massachusetts. Annually, upward of 300 visiting scientists, summer staff and research associates from many universities around the world – in addition to the year-round employees – are involved with MBL activities.",https://www.topuniversities.com/universities/university-chicago,https://www.usnews.com/education/best-global-universities/university-of-chicago-144050
technical-university-munich,Technical University of Munich,Germany,Europe,Munich,"The Technical University of Munich, sometimes called TUM, is a public institution that was founded in 1868. The university has three locations in the German state of Bavaria – downtown Munich, Garching and Weihenstephan. The Garching campus, located north of Munich, has the largest enrollment and is home to TUM's natural sciences and technology divisions. In general, students do not pay tuition at the university but rather pay semester fees. TUM does not have its own student housing, though accommodations managed by outside organizations are available. The university has 13 academic divisions: architecture; chemistry; civil, geo and environmental engineering; education; electrical and computer engineering; informatics; life sciences; management; math; mechanical engineering; medicine; physics; and sport and health sciences. In all, the university offers more than 150 degree programs, and the primary language of instruction is German. However, TUM offers more than three dozen programs that are taught completely in English as well as a number of bilingual programs, most of which are at the master's level. The university’s academic calendar is semester-based. The university has a number of research centers, including the Munich Center for Technology in Society, the Walter Schottky Institut for the study of nanotechnology and nanomaterials and the Hans Eisenmann-Zentrum for agricultural sciences. The Erlenmeyer flask, a piece of equipment commonly found in chemistry labs that is used to measure and store liquids, was named after one of TUM's founding professors.",https://www.topuniversities.com/universities/technical-university-munich,https://www.usnews.com/education/best-global-universities/technical-university-of-munich-503109
fudan-university,Fudan University,China (Mainland),Asia,Shanghai,"Fudan University is a public institution that was founded in 1905. The university is located in Shanghai, China, and is spread across four sites: the Handan, Jiangwan, Fenglin and Zhangjiang campuses. More than 30,000 students are enrolled at Fudan University. Undergraduate students reside on campus in one of five residential colleges – Zhide, Tengfei, Keqing, Renzhong or Xide – for all four years of their studies. Each college is named after a former university leader and has its own dean and student management board. Housing is also available for graduate students. In all, Fudan University offers around 70 undergraduate majors, as well as almost 250 master’s degree programs and some 150 doctoral programs. The undergraduate programs are structured according to a liberal arts core curriculum. The university’s academic calendar is semester-based, and tuition costs are higher for international students. The primary language of instruction is Chinese, but a handful of degree programs are taught in English. In 2000, Fudan University merged with Shanghai Medical University, and the university is affiliated with 11 hospitals. The university has been a major participant in national research for much of its history; research bodies at the university include national key labs for genetic engineering, surface physics and medical neurobiology. Fudan's Undergraduate Research Opportunities Program supports around 700 undergraduates' research work each year. And when students need a break from their studies, they can choose from more than 300 student clubs to participate in, including almost 20 international student groups.",https://www.topuniversities.com/universities/fudan-university,https://www.usnews.com/education/best-global-universities/fudan-university-500824
northwestern-university,Northwestern University,United States,North America,Evanston,"Northwestern University is a private institution that was founded in 1851. The university has three campuses – the main one in Evanston, Illinois; one in nearby Chicago; and one in Doha, Qatar. The city of Evanston is located around 14 miles north of Chicago, on the shore of Lake Michigan. Tuition is the same for domestic and international students, and international undergraduate applicants are permitted to apply for need-based aid from Northwestern. International graduate students pursuing Master of Fine Arts and doctoral degrees can also receive institutional aid. University housing is available for both undergraduate and graduate students, and almost 70 percent of the undergraduate student body lives on campus. The university has a dozen schools and colleges: arts and sciences; communication; education and social policy; engineering and applied science; journalism, media and integrated marketing communications; law; management; medicine; music; professional studies; a graduate school; and Northwestern University in Qatar. Northwestern follows a quarter-based academic calendar, and the primary language of instruction is English. A sampling of the university's many research centers includes the Northwestern University/Art Institute of Chicago Center for Scientific Studies in the Arts, the Center for Cancer Nanotechnology Excellence and the Northwestern Center for Water Research. In a recent year, the university earned more than $650 million in sponsored research awards. The institution's Office of Undergraduate Research helps students take advantage of various research opportunities, such as the Summer Undergraduate Research Grants program, which supports students for eight weeks of full-time summer work under faculty supervision.",https://www.topuniversities.com/universities/northwestern-university,https://www.usnews.com/education/best-global-universities/northwestern-university-147767
usn-nanyang-technological-university-503366,Nanyang Technological University,Singapore,Asia,Singapore,,,https://www.usnews.com/education/best-global-universities/nanyang-technological-university-503366
university-sydney,The University of Sydney,Australia,Oceania,Sydney,"The University of Sydney was founded in 1850, making it the oldest university in Australia. The public institution is located in Sydney in the southeastern Australian state of New South Wales. In addition to its main location – the Camperdown/Darlington campus – near the city's central business district, the university has other campuses and research facilities in Sydney and other areas of Australia. One of the additional sites is the One Tree Island Research Station located near the Great Barrier Reef, which facilitates research on topics such as climate change and geology. Student accommodations are available at several of the university's campuses. On the Camperdown/Darlington campus, students can live in residential colleges – including the International House – or university-managed apartments and dorms. Tuition costs vary by subject and are higher for international students. The university has 16 academic divisions, including agriculture and environment, arts and social sciences, business, engineering and information technologies, and medicine. English is the language of instruction, and the university’s academic calendar is semester-based. Undergraduate students have the option of applying to the university's one-year, research-focused honors program. Some of the University of Sydney’s more than 70 research centers are the Brain and Mind Centre, the China Studies Centre and the Centre for Carbon, Water and Food. The school has student exchange agreements with roughly 300 universities located all over the world, including the University of British Columbia in Canada, Fudan University in China and Uppsala University in Sweden.",https://www.topuniversities.com/universities/university-sydney,https://www.usnews.com/education/best-global-universities/university-of-sydney-505369
australian-national-university-anu,Australian National University (ANU),Australia,Oceania,Canberra,"The Australian National University was founded in 1946. The public institution’s main Acton Campus is located in Australia’s capital city, Canberra. Other university sites include the Mount Stromlo Observatory and the Siding Spring Observatory, both associated with the ANU Research School of Astronomy and Astrophysics. Tuition costs vary by subject and are generally higher for international students. University housing is available for both undergraduate and graduate students; in a recent year, more than 20 percent of the university's student body lived on campus. A year of housing is guaranteed for first-year undergraduate students from outside the Canberra region. The university has seven colleges: arts and social sciences; Asia and the Pacific; business and economics; engineering and computer science; law; medicine, biology and environment; and physical and mathematical sciences. The language of instruction is English, and the university’s academic calendar is semester-based. The university has student exchange partnerships with upward of 150 universities in more than 30 countries, including the University of Montreal in Canada and the Technical University of Munich in Germany. As is true at other Australian universities, undergraduate students can enroll in degree programs that place them on a path to earn an honors degree – a more advanced credential than a bachelor's degree. Honors degree programs focus heavily on research. Some of the Australian National University's many research facilities are the John Curtin School of Medical Research, the Climate Change Institute and the National Centre for Epidemiology and Population Health.",https://www.topuniversities.com/universities/australian-national-university-anu,https://www.usnews.com/education/best-global-universities/australian-national-university-503825
mcgill-university,McGill University,Canada,North America,Montreal,"McGill University is a public institution that was founded in 1821 and is located in Quebec, Canada. The university has two campuses: the downtown campus in Montreal and the Macdonald campus in Sainte-Anne-de-Bellevue. The two campuses are approximately 20 miles apart. The primary language of instruction is English, although in a recent year around 20 percent of university students said French was their mother tongue. In fact, around half of the population of Montreal speaks French as a first language. Around one-fourth of the student body is international, with students hailing from more than 150 countries. University housing is available for undergraduate and graduate students on both campuses. The university is made up of 10 faculties and schools – agricultural and environmental sciences, arts, dentistry, education, engineering, law, management, medicine, music and science – that offer around 300 programs of study. Around two-thirds of the university's students study at the undergraduate level. Tuition costs are higher for international students, and McGill's academic calendar is based on a semester system. The university is affiliated with multiple teaching hospitals, and its medical school is the oldest in Canada. Research at the university takes place at more than 40 McGill research centers – such as the McGill Centre for Bioinformatics, the Centre on Population Dynamics and the Centre for Intellectual Property Policy – and at other affiliated institutes and hospitals. The creation of the first artificial blood cell is among the research achievements associated with the university.",https://www.topuniversities.com/universities/mcgill-university,https://www.usnews.com/education/best-global-universities/mcgill-university-499986
duke-university,Duke University,United States,North America,Durham,"Duke University traces its roots back to 1838, though the private institution didn’t receive its current name until 1924. Duke’s main location is made up of three contiguous campuses (called East, West and Central) located in Durham, North Carolina. Around 15,000 students attend the university, and more than half of them study at the graduate level. English is the language of instruction. Around 10 percent of undergraduates and nearly a quarter of graduate students are international. Undergraduates are required to live on campus for three years and can also choose to do so during their senior year. On-campus housing is not available for graduate students. Duke comprises 10 schools and colleges: arts and sciences, law, medicine, nursing, engineering, business, public policy, environment, the divinity school and the graduate school. Some of the most popular undergraduate majors are biology, economics and public policy. Most of the schools at the university use a semester-based academic calendar. Among Duke’s highly ranked graduate programs are the Fuqua School of Business, School of Medicine and the School of Nursing. Duke University Hospital, a teaching hospital, is highly ranked in many specialties. In a recent year, Duke spent more than $1 billion on research, which is organized and conducted across the university at institutes such as the Duke Institute for Brain Sciences, the Duke Global Health Institute and the Duke Population Research Institute. Internationally, Duke has partnered with Wuhan University to create Duke Kunshan University in China – which offers graduate degrees and semesterlong programs for undergrads – and with the National University of Singapore to create the Duke-NUS Graduate Medical School in Singapore.",https://www.topuniversities.com/universities/duke-university,https://www.usnews.com/education/best-global-universities/duke-university-198419
monash-university,Monash University,Australia,Oceania,Melbourne,"Monash University is a public institution that was established in 1958. It is located in the state of Victoria in southeastern Australia and is named after Sir John Monash, an Australian military leader and engineer. The Clayton campus, the largest of the university’s five Australian sites, is situated around 12 miles southeast of Victoria's capital city, Melbourne. Monash University also has a branch campus in Malaysia, a graduate school in China jointly run with Southeast University and several other affiliated international sites. Students at Monash hail from more than 100 countries. International students pay higher tuition at Monash, though some scholarships are available. Three of the university's Australian campuses offer on-campus student housing. The university has many academic divisions: art, design and architecture; arts; business and economics; education; engineering; information technology; law; medicine, nursing and health sciences; pharmacy and pharmaceutical sciences; and science. The language of instruction at Monash is English, and the university follows a semester-based academic calendar. Undergraduates can enroll in honors programs that offer a fourth year of study, heavily focused on research. In Australia, a bachelor honors degree is a higher-level credential than a bachelor's degree. Monash University has student-exchange agreements with upward of 100 partner universities in more than 25 countries. Some of the university's research centers and institutes are the Monash Injury Research Institute, the Monash Centre for Atomically Thin Materials and the Monash Sustainable Development Institute.",https://www.topuniversities.com/universities/monash-university,https://www.usnews.com/education/best-global-universities/monash-university-500301
washington-university-st-louis,Washington University in St. Louis,United States,North America,St. Louis,"Washington University in St. Louis, also known as Wash U, is a private institution that was founded in 1853. The Missouri-based school has two main sites – the Danforth and Medical Campuses. The campuses are located near each other, separated by Forest Park. In a recent year, more than 12,000 full-time students were enrolled at the university, and members of the university's international student body hailed from more than 80 countries. The primary language of instruction at Wash U is English, and English language courses and other support programs are available for international students. Tuition is the same for domestic and international students, and university housing is available. The university has academic divisions that offer studies in a variety of fields: art and architecture, arts and sciences, business, engineering, law, medicine, and social work and public health. Wash U is affiliated with several hospitals, including the St. Louis Children's Hospital and the Barnes-Jewish Hospital, both of which are ranked in a number of specialties. The university focuses its research on the areas of medicine, environment and energy, innovation and entrepreneurship, and plant science, and researchers carry out more than 3,000 projects at Wash U each year. Undergraduates can get involved in research at the university and can receive guidance and financial support from the Office of Undergraduate Research. A sampling of the university's research centers includes the Weidenbaum Center on the Economy, Government and Public Policy, the Genome Institute and the McDonnell Center for the Space Sciences.",https://www.topuniversities.com/universities/washington-university-st-louis,https://www.usnews.com/education/best-global-universities/washington-university-in-st-louis-179867
hong-kong-university-science-technology,The Hong Kong University of Science and Technology,Hong Kong SAR,Asia,Hong Kong,,https://www.topuniversities.com/universities/hong-kong-university-science-technology,https://www.usnews.com/education/best-global-universities/hong-kong-university-of-science-and-technology-503260
usn-swiss-federal-institute-of-technology-zurich-502241,Swiss Federal Institute of Technology Zurich,Switzerland,Europe,Zurich,,,https://www.usnews.com/education/best-global-universities/swiss-federal-institute-of-technology-zurich-502241
universite-psl,Université PSL,France,Europe,Paris,,https://www.topuniversities.com/universities/universite-psl,
university-edinburgh,The University of Edinburgh,United Kingdom,Europe,Edinburgh,"The University of Edinburgh is a public institution that was founded in 1583. It is spread across five campuses in Edinburgh, Scotland – the capital and one of the country's largest cities. The university's Central Area Campus contains the main administrative buildings and library as well as humanities and social science facilities. The other sites are the King’s Buildings, Easter Bush, Little France and Western General Hospital campuses. Tuition costs are higher for students from outside Scotland and the European Union. The university has three colleges – arts, humanities and social science; medicine and veterinary medicine; and science and engineering – with a combined total of 20 schools. The university’s academic calendar is semester-based, and the primary language of instruction is English. Students can enroll in free six-week introductory Gaelic classes to get a taste of Scotland's historical language. First-year undergraduate students who are from outside Edinburgh are guaranteed housing. Graduate student accommodations are also available and are guaranteed for new graduate students from outside the EU. One notable research achievement associated with the university is the first cloning of a mammal from an adult somatic cell. Dolly, a sheep, was cloned at the University of Edinburgh’s Roslin Institute in 1996. Some of the university's other research centers and institutes include the Centre on Constitutional Change, the MRC Institute of Genetics and Molecular Medicine and the UK Centre for Astrobiology.",https://www.topuniversities.com/universities/university-edinburgh,https://www.usnews.com/education/best-global-universities/university-of-edinburgh-505832
zhejiang-university,Zhejiang University,China (Mainland),Asia,Hangzhou,"Zhejiang University is a public institution that traces its roots back to 1897. The university is located in Hangzhou, the capital of China’s Zhejiang province, about 110 miles southwest of Shanghai. More than 47,000 students attend the university, and around half of them study at the undergraduate level. Zhejiang University comprises seven campuses: the main campus, Zijingang, and the Yuquan, Xixi, Huajiachi, Zhijiang, Zhoushan and Haining campuses. Tuition costs are higher for international students and vary by subject and degree level. University housing is available for both undergraduate and graduate students. The university offers programs in a variety of disciplines, including engineering, the humanities and medicine. In all, students can choose from more than 120 undergraduate programs and well over 300 master's programs. Doctoral programs are also available. The primary language of instruction is Chinese, but Zhejiang University also offers more than a dozen master’s degree programs taught in English. The English-taught master’s offerings include programs in business, China studies and engineering. The university follows a four-term academic calendar. University resources include seven affiliated hospitals and a library that houses more than 6.83 million volumes. Among the laboratory facilities at Zhejiang University are more than a dozen national key labs that focus on different specialty areas, such as the State Key Lab of Clean Energy Utilization, the State Key Lab of Rice Biology and the State Key Lab of Modern Optical Instrumentation.",https://www.topuniversities.com/universities/zhejiang-university,https://www.usnews.com/education/best-global-universities/zhejiang-university-504773
shanghai-jiao-tong-university,Shanghai Jiao Tong University,China (Mainland),Asia,Shanghai,,https://www.topuniversities.com/universities/shanghai-jiao-tong-university,https://www.usnews.com/education/best-global-universities/shanghai-jiao-tong-university-501915
new-york-university-nyu,New York University (NYU),United States,North America,New York City,"New York University, also known as NYU, is a private university that was founded in 1831. The university's main campus is in New York City, and it has additional campuses in Abu Dhabi, United Arab Emirates, and Shanghai, which opened in 2010 and 2013, respectively. In a recent year, around one-quarter of the NYU student body was international, with students hailing from more than 130 countries. For several years, NYU has welcomed more international students to campus than any other U.S. university. Tuition costs are the same for domestic and international students, and university housing is available for both undergraduate and graduate students. NYU has 18 schools and colleges that offer studies in a variety of fields, including arts and sciences, business, engineering, law, nursing and more. The university follows a semester-based academic calendar with a three-week January term. The primary language of instruction is English. NYU has 11 academic centers located around the world – including sites in Berlin; Buenos Aires, Argentina; and Tel Aviv, Israel – that are home to NYU students who are studying abroad. A sampling of the university's many research institutes and centers includes the Brennan Center for Justice, the Sleep Disorder Center and the Vincent C. Ross Institute of Accounting Research. Students at the undergraduate level are included in research activities at NYU through such programs as the Dean's Undergraduate Research Fund, which awards grants to students pursuing research projects.",https://www.topuniversities.com/universities/new-york-university-nyu,https://www.usnews.com/education/best-global-universities/new-york-university-193900
kings-college-london,King's College London,United Kingdom,Europe,London,,https://www.topuniversities.com/universities/kings-college-london,https://www.usnews.com/education/best-global-universities/kings-college-london-500330
seoul-national-university,Seoul National University,South Korea,Asia,Seoul,"Seoul National University was founded in 1946. The South Korean national university’s main location is the Gwanak campus in the city of Seoul. It also has a medical campus and a campus for agricultural education and research. Tuition costs are the same for domestic and international students and vary by subject area. Many of the university’s international students receive support from various types of scholarships that cover some or all of their tuition costs. International students can also participate in a work-study program in which they work on campus for 40-60 hours a month. University housing is available for both undergraduate and graduate students. The university has 16 colleges for undergraduates, a graduate school that offers numerous master’s and doctoral programs and 10 professional schools. The professional schools offer studies in business, environmental studies, convergence science and technology, dentistry, international agriculture technology, international studies, law, medicine, public administration and public health. The primary language of instruction at Seoul National University is Korean, though somewhere between 10 to 20 percent of university courses are English-taught. The colleges of engineering and business have the highest proportion of courses taught in English. Nearly all of the school's faculty members – around 95 percent – have doctoral degrees. The university’s academic calendar is semester-based with the school year beginning in March. The university’s research organizations include the Kyujanggak Institute for Korean Studies, the Institute for Peace and Unification Studies and the Big Data Institute.",https://www.topuniversities.com/universities/seoul-national-university,https://www.usnews.com/education/best-global-universities/seoul-national-university-503456
university-tokyo,The University of Tokyo,Japan,Asia,Tokyo,"The University of Tokyo, also known as UTokyo or Todai, is a Japanese national university that was founded in 1877. The university has three main campuses – the Hongo, Komaba and Kashiwa campuses – and additional facilities located in other parts of Japan. The university is affiliated with two hospitals: the University Hospital and the Institute of Medical Science Hospital. In a recent year, roughly half of the student body was studying at the undergraduate level. Tuition costs are the same for domestic and international students, and some university student housing is available. UTokyo has 10 main academic divisions for undergraduate education: agriculture, arts and sciences, economics, education, engineering, law, letters, medicine, pharmaceutical sciences and science. Undergraduates take liberal arts courses during their first two years of studies and specialize during the last two years. Of the university’s 15 graduate schools, 10 are closely related to corresponding undergraduate divisions. The other five graduate schools focus on frontier sciences, information science and technology, interdisciplinary information studies, mathematical sciences and public policy. The university’s academic calendar has four terms. The primary language of instruction is Japanese, but a few undergraduate programs and even more graduate-level programs are taught in English. The English-taught graduate offerings include an international program in economics as well as a program in architecture and urban design. UTokyo’s research centers and affiliated institutes include the Atmosphere and Ocean Research Institute, the Institute for Advanced Studies on Asia and the Center for Spatial Information Science.",https://www.topuniversities.com/universities/university-tokyo,https://www.usnews.com/education/best-global-universities/university-of-tokyo-500248
university-amsterdam,University of Amsterdam,Netherlands,Europe,Amsterdam,"The University of Amsterdam is a public institution that traces its roots back to 1632. The university is spread across four campuses in the Netherlands – the City Centre Campus, the Roeterseiland Campus, the Amsterdam Science Park and the Academic Medical Center. In a recent year, more than 30,000 students attended the university. Tuition at the Dutch institution is higher for students from non-European Union and non-European Economic Area countries, with the exception of Swiss and Surinamese students. The university reserves a number of rooms for international students in residences that outside housing organizations manage. The university has seven academic divisions: dentistry, economics and business, humanities, law, medicine, science, and social and behavioral sciences. The school's academic calendar is semester-based. The primary language of instruction for bachelor’s programs is Dutch, though several English-taught programs are available. Many master's programs are taught in English. Around one-fourth of the University of Amsterdam's research is conducted in one of the institution’s 20 research priority areas, which include infection and immunity, behavioral economics, and private and public European law. Some of the university’s research institutes include the Amsterdam Institute for Advanced Labour Studies, the Institute for Biodiversity and Ecosystem Dynamics and the Anton Pannekoek Institute for Astronomy. The university also manages two institutes – one in Athens, Greece, and the other in Saint Petersburg, Russia – that are members of the Dutch Scientific Institutes Abroad network. The institutes support Dutch staff and students who conduct research overseas.",https://www.topuniversities.com/universities/university-amsterdam,https://www.usnews.com/education/best-global-universities/university-of-amsterdam-502957
university-manchester,The University of Manchester,United Kingdom,Europe,Manchester,,https://www.topuniversities.com/universities/university-manchester,https://www.usnews.com/education/best-global-universities/university-of-manchester-500273
university-queensland,The University of Queensland,Australia,Oceania,Brisbane City,,https://www.topuniversities.com/universities/university-queensland,
yonsei-university,Yonsei University,South Korea,Asia,Seoul,"Yonsei University is a private institution that traces its roots back to 1885, when Christian missionaries founded a hospital that eventually became part of the university. The university as it currently exists was created in 1957. The South Korean school has multiple campuses, with the Sinchon campus in Seoul as its main location. Other locations include the International Campus in Songdo, which opened in 2010, and the Wonju Campus. Tuition costs at Yonsei are the same for domestic and international students and vary by academic subject. University housing is available for both undergraduate and graduate students. Yonsei freshmen spend their first year on the International Campus and participate in the university's residential college system, in which students become members of one of 12 houses that offer educational and social activities. The university has numerous academic divisions, including colleges of liberal arts, business and economics, science, engineering and theology, among others. The primary language of instruction at Yonsei is Korean, but some English-taught degree programs are offered. For instance, programs at the university’s Underwood International College, a liberal arts institution, are entirely English-taught, as are the programs at the Graduate School of International Studies. Another English-taught offering is the Yonsei Global MBA program. The university has a semester-based academic calendar. University research institutes include the Institute of Convergence Science, the Institute for Poverty Alleviation and International Development and the Institute of Korean Studies.",https://www.topuniversities.com/universities/yonsei-university,https://www.usnews.com/education/best-global-universities/yonsei-university-503801
university-british-columbia,University of British Columbia,Canada,North America,Vancouver,"The University of British Columbia is a public institution located in the Canadian province of British Columbia. The university was established in 1908 and opened in 1915. It has two main campuses – the Vancouver campus and the Okanagan campus located in Kelowna. The Vancouver campus is the larger of the two, accommodating more than 85 percent of UBC students. In a recent year, 23 percent of students at the Vancouver campus and around 13 percent at the Okanagan campus were international. Tuition costs at UBC vary by degree program and are higher for international students. University housing is guaranteed for first-year UBC undergraduates, and newly admitted international students who are second-year undergrads receive housing priority too. Housing is also available for returning undergraduate and graduate students. The Vancouver campus offers more than two dozen academic divisions, while the Okanagan campus has eight. The academic calendars for both campuses include two-term winter and summer sessions, although the summer session is optional. The primary language of instruction at UBC is English. First-year international students can opt to enroll in the Vantage One program at UBC's Vantage College, which aims to help students improve their English, in part by stretching their first year of study from eight to 11 months. Following completion, students transition into the second year of their UBC degree program. Examples of UBC research facilities include Canada’s national TRIUMF subatomic physics laboratory, the Centre for Sustainable Food Systems at UBC Farm and the Institute for Healthy Living and Chronic Disease Prevention.",https://www.topuniversities.com/universities/university-british-columbia,https://www.usnews.com/education/best-global-universities/university-of-british-columbia-499976
usn-university-of-queensland-australia-500164,University of Queensland Australia,Australia,Oceania,Brisbane,"The University of Queensland Australia is a public institution that was established in 1909. It is located in and around Brisbane, Australia, the capital of Queensland. The university has three main campuses: the St Lucia campus, where the large majority of students study; the Gatton campus, the university’s hub for agriculture and veterinary science; and the Herston campus, which houses the school’s clinical health facilities. Other University of Queensland sites – including marine research stations, teaching hospitals and an underground mine – are located around Queensland. Tuition costs vary by subject and are higher for international students. University student housing is available at both the St Lucia and Gatton campuses. The university has six main academic divisions: business, economics and law; engineering, architecture and information technology; health and behavioral sciences; humanities and social sciences; medicine and biomedical sciences; and science. English is the language of instruction at the University of Queensland, and the university follows a semester-based academic calendar. Some courses are also offered during a shorter summer semester. As is the case at many Australian universities, bachelor’s students can earn an honors degree by completing an additional year or two of study, focused heavily on research. The university’s research facilities include the Institute for Molecular Bioscience, the Queensland Brain Institute and the Australian Institute for Bioengineering and Nanotechnology. Undergraduate students can receive scholarships to participate in research during summer and winter breaks via university research programs.",,https://www.usnews.com/education/best-global-universities/university-of-queensland-australia-500164
institut-polytechnique-de-paris,Institut Polytechnique de Paris,France,Europe,Paris,,https://www.topuniversities.com/universities/institut-polytechnique-de-paris,https://www.usnews.com/education/best-global-universities/institut-polytechnique-de-paris-530531
university-copenhagen,University of Copenhagen,Denmark,Europe,Copenhagen,,https://www.topuniversities.com/universities/university-copenhagen,https://www.usnews.com/education/best-global-universities/university-of-copenhagen-503710
usn-icahn-school-of-medicine-at-mount-sinai-193405,Icahn School of Medicine at Mount Sinai,United States,North America,New York City,,,https://www.usnews.com/education/best-global-universities/icahn-school-of-medicine-at-mount-sinai-193405
city-university-hong-kong-cityuhk,City University of Hong Kong (CityUHK),Hong Kong SAR,Asia,"Kowloon,",,https://www.topuniversities.com/universities/city-university-hong-kong-cityuhk,https://www.usnews.com/education/best-global-universities/city-university-hong-kong-502667
delft-university-technology,Delft University of Technology,Netherlands,Europe,Delft,,https://www.topuniversities.com/universities/delft-university-technology,https://www.usnews.com/education/best-global-universities/delft-university-of-technology-505496
ku-leuven,KU Leuven,Belgium,Europe,Leuven,,https://www.topuniversities.com/universities/ku-leuven,https://www.usnews.com/education/best-global-universities/ku-leuven-504785
hong-kong-polytechnic-university,The Hong Kong Polytechnic University,Hong Kong SAR,Asia,Hong Kong,,https://www.topuniversities.com/universities/hong-kong-polytechnic-university,https://www.usnews.com/education/best-global-universities/hong-kong-polytechnic-university-500421
usn-university-of-munich-500951,University of Munich,Germany,Europe,Munich,"The University of Munich is a public institution that traces its roots back to 1472. It is situated in Munich – the capital of Bavaria and one of the largest cities in Germany. The university's downtown campus is home to the social science and humanities disciplines, while its “HighTechCampus” in the southeast part of the city is home to the natural and life sciences. In a recent year, just more than half of the university's students were studying at the undergraduate level. Students at LMU Munich, as the university is sometimes called, generally do not pay tuition. However, some of the school's English-taught degree programs charge tuition. A limited amount of student housing is available through Studentenwerk München, or the Munich Student Union, a public organization. In all, the university has 18 academic divisions, including faculties of business administration, medicine and social sciences and offers more than 200 degree programs. The primary language of instruction at the University of Munich is German. However, the institution does offer some English-taught master’s degree programs, including programs in economics, neuro-cognitive psychology and software engineering. The university's academic calendar is semester-based, with classes beginning in October and April. The University of Munich has around 50 research centers, such as the Center for Neuropathology, the Center for Quantitative Risk Analysis and the Munich Center for Ethics. The university also boasts more than a dozen external partner research institutes, including the Bavarian Academy of Fine Arts and the Institute of Law for Lawyers.",,https://www.usnews.com/education/best-global-universities/university-of-munich-500951
humboldt-universitat-zu-berlin,Humboldt-Universität zu Berlin,Germany,Europe,Berlin,"Humboldt-Universität zu Berlin is a public institution in Germany that was founded in 1810. The university’s campuses include Campus Adlershof, home to the natural sciences; Campus Mitte, where the arts and humanities are based, as well as law, economics and business, and theology; and Campus Nord, the university’s hub for the life sciences. In a recent year, roughly half of the university's students were pursuing bachelor’s degrees. Humboldt-Universität does not charge students for tuition. Instead, students pay a relatively low semester fee, which is generally the case at public universities in Germany. Some student housing is available through Studentenwerk, a public organization that manages various services for university students in the region. The university comprises many academic divisions, including faculties of arts and humanities, economics and business administration, law, life sciences, mathematics and natural sciences, medicine, social sciences and theology. The primary language of instruction at Humboldt-Universität is German, and the university’s academic calendar is semester-based. The university's medical school, Charite – Medical University of Berlin, is jointly operated with the Free University of Berlin. In a recent year, nearly 7,000 students were enrolled at Charite. Humboldt-Universität has cooperation agreements of varying types with more than 190 institutions around the world. For example, the university has teaching and research partnerships with the National University of Singapore, Princeton University in the U.S. and Brazil's Universidade de São Paulo. The university has several major interdisciplinary research centers, such as the August Boeckh Centre for Antiquity and the Georg-Simmel Center for Metropolitan Studies.",https://www.topuniversities.com/universities/humboldt-universitat-zu-berlin,https://www.usnews.com/education/best-global-universities/humboldt-universitat-zu-berlin-506698
korea-university,Korea University,South Korea,Asia,Seoul,"Korea University is a private institution that was founded in 1905. Originally called Bosung College, the university received its current name in 1946. The South Korean university has two campuses – one in Seoul and another in Sejong – located about 80 miles from each other. The Seoul campus is the larger of the two; more than three-quarters of the university’s students study there. Tuition is the same for domestic and international students, and some university- and government-sponsored scholarships are available for non-Korean students. University housing is available, and residences for international students include the CJ International House and the Anam Global House. Foreign students can participate in a buddy program and a language partner program to help them better acclimate to life on campus. The university has undergraduate colleges and graduate schools that offer studies in a variety of subjects, including the liberal arts and sciences. It also has professional graduate schools, such as a law school, business school and school of medicine. The university is affiliated with the Ansan, Guro and Anam hospitals. Korean is the primary language of instruction, though some courses are offered in English. The academic divisions that offer the most English-taught courses are the Division of International Studies and the Korea University Business School. The university’s academic calendar is semester-based. Korea University’s research institutes include the KU Biodefense Research Institute, the Brain and Motivation Research Institute and the Research Institute for Information and Communication Technology.",https://www.topuniversities.com/universities/korea-university,https://www.usnews.com/education/best-global-universities/korea-university-505391
university-chinese-academy-sciences-ucas,University of Chinese Academy of Sciences (UCAS),China (Mainland),Asia,Beijing,,https://www.topuniversities.com/universities/university-chinese-academy-sciences-ucas,https://www.usnews.com/education/best-global-universities/university-of-chinese-academy-of-sciences-529679
national-taiwan-university-ntu,National Taiwan University (NTU),Taiwan,Asia,Taipei,"National Taiwan University traces its roots back to 1928, when it was originally established as Taihoku Imperial University; it was renamed in 1945. The institution is Taiwan's flagship university, and its main campus is located in Taipei, the capital city. The university also has facilities in Yilan, Hsinchu, Yunlin and other areas in central Taiwan. In a recent year, upward of 31,000 students attended the university. Tuition costs are higher for international students and vary by subject, with medical and MBA programs among the most expensive. Some university- and government-funded scholarships are available for foreign students, as is student housing. The university has 11 colleges: bioresources and agriculture, electrical engineering and computer science, engineering, law, liberal arts, life science, management, medicine, public health, social sciences and science. The institution's academic calendar is semester-based, and the primary language of instruction is Mandarin, although a number of English-taught courses are available. The university is affiliated with several medical institutions and research centers, including the National Taiwan University Hospital, the NTU Cancer Center and the Drug Research Center. Some of the university's other research centers include the International Center of Excellence in Intelligent Robotics and Automation Research, the Population and Gender Studies Center and the Leung Center for Cosmology and Particle Astrophysics. National Taiwan University has exchange agreements with many universities around the world, such as the University of Melbourne in Australia, Humboldt-Universität zu Berlin in Germany and Tulane University in the U.S.",https://www.topuniversities.com/universities/national-taiwan-university-ntu,https://www.usnews.com/education/best-global-universities/national-taiwan-university-504077
utrecht-university,Utrecht University,Netherlands,Europe,Utrecht,"Utrecht University is a public institution that was founded in 1636. It is located in the city of Utrecht in the Netherlands, less than 30 miles south of Amsterdam. The university has four locations, and its main campus is the Utrecht Science Park - De Uithof campus, situated east of the Utrecht city center. Around 30,000 students attend the university, and tuition costs are higher for students from non-European Union and non-European Economic Area countries, with the exception of Swiss and Surinamese students. Students can apply for housing in dormitories managed by an outside organization. The university has seven main academic divisions: geosciences; humanities; law, economics and governance; medicine; science; social and behavioral sciences; and veterinary medicine. Additionally, there are two university colleges – University College Roosevelt and University College Utrecht – focused on liberal arts education for undergraduates as well as a center for teaching and learning. All told, the university offers around 45 bachelor’s degree programs and more than 130 master’s degree programs. Dutch is the primary language of instruction, though a handful of bachelor’s programs and more than 80 master's programs are English-taught. Examples of master's programs taught in English are those in banking and finance, the cultural history of modern Europe and religious studies. Much of the research at Utrecht University is structured around the four strategic themes of dynamics of youth, institutions for open societies, life sciences and sustainability. Some of the university’s research institutes are the Copernicus Institute of Sustainable Development and the Institute for Marine and Atmospheric Research.",https://www.topuniversities.com/universities/utrecht-university,https://www.usnews.com/education/best-global-universities/utrecht-university-505962
carnegie-mellon-university,Carnegie Mellon University,United States,North America,Pittsburgh,,https://www.topuniversities.com/universities/carnegie-mellon-university,https://www.usnews.com/education/best-global-universities/carnegie-mellon-university-211440
university-north-carolina-chapel-hill,University of North Carolina at Chapel Hill,United States,North America,Chapel Hill,"University of North Carolina—Chapel Hill is a public institution that was founded in 1789. It has a total undergraduate enrollment of 19,355, its setting is suburban, and the campus size is 729 acres. It utilizes a semester-based academic calendar. University of North Carolina—Chapel Hill's ranking in the 2021 edition of Best Colleges is National Universities, #28. Its in-state tuition and fees are $9,021; out-of-state tuition and fees are $36,200. The University of North Carolina—Chapel Hill, often referred to as UNC, offers a wide range of student activities. Popular student organizations include The Daily Tarheel, UNC’s student newspaper, and WXYC, the student-run radio station. Nearly 20 percent of students are members of Greek life. Chapel Hill, which surrounds UNC, is often considered one of the best college towns in the country, offering music, restaurants and shopping. Almost half of all undergraduates live on campus in one of the residence halls or apartment complexes. The North Carolina Tar Heels are members of the Atlantic Coast Conference and are known for their men’s basketball team, which maintains a storied rivalry with nearby institution Duke University and is one of the most successful programs in college basketball. Former players include Michael Jordan and Vince Carter. UNC is divided into a number of schools and colleges, the largest of which is the undergraduate College of Arts and Sciences. Graduate programs include the highly ranked Kenan—Flagler Business School, School of Education, School of Law, School of Medicine, Gillings School of Global Public Health, School of Social Work, Eshelman School of Pharmacy and School of Government. At least 82 percent of each freshmen class must be from North Carolina, as dictated by state law. Actor and former professional basketball player Rick Fox, the 11th president of the United States James K. Polk, and former U.S. Senator John Edwards all earned degrees from UNC.",https://www.topuniversities.com/universities/university-north-carolina-chapel-hill,https://www.usnews.com/education/best-global-universities/university-of-north-carolina-chapel-hill-199120
universiti-malaya-um,Universiti Malaya (UM),Malaysia,Asia,Kuala Lumpur,,https://www.topuniversities.com/universities/universiti-malaya-um,https://www.usnews.com/education/best-global-universities/university-of-malaya-501730
university-texas-austin,University of Texas at Austin,United States,North America,Austin,,https://www.topuniversities.com/universities/university-texas-austin,https://www.usnews.com/education/best-global-universities/university-of-texas-austin-228778
university-bristol,University of Bristol,United Kingdom,Europe,Bristol,,https://www.topuniversities.com/universities/university-bristol,https://www.usnews.com/education/best-global-universities/university-of-bristol-505342
university-pittsburgh,University of Pittsburgh,United States,North America,Pittsburgh,,https://www.topuniversities.com/universities/university-pittsburgh,https://www.usnews.com/education/best-global-universities/university-of-pittsburgh-215293
usn-karolinska-institute-503151,Karolinska Institute,Sweden,Europe,Stockholm,"The Karolinska Institute is a public institution that was founded in 1810 as a school for army surgeons. It is located in Sweden, with the Solna campus just outside the Stockholm city center and the Huddinge Campus to the south. The school offers degrees solely in the medical and health sciences. Around one-fifth of the Karolinska Institute student body is international. Students from European Union and European Economic Area countries as well as Switzerland do not pay tuition; all other students do. Some university housing is available, and tuition-paying students are guaranteed accommodations. The institute offers programs in a variety of medical and health fields, including dentistry, optometry and nursing, to name a few. Its academic calendar is semester-based. The primary language of instruction at the school is Swedish, but several degree programs, known as global bachelor's and global master's programs, are offered in English. Some of the English-taught master's offerings are programs in bioentrepreneurship, global health and public health sciences. The institution offers a three-day intensive Swedish language class to all new international students. Research is prevalent at the Karolinska Institute and covers nine main focus areas, which include cancer and hematology, epidemiology and public health sciences, and neuroscience. More than 40 percent of the academic medical research conducted in Sweden occurs at the school. Since 1901, a committee of 50 Karolinska Institute professors has selected the recipients of the Nobel Prize in physiology or medicine.",,https://www.usnews.com/education/best-global-universities/karolinska-institute-503151
usn-university-of-science-technology-of-china-cas-505547,"University of Science & Technology of China, CAS",China,,Hefei,"The University of Science and Technology of China is a public university that the Chinese Academy of Sciences founded in 1958. USTC, as the university is sometimes called, is situated in Hefei, the capital of China’s Anhui province, and has five campuses within the city located relatively close to each other. Around 1.5 percent of the student body hails from abroad. Many of the university's international students receive financial support from one of three sources: the USTC Scholarship, the Chinese Government Scholarship or a fellowship that the Chinese Academy of Sciences and the World Academy of Sciences offers. All three types of aid cover tuition and provide a stipend for other education-related costs. University housing is available for both undergraduate and graduate students. USTC has more than a dozen schools, many of which are devoted to the sciences, but the university also has academic divisions focused on subjects such as public affairs and business. Additionally, the USTC School of the Gifted Young offers instruction for advanced students. The university follows a semester-based academic calendar. The primary language of instruction is Chinese, though some master’s and most doctoral programs are also offered in English. More than 70 percent of undergraduate students participate in USTC’s Research Program for Undergraduates, which takes place at university labs and Chinese Academy of Sciences research institutes. Among the research labs that USTC operates are the National Synchrotron Radiation Laboratory, the Hefei National Laboratory for Physical Sciences at the Microscale and the State Key Laboratory of Fire Science.",,https://www.usnews.com/education/best-global-universities/university-of-science-technology-of-china-cas-505547
university-wisconsin-madison,University of Wisconsin-Madison,United States,North America,Madison,"The University of Wisconsin—Madison, founded in 1848, is a public university located in the U.S. Midwest. Madison is the capital of Wisconsin, a state located near the Great Lakes and not far from the U.S.-Canadian border. More than 40,000 students attend the university, and in a recent year more than 65 percent of the student body was studying at the undergraduate level. International students at the university hail from more than 100 countries. Tuition costs at the University of Wisconsin—Madison are higher for non-Wisconsin residents, though Minnesota residents also pay a lower rate. University housing is available for both undergraduate and graduate students. Housing options include residence halls that vary in size from around 30 to more than 1,100 residents. The university has a number of schools and colleges, including those focused on agricultural and life sciences, arts, business, education, engineering, journalism and mass communication, medicine and public health, public affairs and more. In all, the university offers more than 200 undergraduate majors and certificates and upward of 250 graduate programs. The language of instruction is English, and the university follows a semester-based academic calendar. The University of Wisconsin—Madison spends more than $1 billion on research annually. A sampling of the university's research centers includes the Aquatic Sciences Center, the Institute on Aging and the Stem Cell & Regenerative Medicine Center. A total of 19 Nobel Prizes have been awarded to university faculty and alumni.",https://www.topuniversities.com/universities/university-wisconsin-madison,https://www.usnews.com/education/best-global-universities/university-of-wisconsin-madison-240444
ludwig-maximilians-universitat-munchen,Ludwig-Maximilians-Universität München,Germany,Europe,Munich,,https://www.topuniversities.com/universities/ludwig-maximilians-universitat-munchen,
leiden-university,Leiden University,Netherlands,Europe,Leiden,"Leiden University is a public institution that was founded in 1575, making it the oldest university in the Netherlands. It is located in the city of Leiden, with facilities just a few miles away in The Hague as well. Students from countries outside the European Union and European Economic Area, with the exception of Swiss and Surinamese students, pay higher tuition. The university does not operate its own student housing, but the school housing office helps international students secure accommodations managed by an outside organization. The university has seven main academic divisions: archaeology, governance and global affairs, humanities, law, medicine, science, and social and behavioral sciences. In all, the university offers upward of 40 bachelor’s and 70 master’s programs. Most Leiden University bachelor’s programs are taught in Dutch, though a handful of English-taught programs are available. The primary language of instruction for graduate programs is English. The university’s academic calendar is semester-based. Leiden University has 11 research focus areas, including brain function and dysfunction over the lifespan, interaction between legal systems and language diversity in the world. The university is involved with the Leiden Bio Science Park – a cluster of more than 170 businesses, research institutes and other organizations focused in large part on drug research and development. Some of the university’s facilities are located in the science park, including the faculties of science and social sciences, as well as the Leiden University Medical Center.",https://www.topuniversities.com/universities/leiden-university,https://www.usnews.com/education/best-global-universities/leiden-university-503069
usn-universite-de-paris-529677,Université de Paris,France,Europe,Paris,,,https://www.usnews.com/education/best-global-universities/universite-de-paris-529677
london-school-economics-political-science-lse,The London School of Economics and Political Science (LSE),United Kingdom,Europe,London,,https://www.topuniversities.com/universities/london-school-economics-political-science-lse,https://www.usnews.com/education/best-global-universities/london-school-of-economics-and-political-science-502076
kfupm,KFUPM,Saudi Arabia,Asia,Dhahran,,https://www.topuniversities.com/universities/kfupm,
freie-universitaet-berlin,Freie Universitaet Berlin,Germany,Europe,Berlin,"The Free University of Berlin is a public institution that was founded in 1948. The university has three main campuses in Berlin. Additionally, Free University and Humboldt-Universität zu Berlin jointly operate the Charite – Medical University of Berlin, which enrolls students affiliated with both universities. In a recent year, roughly 16 percent of the Free University student body was pursuing doctoral degrees. Students do not pay tuition for most degree programs, which is generally the case at public universities in Germany. Student housing is available, though the accommodations are not located on campus and are managed by outside organizations that have agreements with the university. The university has 11 academic departments, the joint medical school as well as three central institutes that offer degrees in Eastern European, Latin American and North American studies. In all, Free University offers some 180 bachelor's and master's degree programs as well as around 50 doctoral programs. The university’s academic calendar is semester-based, with courses beginning in October and April. The primary language of instruction is German, though the university offers some English-taught programs, most of which are at the master's level. The English-taught master's offerings include programs in computational sciences, international health and North American studies. Around 600 international scholars and scientists come to the university each year to serve in teaching and research roles. Among the university’s interdisciplinary research focus areas are plant sciences, functional materials at the nanoscale and disease in human aging.",https://www.topuniversities.com/universities/freie-universitaet-berlin,https://www.usnews.com/education/best-global-universities/freie-universitat-berlin-502084
kyoto-university,Kyoto University,Japan,Asia,Kyoto,"Kyoto University is a Japanese national university that was founded in 1897. Originally known as Kyoto Imperial University, the institution received its current name in 1947. In a recent year, around 23,000 students attended the university. Kyoto University has three campuses – the main Yoshida campus and the Uji and Katsura campuses – as well as facilities located in other areas of Japan, such as field stations for research. Tuition costs are the same for international and domestic students, and some university student housing is available. In all, 10 academic divisions at the university offer undergraduate degrees: integrated human studies, letters, education, law, economics, science, medicine, pharmaceutical sciences, engineering and agriculture. Undergrads take courses in the liberal arts and sciences, as well as in more specialized areas. Kyoto University also has 18 graduate schools, including a school of Asian and African area studies as well as a school of management. The graduate schools offer master's, doctoral and professional degree programs. The university’s academic calendar is semester-based, and the primary language of instruction is Japanese. However, some English-taught programs are available, mostly at the graduate level, including a program in international environmental management and an MBA program. The university’s Education Center for Japanese Language and Culture offers 15-week supplementary Japanese language classes for international students and researchers. Some of the research institutes at the university are the Institute for Frontier Medical Sciences, the Disaster Prevention Research Institute and the Primate Research Institute.",https://www.topuniversities.com/universities/kyoto-university,https://www.usnews.com/education/best-global-universities/kyoto-university-505388
university-zurich,University of Zurich,Switzerland,Europe,Zürich,,https://www.topuniversities.com/universities/university-zurich,https://www.usnews.com/education/best-global-universities/university-of-zurich-505287
emory-university,Emory University,United States,North America,Atlanta,,https://www.topuniversities.com/universities/emory-university,https://www.usnews.com/education/best-global-universities/emory-university-139658
usn-ohio-state-university-columbus-204796,Ohio State University--Columbus,United States,North America,Columbus,,,https://www.usnews.com/education/best-global-universities/ohio-state-university-columbus-204796
kaist,KAIST,South Korea,Asia,Daejeon,,https://www.topuniversities.com/universities/kaist,
brown-university,Brown University,United States,North America,Providence,,https://www.topuniversities.com/universities/brown-university,https://www.usnews.com/education/best-global-universities/brown-university-217156
university-auckland,The University of Auckland,New Zealand,Oceania,Auckland,,https://www.topuniversities.com/universities/university-auckland,https://www.usnews.com/education/best-global-universities/university-of-auckland-503786
sorbonne-university,Sorbonne University,France,Europe,Paris,,https://www.topuniversities.com/universities/sorbonne-university,https://www.usnews.com/education/best-global-universities/sorbonne-universite-529569
university-warwick,University of Warwick,United Kingdom,Europe,England,,https://www.topuniversities.com/universities/university-warwick,https://www.usnews.com/education/best-global-universities/university-of-warwick-503443
university-birmingham,University of Birmingham,United Kingdom,Europe,Birmingham,,https://www.topuniversities.com/universities/university-birmingham,https://www.usnews.com/education/best-global-universities/university-of-birmingham-501524
universitat-heidelberg,Universität Heidelberg,Germany,Europe,"69117 Heidelberg,","Heidelberg University is a public institution that was founded in 1386, earning it the title of Germany's oldest university. The school is located in Heidelberg in the state of Baden-Württemberg and is spread across three campuses. Just less than 20 percent of the total student body is international. The university does not charge students for tuition – this is generally the case with public universities in Germany. Students instead pay relatively low semester fees. Some student housing is available through Studierendenwerk, a public organization that provides accommodations and other services to university students. The university has a dozen academic divisions: theology, law, philosophy, modern languages, economics and social sciences, behavioral and cultural studies, math and computer science, chemistry and earth sciences, physics and astronomy, biosciences and two medical faculties. The school's academic calendar is semester-based, and the primary language of instruction is German. A few master's degree programs are taught in English, including programs in American studies, economics and international health. The university collaborates with several outside organizations on research activities, including the German Cancer Research Centre, the European Laboratory for Molecular Biology and the Heidelberg Institute for Theoretical Studies. One research achievement associated with Heidelberg University is the creation of the Bunsen burner. The professor for whom the now-common chemistry device is named taught at Heidelberg and, with others, invented the burner.",https://www.topuniversities.com/universities/universitat-heidelberg,https://www.usnews.com/education/best-global-universities/heidelberg-university-506277
vanderbilt-university,Vanderbilt University,United States,North America,Nashville,,https://www.topuniversities.com/universities/vanderbilt-university,https://www.usnews.com/education/best-global-universities/vanderbilt-university-221999
lund-university,Lund University,Sweden,Europe,Lund,"Lund University is a public institution that was founded in 1666. Its main campus is in Lund, Sweden, with additional campuses in Helsingborg, Ljungbyhed and Malmö. The Lund campus is roughly 40 miles west of Copenhagen, Denmark. International students at the university hail from more than 130 countries. Tuition is free for students from countries in the European Union and European Economic Area as well as Switzerland. International students from outside these areas generally are charged tuition. Some university housing is available for both undergraduate and graduate students. The university has eight main academic divisions – engineering, science, law, social sciences, medicine, humanities and theology, economics and management, and fine and performing arts – and a school of aviation. In all, more than 75 bachelor’s programs and around 220 master’s programs are available. The university follows a semester-based academic calendar. Lund University students generally take one course at a time, with the exception of engineering students who usually take two, and a course can last anywhere from two to 20 weeks. The primary language of instruction at the undergraduate level is Swedish, but a handful of English-taught bachelor’s programs are offered. There are many master's programs taught in English, including ones in economics, finance and international human law. Some of Lund University's research institutes and centers are the Lund University Centre for Sustainability Studies, the Lund University Diabetes Centre and the Max IV Laboratory, used for synchrotron radiation research.",https://www.topuniversities.com/universities/lund-university,https://www.usnews.com/education/best-global-universities/lund-university-500083
university-illinois-urbana-champaign,University of Illinois Urbana-Champaign,United States,North America,Champaign,,https://www.topuniversities.com/universities/university-illinois-urbana-champaign,https://www.usnews.com/education/best-global-universities/university-of-illinois-urbana-champaign-145637
university-southern-california,University of Southern California,United States,North America,Los Angeles,,https://www.topuniversities.com/universities/university-southern-california,https://www.usnews.com/education/best-global-universities/university-of-southern-california-123961
sun-yat-sen-university,Sun Yat-sen University,China (Mainland),Asia,Guangzhou,,https://www.topuniversities.com/universities/sun-yat-sen-university,https://www.usnews.com/education/best-global-universities/sun-yat-sen-university-506062
trinity-college-dublin-university-dublin,"Trinity College Dublin, The University of Dublin",Ireland,Europe,Dublin,,https://www.topuniversities.com/universities/trinity-college-dublin-university-dublin,
universite-paris-saclay,Université Paris-Saclay,France,Europe,Paris,,https://www.topuniversities.com/universities/universite-paris-saclay,https://www.usnews.com/education/best-global-universities/universite-paris-saclay-529676
usn-university-of-minnesota-twin-cities-174066,University of Minnesota--Twin Cities,United States,North America,Minneapolis,,,https://www.usnews.com/education/best-global-universities/university-of-minnesota-twin-cities-174066
university-western-australia,The University of Western Australia,Australia,Oceania,Perth,,https://www.topuniversities.com/universities/university-western-australia,https://www.usnews.com/education/best-global-universities/university-of-western-australia-503979
university-leeds,University of Leeds,United Kingdom,Europe,Leeds,,https://www.topuniversities.com/universities/university-leeds,https://www.usnews.com/education/best-global-universities/university-of-leeds-505265
university-glasgow,University of Glasgow,United Kingdom,Europe,Glasgow,,https://www.topuniversities.com/universities/university-glasgow,https://www.usnews.com/education/best-global-universities/university-of-glasgow-500110
nanjing-university,Nanjing University,China (Mainland),Asia,Nanjing,,https://www.topuniversities.com/universities/nanjing-university,https://www.usnews.com/education/best-global-universities/nanjing-university-503849
university-groningen,University of Groningen,Netherlands,Europe,Groningen,"The University of Groningen is a public institution that was founded in 1614, making it one of the oldest universities in the Netherlands. It is located primarily in the city of Groningen, approximately 115 miles northeast of Amsterdam. The University of Groningen does not have one clearly defined campus area; university buildings are located throughout the city. Tuition is higher for students from non-European Union and non-European Economic Area countries, with the exception of Swiss nationals. The university does not operate its own housing, but it does reserve rooms for international students in facilities that SSH, an outside organization, manages. The university has academic divisions focused on a variety of subjects: economics and business, behavioral and social sciences, theology and religious studies, arts, medical sciences, law, spatial sciences, philosophy, and mathematical and natural sciences. The University College Groningen, an undergraduate liberal arts and sciences college where English is the language of instruction, and a new branch campus – Campus Fryslân – are also part of the institution. Overall, the university offers upward of 45 bachelor’s and more than 100 master’s degree programs, as well as doctoral programs. The university follows a semester-based academic calendar. Some undergraduate and most graduate-level degree programs at the University of Groningen are available in English, while the rest are taught in Dutch. University research is generally focused on three main subject areas: energy, healthy aging and sustainable society. The university’s research institutes include the Zernike Institute for Advanced Materials, the Stratingh Institute for Chemistry and the Kapteyn Astronomical Institute.",https://www.topuniversities.com/universities/university-groningen,https://www.usnews.com/education/best-global-universities/university-of-groningen-500967
adelaide-university,Adelaide University,Australia,Oceania,Adelaide,,https://www.topuniversities.com/universities/adelaide-university,https://www.usnews.com/education/best-global-universities/adelaide-university-530728
usn-ecole-polytechnique-federale-of-lausanne-501629,École Polytechnique Federale of Lausanne,Switzerland,Europe,Lausanne,,,https://www.usnews.com/education/best-global-universities/ecole-polytechnique-federale-of-lausanne-501629
kth-royal-institute-technology,KTH Royal Institute of Technology,Sweden,Europe,Stockholm,,https://www.topuniversities.com/universities/kth-royal-institute-technology,
university-sheffield,The University of Sheffield,United Kingdom,Europe,"Sheffield,",,https://www.topuniversities.com/universities/university-sheffield,https://www.usnews.com/education/best-global-universities/university-of-sheffield-503922
university-maryland-college-park,"University of Maryland, College Park",United States,North America,College Park,,https://www.topuniversities.com/universities/university-maryland-college-park,https://www.usnews.com/education/best-global-universities/university-of-maryland-college-park-163286
universidad-de-buenos-aires-uba,Universidad de Buenos Aires (UBA),Argentina,Latin America,Buenos Aires,,https://www.topuniversities.com/universities/universidad-de-buenos-aires-uba,
durham-university,Durham University,United Kingdom,Europe,Durham,,https://www.topuniversities.com/universities/durham-university,https://www.usnews.com/education/best-global-universities/durham-university-501717
university-technology-sydney-uts,The University of Technology Sydney (UTS),Australia,Oceania,Sydney,,https://www.topuniversities.com/universities/university-technology-sydney-uts,https://www.usnews.com/education/best-global-universities/university-of-technology-sydney-505153
wuhan-university,Wuhan University,China (Mainland),Asia,Wuhan,,https://www.topuniversities.com/universities/wuhan-university,https://www.usnews.com/education/best-global-universities/wuhan-university-503252
politecnico-di-milano,Politecnico di Milano,Italy,Europe,"Milan,",,https://www.topuniversities.com/universities/politecnico-di-milano,
uppsala-university,Uppsala University,Sweden,Europe,Uppsala,"Uppsala University is a public institution that was founded in 1477. It is located primarily in Uppsala, Sweden, a city around 45 miles north of Stockholm. In addition to facilities located in different areas of Uppsala, the university has a campus located on the Swedish island of Gotland. Some programs only available at the Gotland campus are conservation as well as game design. Students from European Union and European Economic Area countries and Switzerland do not pay tuition. But international students from outside these areas are charged tuition, which varies by academic discipline, with medical, science and technology-related studies costing more. The university does not provide housing, except to exchange students and tuition-paying master’s students. Outside housing organizations manage the residences for the school. The university offers studies in the humanities and social sciences, medical and pharmaceutical, and science and technology disciplines. The school’s academic calendar is semester-based. The university’s medical programs are affiliated with Uppsala University Hospital, where clinical training and research take place. The primary language of instruction is Swedish for undergraduate programs, but a number of both Swedish- and English-taught master's programs are available. All of the university's international master's offerings are English-taught, including programs in computer science, entrepreneurship, and peace and conflict studies. The university has many research centers, including the Uppsala Centre for Russian and Eurasian Studies, the Centre for Natural Disaster Science and the Uppsala RNA Research Center.",https://www.topuniversities.com/universities/uppsala-university,https://www.usnews.com/education/best-global-universities/uppsala-university-501990
usn-university-of-barcelona-500261,University of Barcelona,Spain,Europe,Barcelona,"The University of Barcelona is a public institution that was founded in 1450. The urban university has multiple campuses spread throughout Barcelona and the surrounding area on the eastern coast of Spain. The Humanities Campus in the city center is the university's main location. Other university sites include the Bellvitge Health Sciences Campus and the Food and Nutrition Torribera Campus. Tuition costs are the same for international and domestic degree-seeking students. Some university-owned and -affiliated student housing is available for both undergraduate and graduate students. The university has many academic divisions, including biology, economics and business, law, medicine and health sciences, philosophy and psychology. Additionally, the University of Barcelona is affiliated with eight centers through collaboration agreements, including the School of Cinema and Audiovisual Studies of Catalonia, the Institute of Public Security of Catalonia and the National Institute of Physical Education. The university’s academic calendar is semester-based. Courses are primarily taught in Spanish and Catalan, since Barcelona is located in the Catalonia region, although a handful of bachelor’s and even more master’s programs are fully or partially English-taught. Examples of completely English-taught offerings include a bachelor's program in business administration and management as well as master's programs in economics and international relations. Some of the university’s many research institutes and centers are the Institute of Cosmos Sciences, the Water Research Institute and the Institute of Space Studies of Catalonia.",,https://www.usnews.com/education/best-global-universities/university-of-barcelona-500261
erasmus-university-rotterdam,Erasmus University Rotterdam,Netherlands,Europe,Rotterdam,"Erasmus University Rotterdam is a public institution that traces its roots back to 1913. However, the university did not come to exist as it does today until 1973, when the Medical Faculty Rotterdam and the Netherlands School of Economics merged. The university is primarily located in Rotterdam, one of the largest cities in the Netherlands. It is spread across four campuses, including Campus Woudestein, the main location, and Erasmus University College, a residential liberal arts school. Tuition is higher for students from non-European Union and non-European Economic Area countries, with the exception of Swiss and Surinamese students. Student housing is available through organizations unaffiliated with the university. The university has seven academic divisions: economics; law; social sciences; medicine; philosophy; history, culture and communication; and management. There are also three academic institutes – the Institute of Health Policy and Management, the International Institute of Social Studies and the Institute for Housing and Urban Development Studies. The primary language of instruction for bachelor’s programs is Dutch, but some English-taught undergraduate programs are offered. A number of the university's graduate courses of study are also taught in English, including a master's program in strategic entrepreneurship as well as an international MBA program. Education and research activities at the university are primarily focused on four key areas of study: health, wealth (economics and business), governance and culture. Some of the university's research institutes and centers are the Erasmus University Rotterdam Institute for Behavior and Biology, the Rotterdam Institute for Shipping and Transport Law and the Centre for Historical Culture.",https://www.topuniversities.com/universities/erasmus-university-rotterdam,https://www.usnews.com/education/best-global-universities/erasmus-university-rotterdam-500349
vrije-universiteit-amsterdam,Vrije Universiteit Amsterdam,Netherlands,Europe,Amsterdam,"VU University Amsterdam is a public institution that was founded in 1880. The Dutch university is located in the Zuidas district of Amsterdam, and it enrolled around 23,000 students in a recent year. Tuition costs are higher for non-European Union and non-European Economic Area students. Furnished and unfurnished university accommodations are available for international degree-seeking and exchange students. The university has 10 main academic divisions: dentistry, economics and business administration, earth and life sciences, behavioral and movement sciences, humanities, law, medicine, sciences, social sciences and theology. In a recent year, the university offered more than 50 bachelor's programs and 160 master's programs. Several English-taught international bachelor's degree programs – including programs in business analytics, computer science and psychology – are available, but the majority of undergrad programs are taught in Dutch. Both Dutch- and English-speaking students have a variety of master's programs to choose from at the university. Around a quarter of the students enrolled in English-taught programs at VU University Amsterdam are international. The school follows a semester-based academic calendar. The four main teaching and research themes at the university are governance for society, human health and life sciences, connected world and science for sustainability. Some of the university's research centers are the Amsterdam Center for Career Research, the Amsterdam Center for Entrepreneurship and the Institute for Cardiovascular Research. The university is also affiliated with the VU University Medical Center, a teaching hospital.",https://www.topuniversities.com/universities/vrije-universiteit-amsterdam,https://www.usnews.com/education/best-global-universities/vrije-universiteit-amsterdam-500669
pennsylvania-state-university,Pennsylvania State University,United States,North America,University Park,,https://www.topuniversities.com/universities/pennsylvania-state-university,
huazhong-university-science-technology,Huazhong University of Science and Technology,China (Mainland),Asia,Wuhan,,https://www.topuniversities.com/universities/huazhong-university-science-technology,https://www.usnews.com/education/best-global-universities/huazhong-university-of-science-and-technology-505190
usn-pennsylvania-state-university-university-park-214777,Pennsylvania State University--University Park,United States,North America,University Park,,,https://www.usnews.com/education/best-global-universities/pennsylvania-state-university-university-park-214777
boston-university,Boston University,United States,North America,Boston,,https://www.topuniversities.com/universities/boston-university,https://www.usnews.com/education/best-global-universities/boston-university-164988
georgia-institute-technology,Georgia Institute of Technology,United States,North America,Atlanta,,https://www.topuniversities.com/universities/georgia-institute-technology,https://www.usnews.com/education/best-global-universities/georgia-institute-of-technology-139755
university-osaka,The University of Osaka,Japan,Asia,Osaka City,"Osaka University, sometimes called OU, is a Japanese national university that was founded in 1931 as the sixth imperial university of Japan. It is located in Osaka, Japan, and has three main campuses – Suita, Toyonaka and Minoh. In 2007, the university merged with the Osaka University of Foreign Studies. Upward of 23,000 students attended the institution in a recent year, and around two-thirds of them studied at the undergraduate level. That same year, roughly 9 percent of the student body was international. Tuition costs are the same for domestic and international students, and university housing is available for both undergraduate and graduate students. The research-oriented university has 11 undergraduate schools: human sciences, foreign studies, law, letters, economics, science, medicine, dentistry, pharmaceutical sciences, engineering and engineering science. The university also has more than a dozen graduate schools, including a school of language and culture, school of information science and technology, and a school of frontier biosciences. The institution’s academic calendar is semester-based, and the primary language of instruction for undergraduates is Japanese, though a few English-taught undergraduate degree programs are available. English-language instruction is a bit more common at the graduate level. The university boasts multiple libraries, including a life science library, a science and engineering library and an international studies library. Osaka University's research institutes include the Research Institute for Microbial Diseases and the Joining and Welding Research Institute.",https://www.topuniversities.com/universities/university-osaka,https://www.usnews.com/education/best-global-universities/osaka-university-505864
university-california-davis,"University of California, Davis",United States,North America,Davis,,https://www.topuniversities.com/universities/university-california-davis,https://www.usnews.com/education/best-global-universities/university-of-california-davis-110644
university-alberta,University of Alberta,Canada,North America,"Edmonton,","The University of Alberta is a public institution that was founded in 1908. Located in the province of Alberta in Western Canada, around 80 percent of the university's students study at the undergraduate level. The university is made up of five campuses, four of which are in the city of Edmonton, including the main North Campus, which covers around 50 city blocks. The university's fifth site, the Augustana Campus, is located roughly an hour away from Edmonton in the rural city of Camrose. Some 1,000 students study at the smaller Augustana Campus, which focuses on liberal arts and sciences. The university offers studies in a range of disciplines, such as arts, business, engineering and medicine. English is the language of instruction, with the exception of the university’s Campus Saint-Jean, where French is the primary language. More than 20 percent of the University of Alberta student body is international, and tuition costs are higher for these students. The school’s academic calendar is made up of fall and winter terms, as well as shorter, optional spring and summer terms. University housing is available for undergraduate and graduate students in Edmonton and at the Augustana campus. The University of Alberta is affiliated with major research institutions, such as the multidisciplinary National Institute for Nanotechnology. The university also has more than 400 research, teaching and exchange agreements with schools and other organizations around the world, such as the University of Munich in Germany and the University of Western Australia.",https://www.topuniversities.com/universities/university-alberta,https://www.usnews.com/education/best-global-universities/university-of-alberta-499977
institute-science-tokyo,Institute of Science Tokyo,Japan,Asia,Tokyo,,https://www.topuniversities.com/universities/institute-science-tokyo,https://www.usnews.com/education/best-global-universities/institute-of-science-tokyo-530532
university-nottingham,University of Nottingham,United Kingdom,Europe,Nottingham,,https://www.topuniversities.com/universities/university-nottingham,https://www.usnews.com/education/best-global-universities/university-of-nottingham-503548
university-california-irvine,"University of California, Irvine",United States,North America,Irvine,,https://www.topuniversities.com/universities/university-california-irvine,https://www.usnews.com/education/best-global-universities/university-of-california-irvine-110653
purdue-university,Purdue University,United States,North America,West Lafayette,,https://www.topuniversities.com/universities/purdue-university,
university-college-dublin,University College Dublin,Ireland,Europe,Dublin,,https://www.topuniversities.com/universities/university-college-dublin,https://www.usnews.com/education/best-global-universities/university-college-dublin-504418
university-california-santa-barbara-ucsb,"University of California, Santa Barbara (UCSB)",United States,North America,Santa Barbara,"The University of California—Santa Barbara, or UCSB, is a public university that traces its roots back to 1891. The school became part of the University of California system in 1944. The West Coast university's campus overlooks the Pacific Ocean and is about 100 miles northwest of Los Angeles. In a recent year, the institution enrolled more than 20,000 students, and upward of 85 percent of them were studying at the undergraduate level. Top countries of origin for UCSB's international students that year included China, India and South Korea. Non-California residents pay a supplemental tuition at UCSB. University housing is available and guaranteed for four years for new freshmen undergrads and for two years for transfer students. UCSB has five colleges and schools – creative studies, engineering, letters and science, environmental science and management, and education – as well as a graduate division. In all, the institution offers more than 200 majors, degrees and credentials. The university follows a quarter-based academic calendar, and English is the primary language of instruction. UCSB has around a dozen national research institutes and centers on its campus, including the Kavli Institute for Theoretical Physics, the Materials Research Laboratory and the Institute for Collaborative Biotechnologies, which the U.S. Army supports. More than 50 percent of the university's undergraduate students conduct research, some through programs such as the Faculty Research Assistance Program, which pairs students with UCSB researchers in their fields of interest and allows them to earn credit for their work.",https://www.topuniversities.com/universities/university-california-santa-barbara-ucsb,https://www.usnews.com/education/best-global-universities/university-of-california-santa-barbara-110705
queen-mary-university-london,Queen Mary University of London,United Kingdom,Europe,"London,",,https://www.topuniversities.com/universities/queen-mary-university-london,https://www.usnews.com/education/best-global-universities/queen-mary-university-of-london-503389
tohoku-university,Tohoku University,Japan,Asia,Sendai City,"Tohoku University is a Japanese national university that was founded in 1907. The institution is spread across five sites – the Katahira, Kawauchi, Aobayama, Seiryo and Amamiya campuses – in the city of Sendai, Japan. Sendai is located around 225 miles north of Tokyo. In a recent year, more than 17,000 students attended the university and upward of 60 percent of them studied at the undergraduate level. In the same year, Tohoku University's international students hailed from around 90 countries. Tuition costs are the same for domestic and international students, and some university housing is available. Tohoku University has 10 schools for undergraduates: arts and letters, education, law, economics, science, medicine, dentistry, pharmacy and pharmaceutical sciences, engineering and agriculture. The university also has 17 graduate schools and three professional graduate schools in law, public policy and accounting. The university’s academic calendar is semester-based. The primary language of instruction is Japanese, but the university offers three undergraduate degree programs – in molecular chemistry, marine biology, and mechanical and aerospace engineering – and roughly a dozen graduate programs in English. Research institutes at Tohoku University include the Institute for Materials Research, the Research Institute of Electrical Communication and the Institute of Fluid Science. The university also established the Tohoku University Institute for Disaster Reconstruction and Regeneration Research after an earthquake and tsunami severely damaged the school in 2011. Through this institute, the university continues to help affected communities recover from the natural disaster.",https://www.topuniversities.com/universities/tohoku-university,https://www.usnews.com/education/best-global-universities/tohoku-university-500862
university-arizona,The University of Arizona,United States,North America,Tucson,,https://www.topuniversities.com/universities/university-arizona,https://www.usnews.com/education/best-global-universities/university-of-arizona-104179
usn-king-abdullah-university-of-science-and-technology-510489,King Abdullah University of Science and Technology,Saudi Arabia,Asia,Thuwal,,,https://www.usnews.com/education/best-global-universities/king-abdullah-university-of-science-and-technology-510489
rwth-aachen-university,RWTH Aachen University,Germany,Europe,Aachen,,https://www.topuniversities.com/universities/rwth-aachen-university,https://www.usnews.com/education/best-global-universities/rwth-aachen-university-506441
ghent-university,Ghent University,Belgium,Europe,Ghent,,https://www.topuniversities.com/universities/ghent-university,https://www.usnews.com/education/best-global-universities/ghent-university-506883
technical-university-denmark,Technical University of Denmark,Denmark,Europe,Kongens Lyngby,,https://www.topuniversities.com/universities/technical-university-denmark,https://www.usnews.com/education/best-global-universities/technical-university-of-denmark-503016
university-oslo,University of Oslo,Norway,Europe,Oslo,,https://www.topuniversities.com/universities/university-oslo,https://www.usnews.com/education/best-global-universities/university-of-oslo-502680
university-florida,University of Florida,United States,North America,Gainesville,,https://www.topuniversities.com/universities/university-florida,https://www.usnews.com/education/best-global-universities/university-of-florida-134130
university-colorado-boulder,University of Colorado Boulder,United States,North America,Boulder,,https://www.topuniversities.com/universities/university-colorado-boulder,https://www.usnews.com/education/best-global-universities/university-of-colorado-boulder-126614
pohang-university-science-technology-postech,Pohang University of Science And Technology (POSTECH),South Korea,Asia,Pohang,"Pohang University of Science and Technology, also known as POSTECH, is a private institution that was founded in 1986. The science- and engineering-focused university is located in the city of Pohang, South Korea, approximately 250 miles southeast of the capital city, Seoul. In a recent year, upward of 3,000 students attended the university and approximately 40 percent of them studied at the undergraduate level. Tuition is the same for international and domestic students, and many POSTECH students receive university or government scholarships and grants. Additionally, new international graduate students at POSTECH receive a settlement allowance during their first semester to help cover relocation expenses. University student housing is available for both undergraduate- and graduate-level students. The university has academic divisions that focus mainly on science, engineering and technology. Both Korean and English are spoken in POSTECH classrooms. In a recent year, around 85 percent of courses that counted toward undergraduate and graduate majors were offered in English. However, if students want to brush up on their Korean language skills, they can take classes through the POSTECH Korean Language Program. The university follows a semester-based academic calendar, with the school year beginning in March. One of the university’s research facilities is the Pohang Accelerator Laboratory, the only synchrotron radiation accelerator in South Korea. POSTECH's Undergraduate Research Program provides funding for 40-60 students each year to participate in research activities for several months under faculty guidance. Undergraduates can also enroll in research-focused courses for academic credit.",https://www.topuniversities.com/universities/pohang-university-science-technology-postech,https://www.usnews.com/education/best-global-universities/pohang-university-of-science-and-technology-503003
king-saud-university,King Saud University,Saudi Arabia,Asia,Riyadh,,https://www.topuniversities.com/universities/king-saud-university,https://www.usnews.com/education/best-global-universities/king-saud-university-503764
sungkyunkwan-university-skku,Sungkyunkwan University (SKKU),South Korea,Asia,Seoul,"Sungkyunkwan University, also known as SKKU, is a private institution that traces its roots back to 1398, when it was founded by royal decree during the Joseon Dynasty. The South Korean university is spread across two campuses – a humanities and social sciences campus in Seoul as well as a natural sciences campus in Suwon, around 28 miles outside of the capital city. Tuition is the same for domestic and international students and varies by academic subject. Scholarships are available for international students, including merit scholarships from SKKU in which the student's GPA determines the award amount. University housing for undergraduate and graduate students is available at both campuses. SKKU has academic divisions offering studies in a variety of fields, including Confucian studies and Eastern philosophy, economics and engineering, among many others. The affiliated Sungkyun Language Institute has both English and Korean language programs. SKKU offers more than 30 dual degree programs in partnership with institutions around the world, such as Fudan University in China and the Massachusetts Institute of Technology and Indiana University—Bloomington in the U.S. The university's academic calendar is semester-based, and the primary language of instruction is Korean, though many courses are offered in English. Some degree programs, such as the SKK Graduate School of Business MBA program, are taught fully in English. Among the university's research institutes and centers are the Center for East Asian History, the Nano/Bio Fusion Technology Research Center and the Zero Emission Center.",https://www.topuniversities.com/universities/sungkyunkwan-university-skku,https://www.usnews.com/education/best-global-universities/sungkyunkwan-university-500193
usn-psl-research-university-paris-comue-529378,PSL Research University Paris (ComUE),France,Europe,Paris,,,https://www.usnews.com/education/best-global-universities/psl-research-university-paris-comue-529378
qatar-university,Qatar University,Qatar,Asia,Doha,,https://www.topuniversities.com/universities/qatar-university,https://www.usnews.com/education/best-global-universities/university-of-qatar-529146
university-helsinki,University of Helsinki,Finland,Europe,Helsinki,,https://www.topuniversities.com/universities/university-helsinki,https://www.usnews.com/education/best-global-universities/university-of-helsinki-501989
kit-karlsruhe-institute-technology,"KIT, Karlsruhe Institute of Technology",Germany,Europe,Karlsruhe,,https://www.topuniversities.com/universities/kit-karlsruhe-institute-technology,
tongji-university,Tongji University,China (Mainland),Asia,Shanghai,,https://www.topuniversities.com/universities/tongji-university,https://www.usnews.com/education/best-global-universities/tongji-university-501326
sapienza-university-rome,Sapienza University of Rome,Italy,Europe,Rome,"Sapienza University of Rome is a public institution that was founded in 1303 by Pope Boniface VIII. The Italian university was originally called the Studium Urbis but became known as Sapienza in 1660. Its main campus, known as Città Universitaria, is located near the Rome city center. The institution also has facilities in different parts of Rome and the greater Lazio region. More than 110,000 students attended Sapienza University in a recent year. The cost of tuition varies by academic subject, and some university-affiliated student housing is available. The university has 11 academic divisions: architecture; arts and humanities; civil and industrial engineering; economics; information engineering, informatics and statistics; law; mathematics, physics and natural sciences; medicine and dentistry; medicine and psychology; pharmacy and medicine; and political science, sociology and communication science. There is also a school of aerospace engineering. Sapienza uses a semester-based academic calendar, with courses beginning in September and February. Almost all of the university's undergraduate programs are taught in Italian, though there are a few English-taught master's programs. International joint degree programs – offered in conjunction with other universities – are also available, giving Sapienza students the opportunity to study in Rome and abroad. Sapienza's research facilities include centers focused on transport and logistics as well as cyber intelligence and information security. The university’s other academic resources include nearly 60 libraries and a network of 20 museums, including a herbarium and a museum of classical art.",https://www.topuniversities.com/universities/sapienza-university-rome,https://www.usnews.com/education/best-global-universities/sapienza-university-of-rome-506550
university-southampton,University of Southampton,United Kingdom,Europe,Southampton,,https://www.topuniversities.com/universities/university-southampton,https://www.usnews.com/education/best-global-universities/university-of-southampton-504892
harbin-institute-technology,Harbin Institute of Technology,China (Mainland),Asia,Harbin,,https://www.topuniversities.com/universities/harbin-institute-technology,https://www.usnews.com/education/best-global-universities/harbin-institute-of-technology-505604
university-waterloo,University of Waterloo,Canada,North America,Waterloo,"The University of Waterloo is a public institution that was founded in 1957. The Canadian university's main campus is in Waterloo, Ontario, not far from several of the Great Lakes and the U.S. border. The university also has satellite campuses in nearby Cambridge, Kitchener and Stratford. More than 30,000 students attend the university. Tuition is generally higher for international students, though a handful of graduate programs charge domestic and international students the same rate. University housing is available for both undergraduate and graduate students. The university has six main academic divisions: applied health sciences, arts, engineering, environment, math and science. The main campus has four affiliated university colleges – Conrad Grebel University College, Renison University College, St. Jerome’s University and St. Paul's University College – where students can pursue a Waterloo degree in a smaller academic community. The language of instruction is English, and the university's academic calendar consists of three terms. Many of the university's students participate in a co-op program that allows them to alternate academic terms with terms spent in in the workforce. More than 120 of Waterloo's undergraduate programs offer a co-op option. The university also offers joint degree programs with global universities in several countries, including China's Tsinghua University, Taiwan's National Chiao Tung University and the U.K.'s University of Warwick. A sampling of the university's research institutions includes the Water Institute, the Waterloo Centre for Automotive Research and the Mike & Ophelia Lazaridis Quantum-Nano Centre.",https://www.topuniversities.com/universities/university-waterloo,https://www.usnews.com/education/best-global-universities/university-of-waterloo-499966
university-bern,University of Bern,Switzerland,Europe,Bern,,https://www.topuniversities.com/universities/university-bern,https://www.usnews.com/education/best-global-universities/university-of-bern-505657
usn-university-of-texas-southwestern-medical-center-dallas-228635,University of Texas Southwestern Medical Center--Dallas,United States,North America,Dallas,,,https://www.usnews.com/education/best-global-universities/university-of-texas-southwestern-medical-center-dallas-228635
lomonosov-moscow-state-university,Lomonosov Moscow State University,Russia,Europe,Moscow,,https://www.topuniversities.com/universities/lomonosov-moscow-state-university,
university-st-andrews,University of St Andrews,United Kingdom,Europe,St. Andrews,,https://www.topuniversities.com/universities/university-st-andrews,https://www.usnews.com/education/best-global-universities/university-of-st-andrews-503328
hunan-university,Hunan University,China (Mainland),Asia,Changsha,,https://www.topuniversities.com/universities/hunan-university,https://www.usnews.com/education/best-global-universities/hunan-university-505375
aarhus-university,Aarhus University,Denmark,Europe,Aarhus,,https://www.topuniversities.com/universities/aarhus-university,https://www.usnews.com/education/best-global-universities/aarhus-university-502125
indian-institute-technology-delhi-iitd,Indian Institute of Technology Delhi (IITD),India,Asia,New Delhi,,https://www.topuniversities.com/universities/indian-institute-technology-delhi-iitd,https://www.usnews.com/education/best-global-universities/indian-institute-of-technology-delhi-500856
pontificia-universidad-catolica-de-chile-uc,Pontificia Universidad Católica de Chile (UC),Chile,Latin America,Santiago,,https://www.topuniversities.com/universities/pontificia-universidad-catolica-de-chile-uc,
rmit-university,RMIT University,Australia,Oceania,Melbourne,,https://www.topuniversities.com/universities/rmit-university,https://www.usnews.com/education/best-global-universities/rmit-university-503858
southern-university-science-technology-sustech,Southern University of Science and Technology (SUSTech),China (Mainland),Asia,Shenzhen,,https://www.topuniversities.com/universities/southern-university-science-technology-sustech,https://www.usnews.com/education/best-global-universities/southern-university-of-science-and-technology-529428
usn-wageningen-university-and-research-center-501112,Wageningen University and Research Center,Netherlands,Europe,Wageningen,,,https://www.usnews.com/education/best-global-universities/wageningen-university-and-research-center-501112
rice-university,Rice University,United States,North America,Houston,,https://www.topuniversities.com/universities/rice-university,https://www.usnews.com/education/best-global-universities/rice-university-227757
university-cape-town,University of Cape Town,South Africa,Africa,Cape Town,,https://www.topuniversities.com/universities/university-cape-town,https://www.usnews.com/education/best-global-universities/university-of-cape-town-504187
king-abdulaziz-university-kau,King Abdulaziz University (KAU),Saudi Arabia,Asia,Jeddah,,https://www.topuniversities.com/universities/king-abdulaziz-university-kau,https://www.usnews.com/education/best-global-universities/king-abdulaziz-university-501597
alma-mater-studiorum-universita-di-bologna,Alma Mater Studiorum - Università di Bologna,Italy,Europe,Bologna,,https://www.topuniversities.com/universities/alma-mater-studiorum-universita-di-bologna,
university-bath,University of Bath,United Kingdom,Europe,Bath,,https://www.topuniversities.com/universities/university-bath,https://www.usnews.com/education/best-global-universities/university-of-bath-506373
usn-rockefeller-university-195049,Rockefeller University,United States,North America,New York City,,,https://www.usnews.com/education/best-global-universities/rockefeller-university-195049
aalto-university,Aalto University,Finland,Europe,Espoo (Helsinki capital region),,https://www.topuniversities.com/universities/aalto-university,https://www.usnews.com/education/best-global-universities/aalto-university-503645
macquarie-university-sydney-australia,"Macquarie University (Sydney, Australia)",Australia,Oceania,Sydney,,https://www.topuniversities.com/universities/macquarie-university-sydney-australia,https://www.usnews.com/education/best-global-universities/macquarie-university-502013
michigan-state-university,Michigan State University,United States,North America,East Lansing,,https://www.topuniversities.com/universities/michigan-state-university,https://www.usnews.com/education/best-global-universities/michigan-state-university-171100
usn-london-school-of-hygiene-and-tropical-medicine-503353,London School of Hygiene and Tropical Medicine,United Kingdom,Europe,London (U.K.),,,https://www.usnews.com/education/best-global-universities/london-school-of-hygiene-and-tropical-medicine-503353
universiti-sains-malaysia-usm,Universiti Sains Malaysia (USM),Malaysia,Asia,Gelugor,,https://www.topuniversities.com/universities/universiti-sains-malaysia-usm,https://www.usnews.com/education/best-global-universities/universiti-sains-malaysia-528826
university-geneva,University of Geneva,Switzerland,Europe,Geneva,,https://www.topuniversities.com/universities/university-geneva,https://www.usnews.com/education/best-global-universities/university-of-geneva-504635
xian-jiaotong-university,Xi’an Jiaotong University,China (Mainland),Asia,Xi'an,,https://www.topuniversities.com/universities/xian-jiaotong-university,https://www.usnews.com/education/best-global-universities/xian-jiaotong-university-503987
universiti-kebangsaan-malaysia-ukm,Universiti Kebangsaan Malaysia (UKM),Malaysia,Asia,Bangi,,https://www.topuniversities.com/universities/universiti-kebangsaan-malaysia-ukm,https://www.usnews.com/education/best-global-universities/universiti-kebangsaan-malaysia-ukm-506289
central-south-university,Central South University,China (Mainland),Asia,"Changsha,",,https://www.topuniversities.com/universities/central-south-university,https://www.usnews.com/education/best-global-universities/central-south-university-501467
usn-autonomous-university-of-barcelona-505700,Autonomous University of Barcelona,Spain,Europe,Barcelona,"The Autonomous University of Barcelona is a public institution that was founded in 1968. The university, also known as UAB, has facilities in and around Barcelona, Spain. The main Bellaterra Campus is located in Cerdanyola del Vallès in the Barcelona metropolitan area. UAB tuition is higher for international students from non-European Union and non-European Economic Area countries. Students can live on campus in apartments at the Vila Universitària, a residential complex that houses more than 2,000 people. UAB has 13 academic divisions: biosciences, sciences, communication studies, education, political science and sociology, law, economics and business studies, engineering, philosophy and arts, medicine, psychology, translation and interpreting, and veterinary medicine. The university is also affiliated with around a dozen independent centers and schools, which grant degrees that are recognized as UAB credentials. The affiliated institutions include the Sant Pau School of Nursing, the School of Tourism and Hotel Management and the Graduate School of Archival and Records Management. The university’s academic calendar is semester-based. The primary languages of instruction are Catalan and Spanish, but several bachelor’s and a number of master’s degree programs are offered in English. The English-taught master’s options include programs in economics and business administration, political science and computer engineering. International students can take one free Catalan language course at the university each academic year. UAB research institutes and centers include the Centre for Prehistoric Archaeological Heritage Studies, the Institute of Educational Sciences and the Institute of Neuroscience.",,https://www.usnews.com/education/best-global-universities/autonomous-university-of-barcelona-505700
universidade-de-sao-paulo,Universidade de São Paulo,Brazil,Latin America,São Paulo,,https://www.topuniversities.com/universities/universidade-de-sao-paulo,https://www.usnews.com/education/best-global-universities/universidade-de-sao-paulo-500437
southeast-university,Southeast University,China (Mainland),Asia,Nanjing,,https://www.topuniversities.com/universities/southeast-university,https://www.usnews.com/education/best-global-universities/southeast-university-505648
indian-institute-technology-bombay-iitb,Indian Institute of Technology Bombay (IITB),India,Asia,Mumbai,"The Indian Institute of Technology Bombay, also known as IIT Bombay, is a public institution that was founded in 1958. The university is located in Powai, a northern suburb of Mumbai, India, and its campus sits between the Powai and Vihar lakes. It takes about an hour to travel by public transportation from the IIT Bombay campus to the Mumbai city center. In a recent year, less than 1 percent of the university’s student body was international. Tuition costs are higher for foreign students. IIT Bombay is a residential institution where all students, as well as many faculty members, live on campus. Housing is guaranteed for all students. The science- and technology-focused school has many academic divisions, including departments focused on aerospace, chemical, civil, electrical and mechanical engineering. The primary language of instruction at IIT Bombay is English, and the institution’s academic calendar is semester-based. Undergraduates get involved with research at IIT Bombay through the UG Research Awards program, where they can receive stipends to conduct research and earn academic credit for their work. University research centers include the Centre for Research in Nanotechnology and Science, the Centre for Technology Alternatives for Rural Areas and the Centre for Formal Design and Verification of Software. The university has numerous partnerships with institutions in around two dozen countries for student exchanges, joint degree programs and collaborative research work. Examples of these partnerships include a joint doctoral program offered with Monash University in Australia and another offered with the National University of Singapore.",https://www.topuniversities.com/universities/indian-institute-technology-bombay-iitb,https://www.usnews.com/education/best-global-universities/indian-institute-of-technology-bombay-501259
university-science-technology-china,University of Science and Technology of China,China (Mainland),Asia,Hefei,,https://www.topuniversities.com/universities/university-science-technology-china,
beijing-normal-university,Beijing Normal University,China (Mainland),Asia,Beijing,,https://www.topuniversities.com/universities/beijing-normal-university,https://www.usnews.com/education/best-global-universities/beijing-normal-university-506588
university-virginia,University of Virginia,United States,North America,Charlottesville,,https://www.topuniversities.com/universities/university-virginia,https://www.usnews.com/education/best-global-universities/university-of-virginia-234076
university-exeter,University of Exeter,United Kingdom,Europe,Exeter,,https://www.topuniversities.com/universities/university-exeter,https://www.usnews.com/education/best-global-universities/university-of-exeter-502021
universiti-putra-malaysia-upm,Universiti Putra Malaysia (UPM),Malaysia,Asia,Serdang,,https://www.topuniversities.com/universities/universiti-putra-malaysia-upm,https://www.usnews.com/education/best-global-universities/universiti-putra-malaysia-500789
university-liverpool,University of Liverpool,United Kingdom,Europe,Liverpool,,https://www.topuniversities.com/universities/university-liverpool,https://www.usnews.com/education/best-global-universities/university-of-liverpool-506611
sichuan-university,Sichuan University,China (Mainland),Asia,Chengdu,,https://www.topuniversities.com/universities/sichuan-university,https://www.usnews.com/education/best-global-universities/sichuan-university-506145
university-vienna,University of Vienna,Austria,Europe,Vienna,"The University of Vienna is a public institution that was founded in 1365, making it the oldest university in the German-speaking world. The Austrian university is located in Vienna, the country's capital. The school does not have one central campus but instead has facilities located throughout the city, primarily in the first and ninth districts. Students pay relatively low tuition each semester as well as a small student union fee. The tuition costs are higher for some students from outside the European Union and European Economic Area. The University of Vienna does not operate its own student housing. The university has numerous academic divisions, including those focused on business, economics and statistics; computer science; historical and cultural studies; psychology; and life sciences. Additionally, the university has centers focused on translation studies, sport science, molecular biology and teacher education. In all, the University of Vienna offers around 175 degree programs, including several joint degree programs that provide students the opportunity to study at more than one university. The university follows a semester-based academic calendar, and the primary language of instruction is German. However, a handful of degree programs are taught in English, including master’s programs in communication science, economics and computer science. One of the university's research centers is the Vienna Center for Quantum Science and Technology, which is jointly operated with the Vienna University of Technology and the Austrian Academy of Sciences.",https://www.topuniversities.com/universities/university-vienna,https://www.usnews.com/education/best-global-universities/university-of-vienna-505908
university-california-santa-cruz,"University of California, Santa Cruz",United States,North America,Santa Cruz,"The University of California—Santa Cruz, or UCSC, is a public institution that was founded in 1965. The school is located along California's coast, around 75 miles south of San Francisco. The school is also just south of Silicon Valley, which means many research, internship and employment opportunities are nearby for students. More than 17,000 students attended the university in a recent year, and around 90 percent of them were studying at the undergraduate level. Non-California residents pay a supplemental tuition. Around half of the UCSC student body lives on campus, and housing options include the university's 10 undergraduate residential colleges. All undergrads become affiliated with one of the residential colleges, each of which offers academic support services and social activities. Housing is guaranteed for four years for undergraduate international students who enter as freshmen. The university offers studies in the arts, humanities, physical and biological sciences, social sciences and engineering. In all, UCSC offers around 60 undergraduate majors as well as graduate studies in approximately 40 fields. The language of instruction is English, and the university follows a quarter-based academic calendar. A sampling of the university's research groups includes the Center for Agroecology & Sustainable Food Systems, the Center for Games and Playable Media and the Institute of Marine Sciences. Both undergraduate and graduate students participate in research at UCSC. In fact, more than 70 percent of undergraduates are involved with research during the course of their studies. Undergrads can choose to work on ongoing university research projects or develop their own independent projects with faculty guidance.",https://www.topuniversities.com/universities/university-california-santa-cruz,https://www.usnews.com/education/best-global-universities/university-of-california-santa-cruz-110714
national-tsing-hua-university-nthu,National Tsing Hua University - NTHU,Taiwan,Asia,Hsinchu City,,https://www.topuniversities.com/universities/national-tsing-hua-university-nthu,
western-university,Western University,Canada,North America,London,,https://www.topuniversities.com/universities/western-university,https://www.usnews.com/education/best-global-universities/western-university-499965
deakin-university,Deakin University,Australia,Oceania,Melbourne,,https://www.topuniversities.com/universities/deakin-university,https://www.usnews.com/education/best-global-universities/deakin-university-504884
usn-radboud-university-nijmegen-501519,Radboud University Nijmegen,Netherlands,Europe,Nijmegen,,,https://www.usnews.com/education/best-global-universities/radboud-university-nijmegen-501519
usn-baylor-college-of-medicine-223223,Baylor College of Medicine,United States,North America,Houston,,,https://www.usnews.com/education/best-global-universities/baylor-college-of-medicine-223223
universidad-nacional-autonoma-de-mexico-unam,Universidad Nacional Autónoma de México (UNAM),Mexico,Latin America,Mexico City,,https://www.topuniversities.com/universities/universidad-nacional-autonoma-de-mexico-unam,
universitat-hamburg,Universität Hamburg,Germany,Europe,Hamburg,,https://www.topuniversities.com/universities/universitat-hamburg,https://www.usnews.com/education/best-global-universities/university-of-hamburg-501079
nankai-university,Nankai University,China (Mainland),Asia,Tianjin,,https://www.topuniversities.com/universities/nankai-university,https://www.usnews.com/education/best-global-universities/nankai-university-505981
khalifa-university,Khalifa University,United Arab Emirates,Asia,Abu Dhabi,,https://www.topuniversities.com/universities/khalifa-university,
newcastle-university,Newcastle University,United Kingdom,Europe,Newcastle upon Tyne,,https://www.topuniversities.com/universities/newcastle-university,https://www.usnews.com/education/best-global-universities/newcastle-university-503247
university-basel,University of Basel,Switzerland,Europe,Basel,,https://www.topuniversities.com/universities/university-basel,https://www.usnews.com/education/best-global-universities/university-of-basel-502059
mcmaster-university,McMaster University,Canada,North America,Hamilton,"McMaster University is a public institution that was founded in 1887. The Canadian university's main campus is in a suburban neighborhood of Hamilton, Ontario, near the western edge of Lake Ontario and not far from the U.S. border. Other campuses are located in downtown Hamilton, Burlington, Kitchener-Waterloo and Niagara. The university's international students hail from more than 75 countries, and its full-time faculty members come from more than 55. Tuition costs are higher for non-Canadian students. University-operated student housing is available, with options including themed living communities such as an all-female community, a healthy active living community and a global perspectives community. The university has six main academic divisions – engineering, health sciences, humanities, science, social sciences and the DeGroote School of Business – and the primary language of instruction is English. McMaster University also has an arts and science program that enrolls around 60 students each year and offers a more interdisciplinary undergraduate experience. The academic calendar for McMaster undergraduates is semester-based and includes an optional spring/summer term. The graduate-level academic calendar has three terms: fall, winter and summer. Some of the university's more than 60 research centers and institutes are the Centre for Health Economics and Policy Analysis, the McMaster eBusiness Research Centre and the Canadian Centre for Electron Microscopy. The university also has its own nuclear reactor, which is used for research. An interesting fact about the university is that one-fifth of Albert Einstein's brain sits in a jar in one of the school's labs where a McMaster neuroscientist studies it and other specimens.",https://www.topuniversities.com/universities/mcmaster-university,https://www.usnews.com/education/best-global-universities/mcmaster-university-502196
usn-university-of-bologna-502210,University of Bologna,Italy,Europe,Bologna,"The University of Bologna is a public institution that traces its roots back to 1088. In a recent year, around 85,000 students attended the Italian university, and roughly seven percent of the student body was international. The institution has five campuses located in Bologna, Cesena, Forlì, Ravenna and Rimini. The university’s main campus is in Bologna; about three-quarters of the student body studies there. The university also has a campus in Buenos Aires, Argentina. Tuition costs vary by subject and are not higher for international students. Student housing, which an outside organization manages, is available. The university has 11 schools: agriculture and veterinary medicine; arts, humanities and cultural heritage; economics, management and statistics; engineering and architecture; foreign languages and literatures, interpreting and translation; law; medicine; pharmacy, biotechnology and sport science; political sciences; psychology and education; and science. In all, the university offers around 200 degree programs. The University of Bologna’s academic calendar is semester-based, though start dates and examination dates can vary from school to school. The primary language of instruction for nondoctoral programs is Italian, but some programs at these levels are taught in English, including a variety of international degree programs. Some of the international programs lead to dual or joint degrees. At the doctoral level, many programs accept or require English. Some of the university's research centers are the “Giorgio Prodi” Cancer Research Center and the University of Bologna Experimental Farm.",,https://www.usnews.com/education/best-global-universities/university-of-bologna-502210
eindhoven-university-technology,Eindhoven University of Technology,Netherlands,Europe,Eindhoven,,https://www.topuniversities.com/universities/eindhoven-university-technology,https://www.usnews.com/education/best-global-universities/eindhoven-university-of-technology-501655
beijing-institute-technology,Beijing Institute of Technology,China (Mainland),Asia,Beijing,,https://www.topuniversities.com/universities/beijing-institute-technology,https://www.usnews.com/education/best-global-universities/beijing-institute-of-technology-504704
university-electronic-science-technology-china,University of Electronic Science and Technology of China,China (Mainland),Asia,Chengdu,,https://www.topuniversities.com/universities/university-electronic-science-technology-china,https://www.usnews.com/education/best-global-universities/university-of-electronic-science-and-technology-of-china-506780
usn-purdue-university-west-lafayette-243780,Purdue University--West Lafayette,United States,North America,West Lafayette,,,https://www.usnews.com/education/best-global-universities/purdue-university-west-lafayette-243780
wageningen-university-research,Wageningen University & Research,Netherlands,Europe,Wageningen,,https://www.topuniversities.com/universities/wageningen-university-research,
hanyang-university,Hanyang University,South Korea,Asia,Seoul,,https://www.topuniversities.com/universities/hanyang-university,https://www.usnews.com/education/best-global-universities/hanyang-university-500484
curtin-university,Curtin University,Australia,Oceania,Perth,,https://www.topuniversities.com/universities/curtin-university,https://www.usnews.com/education/best-global-universities/curtin-university-503377
indiana-university-bloomington,Indiana University Bloomington,United States,North America,Bloomington,,https://www.topuniversities.com/universities/indiana-university-bloomington,https://www.usnews.com/education/best-global-universities/indiana-university-bloomington-151351
usn-rutgers-the-state-university-of-new-jersey-new-brunswick-186380,"Rutgers, The State University of New Jersey--New Brunswick",United States,North America,Piscataway Township,,,https://www.usnews.com/education/best-global-universities/rutgers-the-state-university-of-new-jersey-new-brunswick-186380
nagoya-university,Nagoya University,Japan,Asia,Nagoya,"Nagoya University is a Japanese national university that traces its roots back to 1871, when its predecessor medical school was established. In 1939, the institution became the last imperial university of Japan. The university is located in Nagoya – the capital of the Aichi prefecture in Japan. It also has satellite campuses in other countries, including Cambodia, Mongolia and Vietnam, which offer programs for doctoral students. In a recent year, more than 15,500 students attended Nagoya University and more than 60 percent of them studied at the undergraduate level. The same year, roughly 10 percent of the Nagoya student body was international. The university charges domestic and international students the same tuition rates and has several dormitories for international students located on or near campus. Nagoya University has nine schools – letters, education, law, economics, informatics and sciences, medicine, science, engineering and agricultural sciences – as well as more than a dozen graduate schools and several institutes. The primary language of instruction is Japanese, but some undergraduate and graduate-level programs, called Global 30 International Programs, are taught entirely in English. These include undergraduate programs in chemistry and automotive engineering and graduate-level programs in medical science as well as economics and business administration. The university uses a semester-based academic calendar. Some of the university’s research centers and institutes are the Institute of Transformative Bio-Molecules, the Institute of Innovation for Future Society and the Kobayashi-Maskawa Institute for the Origin of Particles and the Universe.",https://www.topuniversities.com/universities/nagoya-university,https://www.usnews.com/education/best-global-universities/nagoya-university-501944
technische-universitat-berlin-tu-berlin,Technische Universität Berlin (TU Berlin),Germany,Europe,Berlin,,https://www.topuniversities.com/universities/technische-universitat-berlin-tu-berlin,
universiti-teknologi-malaysia,Universiti Teknologi Malaysia,Malaysia,Asia,Skudai,,https://www.topuniversities.com/universities/universiti-teknologi-malaysia,https://www.usnews.com/education/best-global-universities/universiti-teknologi-malaysia-528827
university-york,University of York,United Kingdom,Europe,York,,https://www.topuniversities.com/universities/university-york,https://www.usnews.com/education/best-global-universities/university-of-york-505776
university-massachusetts-amherst,University of Massachusetts Amherst,United States,North America,Amherst,,https://www.topuniversities.com/universities/university-massachusetts-amherst,https://www.usnews.com/education/best-global-universities/university-of-massachusetts-amherst-166629
university-milan,University of Milan,Italy,Europe,Milan,"The University of Milan is a public institution that was founded in 1924. The Italian university’s main campus is situated in a historical complex called Ca’ Granda in the Milan city center. Additional facilities are in the university quarter, or Città Studi, and in a few other locations both in and outside Milan. Tuition costs are the same for Italian and international students but vary based on field of study. A limited amount of university student housing is available for students who come from outside the Milan area. The institution offers studies in a variety of academic areas: agricultural and food sciences; exercise and sports sciences; humanities; law; linguistic and cultural mediation sciences; medicine; pharmacy; political, economic and social sciences; science and technology; and veterinary medicine. In all, the university offers around 65 bachelor's programs and a similar number of master's programs. The university’s academic calendar is semester-based, though all departments may not have the same start and end dates for their courses. Italian is the primary language of instruction, but the university does offer some English-taught degree programs, most of which are at the graduate level. Examples of programs taught in English include master's programs in economics and finance as well as sustainable development. Research centers at the university include the Centre for Gender & Equality in Research and Science and the Centre of Excellence on Neurodegenerative Diseases. The university also has three botanical gardens, one dating back to 1777, that are used for education and research activities.",https://www.topuniversities.com/universities/university-milan,https://www.usnews.com/education/best-global-universities/university-of-milan-506478
universite-de-montreal,Université de Montréal,Canada,North America,Montreal,,https://www.topuniversities.com/universities/universite-de-montreal,
south-china-university-technology,South China University of Technology,China (Mainland),Asia,Guangzhou,,https://www.topuniversities.com/universities/south-china-university-technology,https://www.usnews.com/education/best-global-universities/south-china-university-of-technology-505115
lancaster-university,Lancaster University,United Kingdom,Europe,"Lancaster,",,https://www.topuniversities.com/universities/lancaster-university,https://www.usnews.com/education/best-global-universities/lancaster-university-504720
swinburne-university-technology,Swinburne University of Technology,Australia,Oceania,Melbourne,,https://www.topuniversities.com/universities/swinburne-university-technology,https://www.usnews.com/education/best-global-universities/swinburne-university-of-technology-528823
universitat-de-barcelona,Universitat de Barcelona,Spain,Europe,Barcelona,,https://www.topuniversities.com/universities/universitat-de-barcelona,
tianjin-university,Tianjin University,China (Mainland),Asia,Nankai,,https://www.topuniversities.com/universities/tianjin-university,https://www.usnews.com/education/best-global-universities/tianjin-university-503557
university-leicester,University of Leicester,United Kingdom,Europe,Leicester,,https://www.topuniversities.com/universities/university-leicester,https://www.usnews.com/education/best-global-universities/university-of-leicester-501221
shenzhen-university,Shenzhen University,China (Mainland),Asia,Shenzhen,,https://www.topuniversities.com/universities/shenzhen-university,https://www.usnews.com/education/best-global-universities/shenzhen-university-529041
stockholm-university,Stockholm University,Sweden,Europe,Stockholm,"Stockholm University, located in and around Stockholm, is a public institution that was founded in 1878. The Frescati campus, just north of the Stockholm city center in the Royal National City Park, is the Swedish university’s main location. The university has facilities located in central Stockholm as well as Kista Science City. Students from European Union and European Economic Area countries, plus Switzerland, do not pay tuition, but international students from countries outside these areas generally do. Stockholm University does not provide student housing, except to some exchange and scholarship students. The university’s many departments and centers offer studies in the humanities, law, social sciences, math and physics, chemistry, biology, and earth and environmental sciences. Stockholm University follows a semester-based academic calendar. Both Swedish and English are spoken in the university's classrooms; several bachelor’s programs and around 75 master’s degree programs are taught completely in English. The English-taught master's offerings include programs in banking and finance, management studies and Middle Eastern studies. Swedish language classes are also available for international and exchange students. The university has exchange and research partnerships with schools around the world, including the University of Illinois—Urbana-Champaign in the U.S. One of Stockholm University's many research centers and labs is the Baltic Sea Centre, which is focused on marine research and education. The facility’s resources include the Askö Laboratory in the archipelago south of Stockholm as well as a ship that can be used for research at sea.",https://www.topuniversities.com/universities/stockholm-university,https://www.usnews.com/education/best-global-universities/stockholm-university-505458
texas-am-university,Texas A&M University,United States,North America,College Station,,https://www.topuniversities.com/universities/texas-am-university,
indian-institute-technology-madras-iitm,Indian Institute of Technology Madras (IITM),India,Asia,Chennai,"The Indian Institute of Technology Madras, also known as IIT Madras, is a public institution that was founded in 1959 with technical support from the German government. The university is located in Chennai, a coastal city and the capital of Tamil Nadu in southern India. In a recent year, more than 8,000 students attended the university. Most of the international students at IIT Madras are visiting the campus as part of short-term study abroad programs or to conduct research. IIT Madras is a residential school – nearly all of the institute's students live on campus, as do many faculty members. IIT Madras has more than a dozen academic departments, many of which offer studies in different types of engineering, including aerospace, chemical, civil, electrical, mechanical and ocean engineering. Several departments also focus on other scientific fields – math, physics and chemistry – and the humanities. IIT Madras students can enroll in bachelor's, master's or doctoral degree programs, as well as dual-degree programs. The university uses a semester-based academic calendar, and English is the language of instruction. Research centers at the university include the Indo-German Centre for Sustainability, the Centre for Nanotechnology and the National Center for Catalysis Research. The IIT Madras Research Park helps companies gain access to university research and insights. Businesses can set up shop in the research park and work with IIT Madras on research and development projects.",https://www.topuniversities.com/universities/indian-institute-technology-madras-iitm,https://www.usnews.com/education/best-global-universities/indian-institute-of-technology-madras-502278
university-utah,University of Utah,United States,North America,Salt Lake City,,https://www.topuniversities.com/universities/university-utah,https://www.usnews.com/education/best-global-universities/university-of-utah-230764
kyushu-university,Kyushu University,Japan,Asia,Fukuoka City,,https://www.topuniversities.com/universities/kyushu-university,https://www.usnews.com/education/best-global-universities/kyushu-university-505482
arizona-state-university,Arizona State University,United States,North America,Phoenix,,https://www.topuniversities.com/universities/arizona-state-university,
queensland-university-technology-qut,Queensland University of Technology (QUT),Australia,Oceania,Brisbane,,https://www.topuniversities.com/universities/queensland-university-technology-qut,https://www.usnews.com/education/best-global-universities/queensland-university-of-technology-504619
chalmers-university-technology,Chalmers University of Technology,Sweden,Europe,Gothenburg,,https://www.topuniversities.com/universities/chalmers-university-technology,https://www.usnews.com/education/best-global-universities/chalmers-university-of-technology-505279
queens-university-belfast,Queen's University Belfast,United Kingdom,Europe,Belfast,,https://www.topuniversities.com/universities/queens-university-belfast,https://www.usnews.com/education/best-global-universities/queens-university-belfast-505350
usn-university-of-padua-502381,University of Padua,Italy,Europe,Padua,"The University of Padua is a public institution that was founded in 1222. It is located in the city of Padua, in northeast Italy, roughly 25 miles west of Venice. In a recent year, around 60,000 students attended the university. The primary language of instruction at the institution is Italian, but some degree programs – mostly at the graduate level – are taught in English. Tuition costs the same for Italian and international students, and housing is available for both undergraduate and graduate students through the organization ESU di Padova. The university has eight schools: agricultural sciences and veterinary medicine, economics and political science, law, engineering, medicine, psychology, science, and human and social sciences and cultural heritage. The university's academic year begins in October and runs into July. The institution uses both semester- and trimester-based academic calendars, depending on the school or program. In addition to standard degree programs, the University of Padua offers joint and double degree programs. These programs are run in collaboration with other international universities, such as Université Paris Diderot – Paris 7 in France and Romania's Universitatea Babeş-Bolyai. Thirty high-achieving students are admitted to the university’s Galilean School of Higher Education each year, where – in addition to their regular degree courses – they attend supplemental courses and seminars. Some of the university’s many research centers include the CRIBI Biotechnology Center, the Cognitive Neuroscience Center and the Center of Studies and Activities for Space ""Giuseppe Colombo.""",,https://www.usnews.com/education/best-global-universities/university-of-padua-502381
xiamen-university,Xiamen University,China (Mainland),Asia,Xiamen,,https://www.topuniversities.com/universities/xiamen-university,https://www.usnews.com/education/best-global-universities/xiamen-university-506410
al-farabi-kazakh-national-university,Al-Farabi Kazakh National University,Kazakhstan,Asia,Almaty,,https://www.topuniversities.com/universities/al-farabi-kazakh-national-university,https://www.usnews.com/education/best-global-universities/al-farabi-kazakh-national-university-530060
national-yang-ming-chiao-tung-university-nycu-taiwan,National Yang Ming Chiao Tung University (NYCU Taiwan),Taiwan,Asia,Hsinchu City,,https://www.topuniversities.com/universities/national-yang-ming-chiao-tung-university-nycu-taiwan,https://www.usnews.com/education/best-global-universities/national-yang-ming-chiao-tung-university-529781
university-gothenburg,University of Gothenburg,Sweden,Europe,Gothenburg,"The University of Gothenburg is a public institution that was founded in 1954, although the roots of one of its predecessor schools go back as far as 1891. The university has facilities located throughout Gothenburg, Sweden, one of the Scandinavian country's largest cities. Students from non-European Union and non-European Economic Area countries pay tuition, while those from EU and EEA countries are exempt. In a recent year, the university's international students hailed from around 70 countries. The school only offers student housing to exchange students, but other students can apply for housing through outside organizations such as SGS Studentbostäder, a nonprofit. The university, which follows a semester-based academic calendar, has eight main academic divisions: science; arts; fine, applied and performing arts; social sciences; business, economics and law; education; information technology; and the Sahlgrenska Academy, which is focused on health sciences. The university engages in various collaborations with the nearby Chalmers University of Technology, including three shared academic departments and an agreement that enables master's students at one school to enroll in courses at the other. The primary language of instruction for undergraduate programs is Swedish, though a number of undergraduate and master's courses are taught in English. Fully English-taught degree programs, mostly at the graduate level, are also offered. International students can get a taste of the local language by enrolling in free Swedish courses at the university. Some of the university's research facilities include a herbarium, the Sven Lovén Centre for Marine Infrastructure and the Swedish NMR Centre, which is focused on nuclear magnetic resonance spectroscopy.",https://www.topuniversities.com/universities/university-gothenburg,https://www.usnews.com/education/best-global-universities/university-of-gothenburg-501869
usn-texas-am-university-college-station-228723,Texas A&M University--College Station,United States,North America,College Station,,,https://www.usnews.com/education/best-global-universities/texas-am-university-college-station-228723
cardiff-university,Cardiff University,United Kingdom,Europe,Cardiff,,https://www.topuniversities.com/universities/cardiff-university,https://www.usnews.com/education/best-global-universities/cardiff-university-500071
hokkaido-university,Hokkaido University,Japan,Asia,Sapporo,,https://www.topuniversities.com/universities/hokkaido-university,https://www.usnews.com/education/best-global-universities/hokkaido-university-501928
queens-university-kingston,Queen's University at Kingston,Canada,North America,Kingston,,https://www.topuniversities.com/universities/queens-university-kingston,
university-lausanne,University of Lausanne,Switzerland,Europe,Lausanne,,https://www.topuniversities.com/universities/university-lausanne,https://www.usnews.com/education/best-global-universities/university-of-lausanne-505144
usn-arizona-state-university-tempe-104151,Arizona State University--Tempe,United States,North America,Tempe,,,https://www.usnews.com/education/best-global-universities/arizona-state-university-tempe-104151
usn-university-of-bonn-504578,University of Bonn,Germany,Europe,Bonn,"The University of Bonn is a public institution that was founded in 1818. The university has facilities located throughout Bonn, a city in western Germany near the Rhine River. The city was the birthplace of the late composer Ludwig van Beethoven, and today is home to several United Nations organizations. In a recent year, more than 30,000 students were enrolled at the university and around 12 percent of the total student body was international, with students hailing from around 135 countries. The University of Bonn generally does not charge students for tuition, though students do pay a relatively low social fee each semester. This fee covers a public transportation pass, library access and other student services. Some student housing is available through the public organization Studierendenwerk Bonn. The university has seven main academic divisions – agriculture, arts, Catholic theology, law and economics, mathematics and natural sciences, medicine and Protestant theology – and follows a semester-based academic calendar. German is the primary language of instruction, though some English-taught or bilingual degree programs are available, mostly at the graduate level. Some of the English-taught master's options include programs in computer sciences, economics and mathematics. The university also offers language courses to help international students learn everyday German. Research bodies at the university include the Laboratory for Experimental Economics, the Bethe Center for Theoretical Physics and the Franz Joseph Dölger-Institut, focused on the study of late antiquity. The university has established partnerships with more than 70 global universities, including the University of Tokyo, the Australian National University and the Wageningen University and Research Center in the Netherlands.",,https://www.usnews.com/education/best-global-universities/university-of-bonn-504578
northwestern-polytechnical-university,Northwestern Polytechnical University,China (Mainland),Asia,Xi'an,,https://www.topuniversities.com/universities/northwestern-polytechnical-university,https://www.usnews.com/education/best-global-universities/northwestern-polytechnical-university-504154
maastricht-university,Maastricht University,Netherlands,Europe,Maastricht,,https://www.topuniversities.com/universities/maastricht-university,https://www.usnews.com/education/best-global-universities/maastricht-university-505759
beihang-university-former-buaa,Beihang University (former BUAA),China (Mainland),Asia,Beijing,,https://www.topuniversities.com/universities/beihang-university-former-buaa,https://www.usnews.com/education/best-global-universities/beihang-university-502158
usn-weizmann-institute-of-science-506795,Weizmann Institute of Science,Israel,Asia,Rehovot,,,https://www.usnews.com/education/best-global-universities/weizmann-institute-of-science-506795
technische-universitat-dresden,Technische Universität Dresden,Germany,Europe,Dresden,,https://www.topuniversities.com/universities/technische-universitat-dresden,
universidad-de-chile,Universidad de Chile,Chile,Latin America,Santiago,,https://www.topuniversities.com/universities/universidad-de-chile,
university-gottingen,University of Göttingen,Germany,Europe,Göttingen,,https://www.topuniversities.com/universities/university-gottingen,https://www.usnews.com/education/best-global-universities/university-of-gottingen-502609
tecnologico-de-monterrey,Tecnológico de Monterrey,Mexico,Latin America,Monterrey,,https://www.topuniversities.com/universities/tecnologico-de-monterrey,https://www.usnews.com/education/best-global-universities/tecnologico-de-monterrey-529343
university-alabama-birmingham,University of Alabama at Birmingham,United States,North America,Birmingham,,https://www.topuniversities.com/universities/university-alabama-birmingham,https://www.usnews.com/education/best-global-universities/university-of-alabama-birmingham-100663
case-western-reserve-university,Case Western Reserve University,United States,North America,Cleveland,,https://www.topuniversities.com/universities/case-western-reserve-university,https://www.usnews.com/education/best-global-universities/case-western-reserve-university-201645
national-cheng-kung-university-ncku,National Cheng Kung University (NCKU),Taiwan,Asia,Tainan City,"National Cheng Kung University is a public institution that was established in 1931 as Tainan Technical College. The university is located in the city of Tainan, in southwest Taiwan, and received its current name in 1971. It has 11 campuses, eight of which are adjacent to each other and collectively form the main campus area. In a recent year, upward of 21,000 students attended National Cheng Kung University, and a little more than half of them studied at the undergraduate level. Tuition costs vary by subject and are higher for international students, who can apply for university- and government-sponsored scholarships. Housing is available for both undergraduate and graduate students. The university has colleges focused on a variety of subjects: liberal arts, sciences, engineering, electrical engineering and computer science, planning and design, management, social science, medicine, and bioscience and biotechnology. Its academic calendar is semester-based, and the primary language of instruction is Chinese. However, some classes and a handful of degree programs – mostly at the graduate level – are taught in English. Degree-seeking international students can also take free Chinese language courses. National Cheng Kung University's research centers include the University Center for Bioscience and Biotechnology, the Research Center for Energy Technology and Strategy, and the Medical Device Innovation Center. University researchers were involved in the construction of the Formosat-2 satellite, which launched in 2004 and carried the National Cheng Kung University flag into outer space.",https://www.topuniversities.com/universities/national-cheng-kung-university-ncku,https://www.usnews.com/education/best-global-universities/national-cheng-kung-university-502356
technische-universitat-wien,Technische Universität Wien,Austria,Europe,Vienna,,https://www.topuniversities.com/universities/technische-universitat-wien,
universitas-indonesia,Universitas Indonesia,Indonesia,Asia,Depok,,https://www.topuniversities.com/universities/universitas-indonesia,https://www.usnews.com/education/best-global-universities/university-of-indonesia-529367
china-agricultural-university,China Agricultural University,China (Mainland),Asia,Beijing,,https://www.topuniversities.com/universities/china-agricultural-university,https://www.usnews.com/education/best-global-universities/china-agricultural-university-500688
tel-aviv-university,Tel Aviv University,Israel,Asia,Tel Aviv,,https://www.topuniversities.com/universities/tel-aviv-university,https://www.usnews.com/education/best-global-universities/tel-aviv-university-500052
eberhard-karls-universitat-tubingen,Eberhard Karls Universität Tübingen,Germany,Europe,Tübingen,,https://www.topuniversities.com/universities/eberhard-karls-universitat-tubingen,https://www.usnews.com/education/best-global-universities/eberhard-karls-university-tubingen-503424
usn-university-of-colorado-anschutz-medical-campus-529678,University of Colorado Anschutz Medical Campus,United States,North America,Aurora,,,https://www.usnews.com/education/best-global-universities/university-of-colorado-anschutz-medical-campus-529678
usn-university-of-montreal-506159,University of Montreal,Canada,North America,Montreal,"The University of Montreal is a public institution that traces its roots back to 1878. Initially a branch of the Université Laval de Québec, it became an independent institution in 1919. The university is affiliated with two other schools: Polytechnique Montréal, an engineering school, and HEC Montréal, a business school. The university and its affiliated schools are located in Montreal, Quebec – one of the most populous metropolitan areas in Canada. Around one-fourth of the student body across all three institutions studies at the graduate level. The university offers housing for full-time undergraduate and graduate students. UdeM, as the school is sometimes called, has more than a dozen academic divisions that span the social, natural and health sciences, as well as arts and humanities disciplines. The primary language of instruction is French, although several graduate programs – such as doctoral programs in biochemistry, neurosciences and pharmacology – accept English-speaking students. Tutoring, workshops and other resources are available for students who want to improve their French language skills. The university’s academic calendar is based on a semester system, and tuition costs are higher for international students. The Institute for Research in Immunology and Cancer, the Cyberjustice Laboratory and the International Centre for Comparative Criminology are among the university’s many research units. Some University of Montreal researchers collaborate on projects with institutions located in other parts of the world, primarily in France, Germany, Italy, the U.K. and the U.S.",,https://www.usnews.com/education/best-global-universities/university-of-montreal-506159
university-wollongong,University of Wollongong,Australia,Oceania,Wollongong,,https://www.topuniversities.com/universities/university-wollongong,https://www.usnews.com/education/best-global-universities/university-of-wollongong-503195
universite-catholique-de-louvain-uclouvain,Université catholique de Louvain (UCLouvain),Belgium,Europe,Louvain-la-Neuve,,https://www.topuniversities.com/universities/universite-catholique-de-louvain-uclouvain,
university-reading,University of Reading,United Kingdom,Europe,Reading,,https://www.topuniversities.com/universities/university-reading,https://www.usnews.com/education/best-global-universities/university-of-reading-504198
university-otago,University of Otago,New Zealand,Oceania,Dunedin,,https://www.topuniversities.com/universities/university-otago,https://www.usnews.com/education/best-global-universities/university-of-otago-506723
complutense-university-madrid,Complutense University of Madrid,Spain,Europe,Madrid,,https://www.topuniversities.com/universities/complutense-university-madrid,https://www.usnews.com/education/best-global-universities/complutense-university-of-madrid-506527
ohio-state-university,The Ohio State University,United States,North America,Columbus,,https://www.topuniversities.com/universities/ohio-state-university,
waseda-university,Waseda University,Japan,Asia,Tokyo,,https://www.topuniversities.com/universities/waseda-university,https://www.usnews.com/education/best-global-universities/waseda-university-501931
chongqing-university,Chongqing University,China (Mainland),Asia,Chongqing,,https://www.topuniversities.com/universities/chongqing-university,https://www.usnews.com/education/best-global-universities/chongqing-university-505768
loughborough-university,Loughborough University,United Kingdom,Europe,Loughborough,,https://www.topuniversities.com/universities/loughborough-university,https://www.usnews.com/education/best-global-universities/loughborough-university-506503
universita-di-padova,Università di Padova,Italy,Europe,Padova,,https://www.topuniversities.com/universities/universita-di-padova,
china-university-geosciences,China University of Geosciences,China (Mainland),Asia,Wuhan,,https://www.topuniversities.com/universities/china-university-geosciences,https://www.usnews.com/education/best-global-universities/china-university-of-geosciences-506930
indian-institute-technology-kharagpur-iit-kgp,Indian Institute of Technology Kharagpur (IIT-KGP),India,Asia,Kharagpur,,https://www.topuniversities.com/universities/indian-institute-technology-kharagpur-iit-kgp,https://www.usnews.com/education/best-global-universities/indian-institute-of-technology-kharagpur-500533
gadjah-mada-university,Gadjah Mada University,Indonesia,Asia,Yogyakarta,,https://www.topuniversities.com/universities/gadjah-mada-university,https://www.usnews.com/education/best-global-universities/universitas-gadjah-mada-529706
politecnico-di-torino,Politecnico di Torino,Italy,Europe,Turin,,https://www.topuniversities.com/universities/politecnico-di-torino,
university-macau,University of Macau,Macau SAR,Asia,Macau,,https://www.topuniversities.com/universities/university-macau,https://www.usnews.com/education/best-global-universities/university-of-macau-528951
university-antwerp,University of Antwerp,Belgium,Europe,Antwerp,,https://www.topuniversities.com/universities/university-antwerp,https://www.usnews.com/education/best-global-universities/university-of-antwerp-505023
university-calgary,University of Calgary,Canada,North America,Calgary,,https://www.topuniversities.com/universities/university-calgary,https://www.usnews.com/education/best-global-universities/university-of-calgary-499975
university-rochester,University of Rochester,United States,North America,Rochester,,https://www.topuniversities.com/universities/university-rochester,https://www.usnews.com/education/best-global-universities/university-of-rochester-195030
zhengzhou-university,Zhengzhou University,China (Mainland),Asia,Zhengzhou,,https://www.topuniversities.com/universities/zhengzhou-university,https://www.usnews.com/education/best-global-universities/zhengzhou-university-502623
rheinische-friedrich-wilhelms-universitat-bonn,Rheinische Friedrich-Wilhelms-Universität Bonn,Germany,Europe,Bonn,,https://www.topuniversities.com/universities/rheinische-friedrich-wilhelms-universitat-bonn,
universitat-autonoma-de-barcelona,Universitat Autònoma de Barcelona,Spain,Europe,Barcelona,,https://www.topuniversities.com/universities/universitat-autonoma-de-barcelona,
chulalongkorn-university,Chulalongkorn University,Thailand,Asia,Bangkok,,https://www.topuniversities.com/universities/chulalongkorn-university,https://www.usnews.com/education/best-global-universities/chulalongkorn-university-505636
usn-technical-university-of-dresden-501011,Technical University of Dresden,Germany,Europe,Dresden,,,https://www.usnews.com/education/best-global-universities/technical-university-of-dresden-501011
hamad-bin-khalifa-university-hbku,Hamad Bin Khalifa University (HBKU),Qatar,Asia,Doha,,https://www.topuniversities.com/universities/hamad-bin-khalifa-university-hbku,https://www.usnews.com/education/best-global-universities/hamad-bin-khalifa-university-510873
keio-university,Keio University,Japan,Asia,Tokyo,,https://www.topuniversities.com/universities/keio-university,https://www.usnews.com/education/best-global-universities/keio-university-500715
university-cincinnati,University of Cincinnati,United States,North America,Cincinnati,,https://www.topuniversities.com/universities/university-cincinnati,https://www.usnews.com/education/best-global-universities/university-of-cincinnati-201885
usn-medical-university-of-vienna-504165,Medical University of Vienna,Austria,Europe,Vienna,,,https://www.usnews.com/education/best-global-universities/medical-university-of-vienna-504165
usn-trinity-college-dublin-501570,Trinity College Dublin,Ireland,Europe,Dublin,,,https://www.usnews.com/education/best-global-universities/trinity-college-dublin-501570
massey-university,Massey University,New Zealand,Oceania,Palmerston North,,https://www.topuniversities.com/universities/massey-university,https://www.usnews.com/education/best-global-universities/massey-university-503390
hong-kong-baptist-university,Hong Kong Baptist University,Hong Kong SAR,Asia,Hong Kong,,https://www.topuniversities.com/universities/hong-kong-baptist-university,https://www.usnews.com/education/best-global-universities/hong-kong-baptist-university-502544
university-naples-federico-ii,University of Naples - Federico II,Italy,Europe,Naples,,https://www.topuniversities.com/universities/university-naples-federico-ii,https://www.usnews.com/education/best-global-universities/university-of-naples-federico-ii-505539
usn-university-catholique-of-louvain-506348,University Catholique of Louvain,Belgium,Europe,Louvain-la-Neuve,,,https://www.usnews.com/education/best-global-universities/university-catholique-of-louvain-506348
united-arab-emirates-university,United Arab Emirates University,United Arab Emirates,Asia,Al Ain,,https://www.topuniversities.com/universities/united-arab-emirates-university,https://www.usnews.com/education/best-global-universities/united-arab-emirates-university-514827
friedrich-alexander-universitat-erlangen-nurnberg,Friedrich-Alexander-Universität Erlangen-Nürnberg,Germany,Europe,Erlangen,,https://www.topuniversities.com/universities/friedrich-alexander-universitat-erlangen-nurnberg,
hebrew-university-jerusalem,The Hebrew University of Jerusalem,Israel,Asia,Jerusalem,,https://www.topuniversities.com/universities/hebrew-university-jerusalem,https://www.usnews.com/education/best-global-universities/hebrew-university-of-jerusalem-500554
university-munster,University of Münster,Germany,Europe,Munster,,https://www.topuniversities.com/universities/university-munster,https://www.usnews.com/education/best-global-universities/university-of-munster-500396
usn-johann-wolfgang-goethe-university-frankfurt-am-main-503512,Johann Wolfgang Goethe University Frankfurt am Main,Germany,Europe,Frankfurt am Main,,,https://www.usnews.com/education/best-global-universities/johann-wolfgang-goethe-university-frankfurt-am-main-503512
usn-oregon-health-and-science-university-209490,Oregon Health and Science University,United States,North America,Portland,,,https://www.usnews.com/education/best-global-universities/oregon-health-and-science-university-209490
university-college-cork,University College Cork,Ireland,Europe,Cork,,https://www.topuniversities.com/universities/university-college-cork,https://www.usnews.com/education/best-global-universities/university-college-cork-502427
indian-institute-science-iisc-bangalore,Indian Institute of Science (IISc) Bangalore,India,Asia,Bangalore,"The Indian Institute of Science is a public institution that was founded in 1909. The university is located in the city of Bangalore in southern India. In a recent year, upward of 3,000 students attended the university, and the vast majority of them – 89 percent – studied at the graduate level. The school's relatively new undergraduate program is research-focused. The first class of bachelor’s students graduated from the school in 2015. International students cannot enroll in the undergraduate program, but they can apply to the university's graduate-level programs. However, in a recent year, less than 1 percent of the student body was international. The Indian Institute of Science is a residential school – nearly all of its undergraduate- and graduate-level students live in on-campus student housing. The science- and engineering-focused institution has six academic divisions, each with multiple departments: biological sciences, chemical sciences, electrical sciences, interdisciplinary research, mechanical sciences, and physical and mathematical sciences. The university uses a semester-based academic calendar, and the language of instruction at all levels of study is English. Tuition is the same for domestic and international students. All students at the university receive stipends that cover some or all of their tuition and living costs. Federal government grants fund many of these stipends. Among the university’s research centers are the Center for Infrastructure, Sustainable Transportation and Urban Planning, the Divecha Centre for Climate Change and the Centre for Brain Research.",https://www.topuniversities.com/universities/indian-institute-science-iisc-bangalore,https://www.usnews.com/education/best-global-universities/indian-institute-of-science-bangalore-505956
indian-institute-technology-kanpur-iitk,Indian Institute of Technology Kanpur (IITK),India,Asia,Kanpur,,https://www.topuniversities.com/universities/indian-institute-technology-kanpur-iitk,https://www.usnews.com/education/best-global-universities/indian-institute-of-technology-kanpur-506622
cairo-university,Cairo University,Egypt,Africa,Giza,,https://www.topuniversities.com/universities/cairo-university,https://www.usnews.com/education/best-global-universities/cairo-university-501834
shandong-university,Shandong University,China (Mainland),Asia,Jinan,,https://www.topuniversities.com/universities/shandong-university,https://www.usnews.com/education/best-global-universities/shandong-university-505166
american-university-beirut-aub,American University of Beirut (AUB),Lebanon,Asia,Beirut,,https://www.topuniversities.com/universities/american-university-beirut-aub,https://www.usnews.com/education/best-global-universities/american-university-of-beirut-499994
university-twente,University of Twente,Netherlands,Europe,Enschede,,https://www.topuniversities.com/universities/university-twente,https://www.usnews.com/education/best-global-universities/university-of-twente-506687
johannes-gutenberg-universitat-mainz,Johannes Gutenberg Universität Mainz,Germany,Europe,Mainz,,https://www.topuniversities.com/universities/johannes-gutenberg-universitat-mainz,https://www.usnews.com/education/best-global-universities/johannes-gutenberg-university-of-mainz-500317
universidad-autonoma-de-madrid,Universidad Autónoma de Madrid,Spain,Europe,Madrid,,https://www.topuniversities.com/universities/universidad-autonoma-de-madrid,
griffith-university,Griffith University,Australia,Oceania,Nathan,,https://www.topuniversities.com/universities/griffith-university,https://www.usnews.com/education/best-global-universities/griffith-university-501686
east-china-normal-university,East China Normal University,China (Mainland),Asia,Shanghai,,https://www.topuniversities.com/universities/east-china-normal-university,https://www.usnews.com/education/best-global-universities/east-china-normal-university-506407
national-kapodistrian-university-athens,National and Kapodistrian University of Athens,Greece,Europe,Athens,,https://www.topuniversities.com/universities/national-kapodistrian-university-athens,https://www.usnews.com/education/best-global-universities/national-and-kapodistrian-university-of-athens-504988
usn-university-of-freiburg-503940,University of Freiburg,Germany,Europe,Freiburg,,,https://www.usnews.com/education/best-global-universities/university-of-freiburg-503940
university-ottawa,University of Ottawa,Canada,North America,Ottawa,,https://www.topuniversities.com/universities/university-ottawa,https://www.usnews.com/education/best-global-universities/university-of-ottawa-499972
university-strathclyde,University of Strathclyde,United Kingdom,Europe,Glasgow,,https://www.topuniversities.com/universities/university-strathclyde,https://www.usnews.com/education/best-global-universities/university-of-strathclyde-504736
university-turin,University of Turin,Italy,Europe,Turin,"The University of Turin, sometimes called Unito, is a public institution that was founded in 1404. It is located in Turin, Italy, which was the host city for the 2006 Winter Olympics. Turin is in the Piedmont region of northwest Italy, roughly 90 miles southwest of Milan. The university has seven campuses, five of which are located in the city center. The other two campuses are at the outskirts of the city. Tuition at the university costs the same for Italian and international students. EDISU Piedmont, a public organization, manages the university housing, which is available for both undergrad and graduate students. The university has six schools: agriculture and veterinary medicine; management and economics; medicine; science of nature; law, politics and social-economic sciences; and human sciences. In a recent year, the institution offered more than 65 three-year bachelor's programs and 75 two-year master's programs. The academic calendar is semester-based, with exceptions for a few programs. The primary language of instruction at the University of Turin is Italian, but a handful of degree programs are taught in English, including a bachelor’s in business management and master’s degree programs in fields such as economics and molecular biotechnology. The institution offers Italian language courses for students, visiting professors and researchers. The university’s many research centers and institutes include the Molecular Biotechnology Center, the Centre for Nanostructured Interfaces and Surfaces and the Interdisciplinary Research Institute on Sustainability.",https://www.topuniversities.com/universities/university-turin,https://www.usnews.com/education/best-global-universities/university-of-turin-502528
usn-charles-university-in-prague-502397,Charles University in Prague,Czech Republic,,Prague,,,https://www.usnews.com/education/best-global-universities/charles-university-in-prague-502397
northeastern-university,Northeastern University,United States,North America,Boston,,https://www.topuniversities.com/universities/northeastern-university,https://www.usnews.com/education/best-global-universities/northeastern-university-167358
universidad-de-los-andes-colombia,Universidad de los Andes - Colombia,Colombia,Latin America,Bogotá,,https://www.topuniversities.com/universities/universidad-de-los-andes-colombia,
university-miami,University of Miami,United States,North America,Miami,,https://www.topuniversities.com/universities/university-miami,https://www.usnews.com/education/best-global-universities/university-of-miami-135726
jiangsu-university,Jiangsu University,China (Mainland),Asia,Zhenjiang,,https://www.topuniversities.com/universities/jiangsu-university,https://www.usnews.com/education/best-global-universities/jiangsu-university-501438
miami-university,Miami University,United States,North America,Oxford,,https://www.topuniversities.com/universities/miami-university,https://www.usnews.com/education/best-global-universities/university-of-miami-135726
ecole-normale-superieure-de-lyon,École Normale Supérieure de Lyon,France,Europe,Lyon,,https://www.topuniversities.com/universities/ecole-normale-superieure-de-lyon,
usn-stony-brook-university-suny-196097,Stony Brook University--SUNY,United States,North America,Stony Brook,,,https://www.usnews.com/education/best-global-universities/stony-brook-university-suny-196097
university-lisbon,University of Lisbon,Portugal,Europe,Lisbon,,https://www.topuniversities.com/universities/university-lisbon,https://www.usnews.com/education/best-global-universities/university-of-lisbon-501120
universita-vita-salute-san-raffaele,Università Vita-Salute San Raffaele,Italy,Europe,Milan,,https://www.topuniversities.com/universities/universita-vita-salute-san-raffaele,https://www.usnews.com/education/best-global-universities/vita-salute-san-raffaele-university-501347
norwegian-university-science-technology,Norwegian University of Science And Technology,Norway,Europe,Trondheim,,https://www.topuniversities.com/universities/norwegian-university-science-technology,https://www.usnews.com/education/best-global-universities/norwegian-university-of-science-and-technology-503599
university-cologne,University of Cologne,Germany,Europe,Cologne,,https://www.topuniversities.com/universities/university-cologne,https://www.usnews.com/education/best-global-universities/university-of-cologne-500060
central-european-university,Central European University,Austria,Europe,Vienna,,https://www.topuniversities.com/universities/central-european-university,
university-witwatersrand,University of Witwatersrand,South Africa,Africa,Johannesburg,,https://www.topuniversities.com/universities/university-witwatersrand,https://www.usnews.com/education/best-global-universities/university-of-witwatersrand-500909
la-trobe-university,La Trobe University,Australia,Oceania,Melbourne,,https://www.topuniversities.com/universities/la-trobe-university,https://www.usnews.com/education/best-global-universities/la-trobe-university-501305
victoria-university-wellington,Victoria University of Wellington,New Zealand,Oceania,"Kelburn, Wellington",,https://www.topuniversities.com/universities/victoria-university-wellington,https://www.usnews.com/education/best-global-universities/victoria-university-of-wellington-504111
western-sydney-university,Western Sydney University,Australia,Oceania,Parramatta,,https://www.topuniversities.com/universities/western-sydney-university,https://www.usnews.com/education/best-global-universities/western-sydney-university-506826
university-newcastle-australia-uon,"The University of Newcastle, Australia (UON)",Australia,Oceania,Newcastle CBD,,https://www.topuniversities.com/universities/university-newcastle-australia-uon,
albert-ludwigs-universitaet-freiburg,Albert-Ludwigs-Universitaet Freiburg,Germany,Europe,Freiburg im Breisgau,,https://www.topuniversities.com/universities/albert-ludwigs-universitaet-freiburg,
usn-korea-advanced-institute-of-science-and-technology-506336,Korea Advanced Institute of Science and Technology,South Korea,Asia,Daejeon,"The Korea Advanced Institute of Science and Technology, commonly known as KAIST, is a public institution that was founded in 1971. The science and technology-focused university’s main campus – where more than 90 percent of students take classes – is in Daejeon, South Korea. Daejeon is around 85 miles south of the capital city of Seoul. In most cases, tuition costs the same for international and domestic students. Many government- or school-sponsored scholarships are also available for KAIST students, including some that cover tuition and fees in full. The university operates more than 20 student dormitories as well as a few apartment complexes for married students. KAIST has colleges of natural sciences, life science and bioengineering, engineering, liberal arts and convergence science, and business. The university’s academic calendar is semester-based, and the primary language of instruction is English, though some courses are taught in Korean. One of the university’s research facilities is the KAIST Institute, which is made up of five research institutes – KI for BioCentury, KI for Information Technology Convergence, KI for Robotics, KI for NanoCentury and KI for Health Science and Technology – as well as two centers. Around 220 faculty members and 350 students and researchers carry out interdisciplinary research at the KAIST Institute. Undergraduates at the university can earn credit for taking part in research activities through KAIST’s Undergraduate Research Participation Program, which also provides students with financial support. Approximately 200 students participate in the URP program each year.",,https://www.usnews.com/education/best-global-universities/korea-advanced-institute-of-science-and-technology-506336
universite-paris-1-pantheon-sorbonne,Université Paris 1 Panthéon-Sorbonne,France,Europe,Paris,,https://www.topuniversities.com/universities/universite-paris-1-pantheon-sorbonne,
university-surrey,University of Surrey,United Kingdom,Europe,Guildford,,https://www.topuniversities.com/universities/university-surrey,https://www.usnews.com/education/best-global-universities/university-of-surrey-505401
university-sharjah,University of Sharjah,United Arab Emirates,Asia,Sharjah,,https://www.topuniversities.com/universities/university-sharjah,https://www.usnews.com/education/best-global-universities/university-of-sharjah-529769
aix-marseille-university,Aix-Marseille University,France,Europe,Marseille,,https://www.topuniversities.com/universities/aix-marseille-university,https://www.usnews.com/education/best-global-universities/university-of-aix-marseille-528917
universite-libre-de-bruxelles,Universite libre de Bruxelles,Belgium,Europe,Brussels,,https://www.topuniversities.com/universities/universite-libre-de-bruxelles,https://www.usnews.com/education/best-global-universities/universite-libre-de-bruxelles-505303
university-iowa,University of Iowa,United States,North America,Iowa City,,https://www.topuniversities.com/universities/university-iowa,https://www.usnews.com/education/best-global-universities/university-of-iowa-153658
usn-royal-institute-of-technology-505970,Royal Institute of Technology,Sweden,Europe,Stockholm,"The Royal Institute of Technology, also known as KTH, is a public institution that was founded in 1827. The science-, engineering- and technology-focused university’s main campus is located in central Stockholm. Additional sites are the Kista, Haninge, Flemingsberg, Albanova and Södertälje campuses. In a recent year, more than 12,000 full-time students attended the university, 32 percent of whom were women. Students from European Union and European Economic Area countries as well as Switzerland are not charged tuition at KTH; all other students are. Some university student housing is available, and tuition-paying students are guaranteed housing from KTH Accommodation. The university has 10 schools: architecture and the built environment, biotechnology, chemical science and engineering, computer science and communication, electrical engineering, information and communication technology, industrial engineering and management, engineering sciences, technology and health, and education and communication in engineering science. The primary language of instruction for bachelor’s programs is Swedish, though the undergraduate program in information and communication technology is English-taught. Graduate-level programs are primarily taught in English. The academic calendar is made up of two terms, each of which has two periods. Students take exams at the end of each period. KTH has organized its research into five interdisciplinary focus areas: energy, information and communication technology, materials, life science and transport. Research is conducted at the university’s many centers, including the Centre for Banking and Finance, the Centre for Technology in Medicine and Health and the Centre for Autonomous Systems.",,https://www.usnews.com/education/best-global-universities/royal-institute-of-technology-505970
usn-university-of-wurzburg-505067,University of Würzburg,Germany,Europe,Wurzburg,,,https://www.usnews.com/education/best-global-universities/university-of-wurzburg-505067
technical-university-darmstadt,Technical University of Darmstadt,Germany,Europe,Darmstadt,,https://www.topuniversities.com/universities/technical-university-darmstadt,https://www.usnews.com/education/best-global-universities/technical-university-of-darmstadt-506035
university-illinois-chicago-uic,University of Illinois Chicago (UIC),United States,North America,Chicago,,https://www.topuniversities.com/universities/university-illinois-chicago-uic,https://www.usnews.com/education/best-global-universities/university-of-illinois-chicago-145600
usn-technical-university-of-berlin-506357,Technical University of Berlin,Germany,Europe,Berlin,,,https://www.usnews.com/education/best-global-universities/technical-university-of-berlin-506357
dalian-university-technology,Dalian University of Technology,China (Mainland),Asia,Dalian,,https://www.topuniversities.com/universities/dalian-university-technology,https://www.usnews.com/education/best-global-universities/dalian-university-of-technology-500236
university-minnesota-system,University of Minnesota (System),United States,North America,Minneapolis,,https://www.topuniversities.com/universities/university-minnesota-system,
university-porto,University of Porto,Portugal,Europe,Porto,,https://www.topuniversities.com/universities/university-porto,https://www.usnews.com/education/best-global-universities/university-of-porto-505685
university-florence,University of Florence,Italy,Europe,Florence,,https://www.topuniversities.com/universities/university-florence,https://www.usnews.com/education/best-global-universities/university-of-florence-501033
jilin-university,Jilin University,China (Mainland),Asia,Changchun,,https://www.topuniversities.com/universities/jilin-university,https://www.usnews.com/education/best-global-universities/jilin-university-506709
university-canterbury-te-whare-wananga-o-waitaha,University of Canterbury | Te Whare Wānanga o Waitaha,New Zealand,Oceania,Christchurch,,https://www.topuniversities.com/universities/university-canterbury-te-whare-wananga-o-waitaha,
american-university-sharjah,American University of Sharjah,United Arab Emirates,Asia,Sharjah,,https://www.topuniversities.com/universities/american-university-sharjah,https://www.usnews.com/education/best-global-universities/american-university-of-sharjah-510086
george-washington-university,George Washington University,United States,North America,Washington D.C.,,https://www.topuniversities.com/universities/george-washington-university,https://www.usnews.com/education/best-global-universities/george-washington-university-131469
usn-autonomous-university-of-madrid-502502,Autonomous University of Madrid,Spain,Europe,Madrid,"The Autonomous University of Madrid, also known as UAM, is a public institution that was founded in 1968. The university’s main Cantoblanco campus is in the northern outskirts of Madrid. A medical campus is located a few miles south of the Cantoblanco site, near the La Paz University Hospital, where students can study medicine, nursing, biochemistry, and human nutrition and dietetics. UAM tuition is a bit higher for international students than for domestic students, and some university housing is available for both undergraduate and graduate students. UAM, which uses a semester-based academic calendar, has divisions covering a variety of subjects, including business and economic sciences, law, medicine, philosophy and the arts, psychology, science, and teacher training and education. The university also encompasses the Escuela Politécnica Superior, an engineering school; the La Salle Center of Higher Education; and other affiliated schools. The primary language of instruction is Spanish, though some English-taught courses and degree programs are available. English-taught master's offerings include programs in biotechnology and theoretical physics, as well as a program in microfinance for entrepreneurship. Undergraduate degree programs generally last four years, and master's programs last a year or longer. Research institutions at the university include several institutes and centers jointly operated with the Spanish National Research Council as well as other Spanish universities, such as the Institute of Mathematical Sciences and the Institute for Theoretical Physics.",,https://www.usnews.com/education/best-global-universities/autonomous-university-of-madrid-502502
usn-university-of-montpellier-528813,University of Montpellier,France,Europe,Montpellier,,,https://www.usnews.com/education/best-global-universities/university-of-montpellier-528813
universiti-teknologi-petronas-utp,Universiti Teknologi PETRONAS (UTP),Malaysia,Asia,Seri Iskandar,,https://www.topuniversities.com/universities/universiti-teknologi-petronas-utp,https://www.usnews.com/education/best-global-universities/universiti-teknologi-petronas-529338
university-california-riverside,"University of California, Riverside",United States,North America,Riverside,,https://www.topuniversities.com/universities/university-california-riverside,https://www.usnews.com/education/best-global-universities/university-of-california-riverside-110671
universitat-pompeu-fabra-barcelona,Universitat Pompeu Fabra (Barcelona),Spain,Europe,Barcelona,"Pompeu Fabra University, also known as UPF, is a public institution that was founded in 1990. It is located in Barcelona, Spain, and has three campuses – the Cituadella, Poblenou and Mar campuses – located near one another in the heart of the city. The university’s namesake, Pompeu Fabra, is credited with standardizing the modern Catalan language during the late 19th and early 20th centuries. In a recent year, more than 13,000 students attended the university. Some student housing is available near the school's campuses, though UPF does not manage it directly. UPF has three broad academic focus areas: social sciences and humanities, health and life sciences, and communications and information technologies. The university is also affiliated with the UPF Group, a collection of specialized teaching and research institutions, including the UPF Barcelona School of Management, the Elisava School of Design and the Mar Nursing School. UPF follows a trimester-based academic calendar. In a recent year, around 20 percent of the UPF faculty was international. Three languages are spoken in UPF classrooms: Catalan, Spanish and English. The primary language of instruction for undergraduates is Catalan, though some subjects are taught in English. Additionally, some graduate-level programs are taught entirely in English, including master's programs in political philosophy and biomedical research. The university has numerous research groups, including groups focused on human genetics research, political behavior and wireless communications. UPF is also affiliated with several research centers that are UPF Group members, including the Centre for Regenerative Medicine in Barcelona and the Hospital del Mar Medical Research Institute.",https://www.topuniversities.com/universities/universitat-pompeu-fabra-barcelona,https://www.usnews.com/education/best-global-universities/pompeu-fabra-university-504748
university-ibadan,University of Ibadan,Nigeria,Africa,Ibadan,,https://www.topuniversities.com/universities/university-ibadan,https://www.usnews.com/education/best-global-universities/university-of-ibadan-529052
singapore-university-technology-design,Singapore University of Technology and Design,Singapore,Asia,Singapore,,https://www.topuniversities.com/universities/singapore-university-technology-design,https://www.usnews.com/education/best-global-universities/singapore-university-of-technology-and-design-529432
mansoura-university,Mansoura University,Egypt,Africa,Mansoura,,https://www.topuniversities.com/universities/mansoura-university,https://www.usnews.com/education/best-global-universities/mansoura-university-508398
usn-north-carolina-state-university-raleigh-199193,North Carolina State University--Raleigh,United States,North America,Raleigh,,,https://www.usnews.com/education/best-global-universities/north-carolina-state-university-raleigh-199193
dartmouth-college,Dartmouth College,United States,North America,Hanover,,https://www.topuniversities.com/universities/dartmouth-college,https://www.usnews.com/education/best-global-universities/dartmouth-college-182670
university-tasmania,University of Tasmania,Australia,Oceania,Hobart,,https://www.topuniversities.com/universities/university-tasmania,https://www.usnews.com/education/best-global-universities/university-of-tasmania-502985
university-pisa,University of Pisa,Italy,Europe,Pisa,,https://www.topuniversities.com/universities/university-pisa,https://www.usnews.com/education/best-global-universities/university-of-pisa-501006
usn-university-of-valencia-504510,University of Valencia,Spain,Europe,Valencia,"The University of Valencia is a public institution that was founded in 1499. The university has three campuses in Valencia, Spain, and the surrounding metropolitan area – the Blasco Ibáñez, Burjassot-Paterna and Tarongers campuses. Valencia, a coastal city, is located approximately 220 miles east of Madrid. In a recent year, more than 58,000 students attended the school. Tuition is the same for domestic and international students, and some student housing is available at residence halls owned by or affiliated with the university. The university offers studies in basic and experimental sciences, engineering, health sciences, humanities, education, and social, economic and legal sciences. Several international dual degree programs – in which students spend time studying at a partner university abroad – are offered at the undergraduate level. The primary language of instruction is Spanish, but some bachelor's and master's degree programs are partially or fully English-taught. Some of the English-taught master's offerings include programs in international business management as well as economics. Catalan is also spoken at the institution. The university’s academic calendar is semester-based. The University of Valencia Science Park contains research institutes as well as a business area that is home to more than 70 companies that focus mainly on biotechnology or information and communication technologies. Research Institutes at the science park include the Institute of Materials Science, the Institute of Molecular Science and the Image Processing Laboratory. Another university research facility is the century-old Astronomical Observatory that houses three telescopes and two all-sky cameras.",,https://www.usnews.com/education/best-global-universities/university-of-valencia-504510
taylors-university,Taylor's University,Malaysia,Asia,Kuala Lumpur,,https://www.topuniversities.com/universities/taylors-university,https://www.usnews.com/education/best-global-universities/taylors-university-530202
charles-university,Charles University,Czechia,Europe,Prague,,https://www.topuniversities.com/universities/charles-university,
university-sussex,University of Sussex,United Kingdom,Europe,Brighton,,https://www.topuniversities.com/universities/university-sussex,https://www.usnews.com/education/best-global-universities/university-of-sussex-503906
university-galway,University of Galway,Ireland,Europe,Galway,,https://www.topuniversities.com/universities/university-galway,
university-bergen,University of Bergen,Norway,Europe,Bergen,,https://www.topuniversities.com/universities/university-bergen,https://www.usnews.com/education/best-global-universities/university-of-bergen-500374
tufts-university,Tufts University,United States,North America,Medford,,https://www.topuniversities.com/universities/tufts-university,https://www.usnews.com/education/best-global-universities/tufts-university-168148
universitas-airlangga,Universitas Airlangga,Indonesia,Asia,Surabaya,,https://www.topuniversities.com/universities/universitas-airlangga,https://www.usnews.com/education/best-global-universities/airlangga-university-530221
universidade-estadual-de-campinas-unicamp,Universidade Estadual de Campinas (Unicamp),Brazil,Latin America,Campinas,,https://www.topuniversities.com/universities/universidade-estadual-de-campinas-unicamp,
university-southern-denmark-sdu,University of Southern Denmark (SDU),Denmark,Europe,Odense,,https://www.topuniversities.com/universities/university-southern-denmark-sdu,https://www.usnews.com/education/best-global-universities/university-of-southern-denmark-500382
istanbul-technical-university,Istanbul Technical University,Türkiye,Asia,Istanbul,,https://www.topuniversities.com/universities/istanbul-technical-university,https://www.usnews.com/education/best-global-universities/istanbul-technical-university-503684
university-navarra,University of Navarra,Spain,Europe,Pamplona,,https://www.topuniversities.com/universities/university-navarra,https://www.usnews.com/education/best-global-universities/university-of-navarra-500141
shanghai-university,Shanghai University,China (Mainland),Asia,Shanghai,,https://www.topuniversities.com/universities/shanghai-university,https://www.usnews.com/education/best-global-universities/shanghai-university-504274
al-azhar-university,Al-Azhar University,Egypt,Africa,Cairo,,https://www.topuniversities.com/universities/al-azhar-university,https://www.usnews.com/education/best-global-universities/al-azhar-university-508017
university-johannesburg,University of Johannesburg,South Africa,Africa,Johannesburg,,https://www.topuniversities.com/universities/university-johannesburg,https://www.usnews.com/education/best-global-universities/university-of-johannesburg-528854
university-tartu,University of Tartu,Estonia,Europe,Tartu,,https://www.topuniversities.com/universities/university-tartu,https://www.usnews.com/education/best-global-universities/university-of-tartu-502553
usn-northwest-af-university-china-503600,Northwest A&F University - China,China,,Shaanxi,,,https://www.usnews.com/education/best-global-universities/northwest-af-university-china-503600
usn-universite-de-bordeaux-528820,Universite de Bordeaux,France,Europe,Talence,,,https://www.usnews.com/education/best-global-universities/universite-de-bordeaux-528820
ucsi-university,UCSI University,Malaysia,Asia,Kuala Lumpur,,https://www.topuniversities.com/universities/ucsi-university,https://www.usnews.com/education/best-global-universities/ucsi-university-530211
radboud-university,Radboud University,Netherlands,Europe,Nijmegen,,https://www.topuniversities.com/universities/radboud-university,
usn-virginia-tech-233921,Virginia Tech,United States,North America,Blacksburg,,,https://www.usnews.com/education/best-global-universities/virginia-tech-233921
institut-teknologi-bandung-itb,Institut Teknologi Bandung (ITB),Indonesia,Asia,Bandung,,https://www.topuniversities.com/universities/institut-teknologi-bandung-itb,
university-aberdeen,University of Aberdeen,United Kingdom,Europe,Aberdeen,,https://www.topuniversities.com/universities/university-aberdeen,https://www.usnews.com/education/best-global-universities/university-of-aberdeen-501749
aalborg-university,Aalborg University,Denmark,Europe,"Aalborg,",,https://www.topuniversities.com/universities/aalborg-university,https://www.usnews.com/education/best-global-universities/aalborg-university-501276
georgetown-university,Georgetown University,United States,North America,Washington D.C.,,https://www.topuniversities.com/universities/georgetown-university,https://www.usnews.com/education/best-global-universities/georgetown-university-131496
university-warsaw,University of Warsaw,Poland,Europe,Warsaw,,https://www.topuniversities.com/universities/university-warsaw,https://www.usnews.com/education/best-global-universities/university-of-warsaw-502726
usn-ain-shams-university-500744,Ain Shams University,Egypt,Africa,Cairo,,,https://www.usnews.com/education/best-global-universities/ain-shams-university-500744
usn-westlake-university-530200,Westlake University,China,,Hangzhou,,,https://www.usnews.com/education/best-global-universities/westlake-university-530200
universidad-nacional-de-colombia,Universidad Nacional de Colombia,Colombia,Latin America,Bogotá,,https://www.topuniversities.com/universities/universidad-nacional-de-colombia,https://www.usnews.com/education/best-global-universities/universidad-nacional-de-colombia-505620
university-waikato,University of Waikato,New Zealand,Oceania,Hamilton,,https://www.topuniversities.com/universities/university-waikato,https://www.usnews.com/education/best-global-universities/university-of-waikato-528934
vrije-universiteit-brussel-vub,Vrije Universiteit Brussel (VUB),Belgium,Europe,Brussels,,https://www.topuniversities.com/universities/vrije-universiteit-brussel-vub,
stellenbosch-university,Stellenbosch University,South Africa,Africa,Stellenbosch,,https://www.topuniversities.com/universities/stellenbosch-university,https://www.usnews.com/education/best-global-universities/stellenbosch-university-500980
university-texas-san-antonio,The University of Texas at San Antonio,United States,North America,San Antonio,,https://www.topuniversities.com/universities/university-texas-san-antonio,https://www.usnews.com/education/best-global-universities/university-of-texas-san-antonio-229027
dalhousie-university,Dalhousie University,Canada,North America,Nova Scotia,,https://www.topuniversities.com/universities/dalhousie-university,https://www.usnews.com/education/best-global-universities/dalhousie-university-499990
ulsan-national-institute-science-technology-unist,Ulsan National Institute of Science and Technology (UNIST),South Korea,Asia,Ulsan,,https://www.topuniversities.com/universities/ulsan-national-institute-science-technology-unist,https://www.usnews.com/education/best-global-universities/ulsan-national-institute-of-science-and-technology-528883
universitat-leipzig,Universität Leipzig,Germany,Europe,Leipzig,,https://www.topuniversities.com/universities/universitat-leipzig,https://www.usnews.com/education/best-global-universities/leipzig-university-503504
wuhan-university-technology,Wuhan University of Technology,China (Mainland),Asia,Wuhan,,https://www.topuniversities.com/universities/wuhan-university-technology,https://www.usnews.com/education/best-global-universities/wuhan-university-of-technology-506361
usn-karlsruhe-institute-of-technology-502442,Karlsruhe Institute of Technology,Germany,Europe,Karlsruhe,,,https://www.usnews.com/education/best-global-universities/karlsruhe-institute-of-technology-502442
usn-university-of-milan-bicocca-501339,University of Milan - Bicocca,Italy,Europe,Milan,,,https://www.usnews.com/education/best-global-universities/university-of-milan-bicocca-501339
university-notre-dame,University of Notre Dame,United States,North America,Notre Dame,,https://www.topuniversities.com/universities/university-notre-dame,https://www.usnews.com/education/best-global-universities/university-of-notre-dame-152080
universite-paris-cite,Université Paris Cité,France,Europe,Paris,,https://www.topuniversities.com/universities/universite-paris-cite,
alexandria-university,Alexandria University,Egypt,Africa,Alexandria,,https://www.topuniversities.com/universities/alexandria-university,https://www.usnews.com/education/best-global-universities/alexandria-university-509708
zagazig-university,Zagazig University,Egypt,Africa,Zagazig,,https://www.topuniversities.com/universities/zagazig-university,https://www.usnews.com/education/best-global-universities/zagazig-university-514033
middle-east-technical-university,Middle East Technical University,Türkiye,Asia,Ankara,,https://www.topuniversities.com/universities/middle-east-technical-university,https://www.usnews.com/education/best-global-universities/middle-east-technical-university-503271
sultan-qaboos-university,Sultan Qaboos University,Oman,Asia,Seeb,,https://www.topuniversities.com/universities/sultan-qaboos-university,https://www.usnews.com/education/best-global-universities/sultan-qaboos-university-507300
linkoping-university,Linköping University,Sweden,Europe,Linköping,,https://www.topuniversities.com/universities/linkoping-university,https://www.usnews.com/education/best-global-universities/linkoping-university-503497
sejong-university,Sejong University,South Korea,Asia,Seoul,,https://www.topuniversities.com/universities/sejong-university,https://www.usnews.com/education/best-global-universities/sejong-university-528964
king-khalid-university,King Khalid University,Saudi Arabia,Asia,Abha,,https://www.topuniversities.com/universities/king-khalid-university,https://www.usnews.com/education/best-global-universities/king-khalid-university-529704
kyung-hee-university,Kyung Hee University,South Korea,Asia,Seoul,,https://www.topuniversities.com/universities/kyung-hee-university,https://www.usnews.com/education/best-global-universities/kyung-hee-university-501161
usn-university-of-erlangen-nuremberg-504002,University of Erlangen Nuremberg,Germany,Europe,Erlangen,,,https://www.usnews.com/education/best-global-universities/university-of-erlangen-nuremberg-504002
simon-fraser-university,Simon Fraser University,Canada,North America,Burnaby,,https://www.topuniversities.com/universities/simon-fraser-university,https://www.usnews.com/education/best-global-universities/simon-fraser-university-499981
university-connecticut,University of Connecticut,United States,North America,Storrs,,https://www.topuniversities.com/universities/university-connecticut,https://www.usnews.com/education/best-global-universities/university-of-connecticut-129020
soochow-university,Soochow University,China (Mainland),Asia,Suzhou,,https://www.topuniversities.com/universities/soochow-university,https://www.usnews.com/education/best-global-universities/soochow-university-506714
rutgers-university-new-brunswick,Rutgers University–New Brunswick,United States,North America,New Brunswick,,https://www.topuniversities.com/universities/rutgers-university-new-brunswick,
universidad-carlos-iii-de-madrid-uc3m,Universidad Carlos III de Madrid (UC3M),Spain,Europe,Madrid,,https://www.topuniversities.com/universities/universidad-carlos-iii-de-madrid-uc3m,https://www.usnews.com/education/best-global-universities/universidad-carlos-iii-de-madrid-500603
university-tehran,University of Tehran,Iran,Asia,Tehran,,https://www.topuniversities.com/universities/university-tehran,https://www.usnews.com/education/best-global-universities/university-of-tehran-504903
florida-state-university,Florida State University,United States,North America,Tallahassee,,https://www.topuniversities.com/universities/florida-state-university,https://www.usnews.com/education/best-global-universities/florida-state-university-134097
universitat-duisburg-essen,Universität Duisburg-Essen,Germany,Europe,Duisburg,,https://www.topuniversities.com/universities/universitat-duisburg-essen,https://www.usnews.com/education/best-global-universities/university-of-duisburg-essen-505327
university-lagos,University of Lagos,Nigeria,Africa,Lagos,,https://www.topuniversities.com/universities/university-lagos,https://www.usnews.com/education/best-global-universities/university-of-lagos-529618
bauman-moscow-state-technical-university,Bauman Moscow State Technical University,Russia,Europe,Moscow,,https://www.topuniversities.com/universities/bauman-moscow-state-technical-university,https://www.usnews.com/education/best-global-universities/bauman-moscow-state-technical-university-529661
universitat-stuttgart,Universität Stuttgart,Germany,Europe,Stuttgart,,https://www.topuniversities.com/universities/universitat-stuttgart,https://www.usnews.com/education/best-global-universities/university-of-stuttgart-506202
nanjing-agricultural-university,Nanjing Agricultural University,China (Mainland),Asia,Nanjing,,https://www.topuniversities.com/universities/nanjing-agricultural-university,https://www.usnews.com/education/best-global-universities/nanjing-agricultural-university-506399
usn-city-st-georges-university-of-london-530530,"City St Georges, University of London",United Kingdom,Europe,London,,,https://www.usnews.com/education/best-global-universities/city-st-georges-university-of-london-530530
north-carolina-state-university,North Carolina State University,United States,North America,Raleigh,,https://www.topuniversities.com/universities/north-carolina-state-university,
universite-grenoble-alpes,Université Grenoble Alpes,France,Europe,Grenoble,,https://www.topuniversities.com/universities/universite-grenoble-alpes,https://www.usnews.com/education/best-global-universities/universite-grenoble-alpes-uga-528916
australian-catholic-university,Australian Catholic University,Australia,Oceania,Melbourne,,https://www.topuniversities.com/universities/australian-catholic-university,https://www.usnews.com/education/best-global-universities/australian-catholic-university-529148
swansea-university,Swansea University,United Kingdom,Europe,Swansea,,https://www.topuniversities.com/universities/swansea-university,https://www.usnews.com/education/best-global-universities/swansea-university-505583
university-delhi,University of Delhi,India,Asia,New Delhi,,https://www.topuniversities.com/universities/university-delhi,https://www.usnews.com/education/best-global-universities/university-of-delhi-504916
york-university,York University,Canada,North America,Toronto,,https://www.topuniversities.com/universities/york-university,https://www.usnews.com/education/best-global-universities/university-of-york-505776
university-maryland-baltimore,"University of Maryland, Baltimore",United States,North America,Baltimore,,https://www.topuniversities.com/universities/university-maryland-baltimore,https://www.usnews.com/education/best-global-universities/university-of-maryland-baltimore-163259
usn-king-fahd-university-of-petroleum-and-minerals-kfupm-506100,King Fahd University of Petroleum and Minerals (KFUPM),Saudi Arabia,Asia,Dhahran,,,https://www.usnews.com/education/best-global-universities/king-fahd-university-of-petroleum-and-minerals-kfupm-506100
jinan-university-china,Jinan University (China),China (Mainland),Asia,Guangzhou,,https://www.topuniversities.com/universities/jinan-university-china,https://www.usnews.com/education/best-global-universities/jinan-university-505051
universitat-potsdam,Universität Potsdam,Germany,Europe,Potsdam,,https://www.topuniversities.com/universities/universitat-potsdam,https://www.usnews.com/education/best-global-universities/university-of-potsdam-505430
usn-university-of-texas-health-science-center-houston-229300,University of Texas Health Science Center--Houston,United States,North America,Houston,,,https://www.usnews.com/education/best-global-universities/university-of-texas-health-science-center-houston-229300
heriot-watt-university,Heriot-Watt University,United Kingdom,Europe,Edinburgh,,https://www.topuniversities.com/universities/heriot-watt-university,https://www.usnews.com/education/best-global-universities/heriot-watt-university-506192
university-jordan,University of Jordan,Jordan,Asia,Amman,,https://www.topuniversities.com/universities/university-jordan,https://www.usnews.com/education/best-global-universities/university-of-jordan-512144
university-pretoria,University of Pretoria,South Africa,Africa,Pretoria,,https://www.topuniversities.com/universities/university-pretoria,https://www.usnews.com/education/best-global-universities/university-of-pretoria-501543
jagiellonian-university,Jagiellonian University,Poland,Europe,Krakow,,https://www.topuniversities.com/universities/jagiellonian-university,https://www.usnews.com/education/best-global-universities/jagiellonian-university-500039
koc-university,Koç University,Türkiye,Asia,Istanbul,,https://www.topuniversities.com/universities/koc-university,https://www.usnews.com/education/best-global-universities/koc-university-528923
usn-university-of-strasbourg-501292,University of Strasbourg,France,Europe,Strasbourg,"The Université de Strasbourg traces its roots back to 1538, though it was not until 2009 that three separate universities merged to form the institution as it exists today. The university is a public institution located in the city of Strasbourg in northeastern France, near the country’s border with Germany. In a recent year, more than 46,500 students attended the multicampus institution, and around 36 percent of them pursued bachelor’s degrees. Roughly one-fifth of the total student body was international during that same year. The cost to attend the university is the same for native and international degree-seeking students, and student housing is available through the public organization CROUS. Studies at the university are offered across five broad academic disciplines: arts, literature and languages; law, economics, management, political and social sciences; social sciences and humanities; science and technology; and health. The primary language of instruction is French, but several graduate-level degrees are taught partially in English. The university follows a semester-based academic calendar. The Université de Strasbourg belongs to a network of five universities located in the Upper Rhine Valley called EUCOR. These universities – Strasbourg and the Université de Haute-Alsace in France, the University of Freiburg and the Karlsruhe Institute of Technology in Germany and the University of Basel in Switzerland – cooperate on joint academic and research programs. Students at these universities can take courses at other EUCOR institutions without having to pay additional fees. Among the Université de Strasbourg’s research units are the Centre for the Analysis of Antique Religious Rhetoric, the Institute of Supramolecular Science and Engineering and the Institute of Cellular and Integrative Neurosciences.",,https://www.usnews.com/education/best-global-universities/university-of-strasbourg-501292
usn-university-paul-sabatier-toulouse-3-503302,University Paul Sabatier - Toulouse 3,France,Europe,Toulouse,,,https://www.usnews.com/education/best-global-universities/university-paul-sabatier-toulouse-3-503302
universitat-innsbruck,Universität Innsbruck,Austria,Europe,Innsbruck,"The University of Innsbruck is a public institution that was founded in 1669. The university is located in Innsbruck, Austria, in the Alps region. The institution has four main campuses – Innrain, Sport, Technik and Universitätsstraße. In a recent year, around 40 percent of the University of Innsbruck student body was international. Students from European Union and European Economic Area countries are not charged tuition, but students from outside these areas pay relatively low tuition costs. The university does not offer its own student housing. The university has 16 main academic divisions that cover a variety of fields, including biology, economics and statistics, engineering science, management, and political science and sociology. Overall, the institution offers more than 100 different academic programs. The university used to have medical division, but in 2004 it became its own institution: the Medical University of Innsbruck. The university's primary language of instruction is German, but some English-taught programs are available, including master's programs in applied economics, physics and strategic management. The university follows a semester-based academic calendar. The main research areas at the University of Innsbruck are alpine space – man and environment, cultural encounters – cultural conflicts, molecular biosciences, physics and scientific computing. Some of the research centers at the University of Innsbruck are focused on Alpine infrastructure engineering, mountain agriculture, and migration and globalization. The university also has a botanical garden that is used for teaching and research; the garden was created in 1793 and is home to thousands of plant species.",https://www.topuniversities.com/universities/universitat-innsbruck,https://www.usnews.com/education/best-global-universities/university-of-innsbruck-504813
technion-israel-institute-technology,Technion - Israel Institute of Technology,Israel,Asia,Haifa,,https://www.topuniversities.com/universities/technion-israel-institute-technology,https://www.usnews.com/education/best-global-universities/technion-israel-institute-of-technology-505919
indian-institute-technology-roorkee-iitr,Indian Institute of Technology Roorkee (IITR),India,Asia,Roorkee,,https://www.topuniversities.com/universities/indian-institute-technology-roorkee-iitr,https://www.usnews.com/education/best-global-universities/indian-institute-of-technology-roorkee-528828
university-georgia,The University of Georgia,United States,North America,Athens,,https://www.topuniversities.com/universities/university-georgia,https://www.usnews.com/education/best-global-universities/university-of-georgia-139959
usn-pontificia-university-catolica-de-chile-506168,Pontificia University Católica de Chile,Chile,Latin America,Santiago,,,https://www.usnews.com/education/best-global-universities/pontificia-university-catolica-de-chile-506168
usn-university-of-tennessee-221759,University of Tennessee,United States,North America,Knoxville,,,https://www.usnews.com/education/best-global-universities/university-of-tennessee-221759
universidade-nova-de-lisboa,Universidade Nova de Lisboa,Portugal,Europe,Lisbon,,https://www.topuniversities.com/universities/universidade-nova-de-lisboa,
ln-gumilyov-eurasian-national-university-enu,L.N. Gumilyov Eurasian National University (ENU),Kazakhstan,Asia,Astana,,https://www.topuniversities.com/universities/ln-gumilyov-eurasian-national-university-enu,https://www.usnews.com/education/best-global-universities/ln-gumilyov-eurasian-national-university-530622
usn-khalifa-university-of-science-and-technology-529390,Khalifa University of Science and Technology,United Arab Emirates,Asia,Abu Dhabi,,,https://www.usnews.com/education/best-global-universities/khalifa-university-of-science-and-technology-529390
usn-polytechnic-university-of-milan-502229,Polytechnic University of Milan,Italy,Europe,Milan,,,https://www.usnews.com/education/best-global-universities/polytechnic-university-of-milan-502229
usn-scuola-normale-superiore-di-pisa-504541,Scuola Normale Superiore di Pisa,Italy,Europe,Pisa,"The Scuola Normale Superiore di Pisa is a public institution that was founded in 1810. The university is located in Pisa, Italy, enrolls just several hundred students and offers free tuition. The university provides students with free housing in several dormitories – Collegio Faedo, Collegio Carducci, Collegio Timpano and Collegio Fermi – as well as a residence for doctoral students in Florence. If there is not space for graduate students in the dormitories, they are given a stipend to pay for outside accommodations. Students at the Scuola Normale can also receive free meals. The university has a handful of academic divisions: humanities, mathematical and natural sciences, and the Institute of Humanities and Social Sciences, which focuses on doctoral studies and is located in Florence. Students enrolled at the institution take courses from both the Scuola Normale and the University of Pisa. After three years of study, students receive a degree from the University of Pisa as well as a specialized diploma from Scuola. After two additional years of study, students can earn a master's degree from the University of Pisa and another specialized diploma from Scuola. The primary language of instruction is Italian, and classes are commonly taught in seminar style. The university’s research bodies include the Centre for Data Processing of Texts and Images in the Literary Tradition; the Bio@SNS Laboratory, focused on the study of the brain; and the Laboratory of Sciences of Antiquity.",,https://www.usnews.com/education/best-global-universities/scuola-normale-superiore-di-pisa-504541
university-coimbra,University of Coimbra,Portugal,Europe,Coimbra,,https://www.topuniversities.com/universities/university-coimbra,https://www.usnews.com/education/best-global-universities/university-of-coimbra-501040
university-rome-tor-vergata,"University of Rome ""Tor Vergata""",Italy,Europe,Rome,,https://www.topuniversities.com/universities/university-rome-tor-vergata,https://www.usnews.com/education/best-global-universities/university-of-rome-tor-vergata-500808
renmin-peoples-university-china,Renmin (People's) University of China,China (Mainland),Asia,Beijing,,https://www.topuniversities.com/universities/renmin-peoples-university-china,https://www.usnews.com/education/best-global-universities/renmin-university-of-china-528921
usn-catholic-university-of-sacred-heart-503167,Catholic University of Sacred Heart,Italy,Europe,Milan,,,https://www.usnews.com/education/best-global-universities/catholic-university-of-sacred-heart-503167
bogazici-university,Boğaziçi University,Türkiye,Asia,Istanbul,,https://www.topuniversities.com/universities/bogazici-university,https://www.usnews.com/education/best-global-universities/bogazici-university-504066
mahidol-university,Mahidol University,Thailand,Asia,Nakhon Pathom,,https://www.topuniversities.com/universities/mahidol-university,https://www.usnews.com/education/best-global-universities/mahidol-university-503481
universiti-brunei-darussalam-ubd,Universiti Brunei Darussalam (UBD),Brunei,Asia,Bandar Seri Begawan,,https://www.topuniversities.com/universities/universiti-brunei-darussalam-ubd,https://www.usnews.com/education/best-global-universities/university-brunei-darussalam-530207
university-southern-queensland,University of Southern Queensland,Australia,Oceania,Toowoomba,,https://www.topuniversities.com/universities/university-southern-queensland,https://www.usnews.com/education/best-global-universities/university-of-southern-queensland-529601
colorado-state-university,Colorado State University,United States,North America,Fort Collins,,https://www.topuniversities.com/universities/colorado-state-university,https://www.usnews.com/education/best-global-universities/colorado-state-university-126818
abu-dhabi-university,Abu Dhabi University,United Arab Emirates,Asia,Abu Dhabi,,https://www.topuniversities.com/universities/abu-dhabi-university,https://www.usnews.com/education/best-global-universities/abu-dhabi-university-512067
university-oulu,University of Oulu,Finland,Europe,Oulu,,https://www.topuniversities.com/universities/university-oulu,https://www.usnews.com/education/best-global-universities/university-of-oulu-502651
usn-university-of-buenos-aires-504821,University of Buenos Aires,Argentina,Latin America,Buenos Aires,,,https://www.usnews.com/education/best-global-universities/university-of-buenos-aires-504821
indian-institute-technology-guwahati-iitg,Indian Institute of Technology Guwahati (IITG),India,Asia,Guwahati,,https://www.topuniversities.com/universities/indian-institute-technology-guwahati-iitg,https://www.usnews.com/education/best-global-universities/indian-institute-of-technology-guwahati-528994
satbayev-university,Satbayev University,Kazakhstan,Asia,Almaty,,https://www.topuniversities.com/universities/satbayev-university,
university-tsukuba,University of Tsukuba,Japan,Asia,Tsukuba City,,https://www.topuniversities.com/universities/university-tsukuba,https://www.usnews.com/education/best-global-universities/university-of-tsukuba-506429
universite-de-lille,Université de Lille,France,Europe,Lille,,https://www.topuniversities.com/universities/universite-de-lille,https://www.usnews.com/education/best-global-universities/universite-de-lille-529680
huazhong-agricultural-university,Huazhong Agricultural University,China (Mainland),Asia,Wuhan,,https://www.topuniversities.com/universities/huazhong-agricultural-university,https://www.usnews.com/education/best-global-universities/huazhong-agricultural-university-503034
usn-china-medical-university-taiwan-503180,China Medical University Taiwan,Taiwan,Asia,Taichung,,,https://www.usnews.com/education/best-global-universities/china-medical-university-taiwan-503180
usn-shanghaitech-university-529508,ShanghaiTech University,China,,Pudong,,,https://www.usnews.com/education/best-global-universities/shanghaitech-university-529508
brunel-university-london,Brunel University of London,United Kingdom,Europe,London,,https://www.topuniversities.com/universities/brunel-university-london,
birkbeck-university-london,"Birkbeck, University of London",United Kingdom,Europe,London,,https://www.topuniversities.com/universities/birkbeck-university-london,https://www.usnews.com/education/best-global-universities/birkbeck-university-london-506805
sciences-po,Sciences Po,France,Europe,Paris,,https://www.topuniversities.com/universities/sciences-po,
sunway-university,Sunway University,Malaysia,Asia,Kuala Lumpur,,https://www.topuniversities.com/universities/sunway-university,https://www.usnews.com/education/best-global-universities/sunway-university-530043
university-science-technology-beijing,University of Science and Technology Beijing,China (Mainland),Asia,Beijing,,https://www.topuniversities.com/universities/university-science-technology-beijing,https://www.usnews.com/education/best-global-universities/university-of-science-and-technology-beijing-506176
usn-national-autonomous-university-of-mexico-502101,National Autonomous University of Mexico,Mexico,Latin America,Mexico City,,,https://www.usnews.com/education/best-global-universities/national-autonomous-university-of-mexico-502101
pontificia-universidad-catolica-del-peru-pucp,Pontificia Universidad Catolica del Peru (PUCP),Peru,Latin America,Lima,,https://www.topuniversities.com/universities/pontificia-universidad-catolica-del-peru-pucp,https://www.usnews.com/education/best-global-universities/pontificia-universidad-catolica-del-peru-529791
sabanci-university,Sabanci University,Türkiye,Asia,Istanbul,,https://www.topuniversities.com/universities/sabanci-university,https://www.usnews.com/education/best-global-universities/sabanci-university-529533
university-kansas,University of Kansas,United States,North America,Lawrence,,https://www.topuniversities.com/universities/university-kansas,https://www.usnews.com/education/best-global-universities/university-of-kansas-155317
jiangnan-university,Jiangnan University,China (Mainland),Asia,Wuxi,,https://www.topuniversities.com/universities/jiangnan-university,https://www.usnews.com/education/best-global-universities/jiangnan-university-504800
rudn-university,RUDN University,Russia,Europe,Moscow,,https://www.topuniversities.com/universities/rudn-university,
beijing-university-chemical-technology,Beijing University of Chemical Technology,China (Mainland),Asia,Beijing,,https://www.topuniversities.com/universities/beijing-university-chemical-technology,https://www.usnews.com/education/best-global-universities/beijing-university-of-chemical-technology-501098
usn-state-university-of-campinas-504975,State University of Campinas,Brazil,Latin America,Campinas,,,https://www.usnews.com/education/best-global-universities/state-university-of-campinas-504975
city-st-georges-university-london,"City St George’s, University of London",United Kingdom,Europe,London,,https://www.topuniversities.com/universities/city-st-georges-university-london,
university-turku,University of Turku,Finland,Europe,Turku,,https://www.topuniversities.com/universities/university-turku,https://www.usnews.com/education/best-global-universities/university-of-turku-504089
university-south-florida,University of South Florida,United States,North America,Tampa,,https://www.topuniversities.com/universities/university-south-florida,https://www.usnews.com/education/best-global-universities/university-of-south-florida-137351
universidad-politecnica-de-madrid-upm,Universidad Politécnica de Madrid (UPM),Spain,Europe,Madrid,,https://www.topuniversities.com/universities/universidad-politecnica-de-madrid-upm,
universite-de-liege,Université de Liège,Belgium,Europe,Liège,,https://www.topuniversities.com/universities/universite-de-liege,
ruhr-universitat-bochum,Ruhr-Universität Bochum,Germany,Europe,Bochum,,https://www.topuniversities.com/universities/ruhr-universitat-bochum,https://www.usnews.com/education/best-global-universities/ruhr-university-bochum-500459
temple-university,Temple University,United States,North America,Philadelphia,,https://www.topuniversities.com/universities/temple-university,https://www.usnews.com/education/best-global-universities/temple-university-216339
usn-free-university-of-brussels-504942,Free University of Brussels,Belgium,Europe,Elsene,,,https://www.usnews.com/education/best-global-universities/free-university-of-brussels-504942
usn-university-of-pavia-502948,University of Pavia,Italy,Europe,Pavia,,,https://www.usnews.com/education/best-global-universities/university-of-pavia-502948
virginia-polytechnic-institute-state-university,Virginia Polytechnic Institute and State University,United States,North America,Blacksburg,,https://www.topuniversities.com/universities/virginia-polytechnic-institute-state-university,
universidade-federal-do-rio-de-janeiro,Universidade Federal do Rio de Janeiro,Brazil,Latin America,Rio de Janeiro,,https://www.topuniversities.com/universities/universidade-federal-do-rio-de-janeiro,
university-buffalo-suny,University at Buffalo SUNY,United States,North America,Buffalo,,https://www.topuniversities.com/universities/university-buffalo-suny,https://www.usnews.com/education/best-global-universities/university-at-buffalo-suny-196088
university-granada,University of Granada,Spain,Europe,Granada,,https://www.topuniversities.com/universities/university-granada,https://www.usnews.com/education/best-global-universities/university-of-granada-505316
university-victoria-uvic,University of Victoria (UVic),Canada,North America,Victoria,,https://www.topuniversities.com/universities/university-victoria-uvic,https://www.usnews.com/education/best-global-universities/university-of-victoria-499967
university-trento,University of Trento,Italy,Europe,Trento,,https://www.topuniversities.com/universities/university-trento,https://www.usnews.com/education/best-global-universities/university-of-trento-504044
tulane-university,Tulane University,United States,North America,New Orleans,,https://www.topuniversities.com/universities/tulane-university,https://www.usnews.com/education/best-global-universities/tulane-university-160755
universite-claude-bernard-lyon-1,Université Claude Bernard Lyon 1,France,Europe,Villeurbanne,,https://www.topuniversities.com/universities/universite-claude-bernard-lyon-1,https://www.usnews.com/education/best-global-universities/claude-bernard-university-lyon-1-500870
flinders-university,Flinders University,Australia,Oceania,Adelaide,,https://www.topuniversities.com/universities/flinders-university,https://www.usnews.com/education/best-global-universities/flinders-university-504837
goethe-university-frankfurt-am-main,Goethe-University Frankfurt am Main,Germany,Europe,Frankfurt am Main,,https://www.topuniversities.com/universities/goethe-university-frankfurt-am-main,
university-luxembourg,University of Luxembourg,Luxembourg,Europe,Alzette,,https://www.topuniversities.com/universities/university-luxembourg,https://www.usnews.com/education/best-global-universities/university-of-luxembourg-528945
national-technical-university-athens,National Technical University of Athens,Greece,Europe,Athens,,https://www.topuniversities.com/universities/national-technical-university-athens,https://www.usnews.com/education/best-global-universities/national-technical-university-of-athens-505449
xidian-university,Xidian University,China (Mainland),Asia,Xi'an,,https://www.topuniversities.com/universities/xidian-university,https://www.usnews.com/education/best-global-universities/xidian-university-506871
usn-peking-union-medical-college-529794,Peking Union Medical College,China,,Beijing,,,https://www.usnews.com/education/best-global-universities/peking-union-medical-college-529794
gwangju-institute-science-technology-gist,Gwangju Institute of Science and Technology (GIST),South Korea,Asia,Gwangju,,https://www.topuniversities.com/universities/gwangju-institute-science-technology-gist,https://www.usnews.com/education/best-global-universities/gwangju-institute-of-science-and-technology-506847
national-taiwan-university-science-technology-taiwan-tech,National Taiwan University of Science and Technology (Taiwan Tech),Taiwan,Asia,Taipei City,,https://www.topuniversities.com/universities/national-taiwan-university-science-technology-taiwan-tech,https://www.usnews.com/education/best-global-universities/national-taiwan-university-of-science-and-technology-501875
quaid-i-azam-university,Quaid-i-Azam University,Pakistan,Asia,Islamabad,,https://www.topuniversities.com/universities/quaid-i-azam-university,https://www.usnews.com/education/best-global-universities/quaid-i-azam-university-503114
university-east-anglia-uea,University of East Anglia (UEA),United Kingdom,Europe,Norwich,,https://www.topuniversities.com/universities/university-east-anglia-uea,https://www.usnews.com/education/best-global-universities/university-of-east-anglia-503561
james-cook-university,James Cook University,Australia,Oceania,Townsville,,https://www.topuniversities.com/universities/james-cook-university,https://www.usnews.com/education/best-global-universities/james-cook-university-506320
usn-fuzhou-university-528832,Fuzhou University,China,,Fuzhou,,,https://www.usnews.com/education/best-global-universities/fuzhou-university-528832
national-university-sciences-technology-nust-islamabad,National University of Sciences & Technology (NUST) Islamabad,Pakistan,Asia,Islamabad,,https://www.topuniversities.com/universities/national-university-sciences-technology-nust-islamabad,
usn-northeastern-university-china-514931,Northeastern University - China,China,,Shenyang,,,https://www.usnews.com/education/best-global-universities/northeastern-university-china-514931
usn-zhejiang-normal-university-529076,Zhejiang Normal University,China,,Jinhua,,,https://www.usnews.com/education/best-global-universities/zhejiang-normal-university-529076
daegu-gyeongbuk-institute-science-technology-dgist,Daegu Gyeongbuk Institute of Science and Technology (DGIST),South Korea,Asia,Daegu,,https://www.topuniversities.com/universities/daegu-gyeongbuk-institute-science-technology-dgist,https://www.usnews.com/education/best-global-universities/daegu-gyeongbuk-institute-of-science-and-technology-529431
university-genoa,University of Genoa,Italy,Europe,Genoa,,https://www.topuniversities.com/universities/university-genoa,https://www.usnews.com/education/best-global-universities/university-of-genoa-503778
usn-nanjing-forestry-university-529506,Nanjing Forestry University,China,,Nanjing,,,https://www.usnews.com/education/best-global-universities/nanjing-forestry-university-529506
usn-university-of-kiel-504681,University of Kiel,Germany,Europe,Kiel,,,https://www.usnews.com/education/best-global-universities/university-of-kiel-504681
universita-cattolica-del-sacro-cuore,Università Cattolica del Sacro Cuore,Italy,Europe,Milan,,https://www.topuniversities.com/universities/universita-cattolica-del-sacro-cuore,
university-limerick,University of Limerick,Ireland,Europe,Limerick,,https://www.topuniversities.com/universities/university-limerick,https://www.usnews.com/education/best-global-universities/university-of-limerick-528976
lut-university,LUT University,Finland,Europe,Lappeenranta,,https://www.topuniversities.com/universities/lut-university,
saint-petersburg-state-university,Saint Petersburg State University,Russia,Europe,Saint Petersburg,,https://www.topuniversities.com/universities/saint-petersburg-state-university,https://www.usnews.com/education/best-global-universities/saint-petersburg-state-university-502182
sharif-university-technology,Sharif University of Technology,Iran,Asia,Tehran,,https://www.topuniversities.com/universities/sharif-university-technology,https://www.usnews.com/education/best-global-universities/sharif-university-of-technology-502898
american-university-cairo,The American University in Cairo,Egypt,Africa,Cairo,,https://www.topuniversities.com/universities/american-university-cairo,
university-houston,University of Houston,United States,North America,Houston,,https://www.topuniversities.com/universities/university-houston,https://www.usnews.com/education/best-global-universities/university-of-houston-225511
aristotle-university-thessaloniki,Aristotle University of Thessaloniki,Greece,Europe,Thessaloniki,,https://www.topuniversities.com/universities/aristotle-university-thessaloniki,https://www.usnews.com/education/best-global-universities/aristotle-university-of-thessaloniki-506056
usn-university-of-south-carolina-columbia-218663,University of South Carolina--Columbia,United States,North America,Columbia,,,https://www.usnews.com/education/best-global-universities/university-of-south-carolina-columbia-218663
duy-tan-university,Duy Tan University,Vietnam,Asia,Da Nang,,https://www.topuniversities.com/universities/duy-tan-university,https://www.usnews.com/education/best-global-universities/duy-tan-university-529795
university-central-florida,University of Central Florida,United States,North America,Orlando,,https://www.topuniversities.com/universities/university-central-florida,https://www.usnews.com/education/best-global-universities/university-of-central-florida-132903
pontificia-universidad-javeriana,Pontificia Universidad Javeriana,Colombia,Latin America,Bogotá,,https://www.topuniversities.com/universities/pontificia-universidad-javeriana,https://www.usnews.com/education/best-global-universities/pontificia-universidad-javeriana-529596
universita-degli-studi-di-pavia,Università degli Studi di Pavia,Italy,Europe,Pavia,,https://www.topuniversities.com/universities/universita-degli-studi-di-pavia,
ajman-university,Ajman University,United Arab Emirates,Asia,Ajman,,https://www.topuniversities.com/universities/ajman-university,https://www.usnews.com/education/best-global-universities/ajman-university-530219
macau-university-science-technology,Macau University of Science and Technology,Macau SAR,Asia,Macau,,https://www.topuniversities.com/universities/macau-university-science-technology,https://www.usnews.com/education/best-global-universities/macau-university-of-science-and-technology-529500
iowa-state-university,Iowa State University,United States,North America,Ames,,https://www.topuniversities.com/universities/iowa-state-university,https://www.usnews.com/education/best-global-universities/iowa-state-university-153603
ulm-university,Ulm University,Germany,Europe,Ulm,,https://www.topuniversities.com/universities/ulm-university,https://www.usnews.com/education/best-global-universities/university-of-ulm-502475
virginia-commonwealth-university,Virginia Commonwealth University,United States,North America,Richmond,,https://www.topuniversities.com/universities/virginia-commonwealth-university,https://www.usnews.com/education/best-global-universities/virginia-commonwealth-university-234030
university-philippines,University of the Philippines,Philippines,Asia,Quezon City,,https://www.topuniversities.com/universities/university-philippines,
university-trieste,University of Trieste,Italy,Europe,Trieste,"The University of Trieste is a public institution that traces its roots back to 1877 when it was initially started as the School of Commerce. The institution was officially founded as a university in 1924. Its main campus is in Trieste, Italy, a city located east of Venice and near the country's border with Slovenia. The university has other sites in Gorizia, Portogruaro and Pordenone, all in northeastern Italy. Tuition costs vary by academic subject but are the same for domestic and international students. Housing in student residence halls is available through an outside organization. The university's 10 main academic divisions cover a variety of subjects: chemical and pharmaceutical sciences; economic, business, mathematical and statistical sciences; engineering and architecture; humanities; legal, language, interpreting and translation studies; life sciences; mathematics and geosciences; medicine, surgery and health sciences; physics; and political and social sciences. The primary language of instruction is Italian. However, program options are available for English speakers, including English-taught bachelor's degree programs in business and management, as well as a master's program in physics offered jointly with the University of Udine. For the most part, the university uses a semester-based academic calendar. The city of Trieste and the surrounding area are home to a number of research institutions – including the Elettra Synchrotron Light Laboratory and the AREA Science Park – and the university has partnerships with some of them.",https://www.topuniversities.com/universities/university-trieste,https://www.usnews.com/education/best-global-universities/university-of-trieste-500914
assiut-university,Assiut University,Egypt,Africa,Asyut,,https://www.topuniversities.com/universities/assiut-university,https://www.usnews.com/education/best-global-universities/assiut-university-513421
inti-international-university,INTI International University,Malaysia,Asia,Nilai,,https://www.topuniversities.com/universities/inti-international-university,
education-university-hong-kong,The Education University of Hong Kong,Hong Kong SAR,Asia,Hong Kong,,https://www.topuniversities.com/universities/education-university-hong-kong,https://www.usnews.com/education/best-global-universities/the-education-university-of-hong-kong-529062
dublin-city-university,Dublin City University,Ireland,Europe,Dublin,,https://www.topuniversities.com/universities/dublin-city-university,https://www.usnews.com/education/best-global-universities/dublin-city-university-528873
graz-university-technology,Graz University of Technology,Austria,Europe,Graz,,https://www.topuniversities.com/universities/graz-university-technology,https://www.usnews.com/education/best-global-universities/graz-university-of-technology-506184
comsats-university-islamabad,COMSATS University Islamabad,Pakistan,Asia,Islamabad,,https://www.topuniversities.com/universities/comsats-university-islamabad,https://www.usnews.com/education/best-global-universities/comsats-university-islamabad-cui-529200
usn-friedrich-schiller-university-of-jena-500506,Friedrich Schiller University of Jena,Germany,Europe,Jena,,,https://www.usnews.com/education/best-global-universities/friedrich-schiller-university-of-jena-500506
usn-louisiana-state-university-baton-rouge-159391,Louisiana State University--Baton Rouge,United States,North America,Baton Rouge,,,https://www.usnews.com/education/best-global-universities/louisiana-state-university-baton-rouge-159391
usn-polytechnic-university-of-catalonia-501701,Polytechnic University of Catalonia,Spain,Europe,Barcelona,,,https://www.usnews.com/education/best-global-universities/polytechnic-university-of-catalonia-501701
oxford-brookes-university,Oxford Brookes University,United Kingdom,Europe,Oxford,,https://www.topuniversities.com/universities/oxford-brookes-university,https://www.usnews.com/education/best-global-universities/oxford-brookes-university-529009
singapore-management-university,Singapore Management University,Singapore,Asia,Singapore,,https://www.topuniversities.com/universities/singapore-management-university,https://www.usnews.com/education/best-global-universities/singapore-management-university-502117
university-saskatchewan,University of Saskatchewan,Canada,North America,Saskatoon,,https://www.topuniversities.com/universities/university-saskatchewan,https://www.usnews.com/education/best-global-universities/university-of-saskatchewan-499969
university-kent,University of Kent,United Kingdom,Europe,Canterbury,,https://www.topuniversities.com/universities/university-kent,https://www.usnews.com/education/best-global-universities/university-of-kent-500018
usn-queens-university-500946,Queen's University,Canada,North America,Kingston (Canada),,,https://www.usnews.com/education/best-global-universities/queens-university-500946
aston-university,Aston University,United Kingdom,Europe,Birmingham,,https://www.topuniversities.com/universities/aston-university,https://www.usnews.com/education/best-global-universities/aston-university-528938
victoria-university,Victoria University,Australia,Oceania,Footscray,,https://www.topuniversities.com/universities/victoria-university,https://www.usnews.com/education/best-global-universities/university-of-victoria-499967
oregon-state-university,Oregon State University,United States,North America,Corvallis,,https://www.topuniversities.com/universities/oregon-state-university,https://www.usnews.com/education/best-global-universities/oregon-state-university-209542
ipb-university-aka-bogor-agricultural-university,IPB University (aka Bogor Agricultural University),Indonesia,Asia,Bogor,,https://www.topuniversities.com/universities/ipb-university-aka-bogor-agricultural-university,
lincoln-university,Lincoln University,New Zealand,Oceania,Lincoln,,https://www.topuniversities.com/universities/lincoln-university,https://www.usnews.com/education/best-global-universities/university-of-lincoln-529675
prince-mohammad-bin-fahd-university,Prince Mohammad Bin Fahd university,Saudi Arabia,Asia,Al Khobar,,https://www.topuniversities.com/universities/prince-mohammad-bin-fahd-university,https://www.usnews.com/education/best-global-universities/prince-mohammad-bin-fahd-university-530183
university-kwazulu-natal,University of Kwazulu-Natal,South Africa,Africa,Durban,,https://www.topuniversities.com/universities/university-kwazulu-natal,https://www.usnews.com/education/best-global-universities/university-of-kwazulu-natal-504296
usn-university-of-chile-502207,University of Chile,Chile,Latin America,Santiago,,,https://www.usnews.com/education/best-global-universities/university-of-chile-502207
usn-university-of-liege-506253,University of Liège,Belgium,Europe,Liege,,,https://www.usnews.com/education/best-global-universities/university-of-liege-506253
murdoch-university,Murdoch University,Australia,Oceania,Murdoch,,https://www.topuniversities.com/universities/murdoch-university,https://www.usnews.com/education/best-global-universities/murdoch-university-528818
hse-university,HSE University,Russia,Europe,Moscow,,https://www.topuniversities.com/universities/hse-university,
national-taiwan-normal-university-ntnu,National Taiwan Normal University (NTNU),Taiwan,Asia,Taipei City,,https://www.topuniversities.com/universities/national-taiwan-normal-university-ntnu,https://www.usnews.com/education/best-global-universities/national-taiwan-normal-university-503050
universitat-konstanz,Universität Konstanz,Germany,Europe,Konstanz,,https://www.topuniversities.com/universities/universitat-konstanz,https://www.usnews.com/education/best-global-universities/university-of-konstanz-504712
universitat-mannheim,Universität Mannheim,Germany,Europe,Mannheim,,https://www.topuniversities.com/universities/universitat-mannheim,https://www.usnews.com/education/best-global-universities/university-of-mannheim-502865
university-aveiro,University of Aveiro,Portugal,Europe,Aveiro,,https://www.topuniversities.com/universities/university-aveiro,
washington-state-university,Washington State University,United States,North America,Pullman,,https://www.topuniversities.com/universities/washington-state-university,https://www.usnews.com/education/best-global-universities/washington-state-university-236939
lanzhou-university,Lanzhou University,China (Mainland),Asia,Lanzhou,,https://www.topuniversities.com/universities/lanzhou-university,https://www.usnews.com/education/best-global-universities/lanzhou-university-502794
ocean-university-china,Ocean University of China,China (Mainland),Asia,Qingdao,,https://www.topuniversities.com/universities/ocean-university-china,https://www.usnews.com/education/best-global-universities/ocean-university-of-china-502491
tanta-university,Tanta University,Egypt,Africa,Tanta,,https://www.topuniversities.com/universities/tanta-university,https://www.usnews.com/education/best-global-universities/tanta-university-529188
tilburg-university,Tilburg University,Netherlands,Europe,Tilburg,,https://www.topuniversities.com/universities/tilburg-university,https://www.usnews.com/education/best-global-universities/tilburg-university-499980
university-oregon,University of Oregon,United States,North America,Eugene,,https://www.topuniversities.com/universities/university-oregon,https://www.usnews.com/education/best-global-universities/university-of-oregon-209551
university-bari,University of Bari,Italy,Europe,Bari,,https://www.topuniversities.com/universities/university-bari,https://www.usnews.com/education/best-global-universities/university-of-bari-505560
university-kentucky,University of Kentucky,United States,North America,Lexington,,https://www.topuniversities.com/universities/university-kentucky,https://www.usnews.com/education/best-global-universities/university-of-kentucky-157085
central-china-normal-university,Central China Normal University,China (Mainland),Asia,Wuhan,,https://www.topuniversities.com/universities/central-china-normal-university,https://www.usnews.com/education/best-global-universities/central-china-normal-university-501632
usn-federal-university-of-rio-grande-do-sul-500468,Federal University of Rio Grande do Sul,Brazil,Latin America,Porto Alegre,,,https://www.usnews.com/education/best-global-universities/federal-university-of-rio-grande-do-sul-500468
julius-maximilians-universitat-wurzburg,Julius-Maximilians-Universität Würzburg,Germany,Europe,Würzburg,,https://www.topuniversities.com/universities/julius-maximilians-universitat-wurzburg,
auckland-university-technology-aut,Auckland University of Technology (AUT),New Zealand,Oceania,Auckland,,https://www.topuniversities.com/universities/auckland-university-technology-aut,https://www.usnews.com/education/best-global-universities/auckland-university-of-technology-528944
chung-ang-university-cau,Chung-Ang University (CAU),South Korea,Asia,Seoul,,https://www.topuniversities.com/universities/chung-ang-university-cau,https://www.usnews.com/education/best-global-universities/chung-ang-university-500565
czech-technical-university-prague,Czech Technical University in Prague,Czechia,Europe,Prague,,https://www.topuniversities.com/universities/czech-technical-university-prague,https://www.usnews.com/education/best-global-universities/czech-technical-university-in-prague-502255
universitat-politecnica-de-catalunya-barcelonatech-upc,Universitat Politècnica de Catalunya - BarcelonaTech (UPC),Spain,Europe,Barcelona,,https://www.topuniversities.com/universities/universitat-politecnica-de-catalunya-barcelonatech-upc,
universitat-politecnica-de-valencia,Universitat Politecnica de Valencia,Spain,Europe,València,,https://www.topuniversities.com/universities/universitat-politecnica-de-valencia,
edith-cowan-university,Edith Cowan University,Australia,Oceania,Joondalup,,https://www.topuniversities.com/universities/edith-cowan-university,https://www.usnews.com/education/best-global-universities/edith-cowan-university-528941
central-queensland-university-cquniversity-australia,Central Queensland University (CQUniversity Australia),Australia,Oceania,Norman Gardens,,https://www.topuniversities.com/universities/central-queensland-university-cquniversity-australia,https://www.usnews.com/education/best-global-universities/central-queensland-university-529603
tampere-university,Tampere University,Finland,Europe,Tampere,,https://www.topuniversities.com/universities/tampere-university,https://www.usnews.com/education/best-global-universities/tampere-university-530201
university-dundee,University of Dundee,United Kingdom,Europe,Dundee,,https://www.topuniversities.com/universities/university-dundee,https://www.usnews.com/education/best-global-universities/university-of-dundee-506606
university-mississippi,University of Mississippi,United States,North America,Oxford,,https://www.topuniversities.com/universities/university-mississippi,https://www.usnews.com/education/best-global-universities/university-of-mississippi-176017
usn-university-of-seville-502822,University of Seville,Spain,Europe,Seville,,,https://www.usnews.com/education/best-global-universities/university-of-seville-502822
essex-university,"Essex, University of",United Kingdom,Europe,Colchester,,https://www.topuniversities.com/universities/essex-university,https://www.usnews.com/education/best-global-universities/university-of-essex-502672
national-sun-yat-sen-university-nsysu,National Sun Yat-sen University (NSYSU),Taiwan,Asia,Kaohsiung City,,https://www.topuniversities.com/universities/national-sun-yat-sen-university-nsysu,https://www.usnews.com/education/best-global-universities/national-sun-yat-sen-university-505080
umea-university,Umea University,Sweden,Europe,Umeå,,https://www.topuniversities.com/universities/umea-university,https://www.usnews.com/education/best-global-universities/umea-university-504031
usn-heinrich-heine-university-of-dusseldorf-503659,Heinrich Heine University of Dusseldorf,Germany,Europe,Dusseldorf,,,https://www.usnews.com/education/best-global-universities/heinrich-heine-university-of-dusseldorf-503659
nanjing-university-science-technology,Nanjing University of Science and Technology,China (Mainland),Asia,Nanjing,,https://www.topuniversities.com/universities/nanjing-university-science-technology,https://www.usnews.com/education/best-global-universities/nanjing-university-of-science-and-technology-502308
usn-university-of-missouri-178396,University of Missouri,United States,North America,Columbia,,,https://www.usnews.com/education/best-global-universities/university-of-missouri-178396
nanjing-university-aeronautics-astronautics,Nanjing University of Aeronautics and Astronautics,China (Mainland),Asia,Nanjing,,https://www.topuniversities.com/universities/nanjing-university-aeronautics-astronautics,https://www.usnews.com/education/best-global-universities/nanjing-university-of-aeronautics-and-astronautics-500835
ie-university,IE University,Spain,Europe,Segovia,,https://www.topuniversities.com/universities/ie-university,
usn-qingdao-university-529026,Qingdao University,China,,Qingdao,,,https://www.usnews.com/education/best-global-universities/qingdao-university-529026
usn-university-of-colorado-denver-126562,University of Colorado--Denver,United States,North America,Denver,,,https://www.usnews.com/education/best-global-universities/university-of-colorado-denver-126562
usn-university-of-the-philippines-manila-529741,University of the Philippines Manila,Philippines,Asia,Manila,,,https://www.usnews.com/education/best-global-universities/university-of-the-philippines-manila-529741
jordan-university-science-technology,Jordan University of Science & Technology,Jordan,Asia,Irbid,,https://www.topuniversities.com/universities/jordan-university-science-technology,https://www.usnews.com/education/best-global-universities/jordan-university-of-science-and-technology-511732
pusan-national-university,Pusan National University,South Korea,Asia,Busan,,https://www.topuniversities.com/universities/pusan-national-university,https://www.usnews.com/education/best-global-universities/pusan-national-university-501725
universitat-de-valencia,Universitat de Valencia,Spain,Europe,València,,https://www.topuniversities.com/universities/universitat-de-valencia,
university-basque-country,University of the Basque Country,Spain,Europe,Leioa,,https://www.topuniversities.com/universities/university-basque-country,https://www.usnews.com/education/best-global-universities/university-of-the-basque-country-502718
university-belgrade,University of Belgrade,Serbia,Europe,Belgrade,,https://www.topuniversities.com/universities/university-belgrade,https://www.usnews.com/education/best-global-universities/university-of-belgrade-500616
liverpool-john-moores-university,Liverpool John Moores University,United Kingdom,Europe,Liverpool,,https://www.topuniversities.com/universities/liverpool-john-moores-university,https://www.usnews.com/education/best-global-universities/liverpool-john-moores-university-504028
baylor-university,Baylor University,United States,North America,Waco,,https://www.topuniversities.com/universities/baylor-university,https://www.usnews.com/education/best-global-universities/baylor-university-223232
shoolini-university-biotechnology-management-sciences,Shoolini University of Biotechnology and Management Sciences,India,Asia,Solan,,https://www.topuniversities.com/universities/shoolini-university-biotechnology-management-sciences,
bilkent-university,Bilkent University,Türkiye,Asia,Ankara,,https://www.topuniversities.com/universities/bilkent-university,https://www.usnews.com/education/best-global-universities/bilkent-university-506575
masaryk-university,Masaryk University,Czechia,Europe,Brno,,https://www.topuniversities.com/universities/masaryk-university,https://www.usnews.com/education/best-global-universities/masaryk-university-506917
universite-de-strasbourg,Université de Strasbourg,France,Europe,Strasbourg,,https://www.topuniversities.com/universities/universite-de-strasbourg,
usi-universita-della-svizzera-italiana,USI - Università della Svizzera italiana,Switzerland,Europe,Lugano,,https://www.topuniversities.com/universities/usi-universita-della-svizzera-italiana,
universite-cote-dazur,Université Côte d'Azur,France,Europe,Nice,,https://www.topuniversities.com/universities/universite-cote-dazur,https://www.usnews.com/education/best-global-universities/universite-cote-dazur-529682
hohai-university,Hohai University,China (Mainland),Asia,Nanjing,,https://www.topuniversities.com/universities/hohai-university,https://www.usnews.com/education/best-global-universities/hohai-university-528997
johannes-kepler-university-linz,Johannes Kepler University Linz,Austria,Europe,Linz,,https://www.topuniversities.com/universities/johannes-kepler-university-linz,https://www.usnews.com/education/best-global-universities/johannes-kepler-university-linz-528837
soas-university-london,SOAS University of London,United Kingdom,Europe,London,,https://www.topuniversities.com/universities/soas-university-london,
tashkent-institute-irrigation-agricultural-mechanization-engineers-national-research-university,Tashkent Institute of Irrigation and Agricultural Mechanization Engineers - National Research University (TIIAME-NRU),Uzbekistan,Asia,Tashkent,,https://www.topuniversities.com/universities/tashkent-institute-irrigation-agricultural-mechanization-engineers-national-research-university,
nantes-universite,Nantes Université,France,Europe,Nantes,,https://www.topuniversities.com/universities/nantes-universite,https://www.usnews.com/education/best-global-universities/university-of-nantes-501104
islamic-azad-university,Islamic Azad University.,Iran,Asia,Shiraz,,https://www.topuniversities.com/universities/islamic-azad-university,https://www.usnews.com/education/best-global-universities/islamic-azad-university-528829
usn-humanitas-university-529627,Humanitas University,Italy,Europe,Milan,,,https://www.usnews.com/education/best-global-universities/humanitas-university-529627
usn-kafrelsheikh-university-529690,Kafrelsheikh University,Egypt,Africa,Kafr el-sheikh,,,https://www.usnews.com/education/best-global-universities/kafrelsheikh-university-529690
usn-university-of-massachusetts-worcester-166708,University of Massachusetts--Worcester,United States,North America,Worcester,,,https://www.usnews.com/education/best-global-universities/university-of-massachusetts-worcester-166708
universidad-de-costa-rica,Universidad de Costa Rica,Costa Rica,Latin America,San Jose,,https://www.topuniversities.com/universities/universidad-de-costa-rica,
vilnius-university,Vilnius University,Lithuania,Europe,Vilnius,,https://www.topuniversities.com/universities/vilnius-university,https://www.usnews.com/education/best-global-universities/vilnius-university-503315
university-delaware,University of Delaware,United States,North America,Newark,,https://www.topuniversities.com/universities/university-delaware,https://www.usnews.com/education/best-global-universities/university-of-delaware-130943
universite-de-lorraine,Université de Lorraine,France,Europe,Nancy,,https://www.topuniversities.com/universities/universite-de-lorraine,https://www.usnews.com/education/best-global-universities/universite-de-lorraine-529568
wayne-state-university,Wayne State University,United States,North America,Detroit,,https://www.topuniversities.com/universities/wayne-state-university,https://www.usnews.com/education/best-global-universities/wayne-state-university-172644
catania-university,Catania University,Italy,Europe,Catania,,https://www.topuniversities.com/universities/catania-university,https://www.usnews.com/education/best-global-universities/university-of-catania-504106
kazan-volga-region-federal-university,Kazan (Volga region) Federal University,Russia,Europe,Kazan,,https://www.topuniversities.com/universities/kazan-volga-region-federal-university,https://www.usnews.com/education/best-global-universities/kazan-federal-university-529155
stony-brook-university-state-university-new-york,"Stony Brook University, State University of New York",United States,North America,Stony Brook,,https://www.topuniversities.com/universities/stony-brook-university-state-university-new-york,
anna-university,Anna University,India,Asia,Chennai,,https://www.topuniversities.com/universities/anna-university,https://www.usnews.com/education/best-global-universities/anna-university-529021
leibniz-university-hannover,Leibniz University Hannover,Germany,Europe,Hanover,,https://www.topuniversities.com/universities/leibniz-university-hannover,
university-manitoba,University of Manitoba,Canada,North America,Winnipeg,,https://www.topuniversities.com/universities/university-manitoba,https://www.usnews.com/education/best-global-universities/university-of-manitoba-503954
university-new-mexico,University of New Mexico,United States,North America,Albuquerque,,https://www.topuniversities.com/universities/university-new-mexico,https://www.usnews.com/education/best-global-universities/university-of-new-mexico-187985
donghua-university,Donghua University,China (Mainland),Asia,Shanghai,,https://www.topuniversities.com/universities/donghua-university,https://www.usnews.com/education/best-global-universities/donghua-university-500299
george-mason-university,George Mason University,United States,North America,Fairfax,,https://www.topuniversities.com/universities/george-mason-university,https://www.usnews.com/education/best-global-universities/george-mason-university-232186
university-bayreuth,University of Bayreuth,Germany,Europe,Bayreuth,,https://www.topuniversities.com/universities/university-bayreuth,https://www.usnews.com/education/best-global-universities/university-of-bayreuth-500728
universite-de-montpellier,Université de Montpellier,France,Europe,Montpellier,,https://www.topuniversities.com/universities/universite-de-montpellier,
imam-abdulrahman-bin-faisal-university-iau,Imam Abdulrahman Bin Faisal University (IAU),Saudi Arabia,Asia,Dammam,,https://www.topuniversities.com/universities/imam-abdulrahman-bin-faisal-university-iau,https://www.usnews.com/education/best-global-universities/imam-abdulrahman-bin-faisal-university-529721
universidad-nacional-de-la-plata-unlp,Universidad Nacional de La Plata (UNLP),Argentina,Latin America,La Plata,,https://www.topuniversities.com/universities/universidad-nacional-de-la-plata-unlp,
universitat-ramon-llull,Universitat Ramon Llull,Spain,Europe,Barcelona,,https://www.topuniversities.com/universities/universitat-ramon-llull,https://www.usnews.com/education/best-global-universities/universitat-ramon-llull-529454
usn-hannover-medical-school-503226,Hannover Medical School,Germany,Europe,Hannover,,,https://www.usnews.com/education/best-global-universities/hannover-medical-school-503226
usn-southwest-university-china-506024,Southwest University - China,China,,Chongqing,,,https://www.usnews.com/education/best-global-universities/southwest-university-china-506024
lebanese-american-university,Lebanese American University,Lebanon,Asia,Beirut,,https://www.topuniversities.com/universities/lebanese-american-university,
university-canberra,University of Canberra,Australia,Oceania,Bruce,,https://www.topuniversities.com/universities/university-canberra,https://www.usnews.com/education/best-global-universities/university-of-canberra-529147
university-lahore,The University of Lahore,Pakistan,Asia,Lahore,,https://www.topuniversities.com/universities/university-lahore,https://www.usnews.com/education/best-global-universities/university-of-lahore-530000
usn-medical-university-of-innsbruck-505463,Medical University of Innsbruck,Austria,Europe,Innsbruck,,,https://www.usnews.com/education/best-global-universities/medical-university-of-innsbruck-505463
usn-nanjing-university-of-information-science-and-technology-529160,Nanjing University of Information Science and Technology,China,,Nanjing,,,https://www.usnews.com/education/best-global-universities/nanjing-university-of-information-science-and-technology-529160
hiroshima-university,Hiroshima University,Japan,Asia,Higashihiroshima City,,https://www.topuniversities.com/universities/hiroshima-university,https://www.usnews.com/education/best-global-universities/hiroshima-university-502589
kyungpook-national-university,Kyungpook National University,South Korea,Asia,Daegu,,https://www.topuniversities.com/universities/kyungpook-national-university,https://www.usnews.com/education/best-global-universities/kyungpook-national-university-506312
beijing-university-technology,Beijing University of Technology,China (Mainland),Asia,Beijing,,https://www.topuniversities.com/universities/beijing-university-technology,https://www.usnews.com/education/best-global-universities/beijing-university-of-technology-505552
syracuse-university,Syracuse University,United States,North America,Syracuse,,https://www.topuniversities.com/universities/syracuse-university,https://www.usnews.com/education/best-global-universities/syracuse-university-196413
nanjing-normal-university,Nanjing Normal University,China (Mainland),Asia,Nanjing,,https://www.topuniversities.com/universities/nanjing-normal-university,https://www.usnews.com/education/best-global-universities/nanjing-normal-university-528982
usn-university-of-hawaii-manoa-141574,University of Hawaii--Manoa,United States,North America,Honolulu,,,https://www.usnews.com/education/best-global-universities/university-of-hawaii-manoa-141574
amirkabir-university-technology,Amirkabir University of Technology,Iran,Asia,Tehran,,https://www.topuniversities.com/universities/amirkabir-university-technology,https://www.usnews.com/education/best-global-universities/amirkabir-university-of-technology-aut-506266
royal-holloway-university-london,"Royal Holloway, University of London",United Kingdom,Europe,London,,https://www.topuniversities.com/universities/royal-holloway-university-london,https://www.usnews.com/education/best-global-universities/royal-holloway-university-of-london-rhul-501237
universidad-de-sevilla,Universidad de Sevilla,Spain,Europe,Seville,,https://www.topuniversities.com/universities/universidad-de-sevilla,
university-bordeaux,University of Bordeaux,France,Europe,Talence,,https://www.topuniversities.com/universities/university-bordeaux,
ewha-womans-university,Ewha Womans University,South Korea,Asia,Seoul,,https://www.topuniversities.com/universities/ewha-womans-university,https://www.usnews.com/education/best-global-universities/ewha-womans-university-504624
novosibirsk-state-university,Novosibirsk State University,Russia,Europe,Novosibirsk,,https://www.topuniversities.com/universities/novosibirsk-state-university,https://www.usnews.com/education/best-global-universities/novosibirsk-state-university-503585
prince-sultan-university,Prince Sultan University,Saudi Arabia,Asia,Riyadh,,https://www.topuniversities.com/universities/prince-sultan-university,https://www.usnews.com/education/best-global-universities/prince-sultan-university-508025
florida-international-university,Florida International University,United States,North America,Miami,,https://www.topuniversities.com/universities/florida-international-university,https://www.usnews.com/education/best-global-universities/florida-international-university-133951
princess-nourah-bint-abdulrahman-university,Princess Nourah bint Abdulrahman University,Saudi Arabia,Asia,Riyadh,,https://www.topuniversities.com/universities/princess-nourah-bint-abdulrahman-university,https://www.usnews.com/education/best-global-universities/princess-nourah-bint-abdulrahman-university-530061
usn-federal-university-of-rio-de-janeiro-504608,Federal University of Rio de Janeiro,Brazil,Latin America,Rio de Janeiro,,,https://www.usnews.com/education/best-global-universities/federal-university-of-rio-de-janeiro-504608
university-ljubljana,University of Ljubljana,Slovenia,Europe,Ljubljana,,https://www.topuniversities.com/universities/university-ljubljana,https://www.usnews.com/education/best-global-universities/university-of-ljubljana-502840
boston-college,Boston College,United States,North America,Chestnut Hill,,https://www.topuniversities.com/universities/boston-college,https://www.usnews.com/education/best-global-universities/boston-college-164924
national-taipei-university-technology,National Taipei University of Technology,Taiwan,Asia,Taipei City,,https://www.topuniversities.com/universities/national-taipei-university-technology,https://www.usnews.com/education/best-global-universities/national-taipei-university-of-technology-529069
sogang-university,Sogang University,South Korea,Asia,Seoul,,https://www.topuniversities.com/universities/sogang-university,https://www.usnews.com/education/best-global-universities/sogang-university-529014
federal-university-minas-gerais-ufmg,Federal University of Minas Gerais (UFMG),Brazil,Latin America,Belo Horizonte,,https://www.topuniversities.com/universities/federal-university-minas-gerais-ufmg,https://www.usnews.com/education/best-global-universities/federal-university-of-minas-gerais-506043
usn-southern-medical-university-china-529257,Southern Medical University - China,China,,Guangzhou,,,https://www.usnews.com/education/best-global-universities/southern-medical-university-china-529257
universitas-padjadjaran-unpad,Universitas Padjadjaran (UNPAD),Indonesia,Asia,Bandung,,https://www.topuniversities.com/universities/universitas-padjadjaran-unpad,https://www.usnews.com/education/best-global-universities/universitas-padjadjaran-530244
concordia-university,Concordia University,Canada,North America,Montreal,,https://www.topuniversities.com/universities/concordia-university,https://www.usnews.com/education/best-global-universities/concordia-university-499961
institut-teknologi-sepuluh-nopember-its-surabaya,Institut Teknologi Sepuluh Nopember (ITS Surabaya),Indonesia,Asia,Surabaya,,https://www.topuniversities.com/universities/institut-teknologi-sepuluh-nopember-its-surabaya,https://www.usnews.com/education/best-global-universities/institut-teknologi-sepuluh-nopember-530504
university-bradford,University of Bradford,United Kingdom,Europe,Bradford,,https://www.topuniversities.com/universities/university-bradford,https://www.usnews.com/education/best-global-universities/university-of-bradford-528905
southwest-jiaotong-university,Southwest Jiaotong University,China (Mainland),Asia,Chengdu,,https://www.topuniversities.com/universities/southwest-jiaotong-university,https://www.usnews.com/education/best-global-universities/southwest-jiaotong-university-528991
taif-university,Taif University,Saudi Arabia,Asia,Ta'if,,https://www.topuniversities.com/universities/taif-university,https://www.usnews.com/education/best-global-universities/taif-university-511965
south-ural-state-university-national-research-university,South Ural State University (National Research University),Russia,Europe,Chelyabinsk,,https://www.topuniversities.com/universities/south-ural-state-university-national-research-university,https://www.usnews.com/education/best-global-universities/south-ural-state-university-530031
usn-sechenov-first-moscow-state-medical-university-529709,Sechenov First Moscow State Medical University,Russia,Europe,Moscow (Russia),,,https://www.usnews.com/education/best-global-universities/sechenov-first-moscow-state-medical-university-529709
usn-swedish-university-of-agricultural-sciences-503091,Swedish University of Agricultural Sciences,Sweden,Europe,Uppsala,,,https://www.usnews.com/education/best-global-universities/swedish-university-of-agricultural-sciences-503091
university-texas-dallas,University of Texas at Dallas,United States,North America,Richardson,,https://www.topuniversities.com/universities/university-texas-dallas,https://www.usnews.com/education/best-global-universities/university-of-texas-dallas-228787
guangdong-university-technology,Guangdong University of Technology,China (Mainland),Asia,Guangzhou Shi,,https://www.topuniversities.com/universities/guangdong-university-technology,https://www.usnews.com/education/best-global-universities/guangdong-university-of-technology-529270
usn-international-school-for-advanced-studies-528824,International School for Advanced Studies,Italy,Europe,Trieste,,,https://www.usnews.com/education/best-global-universities/international-school-for-advanced-studies-528824
usn-university-of-santiago-of-compostela-506569,University of Santiago of Compostela,Spain,Europe,Santiago de Compostela,,,https://www.usnews.com/education/best-global-universities/university-of-santiago-of-compostela-506569
iran-university-science-technology,Iran University of Science and Technology,Iran,Asia,Tehran,,https://www.topuniversities.com/universities/iran-university-science-technology,https://www.usnews.com/education/best-global-universities/iran-university-of-science-and-technology-505518
kobe-university,Kobe University,Japan,Asia,Kobe City,,https://www.topuniversities.com/universities/kobe-university,https://www.usnews.com/education/best-global-universities/kobe-university-504263
moscow-phystech,Moscow Institute of Physics and Technology (MIPT / Moscow Phystech),Russia,Europe,Dolgoprudny,,https://www.topuniversities.com/universities/moscow-institute-physics-technology-mipt/moscow-phystech,https://www.usnews.com/education/best-global-universities/moscow-institute-of-physics-and-technology-528929
ural-federal-university-urfu,Ural Federal University - UrFU,Russia,Europe,Ekaterinburg,,https://www.topuniversities.com/universities/ural-federal-university-urfu,
warsaw-university-technology,Warsaw University of Technology,Poland,Europe,Warsaw,,https://www.topuniversities.com/universities/warsaw-university-technology,https://www.usnews.com/education/best-global-universities/warsaw-university-of-technology-502920
universite-laval,Université Laval,Canada,North America,Québec,,https://www.topuniversities.com/universities/universite-laval,https://www.usnews.com/education/best-global-universities/laval-university-505699
eotvos-lorand-university,Eötvös Loránd University,Hungary,Europe,Budapest,,https://www.topuniversities.com/universities/eotvos-lorand-university,https://www.usnews.com/education/best-global-universities/eotvos-lorand-university-505612
nottingham-trent-university,Nottingham Trent University,United Kingdom,Europe,Nottingham,,https://www.topuniversities.com/universities/nottingham-trent-university,https://www.usnews.com/education/best-global-universities/nottingham-trent-university-529163
indian-institute-technology-bhu-varanasi-iit-bhu-varanasi,Indian Institute of Technology BHU Varanasi (IIT BHU Varanasi),India,Asia,Varanasi,,https://www.topuniversities.com/universities/indian-institute-technology-bhu-varanasi-iit-bhu-varanasi,
tomsk-state-university,Tomsk State University,Russia,Europe,Tomsk,,https://www.topuniversities.com/universities/tomsk-state-university,https://www.usnews.com/education/best-global-universities/tomsk-state-university-529019
prince-sattam-bin-abdulaziz-university,Prince Sattam Bin Abdulaziz University,Saudi Arabia,Asia,Al-Kharj,,https://www.topuniversities.com/universities/prince-sattam-bin-abdulaziz-university,https://www.usnews.com/education/best-global-universities/prince-sattam-bin-abdulaziz-university-530003
usn-china-university-of-petroleum-500186,China University of Petroleum,China,,Qingdao,,,https://www.usnews.com/education/best-global-universities/china-university-of-petroleum-500186
usn-nanchang-university-529112,Nanchang University,China,,Nanchang,,,https://www.usnews.com/education/best-global-universities/nanchang-university-529112
unesp,UNESP,Brazil,Latin America,Sao Paulo,,https://www.topuniversities.com/universities/unesp,
university-oklahoma,University of Oklahoma,United States,North America,Norman,,https://www.topuniversities.com/universities/university-oklahoma,https://www.usnews.com/education/best-global-universities/university-of-oklahoma-207500
wake-forest-university,Wake Forest University,United States,North America,Winston-Salem,,https://www.topuniversities.com/universities/wake-forest-university,https://www.usnews.com/education/best-global-universities/wake-forest-university-199847
usn-south-china-normal-university-501607,South China Normal University,China,,Guangzhou,,,https://www.usnews.com/education/best-global-universities/south-china-normal-university-501607
china-medical-university,China Medical University,Taiwan,Asia,Taichung,,https://www.topuniversities.com/universities/china-medical-university,https://www.usnews.com/education/best-global-universities/china-medical-university-506215
conservatoire-national-des-arts-et-metiers-cnam,Conservatoire National des Arts et Métiers (CNAM),France,Europe,Paris,,https://www.topuniversities.com/universities/conservatoire-national-des-arts-et-metiers-cnam,https://www.usnews.com/education/best-global-universities/conservatoire-national-des-arts-et-metiers-cnam-529693
university-portsmouth,University of Portsmouth,United Kingdom,Europe,Portsmouth,,https://www.topuniversities.com/universities/university-portsmouth,https://www.usnews.com/education/best-global-universities/university-of-portsmouth-505745
usn-m-v-lomonosov-moscow-state-university-500445,M. V. Lomonosov Moscow State University,Russia,Europe,Moscow (Russia),,,https://www.usnews.com/education/best-global-universities/m-v-lomonosov-moscow-state-university-500445
usn-polytechnic-university-of-turin-502577,Polytechnic University of Turin,Italy,Europe,Turin,,,https://www.usnews.com/education/best-global-universities/polytechnic-university-of-turin-502577
bond-university,Bond University,Australia,Oceania,Gold Coast,,https://www.topuniversities.com/universities/bond-university,https://www.usnews.com/education/best-global-universities/bond-university-529370
universiti-tenaga-nasional-uniten,Universiti Tenaga Nasional (UNITEN),Malaysia,Asia,Kajang,,https://www.topuniversities.com/universities/universiti-tenaga-nasional-uniten,https://www.usnews.com/education/best-global-universities/university-of-tenaga-nasional-529638
dongguk-university,Dongguk University,South Korea,Asia,Seoul,,https://www.topuniversities.com/universities/dongguk-university,https://www.usnews.com/education/best-global-universities/dongguk-university-529173
usn-medical-university-of-south-carolina-218335,Medical University of South Carolina,United States,North America,Charleston,,,https://www.usnews.com/education/best-global-universities/medical-university-of-south-carolina-218335
usn-national-tsing-hua-university-501245,National Tsing Hua University,Taiwan,Asia,Hsinchu,"National Tsing Hua University is a public institution that traces its roots back to 1911, when it was established in Beijing as Tsing Hua Academy. The school was renamed in 1928 and then relocated to its present site in Hsinchu, Taiwan – around 50 miles southwest of Taipei – in 1956. Tuition costs at the university are the same for domestic and international students, though they vary by subject, with science and engineering degree programs costing more. The university, government agencies and private organizations provide some scholarships for international students. University housing is available, with priority given to foreign students; many faculty members also live on campus. The university has several colleges – science, engineering, electrical engineering and computer science, humanities and social sciences, life science, nuclear science and technology management – and its academic calendar is semester-based. The primary language of instruction is Mandarin, though some of the university's courses are offered in English. A few fully English-taught degree options, including an international MBA in technology management, are also available. Some of National Tsing Hua University's research centers are the Nuclear Science and Technology Development Center; the Center for Science, Technology and Society; and the Center for Energy and Environmental Research. The university has agreements for research, exchange and other joint activities with more than 100 universities around the world, such as Zhejiang University in China, Kyoto University in Japan and the University of California—Berkeley in the U.S.",,https://www.usnews.com/education/best-global-universities/national-tsing-hua-university-501245
justus-liebig-university-giessen,Justus-Liebig-University Giessen,Germany,Europe,Giessen,,https://www.topuniversities.com/universities/justus-liebig-university-giessen,
university-huddersfield,University of Huddersfield,United Kingdom,Europe,Huddersfield,,https://www.topuniversities.com/universities/university-huddersfield,https://www.usnews.com/education/best-global-universities/university-of-huddersfield-529422
university-jyvaskyla,University of Jyväskylä,Finland,Europe,Jyväskylä,,https://www.topuniversities.com/universities/university-jyvaskyla,https://www.usnews.com/education/best-global-universities/university-of-jyvaskyla-500627
verona-university,Verona University,Italy,Europe,Verona,,https://www.topuniversities.com/universities/verona-university,https://www.usnews.com/education/best-global-universities/university-of-verona-503896
university-nebraska-lincoln,University of Nebraska - Lincoln,United States,North America,Lincoln,,https://www.topuniversities.com/universities/university-nebraska-lincoln,https://www.usnews.com/education/best-global-universities/university-of-nebraska-lincoln-181464
beijing-jiaotong-university,Beijing Jiaotong University,China (Mainland),Asia,Beijing,,https://www.topuniversities.com/universities/beijing-jiaotong-university,https://www.usnews.com/education/best-global-universities/beijing-jiaotong-university-501352
usn-beijing-university-of-posts-502130,Beijing University of Posts,China,,Beijing,,,https://www.usnews.com/education/best-global-universities/beijing-university-of-posts-502130
usn-brunel-university-502232,Brunel University,United Kingdom,Europe,Uxbridge,,,https://www.usnews.com/education/best-global-universities/brunel-university-502232
usn-universita-della-svizzera-italiana-529681,Università della Svizzera italiana,Switzerland,Europe,Lugano,,,https://www.usnews.com/education/best-global-universities/universita-della-svizzera-italiana-529681
usn-universite-de-rennes-1-504447,Université de Rennes 1,France,Europe,Rennes,,,https://www.usnews.com/education/best-global-universities/universite-de-rennes-1-504447
university-cyprus-ucy,University of Cyprus (UCY),Cyprus,Asia,Nicosia,,https://www.topuniversities.com/universities/university-cyprus-ucy,https://www.usnews.com/education/best-global-universities/university-of-cyprus-528848
chandigarh-university,Chandigarh University,India,Asia,Mohali,,https://www.topuniversities.com/universities/chandigarh-university,https://www.usnews.com/education/best-global-universities/chandigarh-university-530220
asia-pacific-university-technology-innovation-apu-malaysia,Asia Pacific University of Technology and Innovation (APU) Malaysia,Malaysia,Asia,Kuala Lumpur,,https://www.topuniversities.com/universities/asia-pacific-university-technology-innovation-apu-malaysia,
northumbria-university-newcastle,Northumbria University at Newcastle,United Kingdom,Europe,Newcastle upon Tyne,,https://www.topuniversities.com/universities/northumbria-university-newcastle,
pontificia-universidad-catolica-argentina,Pontificia Universidad Católica Argentina,Argentina,Latin America,Buenos Aires,,https://www.topuniversities.com/universities/pontificia-universidad-catolica-argentina,
universidad-austral,Universidad Austral,Argentina,Latin America,Pilar,,https://www.topuniversities.com/universities/universidad-austral,
universidad-peruana-cayetano-heredia-upch,Universidad Peruana Cayetano Heredia (UPCH),Peru,Latin America,San Martin,,https://www.topuniversities.com/universities/universidad-peruana-cayetano-heredia-upch,https://www.usnews.com/education/best-global-universities/universidad-peruana-cayetano-heredia-529357
usn-capital-medical-university-504555,Capital Medical University,China,,Beijing,,,https://www.usnews.com/education/best-global-universities/capital-medical-university-504555
usn-nui-galway-505038,NUI Galway,Ireland,Europe,Galway,,,https://www.usnews.com/education/best-global-universities/nui-galway-505038
belarusian-state-university,Belarusian State University,Belarus,Europe,Minsk,,https://www.topuniversities.com/universities/belarusian-state-university,https://www.usnews.com/education/best-global-universities/belarusian-state-university-529143
ben-gurion-university-negev,Ben-Gurion University of The Negev,Israel,Asia,Be'er Sheva,,https://www.topuniversities.com/universities/ben-gurion-university-negev,https://www.usnews.com/education/best-global-universities/ben-gurion-university-of-the-negev-501902
usn-rush-university-148511,Rush University,United States,North America,Chicago,,,https://www.usnews.com/education/best-global-universities/rush-university-148511
usn-thomas-jefferson-university-216366,Thomas Jefferson University,United States,North America,Philadelphia,,,https://www.usnews.com/education/best-global-universities/thomas-jefferson-university-216366
usn-university-of-nova-de-lisboa-506121,University of Nova de Lisboa,Portugal,Europe,Lisbon,,,https://www.usnews.com/education/best-global-universities/university-of-nova-de-lisboa-506121
saint-joseph-university-beirut-usj,Saint Joseph University of Beirut (USJ),Lebanon,Asia,Beirut,,https://www.topuniversities.com/universities/saint-joseph-university-beirut-usj,
university-iceland,University of Iceland,Iceland,Europe,Reykjavík,,https://www.topuniversities.com/universities/university-iceland,https://www.usnews.com/education/best-global-universities/university-of-iceland-528847
university-windsor,University of Windsor,Canada,North America,Windsor,,https://www.topuniversities.com/universities/university-windsor,https://www.usnews.com/education/best-global-universities/university-of-windsor-499964
usn-bocconi-university-502370,Bocconi University,Italy,Europe,Milan,,,https://www.usnews.com/education/best-global-universities/bocconi-university-502370
universiti-utara-malaysia-uum,Universiti Utara Malaysia (UUM),Malaysia,Asia,Sintok,,https://www.topuniversities.com/universities/universiti-utara-malaysia-uum,
king-faisal-university,King Faisal University,Saudi Arabia,Asia,Hofuf,,https://www.topuniversities.com/universities/king-faisal-university,https://www.usnews.com/education/best-global-universities/king-faisal-university-514869
east-china-university-science-technology,East China University of Science and Technology,China (Mainland),Asia,Shanghai,,https://www.topuniversities.com/universities/east-china-university-science-technology,https://www.usnews.com/education/best-global-universities/east-china-university-of-science-and-technology-505997
usn-university-of-canterbury-504532,University of Canterbury,New Zealand,Oceania,Christchurch,,,https://www.usnews.com/education/best-global-universities/university-of-canterbury-504532
university-milano-bicocca,University of Milano-Bicocca,Italy,Europe,Milan,,https://www.topuniversities.com/universities/university-milano-bicocca,
indian-institute-technology-indore,Indian Institute of Technology Indore,India,Asia,Indore,,https://www.topuniversities.com/universities/indian-institute-technology-indore,https://www.usnews.com/education/best-global-universities/indian-institute-of-technology-indore-529453
university-guelph,University of Guelph,Canada,North America,Guelph,,https://www.topuniversities.com/universities/university-guelph,https://www.usnews.com/education/best-global-universities/university-of-guelph-499974
usn-guangzhou-university-529537,Guangzhou University,China,,Guangzhou,,,https://www.usnews.com/education/best-global-universities/guangzhou-university-529537
usn-semmelweis-university-502811,Semmelweis University,Hungary,Europe,Budapest,,,https://www.usnews.com/education/best-global-universities/semmelweis-university-502811
universiti-teknologi-mara-uitm,Universiti Teknologi MARA - UiTM,Malaysia,Asia,Shah Alam,,https://www.topuniversities.com/universities/universiti-teknologi-mara-uitm,
zhejiang-university-technology,Zhejiang University of Technology,China (Mainland),Asia,Zhejiang,,https://www.topuniversities.com/universities/zhejiang-university-technology,https://www.usnews.com/education/best-global-universities/zhejiang-university-of-technology-529071
usn-copenhagen-business-school-502092,Copenhagen Business School,Denmark,Europe,Frederiksberg,,,https://www.usnews.com/education/best-global-universities/copenhagen-business-school-502092
usn-ural-federal-university-529237,Ural Federal University,Russia,Europe,Ekaterinburg,,,https://www.usnews.com/education/best-global-universities/ural-federal-university-529237
usn-vienna-university-of-technology-502163,Vienna University of Technology,Austria,Europe,Vienna,,,https://www.usnews.com/education/best-global-universities/vienna-university-of-technology-502163
ain-shams-university-cairo-asu-cairo,"Ain Shams University in Cairo (ASU, Cairo)",Egypt,Africa,Cairo,,https://www.topuniversities.com/universities/ain-shams-university-cairo-asu-cairo,
charles-darwin-university,Charles Darwin University,Australia,Oceania,Casuarina,,https://www.topuniversities.com/universities/charles-darwin-university,https://www.usnews.com/education/best-global-universities/charles-darwin-university-528963
universidad-de-santiago-de-chile-usach,Universidad de Santiago de Chile (USACH),Chile,Latin America,Santiago,,https://www.topuniversities.com/universities/universidad-de-santiago-de-chile-usach,https://www.usnews.com/education/best-global-universities/universidad-de-santiago-de-chile-529177
chiang-mai-university,Chiang Mai University,Thailand,Asia,Chiang Mai,,https://www.topuniversities.com/universities/chiang-mai-university,https://www.usnews.com/education/best-global-universities/chiang-mai-university-500257
inha-university,Inha University,South Korea,Asia,Incheon,,https://www.topuniversities.com/universities/inha-university,https://www.usnews.com/education/best-global-universities/inha-university-504761
jawaharlal-nehru-university,Jawaharlal Nehru University,India,Asia,New Delhi,,https://www.topuniversities.com/universities/jawaharlal-nehru-university,https://www.usnews.com/education/best-global-universities/jawaharlal-nehru-university-529031
thammasat-university,Thammasat University,Thailand,Asia,Bangkok,,https://www.topuniversities.com/universities/thammasat-university,https://www.usnews.com/education/best-global-universities/thammasat-university-529510
drexel-university,Drexel University,United States,North America,Philadelphia,,https://www.topuniversities.com/universities/drexel-university,https://www.usnews.com/education/best-global-universities/drexel-university-212054
usn-medical-college-of-wisconsin-239169,Medical College of Wisconsin,United States,North America,Milwaukee,,,https://www.usnews.com/education/best-global-universities/medical-college-of-wisconsin-239169
usn-ahmadu-bello-university-530203,Ahmadu Bello University,Nigeria,Africa,Zaria,,,https://www.usnews.com/education/best-global-universities/ahmadu-bello-university-530203
al-ain-university,Al Ain University,United Arab Emirates,Asia,"Al Ain,",,https://www.topuniversities.com/universities/al-ain-university,
university-eastern-finland,University of Eastern Finland,Finland,Europe,Kuopio,,https://www.topuniversities.com/universities/university-eastern-finland,https://www.usnews.com/education/best-global-universities/university-of-eastern-finland-504471
pakistan-institute-engineering-applied-sciences-pieas,Pakistan Institute of Engineering and Applied Sciences (PIEAS),Pakistan,Asia,Islamabad,,https://www.topuniversities.com/universities/pakistan-institute-engineering-applied-sciences-pieas,
university-salamanca,University of Salamanca,Spain,Europe,Salamanca,,https://www.topuniversities.com/universities/university-salamanca,https://www.usnews.com/education/best-global-universities/university-of-salamanca-502705
university-stirling,University of Stirling,United Kingdom,Europe,Stirling,,https://www.topuniversities.com/universities/university-stirling,https://www.usnews.com/education/best-global-universities/university-of-stirling-528876
umm-al-qura-university,Umm Al-Qura University,Saudi Arabia,Asia,Makkah,,https://www.topuniversities.com/universities/umm-al-qura-university,https://www.usnews.com/education/best-global-universities/umm-al-qura-university-510156
texas-tech-university,Texas Tech University,United States,North America,Lubbock,,https://www.topuniversities.com/universities/texas-tech-university,https://www.usnews.com/education/best-global-universities/texas-tech-university-229115
usn-china-university-of-mining-529045,China University of Mining,China,,Xuzhou,,,https://www.usnews.com/education/best-global-universities/china-university-of-mining-529045
baku-state-university,Baku State University,Azerbaijan,Asia,Baku,,https://www.topuniversities.com/universities/baku-state-university,
universite-paul-sabatier-toulouse-iii,Université Paul Sabatier Toulouse III,France,Europe,Toulouse,,https://www.topuniversities.com/universities/universite-paul-sabatier-toulouse-iii,
usn-nanjing-medical-university-500938,Nanjing Medical University,China,,Gulou,,,https://www.usnews.com/education/best-global-universities/nanjing-medical-university-500938
bangor-university,Bangor University,United Kingdom,Europe,Bangor,,https://www.topuniversities.com/universities/bangor-university,https://www.usnews.com/education/best-global-universities/bangor-university-528852
universitat-jena,Universität Jena,Germany,Europe,Jena,,https://www.topuniversities.com/universities/universitat-jena,
university-zagreb,University of Zagreb,Croatia,Europe,Zagreb,,https://www.topuniversities.com/universities/university-zagreb,https://www.usnews.com/education/best-global-universities/university-of-zagreb-502783
usn-medical-university-of-graz-501562,Medical University of Graz,Austria,Europe,Graz,,,https://www.usnews.com/education/best-global-universities/medical-university-of-graz-501562
usn-university-of-giessen-500790,University of Giessen,Germany,Europe,Giessen,,,https://www.usnews.com/education/best-global-universities/university-of-giessen-500790
ajou-university,Ajou University,South Korea,Asia,Suwon,,https://www.topuniversities.com/universities/ajou-university,https://www.usnews.com/education/best-global-universities/ajou-university-504876
hacettepe-university,Hacettepe University,Türkiye,Asia,Ankara,,https://www.topuniversities.com/universities/hacettepe-university,https://www.usnews.com/education/best-global-universities/hacettepe-university-505298
paris-lodron-university-salzburg,Paris Lodron University of Salzburg,Austria,Europe,Salzburg,,https://www.topuniversities.com/universities/paris-lodron-university-salzburg,
university-minho,University of Minho,Portugal,Europe,Braga,,https://www.topuniversities.com/universities/university-minho,https://www.usnews.com/education/best-global-universities/university-of-minho-506228
university-siena,University of Siena,Italy,Europe,Siena,,https://www.topuniversities.com/universities/university-siena,https://www.usnews.com/education/best-global-universities/university-of-siena-504323
usn-national-research-university-higher-school-of-economics-529129,National Research University - Higher School of Economics,Russia,Europe,Moscow (Russia),,,https://www.usnews.com/education/best-global-universities/national-research-university-higher-school-of-economics-529129
usn-university-of-management-technology-umt-530206,University of Management & Technology (UMT),Pakistan,Asia,Punjab,,,https://www.usnews.com/education/best-global-universities/university-of-management-technology-umt-530206
usn-university-of-tennessee-health-science-center-499917,University of Tennessee Health Science Center,United States,North America,Memphis,,,https://www.usnews.com/education/best-global-universities/university-of-tennessee-health-science-center-499917
birla-institute-technology-science-pilani,"Birla Institute of Technology and Science, Pilani",India,Asia,Pilani,,https://www.topuniversities.com/universities/birla-institute-technology-science-pilani,https://www.usnews.com/education/best-global-universities/birla-institute-of-technology-science-pilani-bits-pilani-528900
colorado-school-mines,Colorado School of Mines,United States,North America,Golden,,https://www.topuniversities.com/universities/colorado-school-mines,https://www.usnews.com/education/best-global-universities/colorado-school-of-mines-126775
hitotsubashi-university,Hitotsubashi University,Japan,Asia,Tokyo,,https://www.topuniversities.com/universities/hitotsubashi-university,
university-hull,University of Hull,United Kingdom,Europe,Hull,,https://www.topuniversities.com/universities/university-hull,https://www.usnews.com/education/best-global-universities/university-of-hull-505254
philipps-universitat-marburg,Philipps-Universität Marburg,Germany,Europe,Marburg,,https://www.topuniversities.com/universities/philipps-universitat-marburg,https://www.usnews.com/education/best-global-universities/philipps-university-of-marburg-502174
usn-shoolini-university-530173,Shoolini University,India,Asia,Bajhol,,,https://www.usnews.com/education/best-global-universities/shoolini-university-530173
usn-unesp-universidade-estadual-paulista-503331,UNESP - Universidade Estadual Paulista,Brazil,Latin America,Sao Paulo,,,https://www.usnews.com/education/best-global-universities/unesp-universidade-estadual-paulista-503331
usn-university-of-hannover-503676,University of Hannover,Germany,Europe,Hannover,,,https://www.usnews.com/education/best-global-universities/university-of-hannover-503676
ateneo-de-manila-university,Ateneo de Manila University,Philippines,Asia,Quezon City,,https://www.topuniversities.com/universities/ateneo-de-manila-university,
coventry-university,Coventry University,United Kingdom,Europe,Coventry,,https://www.topuniversities.com/universities/coventry-university,https://www.usnews.com/education/best-global-universities/coventry-university-529401
lingnan-university-hong-kong,"Lingnan University, Hong Kong",Hong Kong SAR,Asia,Hong Kong,,https://www.topuniversities.com/universities/lingnan-university-hong-kong,
rensselaer-polytechnic-institute,Rensselaer Polytechnic Institute,United States,North America,Troy,,https://www.topuniversities.com/universities/rensselaer-polytechnic-institute,https://www.usnews.com/education/best-global-universities/rensselaer-polytechnic-institute-194824
universitat-bremen,Universität Bremen,Germany,Europe,Bremen,,https://www.topuniversities.com/universities/universitat-bremen,https://www.usnews.com/education/best-global-universities/university-of-bremen-500777
university-brescia,University of Brescia,Italy,Europe,Brescia,,https://www.topuniversities.com/universities/university-brescia,https://www.usnews.com/education/best-global-universities/university-of-brescia-502286
usn-federal-university-of-sao-paulo-501953,Federal University of São Paulo,Brazil,Latin America,Sao Paulo,,,https://www.usnews.com/education/best-global-universities/federal-university-of-sao-paulo-501953
usn-south-china-agricultural-university-529032,South China Agricultural University,China,,Guangzhou,,,https://www.usnews.com/education/best-global-universities/south-china-agricultural-university-529032
jamia-millia-islamia,Jamia Millia Islamia,India,Asia,New Delhi,,https://www.topuniversities.com/universities/jamia-millia-islamia,https://www.usnews.com/education/best-global-universities/jamia-millia-islamia-529538
usn-tehran-university-of-medical-sciences-503294,Tehran University of Medical Sciences,Iran,Asia,Tehran,,,https://www.usnews.com/education/best-global-universities/tehran-university-of-medical-sciences-503294
brno-university-technology,Brno University of Technology,Czechia,Europe,Brno,,https://www.topuniversities.com/universities/brno-university-technology,https://www.usnews.com/education/best-global-universities/brno-university-of-technology-529040
indian-institute-technology-hyderabad-iith,Indian Institute of Technology Hyderabad (IITH),India,Asia,Sangareddy,,https://www.topuniversities.com/universities/indian-institute-technology-hyderabad-iith,https://www.usnews.com/education/best-global-universities/indian-institute-of-technology-hyderabad-529636
saarland-university,Saarland University,Germany,Europe,Saarbrücken,,https://www.topuniversities.com/universities/saarland-university,https://www.usnews.com/education/best-global-universities/saarland-university-504282
universiti-malaysia-pahang-al-sultan-abdullah-umpsa,Universiti Malaysia Pahang Al-Sultan Abdullah (UMPSA),Malaysia,Asia,Pekan,,https://www.topuniversities.com/universities/universiti-malaysia-pahang-al-sultan-abdullah-umpsa,
university-punjab,University of the Punjab,Pakistan,Asia,Lahore,,https://www.topuniversities.com/universities/university-punjab,https://www.usnews.com/education/best-global-universities/university-of-punjab-529178
zayed-university,Zayed University,United Arab Emirates,Asia,"Abu Dhabi,",,https://www.topuniversities.com/universities/zayed-university,https://www.usnews.com/education/best-global-universities/zayed-university-511520
universitat-regensburg,Universität Regensburg,Germany,Europe,Regensburg,,https://www.topuniversities.com/universities/universitat-regensburg,https://www.usnews.com/education/best-global-universities/university-of-regensburg-500220
usn-north-west-university-south-africa-528970,North West University - South Africa,South Africa,Africa,Potchefstroom,,,https://www.usnews.com/education/best-global-universities/north-west-university-south-africa-528970
university-palermo,University of Palermo,Italy,Europe,Palermo,,https://www.topuniversities.com/universities/university-palermo,https://www.usnews.com/education/best-global-universities/university-of-palermo-501535
usn-national-university-of-sciences-and-technology-pakistan-529152,National University of Sciences and Technology - Pakistan,Pakistan,Asia,Islamabad,,,https://www.usnews.com/education/best-global-universities/national-university-of-sciences-and-technology-pakistan-529152
university-salerno,University of Salerno,Italy,Europe,Fisciano,,https://www.topuniversities.com/universities/university-salerno,https://www.usnews.com/education/best-global-universities/university-of-salerno-502531
addis-ababa-university,Addis Ababa University,Ethiopia,Africa,Addis Ababa,,https://www.topuniversities.com/universities/addis-ababa-university,https://www.usnews.com/education/best-global-universities/addis-ababa-university-529036
technische-universitat-bergakademie-freiberg,Technische Universität Bergakademie Freiberg,Germany,Europe,Freiberg,,https://www.topuniversities.com/universities/technische-universitat-bergakademie-freiberg,
ulster-university,Ulster University,United Kingdom,Europe,Belfast,,https://www.topuniversities.com/universities/ulster-university,https://www.usnews.com/education/best-global-universities/university-of-ulster-528872
vellore-institute-technology-vit-vellore-india,"Vellore Institute of Technology (VIT), Vellore, India",India,Asia,Vellore,,https://www.topuniversities.com/universities/vellore-institute-technology-vit-vellore-india,
university-nevada-las-vegas,University of Nevada - Las Vegas,United States,North America,Las Vegas,,https://www.topuniversities.com/universities/university-nevada-las-vegas,https://www.usnews.com/education/best-global-universities/university-of-nevada-las-vegas-182281
usn-university-of-texas-medical-branch-galveston-228653,University of Texas Medical Branch--Galveston,United States,North America,Galveston,,,https://www.usnews.com/education/best-global-universities/university-of-texas-medical-branch-galveston-228653
ca-foscari-university-venice,Ca' Foscari University of Venice,Italy,Europe,Venice,,https://www.topuniversities.com/universities/ca-foscari-university-venice,https://www.usnews.com/education/best-global-universities/ca-foscari-university-of-venice-529000
china-university-petroleum-beijing,"China University of Petroleum, Beijing",China (Mainland),Asia,Beijing,,https://www.topuniversities.com/universities/china-university-petroleum-beijing,
manchester-metropolitan-university,Manchester Metropolitan University,United Kingdom,Europe,Manchester,,https://www.topuniversities.com/universities/manchester-metropolitan-university,https://www.usnews.com/education/best-global-universities/manchester-metropolitan-university-528968
tallinn-university-technology-taltech,Tallinn University of Technology (TalTech),Estonia,Europe,Tallinn,,https://www.topuniversities.com/universities/tallinn-university-technology-taltech,https://www.usnews.com/education/best-global-universities/tallinn-university-of-technology-529002
university-debrecen,University of Debrecen,Hungary,Europe,Debrecen,,https://www.topuniversities.com/universities/university-debrecen,https://www.usnews.com/education/best-global-universities/university-of-debrecen-504230
university-dhaka,University of Dhaka,Bangladesh,Asia,Dhaka,,https://www.topuniversities.com/universities/university-dhaka,https://www.usnews.com/education/best-global-universities/university-of-dhaka-529474
anglia-ruskin-university,Anglia Ruskin University,United Kingdom,Europe,Cambridge,,https://www.topuniversities.com/universities/anglia-ruskin-university,https://www.usnews.com/education/best-global-universities/anglia-ruskin-university-529443
georgia-state-university,Georgia State University,United States,North America,Clarkston,,https://www.topuniversities.com/universities/georgia-state-university,https://www.usnews.com/education/best-global-universities/georgia-state-university-139940
usn-hangzhou-normal-university-529205,Hangzhou Normal University,China,,Hangzhou,,,https://www.usnews.com/education/best-global-universities/hangzhou-normal-university-529205
usn-university-of-the-andes-colombia-528846,University of the Andes Colombia,Colombia,Latin America,Bogota,,,https://www.usnews.com/education/best-global-universities/university-of-the-andes-colombia-528846
american-university-ras-al-khaimah,American University of Ras Al Khaimah,United Arab Emirates,Asia,Ras Al Khaima,,https://www.topuniversities.com/universities/american-university-ras-al-khaimah,
free-university-bozen-bolzano,Free University of Bozen-Bolzano,Italy,Europe,Bolzano,,https://www.topuniversities.com/universities/free-university-bozen-bolzano,https://www.usnews.com/education/best-global-universities/free-university-of-bozen-bolzano-529990
lahore-university-management-sciences-lums,Lahore University of Management Sciences (LUMS),Pakistan,Asia,Lahore,,https://www.topuniversities.com/universities/lahore-university-management-sciences-lums,https://www.usnews.com/education/best-global-universities/lahore-university-of-management-sciences-530224
management-science-university,Management and Science University,Malaysia,Asia,Shah Alam,,https://www.topuniversities.com/universities/management-science-university,
taipei-medical-university-tmu,Taipei Medical University (TMU),Taiwan,Asia,Taipei,,https://www.topuniversities.com/universities/taipei-medical-university-tmu,https://www.usnews.com/education/best-global-universities/taipei-medical-university-501451
usn-nanjing-university-of-technology-501774,Nanjing University of Technology,China,,Nanjing,,,https://www.usnews.com/education/best-global-universities/nanjing-university-of-technology-501774
auburn-university,Auburn University,United States,North America,Auburn,,https://www.topuniversities.com/universities/auburn-university,https://www.usnews.com/education/best-global-universities/auburn-university-100858
university-rajshahi,University of Rajshahi,Bangladesh,Asia,Rajshahi,,https://www.topuniversities.com/universities/university-rajshahi,https://www.usnews.com/education/best-global-universities/university-of-rajshahi-530218
national-chengchi-university,National Chengchi University,Taiwan,Asia,Taipei City,,https://www.topuniversities.com/universities/national-chengchi-university,https://www.usnews.com/education/best-global-universities/national-chengchi-university-529138
universiti-teknologi-brunei,Universiti Teknologi Brunei,Brunei,Asia,Bandar Seri Begawan,,https://www.topuniversities.com/universities/universiti-teknologi-brunei,
ton-duc-thang-university,Ton Duc Thang University,Vietnam,Asia,Ho Chi Minh City,,https://www.topuniversities.com/universities/ton-duc-thang-university,https://www.usnews.com/education/best-global-universities/ton-duc-thang-university-529637
clemson-university,Clemson University,United States,North America,Clemson,,https://www.topuniversities.com/universities/clemson-university,https://www.usnews.com/education/best-global-universities/clemson-university-217882
usn-cyprus-international-university-530612,Cyprus International University,Cyprus,Asia,Nicosia,,,https://www.usnews.com/education/best-global-universities/cyprus-international-university-530612
usn-yunnan-university-529189,Yunnan University,China,,Kunming,,,https://www.usnews.com/education/best-global-universities/yunnan-university-529189
american-university-middle-east,American University of the Middle East,Kuwait,Asia,Egaila,,https://www.topuniversities.com/universities/american-university-middle-east,https://www.usnews.com/education/best-global-universities/american-university-of-the-middle-east-510812
canadian-university-dubai,Canadian University Dubai,United Arab Emirates,Asia,Dubai,,https://www.topuniversities.com/universities/canadian-university-dubai,
universitas-brawijaya,Universitas Brawijaya,Indonesia,Asia,Malang,,https://www.topuniversities.com/universities/universitas-brawijaya,https://www.usnews.com/education/best-global-universities/brawijaya-university-530787
peter-great-st-petersburg-polytechnic-university,Peter the Great St. Petersburg Polytechnic University,Russia,Europe,St. Petersburg,,https://www.topuniversities.com/universities/peter-great-st-petersburg-polytechnic-university,https://www.usnews.com/education/best-global-universities/peter-the-great-st-petersburg-polytechnic-university-529065
american-university-dubai,American University in Dubai,United Arab Emirates,Asia,Dubai,,https://www.topuniversities.com/universities/american-university-dubai,
christian-albrechts-university-zu-kiel,Christian-Albrechts-University zu Kiel,Germany,Europe,Kiel,,https://www.topuniversities.com/universities/christian-albrechts-university-zu-kiel,
hufs-hankuk-korea-university-foreign-studies,HUFS - Hankuk (Korea) University of Foreign Studies,South Korea,Asia,Seoul,,https://www.topuniversities.com/universities/hufs-hankuk-korea-university-foreign-studies,
illinois-institute-technology,Illinois Institute of Technology,United States,North America,Chicago,,https://www.topuniversities.com/universities/illinois-institute-technology,https://www.usnews.com/education/best-global-universities/illinois-institute-of-technology-145725
isfahan-university-technology,Isfahan University of Technology,Iran,Asia,Isfahan,,https://www.topuniversities.com/universities/isfahan-university-technology,https://www.usnews.com/education/best-global-universities/isfahan-university-of-technology-502590
pontificia-universidade-catolica-do-rio-de-janeiro,Pontifícia Universidade Católica do Rio de Janeiro,Brazil,Latin America,Rio de Janeiro,,https://www.topuniversities.com/universities/pontificia-universidade-catolica-do-rio-de-janeiro,https://www.usnews.com/education/best-global-universities/pontificia-universidade-catolica-do-rio-de-janeiro-529811
northern-arizona-university,Northern Arizona University,United States,North America,Flagstaff,,https://www.topuniversities.com/universities/northern-arizona-university,https://www.usnews.com/education/best-global-universities/northern-arizona-university-105330
usn-al-jouf-university-510765,Al Jouf University,Saudi Arabia,Asia,Sakaka,,,https://www.usnews.com/education/best-global-universities/al-jouf-university-510765
usn-benha-university-514104,Benha University,Egypt,Africa,Benha,,,https://www.usnews.com/education/best-global-universities/benha-university-514104
usn-university-of-shanghai-for-science-529079,University of Shanghai for Science,China,,Shanghai,,,https://www.usnews.com/education/best-global-universities/university-of-shanghai-for-science-529079
lebanese-university,Lebanese University,Lebanon,Asia,Beirut,,https://www.topuniversities.com/universities/lebanese-university,https://www.usnews.com/education/best-global-universities/lebanese-university-529723
national-research-nuclear-university-mephi-moscow-engineering-physics-institute,National Research Nuclear University MEPhI (Moscow Engineering Physics Institute),Russia,Europe,Moscow,,https://www.topuniversities.com/universities/national-research-nuclear-university-mephi-moscow-engineering-physics-institute,https://www.usnews.com/education/best-global-universities/national-research-nuclear-university-mephi-moscow-engineering-physics-institute-528842
usn-bayero-university-530565,Bayero University,Nigeria,Africa,Kano,,,https://www.usnews.com/education/best-global-universities/bayero-university-530565
usn-grenoble-institute-of-technology-504372,Grenoble Institute of Technology,France,Europe,Grenoble,,,https://www.usnews.com/education/best-global-universities/grenoble-institute-of-technology-504372
istanbul-university,Istanbul University,Türkiye,Asia,Istanbul,,https://www.topuniversities.com/universities/istanbul-university,https://www.usnews.com/education/best-global-universities/istanbul-university-502403
universidade-de-santiago-de-compostela,Universidade de Santiago de Compostela,Spain,Europe,Santiago de Compostela,,https://www.topuniversities.com/universities/universidade-de-santiago-de-compostela,
university-agriculture-faisalabad,"University of Agriculture, Faisalabad",Pakistan,Asia,Faisalabad,,https://www.topuniversities.com/universities/university-agriculture-faisalabad,https://www.usnews.com/education/best-global-universities/university-of-agriculture-faisalabad-529094
university-tromso-arctic-university-norway,University of Tromsø The Arctic University of Norway,Norway,Europe,Tromsø,,https://www.topuniversities.com/universities/university-tromso-arctic-university-norway,
beijing-forestry-university,Beijing Forestry University,China (Mainland),Asia,Beijing,,https://www.topuniversities.com/universities/beijing-forestry-university,https://www.usnews.com/education/best-global-universities/beijing-forestry-university-528815
martin-luther-universitat-halle-wittenberg,Martin-Luther-Universität Halle-Wittenberg,Germany,Europe,Halle,,https://www.topuniversities.com/universities/martin-luther-universitat-halle-wittenberg,https://www.usnews.com/education/best-global-universities/martin-luther-university-of-halle-wittenberg-502747
usn-anhui-university-of-finance-economics-530533,Anhui University of Finance & Economics,China,,"Bengbu, Anhui",,,https://www.usnews.com/education/best-global-universities/anhui-university-of-finance-economics-530533
usn-liverpool-school-of-tropical-medicine-529389,Liverpool School of Tropical Medicine,United Kingdom,Europe,Liverpool,,,https://www.usnews.com/education/best-global-universities/liverpool-school-of-tropical-medicine-529389
university-szeged,University of Szeged,Hungary,Europe,Szeged,,https://www.topuniversities.com/universities/university-szeged,https://www.usnews.com/education/best-global-universities/university-of-szeged-501065
carleton-university,Carleton University,Canada,North America,Ottawa,,https://www.topuniversities.com/universities/carleton-university,https://www.usnews.com/education/best-global-universities/carleton-university-499991
usn-chengdu-university-529826,Chengdu University,China,,"Sichuan, Chengdu",,,https://www.usnews.com/education/best-global-universities/chengdu-university-529826
usn-polytechnic-university-of-valencia-501850,Polytechnic University of Valencia,Spain,Europe,Valencia,,,https://www.usnews.com/education/best-global-universities/polytechnic-university-of-valencia-501850
usn-southwestern-university-of-finance-and-economics-china-529633,Southwestern University of Finance and Economics - China,China,,Chengdu,,,https://www.usnews.com/education/best-global-universities/southwestern-university-of-finance-and-economics-china-529633
abai-kazakh-national-pedagogical-university-abai-university,Abai Kazakh National Pedagogical University (Abai University),Kazakhstan,Asia,Almaty,,https://www.topuniversities.com/universities/abai-kazakh-national-pedagogical-university-abai-university,
azerbaijan-state-university-economics-unec,Azerbaijan State University of Economics (UNEC),Azerbaijan,Asia,Baku,,https://www.topuniversities.com/universities/azerbaijan-state-university-economics-unec,
national-chung-hsing-university,National Chung Hsing University,Taiwan,Asia,Taichung City,,https://www.topuniversities.com/universities/national-chung-hsing-university,https://www.usnews.com/education/best-global-universities/national-chung-hsing-university-506137
southern-cross-university,Southern Cross University,Australia,Oceania,Lismore,,https://www.topuniversities.com/universities/southern-cross-university,https://www.usnews.com/education/best-global-universities/southern-cross-university-528998
yildiz-technical-university,Yildiz Technical University,Türkiye,Asia,Istanbul,,https://www.topuniversities.com/universities/yildiz-technical-university,https://www.usnews.com/education/best-global-universities/yildiz-technical-university-528878
hasselt-university,Hasselt University,Belgium,Europe,Diepenbeek,,https://www.topuniversities.com/universities/hasselt-university,https://www.usnews.com/education/best-global-universities/hasselt-university-528960
mgimo-university,MGIMO University,Russia,Europe,Moscow,,https://www.topuniversities.com/universities/mgimo-university,
yeshiva-university,Yeshiva University,United States,North America,New York City,,https://www.topuniversities.com/universities/yeshiva-university,https://www.usnews.com/education/best-global-universities/yeshiva-university-197708
makerere-university,Makerere University,Uganda,Africa,Kampala,,https://www.topuniversities.com/universities/makerere-university,https://www.usnews.com/education/best-global-universities/makerere-university-528833
taibah-university,Taibah University,Saudi Arabia,Asia,Medina,,https://www.topuniversities.com/universities/taibah-university,https://www.usnews.com/education/best-global-universities/taibah-university-512768
usn-changsha-university-of-science-and-technology-529522,Changsha University of Science and Technology,China,,Changsha,,,https://www.usnews.com/education/best-global-universities/changsha-university-of-science-and-technology-529522
usn-guangxi-university-529243,Guangxi University,China,,Nanning,,,https://www.usnews.com/education/best-global-universities/guangxi-university-529243
usn-universita-della-campania-vanvitelli-529545,Universita della Campania Vanvitelli,Italy,Europe,Caserta,,,https://www.usnews.com/education/best-global-universities/universita-della-campania-vanvitelli-529545
usn-wenzhou-university-529301,Wenzhou University,China,,Wenzhou,,,https://www.usnews.com/education/best-global-universities/wenzhou-university-529301
al-ahliyya-amman-university,Al-Ahliyya Amman University,Jordan,Asia,Amman,,https://www.topuniversities.com/universities/al-ahliyya-amman-university,https://www.usnews.com/education/best-global-universities/al-ahliyya-amman-university-508838
comillas-pontifical-university,Comillas Pontifical University,Spain,Europe,Madrid,,https://www.topuniversities.com/universities/comillas-pontifical-university,https://www.usnews.com/education/best-global-universities/comillas-pontifical-university-530673
university-hawaii-manoa,University of Hawaiʻi at Mānoa,United States,North America,Honolulu,,https://www.topuniversities.com/universities/university-hawaii-manoa,
american-university,American University,United States,North America,Washington D.C.,,https://www.topuniversities.com/universities/american-university,https://www.usnews.com/education/best-global-universities/american-university-131159
institut-national-polytechnique-de-toulouse,Institut National Polytechnique de Toulouse,France,Europe,Toulouse,,https://www.topuniversities.com/universities/institut-national-polytechnique-de-toulouse,https://www.usnews.com/education/best-global-universities/institut-national-polytechnique-de-toulouse-505784
otto-von-guericke-universitat-magdeburg,Otto-von-Guericke-Universität Magdeburg,Germany,Europe,Magdeburg,,https://www.topuniversities.com/universities/otto-von-guericke-universitat-magdeburg,
kansas-state-university,Kansas State University,United States,North America,Manhattan,,https://www.topuniversities.com/universities/kansas-state-university,https://www.usnews.com/education/best-global-universities/kansas-state-university-155399
university-hail,University of Ha'il,Saudi Arabia,Asia,Hail,,https://www.topuniversities.com/universities/university-hail,https://www.usnews.com/education/best-global-universities/university-hail-508576
usn-menofia-university-529235,Menofia University,Egypt,Africa,Shebin El Koum,,,https://www.usnews.com/education/best-global-universities/menofia-university-529235
asia-university-taiwan,Asia University Taiwan,Taiwan,Asia,Taichung City,,https://www.topuniversities.com/universities/asia-university-taiwan,https://www.usnews.com/education/best-global-universities/asia-university-taiwan-529037
university-crete,University of Crete,Greece,Europe,Heraklion,,https://www.topuniversities.com/universities/university-crete,https://www.usnews.com/education/best-global-universities/university-of-crete-501556
universidad-de-antioquia,Universidad de Antioquia,Colombia,Latin America,Medellin,,https://www.topuniversities.com/universities/universidad-de-antioquia,https://www.usnews.com/education/best-global-universities/universidad-de-antioquia-528980
harbin-engineering-university,Harbin Engineering University,China (Mainland),Asia,Harbin,,https://www.topuniversities.com/universities/harbin-engineering-university,https://www.usnews.com/education/best-global-universities/harbin-engineering-university-528986
beni-suef-university,Beni-Suef University,Egypt,Africa,Beni-Suef,,https://www.topuniversities.com/universities/beni-suef-university,https://www.usnews.com/education/best-global-universities/beni-suef-university-514394
usn-european-university-institute-529059,European University Institute,Italy,Europe,Florence,,,https://www.usnews.com/education/best-global-universities/european-university-institute-529059
catholic-university-korea-cuk,The Catholic University of Korea (CUK),South Korea,Asia,Gyeonggi,,https://www.topuniversities.com/universities/catholic-university-korea-cuk,https://www.usnews.com/education/best-global-universities/catholic-university-of-korea-504494
universidad-de-la-republica-udelar,Universidad de la República (Udelar),Uruguay,Latin America,Montevideo,,https://www.topuniversities.com/universities/universidad-de-la-republica-udelar,
university-chemistry-technology-prague,"University of Chemistry and Technology, Prague",Czechia,Europe,Prague,,https://www.topuniversities.com/universities/university-chemistry-technology-prague,https://www.usnews.com/education/best-global-universities/university-of-chemistry-and-technology-prague-529066
applied-science-university-bahrain,Applied Science University - Bahrain,Bahrain,Asia,Al-Ekir,,https://www.topuniversities.com/universities/applied-science-university-bahrain,
symbiosis-international-deemed-university,Symbiosis International (Deemed University),India,Asia,Pune,,https://www.topuniversities.com/universities/symbiosis-international-deemed-university,https://www.usnews.com/education/best-global-universities/symbiosis-international-university-530563
universidad-adolfo-ibanez,Universidad Adolfo Ibáñez,Chile,Latin America,Santiago,,https://www.topuniversities.com/universities/universidad-adolfo-ibanez,https://www.usnews.com/education/best-global-universities/universidad-adolfo-ibanez-530252
universite-de-tunis-el-manar,Université de Tunis El Manar,Tunisia,Africa,Tunis,,https://www.topuniversities.com/universities/universite-de-tunis-el-manar,https://www.usnews.com/education/best-global-universities/universite-de-tunis-el-manar-529027
university-western-cape,University of the Western Cape,South Africa,Africa,Cape Town,,https://www.topuniversities.com/universities/university-western-cape,https://www.usnews.com/education/best-global-universities/university-of-the-western-cape-528949
usn-ens-de-lyon-503874,ENS De Lyon,France,Europe,Lyon,,,https://www.usnews.com/education/best-global-universities/ens-de-lyon-503874
usn-okinawa-institute-of-science-and-technology-graduate-university-529703,Okinawa Institute of Science and Technology Graduate University,Japan,Asia,Kunigami,,,https://www.usnews.com/education/best-global-universities/okinawa-institute-of-science-and-technology-graduate-university-529703
usn-university-of-auvergne-529156,University of Auvergne,France,Europe,Clermont-Ferrand,,,https://www.usnews.com/education/best-global-universities/university-of-auvergne-529156
china-university-mining-technology,China University of Mining and Technology,China (Mainland),Asia,Xuzhou,,https://www.topuniversities.com/universities/china-university-mining-technology,
national-central-university,National Central University,Taiwan,Asia,Taoyuan,,https://www.topuniversities.com/universities/national-central-university,https://www.usnews.com/education/best-global-universities/national-central-university-504757
chang-gung-university,Chang Gung University,Taiwan,Asia,Taoyuan City,,https://www.topuniversities.com/universities/chang-gung-university,https://www.usnews.com/education/best-global-universities/chang-gung-university-505417
comenius-university-bratislava,Comenius University Bratislava,Slovakia,Europe,Bratislava,,https://www.topuniversities.com/universities/comenius-university-bratislava,
diponegoro-university,Diponegoro University,Indonesia,Asia,Semarang,,https://www.topuniversities.com/universities/diponegoro-university,https://www.usnews.com/education/best-global-universities/diponegoro-university-530778
universidad-de-concepcion,Universidad de Concepción,Chile,Latin America,Concepcion,,https://www.topuniversities.com/universities/universidad-de-concepcion,
universita-politecnica-delle-marche,Universita' Politecnica delle Marche,Italy,Europe,Ancona,,https://www.topuniversities.com/universities/universita-politecnica-delle-marche,
university-tabriz,University of Tabriz,Iran,Asia,Tabriz,,https://www.topuniversities.com/universities/university-tabriz,https://www.usnews.com/education/best-global-universities/university-of-tabriz-528957
university-vermont,University of Vermont,United States,North America,Burlington,,https://www.topuniversities.com/universities/university-vermont,https://www.usnews.com/education/best-global-universities/university-of-vermont-231174
university-cagliari,University of Cagliari,Italy,Europe,Cagliari,,https://www.topuniversities.com/universities/university-cagliari,https://www.usnews.com/education/best-global-universities/university-of-cagliari-506894
usn-manipal-university-528886,Manipal University,India,Asia,Manipal,,,https://www.usnews.com/education/best-global-universities/manipal-university-528886
ecole-centrale-de-lyon,École Centrale de Lyon,France,Europe,Lyon,,https://www.topuniversities.com/universities/ecole-centrale-de-lyon,
saint-louis-university,Saint Louis University,United States,North America,St. Louis,,https://www.topuniversities.com/universities/saint-louis-university,https://www.usnews.com/education/best-global-universities/saint-louis-university-179159
usn-northwest-university-xian-500540,"Northwest University, Xi'an",China,,Xi'an,,,https://www.usnews.com/education/best-global-universities/northwest-university-xian-500540
usn-university-of-ferrara-503123,University of Ferrara,Italy,Europe,Ferrara,,,https://www.usnews.com/education/best-global-universities/university-of-ferrara-503123
usn-university-of-paris-est-creteil-528863,University of Paris-Est Creteil,France,Europe,Creteil,,,https://www.usnews.com/education/best-global-universities/university-of-paris-est-creteil-528863
toronto-metropolitan-university-formerly-ryerson-university,Toronto Metropolitan University (formerly Ryerson University),Canada,North America,Toronto,,https://www.topuniversities.com/universities/toronto-metropolitan-university-formerly-ryerson-university,
abo-akademi-university,Abo Akademi University,Finland,Europe,Turku,,https://www.topuniversities.com/universities/abo-akademi-university,https://www.usnews.com/education/best-global-universities/abo-akademi-university-529149
beirut-arab-university,Beirut Arab University,Lebanon,Asia,Beirut,,https://www.topuniversities.com/universities/beirut-arab-university,
lehigh-university,Lehigh University,United States,North America,Bethlehem,,https://www.topuniversities.com/universities/lehigh-university,https://www.usnews.com/education/best-global-universities/lehigh-university-213543
university-fribourg,University of Fribourg,Switzerland,Europe,Fribourg,,https://www.topuniversities.com/universities/university-fribourg,https://www.usnews.com/education/best-global-universities/university-of-fribourg-528849
bournemouth-university,Bournemouth University,United Kingdom,Europe,Poole,,https://www.topuniversities.com/universities/bournemouth-university,https://www.usnews.com/education/best-global-universities/bournemouth-university-529060
babes-bolyai-university,Babes-Bolyai University,Romania,Europe,Cluj-Napoca,,https://www.topuniversities.com/universities/babes-bolyai-university,https://www.usnews.com/education/best-global-universities/babes-bolyai-university-504529
university-alabama,The University of Alabama,United States,North America,Tuscaloosa,,https://www.topuniversities.com/universities/university-alabama,https://www.usnews.com/education/best-global-universities/university-of-alabama-100751
usn-al-imam-muhammad-ibn-saud-islamic-university-530033,Al-Imam Muhammad Ibn Saud Islamic University,Saudi Arabia,Asia,Riyadh,,,https://www.usnews.com/education/best-global-universities/al-imam-muhammad-ibn-saud-islamic-university-530033
usn-czech-university-of-life-sciences-prague-529098,Czech University of Life Sciences Prague,Czech Republic,,Prague,,,https://www.usnews.com/education/best-global-universities/czech-university-of-life-sciences-prague-529098
usn-universidade-de-aveiro-504426,Universidade de Aveiro,Portugal,Europe,Aveiro,,,https://www.usnews.com/education/best-global-universities/universidade-de-aveiro-504426
stevens-institute-technology,Stevens Institute of Technology,United States,North America,Hoboken,,https://www.topuniversities.com/universities/stevens-institute-technology,https://www.usnews.com/education/best-global-universities/stevens-institute-of-technology-186867
city-university-new-york,City University of New York,United States,North America,New York City,,https://www.topuniversities.com/universities/city-university-new-york,
jeonbuk-national-university,Jeonbuk National University,South Korea,Asia,Jeonju,,https://www.topuniversities.com/universities/jeonbuk-national-university,https://www.usnews.com/education/best-global-universities/jeonbuk-national-university-503088
university-new-brunswick,University of New Brunswick,Canada,North America,Fredericton,,https://www.topuniversities.com/universities/university-new-brunswick,https://www.usnews.com/education/best-global-universities/university-of-new-brunswick-499973
usn-polytechnic-university-of-madrid-500155,Polytechnic University of Madrid,Spain,Europe,Madrid,,,https://www.usnews.com/education/best-global-universities/polytechnic-university-of-madrid-500155
usn-roma-tre-university-504483,Roma Tre University,Italy,Europe,Rome,,,https://www.usnews.com/education/best-global-universities/roma-tre-university-504483
usn-suez-canal-university-513862,Suez Canal University,Egypt,Africa,Ismailia,,,https://www.usnews.com/education/best-global-universities/suez-canal-university-513862
usn-tata-institute-of-fundamental-research-529777,Tata Institute of Fundamental Research,India,Asia,Mumbai,,,https://www.usnews.com/education/best-global-universities/tata-institute-of-fundamental-research-529777
usn-university-of-graz-505072,University of Graz,Austria,Europe,Graz,,,https://www.usnews.com/education/best-global-universities/university-of-graz-505072
konkuk-university,Konkuk University,South Korea,Asia,Seoul,,https://www.topuniversities.com/universities/konkuk-university,https://www.usnews.com/education/best-global-universities/konkuk-university-503911
ritsumeikan-university,Ritsumeikan University,Japan,Asia,Kyoto,,https://www.topuniversities.com/universities/ritsumeikan-university,https://www.usnews.com/education/best-global-universities/ritsumeikan-university-528871
university-klagenfurt,University of Klagenfurt,Austria,Europe,Klagenfurt,,https://www.topuniversities.com/universities/university-klagenfurt,
kingston-university-london,"Kingston University, London",United Kingdom,Europe,Kingston upon Thames,,https://www.topuniversities.com/universities/kingston-university-london,
university-hertfordshire,University of Hertfordshire,United Kingdom,Europe,Hatfield,,https://www.topuniversities.com/universities/university-hertfordshire,https://www.usnews.com/education/best-global-universities/university-of-hertfordshire-505661
usn-jazan-university-514902,Jazan University,Saudi Arabia,Asia,Jazan,,,https://www.usnews.com/education/best-global-universities/jazan-university-514902
usn-nanjing-university-of-posts-and-telecommunications-529215,Nanjing University of Posts and Telecommunications,China,,Nanjing,,,https://www.usnews.com/education/best-global-universities/nanjing-university-of-posts-and-telecommunications-529215
usn-rutgers-the-state-university-of-new-jersey-newark-186399,"Rutgers, The State University of New Jersey--Newark",United States,North America,Newark,,,https://www.usnews.com/education/best-global-universities/rutgers-the-state-university-of-new-jersey-newark-186399
eastern-mediterranean-university,Eastern Mediterranean University,Northern Cyprus,Europe,Famagusta,,https://www.topuniversities.com/universities/eastern-mediterranean-university,https://www.usnews.com/education/best-global-universities/eastern-mediterranean-university-529692
government-college-university-faisalabad,"Government College University, Faisalabad",Pakistan,Asia,Faisalabad,,https://www.topuniversities.com/universities/government-college-university-faisalabad,https://www.usnews.com/education/best-global-universities/government-college-university-faisalabad-529535
international-islamic-university-malaysia-iium,International Islamic University Malaysia (IIUM),Malaysia,Asia,Kuala Lumpur,,https://www.topuniversities.com/universities/international-islamic-university-malaysia-iium,https://www.usnews.com/education/best-global-universities/international-islamic-university-malaysia-529529
tu-dortmund-university,TU Dortmund University,Germany,Europe,Dortmund,,https://www.topuniversities.com/universities/tu-dortmund-university,
university-plymouth,University of Plymouth,United Kingdom,Europe,Plymouth,,https://www.topuniversities.com/universities/university-plymouth,https://www.usnews.com/education/best-global-universities/university-of-plymouth-500972
university-ulsan,University of Ulsan,South Korea,Asia,Ulsan,,https://www.topuniversities.com/universities/university-ulsan,https://www.usnews.com/education/best-global-universities/university-of-ulsan-500178
usn-islamia-university-of-bahawalpur-530065,Islamia University of Bahawalpur,Pakistan,Asia,Bahawalpur,,,https://www.usnews.com/education/best-global-universities/islamia-university-of-bahawalpur-530065
karl-franzens-universitaet-graz,Karl-Franzens-Universitaet Graz,Austria,Europe,Graz,,https://www.topuniversities.com/universities/karl-franzens-universitaet-graz,
kaunas-university-technology,Kaunas University of Technology,Lithuania,Europe,Kaunas,,https://www.topuniversities.com/universities/kaunas-university-technology,https://www.usnews.com/education/best-global-universities/kaunas-university-of-technology-529304
university-malta,University of Malta,Malta,Europe,Msida,,https://www.topuniversities.com/universities/university-malta,https://www.usnews.com/education/best-global-universities/university-of-malta-529548
indiana-university-indianapolis-iu-indianapolis,Indiana University Indianapolis (IU Indianapolis),United States,North America,Indianapolis,,https://www.topuniversities.com/universities/indiana-university-indianapolis-iu-indianapolis,https://www.usnews.com/education/best-global-universities/indiana-university-indianapolis-530564
ohio-university,Ohio University,United States,North America,Athens,,https://www.topuniversities.com/universities/ohio-university,https://www.usnews.com/education/best-global-universities/ohio-university-204857
cyprus-university-technology,Cyprus University of Technology,Cyprus,Asia,Limassol,,https://www.topuniversities.com/universities/cyprus-university-technology,https://www.usnews.com/education/best-global-universities/cyprus-university-of-technology-530036
goldsmiths-university-london,"Goldsmiths, University of London",United Kingdom,Europe,London,,https://www.topuniversities.com/universities/goldsmiths-university-london,https://www.usnews.com/education/best-global-universities/goldsmiths-university-london-529433
indian-institute-technology-indian-school-mines-dhanbad,"Indian Institute of Technology (Indian School of Mines), Dhanbad",India,Asia,Dhanbad,,https://www.topuniversities.com/universities/indian-institute-technology-indian-school-mines-dhanbad,https://www.usnews.com/education/best-global-universities/indian-institute-of-technology-indian-school-of-mines-dhanbad-529410
lincoln-university-college,Lincoln University College,Malaysia,Asia,Kuala Lumpur,,https://www.topuniversities.com/universities/lincoln-university-college,
segi-university,SEGi UNIVERSITY,Malaysia,Asia,Kuala Lumpur,,https://www.topuniversities.com/universities/segi-university,
thapar-institute-engineering-technology,Thapar Institute of Engineering & Technology,India,Asia,Patiala,,https://www.topuniversities.com/universities/thapar-institute-engineering-technology,
university-tennessee-knoxville,"The University of Tennessee, Knoxville",United States,North America,Knoxville,,https://www.topuniversities.com/universities/university-tennessee-knoxville,
universidad-de-zaragoza,Universidad de Zaragoza,Spain,Europe,Zaragoza,,https://www.topuniversities.com/universities/universidad-de-zaragoza,
universiti-malaysia-terengganu-umt,Universiti Malaysia Terengganu (UMT),Malaysia,Asia,Kuala Terengganu,,https://www.topuniversities.com/universities/universiti-malaysia-terengganu-umt,https://www.usnews.com/education/best-global-universities/universiti-malaysia-terengganu-530038
aligarh-muslim-university,Aligarh Muslim University,India,Asia,Aligarh,,https://www.topuniversities.com/universities/aligarh-muslim-university,https://www.usnews.com/education/best-global-universities/aligarh-muslim-university-528840
university-louisville,University of Louisville,United States,North America,Louisville,,https://www.topuniversities.com/universities/university-louisville,https://www.usnews.com/education/best-global-universities/university-of-louisville-157289
usn-changan-university-529427,Chang'an University,China,,Xi'an,,,https://www.usnews.com/education/best-global-universities/changan-university-529427
usn-university-of-botswana-530403,University of Botswana,Botswana,,Gaborone,,,https://www.usnews.com/education/best-global-universities/university-of-botswana-530403
usn-university-of-luebeck-528857,University of Luebeck,Germany,Europe,Lubeck,,,https://www.usnews.com/education/best-global-universities/university-of-luebeck-528857
usn-university-of-tromso-500047,University of Tromsø,Norway,Europe,Tromso,,,https://www.usnews.com/education/best-global-universities/university-of-tromso-500047
university-ghana,University of Ghana,Ghana,Africa,Legon,,https://www.topuniversities.com/universities/university-ghana,https://www.usnews.com/education/best-global-universities/university-of-ghana-529375
usn-cankaya-university-529758,Çankaya University,Türkiye,Asia,Ankara,,,https://www.usnews.com/education/best-global-universities/cankaya-university-529758
university-haifa,University of Haifa,Israel,Asia,Haifa,,https://www.topuniversities.com/universities/university-haifa,https://www.usnews.com/education/best-global-universities/university-of-haifa-501200
bielefeld-university,Bielefeld University,Germany,Europe,Bielefeld,,https://www.topuniversities.com/universities/bielefeld-university,https://www.usnews.com/education/best-global-universities/bielefeld-university-504564
usn-university-of-bodenkultur-wien-501157,University of Bodenkultur Wien,Austria,Europe,Vienna,,,https://www.usnews.com/education/best-global-universities/university-of-bodenkultur-wien-501157
ahlia-university,Ahlia University,Bahrain,Asia,Manama,,https://www.topuniversities.com/universities/ahlia-university,
azerbaijan-state-oil-industry-university,Azerbaijan State Oil and Industry University,Azerbaijan,Asia,Baku,,https://www.topuniversities.com/universities/azerbaijan-state-oil-industry-university,
bangladesh-university-engineering-technology,Bangladesh University of Engineering and Technology,Bangladesh,Asia,Dhaka,,https://www.topuniversities.com/universities/bangladesh-university-engineering-technology,https://www.usnews.com/education/best-global-universities/bangladesh-university-of-engineering-technology-buet-530184
bar-ilan-university,Bar-Ilan University,Israel,Asia,Ramat Gan,,https://www.topuniversities.com/universities/bar-ilan-university,https://www.usnews.com/education/best-global-universities/bar-ilan-university-505206
bharathiar-university,Bharathiar University,India,Asia,Coimbatore,,https://www.topuniversities.com/universities/bharathiar-university,https://www.usnews.com/education/best-global-universities/bharathiar-university-529406
palacky-university-olomouc,Palacký University Olomouc,Czechia,Europe,"Olomouc,",,https://www.topuniversities.com/universities/palacky-university-olomouc,https://www.usnews.com/education/best-global-universities/palacky-university-olomouc-506534
universidad-panamericana,Universidad Panamericana (UP),Mexico,Latin America,Mexico City,,https://www.topuniversities.com/universities/universidad-panamericana,
university-nicosia,University of Nicosia,Cyprus,Asia,Nicosia,,https://www.topuniversities.com/universities/university-nicosia,https://www.usnews.com/education/best-global-universities/university-of-nicosia-530246
university-south-carolina,University of South Carolina,United States,North America,Columbia,,https://www.topuniversities.com/universities/university-south-carolina,
usn-haramaya-university-530399,Haramaya University,Ethiopia,Africa,Harar,,,https://www.usnews.com/education/best-global-universities/haramaya-university-530399
usn-panjab-university-528843,Panjab University,India,Asia,Chandigarh,,,https://www.usnews.com/education/best-global-universities/panjab-university-528843
university-albany-suny,University at Albany SUNY,United States,North America,Albany,,https://www.topuniversities.com/universities/university-albany-suny,https://www.usnews.com/education/best-global-universities/university-at-albany-suny-196060
west-virginia-university,West Virginia University,United States,North America,Morgantown,,https://www.topuniversities.com/universities/west-virginia-university,https://www.usnews.com/education/best-global-universities/west-virginia-university-238032
usn-vellore-institute-of-technology-529209,Vellore Institute of Technology,India,Asia,Tamil Nadu,,,https://www.usnews.com/education/best-global-universities/vellore-institute-of-technology-529209
university-international-business-economics,University of International Business and Economics,China (Mainland),Asia,Beijing,,https://www.topuniversities.com/universities/university-international-business-economics,https://www.usnews.com/education/best-global-universities/university-of-international-business-economics-530039
jadavpur-university,Jadavpur University,India,Asia,Kolkata,,https://www.topuniversities.com/universities/jadavpur-university,https://www.usnews.com/education/best-global-universities/jadavpur-university-505474
kasetsart-university,Kasetsart University,Thailand,Asia,Bangkok,,https://www.topuniversities.com/universities/kasetsart-university,https://www.usnews.com/education/best-global-universities/kasetsart-university-529012
maynooth-university,Maynooth University,Ireland,Europe,Maynooth,,https://www.topuniversities.com/universities/maynooth-university,https://www.usnews.com/education/best-global-universities/maynooth-university-528943
memorial-university-newfoundland,Memorial University of Newfoundland,Canada,North America,St. John's,,https://www.topuniversities.com/universities/memorial-university-newfoundland,https://www.usnews.com/education/best-global-universities/memorial-university-of-newfoundland-499985
national-institute-technology-tiruchirappalli,"National Institute of Technology, Tiruchirappalli",India,Asia,Tiruchirappalli,,https://www.topuniversities.com/universities/national-institute-technology-tiruchirappalli,https://www.usnews.com/education/best-global-universities/national-institute-of-technology-tiruchirappalli-529710
plekhanov-russian-university-economics,Plekhanov Russian University of Economics,Russia,Europe,Moscow,,https://www.topuniversities.com/universities/plekhanov-russian-university-economics,
tuhh-hamburg-university-technology,TUHH Hamburg University of Technology,Germany,Europe,Hamburg,,https://www.topuniversities.com/universities/tuhh-hamburg-university-technology,
university-missouri-columbia,"University of Missouri, Columbia",United States,North America,Columbia,,https://www.topuniversities.com/universities/university-missouri-columbia,
rochester-institute-technology-rit,Rochester Institute of Technology (RIT),United States,North America,Rochester,,https://www.topuniversities.com/universities/rochester-institute-technology-rit,https://www.usnews.com/education/best-global-universities/rochester-institute-of-technology-195003
henan-university,Henan University,China (Mainland),Asia,Kaifeng,,https://www.topuniversities.com/universities/henan-university,https://www.usnews.com/education/best-global-universities/henan-university-529507
usn-shanghai-university-of-finance-529139,Shanghai University of Finance,China,,Shanghai,,,https://www.usnews.com/education/best-global-universities/shanghai-university-of-finance-529139
usn-university-of-oklahoma-health-sciences-center-207342,University of Oklahoma Health Sciences Center,United States,North America,Oklahoma City,,,https://www.usnews.com/education/best-global-universities/university-of-oklahoma-health-sciences-center-207342
university-messina-unime,University of Messina (UniME),Italy,Europe,Messina,,https://www.topuniversities.com/universities/university-messina-unime,https://www.usnews.com/education/best-global-universities/university-of-messina-500522
kwame-nkrumah-university-science-technology,Kwame Nkrumah University of Science and Technology,Ghana,Africa,Kumasi,,https://www.topuniversities.com/universities/kwame-nkrumah-university-science-technology,https://www.usnews.com/education/best-global-universities/kwame-nkrumah-university-science-and-technology-529441
university-missouri-kansas-city,"University of Missouri, Kansas City",United States,North America,Kansas City,,https://www.topuniversities.com/universities/university-missouri-kansas-city,https://www.usnews.com/education/best-global-universities/university-of-missouri-kansas-city-178402
university-north-carolina-charlotte,University of North Carolina at Charlotte,United States,North America,Charlotte,,https://www.topuniversities.com/universities/university-north-carolina-charlotte,https://www.usnews.com/education/best-global-universities/university-of-north-carolina-charlotte-199139
usn-northumbria-university-529055,Northumbria University,United Kingdom,Europe,Newcastle upon Tyne,,,https://www.usnews.com/education/best-global-universities/northumbria-university-529055
adam-mickiewicz-university-poznan,"Adam Mickiewicz University, Poznań",Poland,Europe,Poznań,,https://www.topuniversities.com/universities/adam-mickiewicz-university-poznan,
ankara-universitesi,Ankara Üniversitesi,Türkiye,Asia,Ankara,,https://www.topuniversities.com/universities/ankara-universitesi,https://www.usnews.com/education/best-global-universities/ankara-university-503075
czech-university-life-sciences-prague,Czech University of Life Sciences in Prague,Czechia,Europe,"Prague,",,https://www.topuniversities.com/universities/czech-university-life-sciences-prague,
northwest-agriculture-forestry-university,Northwest Agriculture and Forestry University,China (Mainland),Asia,Yangling,,https://www.topuniversities.com/universities/northwest-agriculture-forestry-university,
universidad-de-alcala-madrid,Universidad de Alcalá (Madrid),Spain,Europe,Madrid.,,https://www.topuniversities.com/universities/universidad-de-alcala-madrid,https://www.usnews.com/education/best-global-universities/universidad-de-alcala-528978
universite-de-rennes,Université de Rennes,France,Europe,Rennes,,https://www.topuniversities.com/universities/universite-de-rennes,
usn-beijing-technology-and-business-university-529734,Beijing Technology and Business University,China,,Beijing,,,https://www.usnews.com/education/best-global-universities/beijing-technology-and-business-university-529734
usn-federation-university-australia-529602,Federation University Australia,Australia,Oceania,Mt. Helen,,,https://www.usnews.com/education/best-global-universities/federation-university-australia-529602
usn-dalian-maritime-university-529341,Dalian Maritime University,China,,Dalian,,,https://www.usnews.com/education/best-global-universities/dalian-maritime-university-529341
usn-federal-university-of-santa-catarina-500204,Federal University of Santa Catarina,Brazil,Latin America,Florianopolis,,,https://www.usnews.com/education/best-global-universities/federal-university-of-santa-catarina-500204
usn-hainan-university-529489,Hainan University,China,,Haikou,,,https://www.usnews.com/education/best-global-universities/hainan-university-529489
aga-khan-university,Aga Khan University,Pakistan,Asia,Karachi,,https://www.topuniversities.com/universities/aga-khan-university,https://www.usnews.com/education/best-global-universities/aga-khan-university-528969
university-north-texas,University of North Texas,United States,North America,Denton,,https://www.topuniversities.com/universities/university-north-texas,https://www.usnews.com/education/best-global-universities/university-of-north-texas-227216
university-parma,University of Parma,Italy,Europe,Parma,,https://www.topuniversities.com/universities/university-parma,https://www.usnews.com/education/best-global-universities/university-of-parma-501495
university-wisconsin-milwaukee,University of Wisconsin Milwaukee,United States,North America,Milwaukee,,https://www.topuniversities.com/universities/university-wisconsin-milwaukee,https://www.usnews.com/education/best-global-universities/university-of-wisconsin-milwaukee-240453
usn-university-of-california-merced-445188,University of California--Merced,United States,North America,Merced,,,https://www.usnews.com/education/best-global-universities/university-of-california-merced-445188
usn-zhejiang-gongshang-university-529420,Zhejiang Gongshang University,China,,Xiasha University Town,,,https://www.usnews.com/education/best-global-universities/zhejiang-gongshang-university-529420
far-eastern-federal-university,Far Eastern Federal University,Russia,Europe,Vladivostok,,https://www.topuniversities.com/universities/far-eastern-federal-university,https://www.usnews.com/education/best-global-universities/far-eastern-federal-university-529574
national-research-tomsk-polytechnic-university,National Research Tomsk Polytechnic University,Russia,Europe,Tomsk,,https://www.topuniversities.com/universities/national-research-tomsk-polytechnic-university,
new-jersey-institute-technology-njit,New Jersey Institute of Technology (NJIT),United States,North America,Newark,,https://www.topuniversities.com/universities/new-jersey-institute-technology-njit,https://www.usnews.com/education/best-global-universities/new-jersey-institute-of-technology-185828
universidade-federal-do-rio-grande-do-sul,Universidade Federal do Rio Grande Do Sul,Brazil,Latin America,Porto Alegre,,https://www.topuniversities.com/universities/universidade-federal-do-rio-grande-do-sul,
university-massachusetts-boston,University of Massachusetts Boston,United States,North America,Boston,,https://www.topuniversities.com/universities/university-massachusetts-boston,https://www.usnews.com/education/best-global-universities/university-of-massachusetts-boston-166638
usn-minia-university-514678,Minia University,Egypt,Africa,Minya,,,https://www.usnews.com/education/best-global-universities/minia-university-514678
usn-northeast-normal-university-china-503882,Northeast Normal University - China,China,,Changchun,,,https://www.usnews.com/education/best-global-universities/northeast-normal-university-china-503882
usn-university-of-la-laguna-502362,University of La Laguna,Spain,Europe,La Laguna,,,https://www.usnews.com/education/best-global-universities/university-of-la-laguna-502362
brandeis-university,Brandeis University,United States,North America,Waltham,,https://www.topuniversities.com/universities/brandeis-university,https://www.usnews.com/education/best-global-universities/brandeis-university-165015
budapest-university-technology-economics,Budapest University of Technology and Economics,Hungary,Europe,Budapest,,https://www.topuniversities.com/universities/budapest-university-technology-economics,https://www.usnews.com/education/best-global-universities/budapest-university-of-technology-and-economics-502324
de-la-salle-university,De La Salle University,Philippines,Asia,Manila,,https://www.topuniversities.com/universities/de-la-salle-university,
instituto-tecnologico-autonomo-de-mexico-itam,Instituto Tecnológico Autónomo de México (ITAM),Mexico,Latin America,Mexico City,,https://www.topuniversities.com/universities/instituto-tecnologico-autonomo-de-mexico-itam,
missouri-university-science-technology,Missouri University of Science and Technology,United States,North America,Rolla,,https://www.topuniversities.com/universities/missouri-university-science-technology,https://www.usnews.com/education/best-global-universities/missouri-university-of-science-and-technology-178411
op-jindal-global-university-jgu,O.P. Jindal Global University (JGU),India,Asia,Sonepat,,https://www.topuniversities.com/universities/op-jindal-global-university-jgu,
riga-technical-university,Riga Technical University,Latvia,Europe,Riga,,https://www.topuniversities.com/universities/riga-technical-university,https://www.usnews.com/education/best-global-universities/riga-technical-university-529755
sofia-university-st-kliment-ohridski,"Sofia University ""St. Kliment Ohridski""",Bulgaria,Europe,Burgas,,https://www.topuniversities.com/universities/sofia-university-st-kliment-ohridski,
vietnam-national-university-hanoi,"Vietnam National University, Hanoi",Vietnam,Asia,Hanoi,,https://www.topuniversities.com/universities/vietnam-national-university-hanoi,
vytautas-magnus-university,Vytautas Magnus University,Lithuania,Europe,Kaunas,,https://www.topuniversities.com/universities/vytautas-magnus-university,https://www.usnews.com/education/best-global-universities/vytautas-magnus-university-530274
yeungnam-university,Yeungnam University,South Korea,Asia,Gyeongsan,,https://www.topuniversities.com/universities/yeungnam-university,https://www.usnews.com/education/best-global-universities/yeungnam-university-504367
usn-dortmund-university-of-technology-504395,Dortmund University of Technology,Germany,Europe,Dortmund,,,https://www.usnews.com/education/best-global-universities/dortmund-university-of-technology-504395
usn-hefei-university-of-technology-528958,Hefei University of Technology,China,,Hefei,,,https://www.usnews.com/education/best-global-universities/hefei-university-of-technology-528958
usn-north-china-electric-power-university-528965,North China Electric Power University,China,,Beijing,,,https://www.usnews.com/education/best-global-universities/north-china-electric-power-university-528965
usn-universitetet-i-stavanger-529549,Universitetet i Stavanger,Norway,Europe,Stavanger,,,https://www.usnews.com/education/best-global-universities/universitetet-i-stavanger-529549
oklahoma-state-university,Oklahoma State University,United States,North America,Stillwater,,https://www.topuniversities.com/universities/oklahoma-state-university,https://www.usnews.com/education/best-global-universities/oklahoma-state-university-207388
usn-shandong-university-of-science-and-technology-529480,Shandong University of Science and Technology,China,,Qingdao,,,https://www.usnews.com/education/best-global-universities/shandong-university-of-science-and-technology-529480
agh-university-krakow,AGH University of Krakow,Poland,Europe,Krakow,,https://www.topuniversities.com/universities/agh-university-krakow,
applied-science-private-university-jordan,Applied Science Private University - Jordan,Jordan,Asia,Amman,,https://www.topuniversities.com/universities/applied-science-private-university-jordan,
holy-spirit-university-kaslik,Holy Spirit University of Kaslik,Lebanon,Asia,Jounieh,,https://www.topuniversities.com/universities/holy-spirit-university-kaslik,
norwegian-university-life-sciences,Norwegian University of Life Sciences,Norway,Europe,Ås,,https://www.topuniversities.com/universities/norwegian-university-life-sciences,https://www.usnews.com/education/best-global-universities/norwegian-university-of-life-sciences-528819
uwe-bristol-university-west-england,UWE Bristol (University of the West of England),United Kingdom,Europe,Bristol,,https://www.topuniversities.com/universities/uwe-bristol-university-west-england,
universidad-de-cantabria,Universidad de Cantabria,Spain,Europe,Santander,,https://www.topuniversities.com/universities/universidad-de-cantabria,https://www.usnews.com/education/best-global-universities/universidad-de-cantabria-501803
usn-mohammed-v-university-in-rabat-530208,Mohammed V University in Rabat,Morocco,Africa,Rabat,,,https://www.usnews.com/education/best-global-universities/mohammed-v-university-in-rabat-530208
usn-university-of-zaragoza-502343,University of Zaragoza,Spain,Europe,Zaragoza,,,https://www.usnews.com/education/best-global-universities/university-of-zaragoza-502343
charles-sturt-university,Charles Sturt University,Australia,Oceania,Bathurst,,https://www.topuniversities.com/universities/charles-sturt-university,https://www.usnews.com/education/best-global-universities/charles-sturt-university-528979
university-south-africa,University of South Africa,South Africa,Africa,Pretoria,,https://www.topuniversities.com/universities/university-south-africa,https://www.usnews.com/education/best-global-universities/university-of-south-africa-529170
usn-lappeenranta-university-of-technology-528924,Lappeenranta University of Technology,Finland,Europe,Lappeenranta,,,https://www.usnews.com/education/best-global-universities/lappeenranta-university-of-technology-528924
usn-yangzhou-university-529253,Yangzhou University,China,,Yangzhou,,,https://www.usnews.com/education/best-global-universities/yangzhou-university-529253
multimedia-university-mmu,Multimedia University (MMU),Malaysia,Asia,Cyberjaya,,https://www.topuniversities.com/universities/multimedia-university-mmu,
universidad-san-francisco-de-quito-usfq,Universidad San Francisco de Quito USFQ,Ecuador,Latin America,Quito,,https://www.topuniversities.com/universities/universidad-san-francisco-de-quito-usfq,
university-hohenheim,University of Hohenheim,Germany,Europe,Stuttgart,,https://www.topuniversities.com/universities/university-hohenheim,https://www.usnews.com/education/best-global-universities/university-hohenheim-502293
university-patras,University of Patras,Greece,Europe,Patras,,https://www.topuniversities.com/universities/university-patras,https://www.usnews.com/education/best-global-universities/university-of-patras-503205
university-bucharest,University of Bucharest,Romania,Europe,Bucharest,,https://www.topuniversities.com/universities/university-bucharest,https://www.usnews.com/education/best-global-universities/university-of-bucharest-501581
university-modena-reggio-emilia,University of Modena and Reggio Emilia,Italy,Europe,Modena,,https://www.topuniversities.com/universities/university-modena-reggio-emilia,https://www.usnews.com/education/best-global-universities/university-of-modena-and-reggio-emilia-501966
usn-institut-agro-530029,Institut Agro,France,Europe,Paris,,,https://www.usnews.com/education/best-global-universities/institut-agro-530029
usn-lulea-university-of-technology-529025,Lulea University of Technology,Sweden,Europe,Lulea,,,https://www.usnews.com/education/best-global-universities/lulea-university-of-technology-529025
usn-wenzhou-medical-university-529262,Wenzhou Medical University,China,,Wenzhou,,,https://www.usnews.com/education/best-global-universities/wenzhou-medical-university-529262
auezov-south-kazakhstan-university-sku,Auezov South Kazakhstan University (SKU),Kazakhstan,Asia,Shymkent,,https://www.topuniversities.com/universities/auezov-south-kazakhstan-university-sku,
chonnam-national-university,Chonnam National University,South Korea,Asia,Gwangju,,https://www.topuniversities.com/universities/chonnam-national-university,https://www.usnews.com/education/best-global-universities/chonnam-national-university-503755
german-jordanian-university,German Jordanian University,Jordan,Asia,Amman,,https://www.topuniversities.com/universities/german-jordanian-university,
hong-kong-metropolitan-university,Hong Kong Metropolitan University,Hong Kong SAR,Asia,Hong Kong,,https://www.topuniversities.com/universities/hong-kong-metropolitan-university,https://www.usnews.com/education/best-global-universities/hong-kong-metropolitan-university-530775
kazakh-national-agrarian-research-university-kaznaru,Kazakh National Agrarian Research University (KazNARU),Kazakhstan,Asia,Almaty,,https://www.topuniversities.com/universities/kazakh-national-agrarian-research-university-kaznaru,
qassim-university,Qassim University,Saudi Arabia,Asia,Buraydah,,https://www.topuniversities.com/universities/qassim-university,https://www.usnews.com/education/best-global-universities/qassim-university-510947
shahid-beheshti-university-sbu,Shahid Beheshti University (SBU),Iran,Asia,Tehran,,https://www.topuniversities.com/universities/shahid-beheshti-university-sbu,
technische-universitat-braunschweig,Technische Universität Braunschweig,Germany,Europe,Braunschweig,,https://www.topuniversities.com/universities/technische-universitat-braunschweig,
universidad-de-palermo,Universidad de Palermo (UP),Argentina,Latin America,Buenos Aires,,https://www.topuniversities.com/universities/universidad-de-palermo,
university-dubai,University of Dubai,United Arab Emirates,Asia,Dubai,,https://www.topuniversities.com/universities/university-dubai,
university-latvia,University of Latvia,Latvia,Europe,Riga,,https://www.topuniversities.com/universities/university-latvia,https://www.usnews.com/education/best-global-universities/university-of-latvia-529199
keele-university,Keele University,United Kingdom,Europe,Keele,,https://www.topuniversities.com/universities/keele-university,https://www.usnews.com/education/best-global-universities/keele-university-504593
usn-fujian-agriculture-and-forestry-university-529097,Fujian Agriculture and Forestry University,China,,Fuzhou,,,https://www.usnews.com/education/best-global-universities/fujian-agriculture-and-forestry-university-529097
usn-lingnan-university-530227,Lingnan University,Hong Kong,,Hong Kong,,,https://www.usnews.com/education/best-global-universities/lingnan-university-530227
usn-mashhad-university-medical-science-529398,Mashhad University Medical Science,Iran,Asia,Mahshad,,,https://www.usnews.com/education/best-global-universities/mashhad-university-medical-science-529398
usn-tarbiat-modares-university-528825,Tarbiat Modares University,Iran,Asia,Tehran,,,https://www.usnews.com/education/best-global-universities/tarbiat-modares-university-528825
imam-mohammad-ibn-saud-islamic-university-imsiu,Imam Mohammad Ibn Saud Islamic University – IMSIU,Saudi Arabia,Asia,Riyadh,,https://www.topuniversities.com/universities/imam-mohammad-ibn-saud-islamic-university-imsiu,
lovely-professional-university-lpu,Lovely Professional University (LPU),India,Asia,Chaheru,,https://www.topuniversities.com/universities/lovely-professional-university-lpu,https://www.usnews.com/education/best-global-universities/lovely-professional-university-530057
near-east-university,Near East University,Northern Cyprus,Europe,Lefkosa,,https://www.topuniversities.com/universities/near-east-university,https://www.usnews.com/education/best-global-universities/near-east-university-529702
savitribai-phule-pune-university,Savitribai Phule Pune University,India,Asia,Pune,,https://www.topuniversities.com/universities/savitribai-phule-pune-university,https://www.usnews.com/education/best-global-universities/savitribai-phule-pune-university-529514
shiraz-university,Shiraz University,Iran,Asia,Shiraz,,https://www.topuniversities.com/universities/shiraz-university,https://www.usnews.com/education/best-global-universities/shiraz-university-500400
taras-shevchenko-national-university-kyiv,Taras Shevchenko National University of Kyiv,Ukraine,Europe,Kyiv,,https://www.topuniversities.com/universities/taras-shevchenko-national-university-kyiv,
technological-university-dublin,Technological University Dublin,Ireland,Europe,Dublin,,https://www.topuniversities.com/universities/technological-university-dublin,
universidade-catolica-portuguesa,Universidade Católica Portuguesa,Portugal,Europe,Lisbon,,https://www.topuniversities.com/universities/universidade-catolica-portuguesa,https://www.usnews.com/education/best-global-universities/universidade-catolica-portuguesa-529989
university-engineering-technology-uet-lahore,University of Engineering & Technology (UET) Lahore,Pakistan,Asia,Lahore,,https://www.topuniversities.com/universities/university-engineering-technology-uet-lahore,https://www.usnews.com/education/best-global-universities/university-of-engineering-and-technology-lahore-529774
university-greenwich,University of Greenwich,,,London (U.K.),,https://www.topuniversities.com/universities/university-greenwich,https://www.usnews.com/education/best-global-universities/university-of-greenwich-529153
university-pecs,University of Pecs,Hungary,Europe,Pécs,,https://www.topuniversities.com/universities/university-pecs,https://www.usnews.com/education/best-global-universities/university-of-pecs-529028
vilnius-tech-vilnius-gediminas-technical-university,VILNIUS TECH (Vilnius Gediminas Technical University),Lithuania,Europe,Vilnius,,https://www.topuniversities.com/universities/vilnius-tech-vilnius-gediminas-technical-university,
usn-all-india-institute-of-medical-sciences-500492,All India Institute of Medical Sciences,India,Asia,New Delhi,,,https://www.usnews.com/education/best-global-universities/all-india-institute-of-medical-sciences-500492
bahauddin-zakariya-university,Bahauddin Zakariya University,Pakistan,Asia,Multan,,https://www.topuniversities.com/universities/bahauddin-zakariya-university,https://www.usnews.com/education/best-global-universities/bahauddin-zakariya-university-529426
usn-university-of-vigo-505924,University of Vigo,Spain,Europe,Vigo,,,https://www.usnews.com/education/best-global-universities/university-of-vigo-505924
usn-marche-polytechnic-university-503536,Marche Polytechnic University,Italy,Europe,Ancona,,,https://www.usnews.com/education/best-global-universities/marche-polytechnic-university-503536
usn-universidad-de-la-costa-530465,Universidad de la Costa,Colombia,Latin America,Barranquilla,,,https://www.usnews.com/education/best-global-universities/universidad-de-la-costa-530465
aberystwyth-university,Aberystwyth University,United Kingdom,Europe,Aberystwyth,,https://www.topuniversities.com/universities/aberystwyth-university,https://www.usnews.com/education/best-global-universities/aberystwyth-university-528922
alfaisal-university,Alfaisal University,Saudi Arabia,Asia,Riyadh,,https://www.topuniversities.com/universities/alfaisal-university,https://www.usnews.com/education/best-global-universities/alfaisal-university-529740
american-university-central-asia,American University of Central Asia,Kyrgyzstan,Asia,Bishkek,,https://www.topuniversities.com/universities/american-university-central-asia,
azerbaijan-technical-university,Azerbaijan Technical University,Azerbaijan,Asia,Baku,,https://www.topuniversities.com/universities/azerbaijan-technical-university,
chungnam-national-university,Chungnam National University,South Korea,Asia,Daejeon,,https://www.topuniversities.com/universities/chungnam-national-university,https://www.usnews.com/education/best-global-universities/chungnam-national-university-502760
edinburgh-napier-university,Edinburgh Napier University,United Kingdom,Europe,Edinburgh,,https://www.topuniversities.com/universities/edinburgh-napier-university,https://www.usnews.com/education/best-global-universities/edinburgh-napier-university-529991
egypt-japan-university-science-technology,Egypt Japan University of Science & Technology,Egypt,Africa,New Borg El Arab,,https://www.topuniversities.com/universities/egypt-japan-university-science-technology,https://www.usnews.com/education/best-global-universities/egypt-japan-university-of-science-technology-530188
el-colegio-de-mexico-ac,"El Colegio de México, A.C.",Mexico,Latin America,Mexico City,,https://www.topuniversities.com/universities/el-colegio-de-mexico-ac,
gdansk-university-technology,Gdańsk University of Technology,Poland,Europe,Gdańsk,,https://www.topuniversities.com/universities/gdansk-university-technology,https://www.usnews.com/education/best-global-universities/gdansk-university-of-technology-529186
itmo-university,ITMO University,Russia,Europe,St. Petersburg,,https://www.topuniversities.com/universities/itmo-university,https://www.usnews.com/education/best-global-universities/itmo-university-529154
khazar-university,Khazar University,Azerbaijan,Asia,Baku,,https://www.topuniversities.com/universities/khazar-university,
national-university-uzbekistan-named-after-mirzo-ulugbek,National University of Uzbekistan named after Mirzo Ulugbek,Uzbekistan,Asia,Tashkent,,https://www.topuniversities.com/universities/national-university-uzbekistan-named-after-mirzo-ulugbek,
rutgers-university-newark,Rutgers University–Newark,United States,North America,Newark,,https://www.topuniversities.com/universities/rutgers-university-newark,
saveetha-institute-medical-technical-sciences-simats-tamil-naduindia,"Saveetha Institute of Medical And Technical Sciences (SIMATS) , Tamil Nadu,India",India,Asia,Tiruvallur,,https://www.topuniversities.com/universities/saveetha-institute-medical-technical-sciences-simats-tamil-naduindia,
national-university-science-technology-misis,The National University of Science and Technology MISIS,Russia,Europe,Moscow,,https://www.topuniversities.com/universities/national-university-science-technology-misis,https://www.usnews.com/education/best-global-universities/national-university-of-science-and-technology-misis-529075
universidad-catolica-del-uruguay-ucu,Universidad Católica del Uruguay (UCU),Uruguay,Latin America,Montevideo,,https://www.topuniversities.com/universities/universidad-catolica-del-uruguay-ucu,
universidad-central-de-venezuela,Universidad Central de Venezuela,Venezuela,Latin America,Caracas,,https://www.topuniversities.com/universities/universidad-central-de-venezuela,
universidad-nacional-de-cordoba-unc,Universidad Nacional de Córdoba - UNC,Argentina,Latin America,Córdoba,,https://www.topuniversities.com/universities/universidad-nacional-de-cordoba-unc,
universidade-de-vigo,Universidade de Vigo,Spain,Europe,Vigo,,https://www.topuniversities.com/universities/universidade-de-vigo,
universidade-federal-de-sao-paulo,Universidade Federal de São Paulo,Brazil,Latin America,São Paulo,,https://www.topuniversities.com/universities/universidade-federal-de-sao-paulo,
universiti-tunku-abdul-rahman-utar,Universiti Tunku Abdul Rahman (UTAR),Malaysia,Asia,Kampar,,https://www.topuniversities.com/universities/universiti-tunku-abdul-rahman-utar,https://www.usnews.com/education/best-global-universities/university-of-tunku-abdul-rahman-529814
university-baghdad,University of Baghdad,Iraq,Asia,Baghdad,,https://www.topuniversities.com/universities/university-baghdad,https://www.usnews.com/education/best-global-universities/university-of-baghdad-513204
university-maryland-baltimore-county,"University of Maryland, Baltimore County",United States,North America,Baltimore,,https://www.topuniversities.com/universities/university-maryland-baltimore-county,https://www.usnews.com/education/best-global-universities/university-of-maryland-baltimore-county-163268
university-mons,University of Mons,Belgium,Europe,Mons,,https://www.topuniversities.com/universities/university-mons,https://www.usnews.com/education/best-global-universities/university-of-mons-528860
university-namur,University of Namur,Belgium,Europe,Namur,,https://www.topuniversities.com/universities/university-namur,https://www.usnews.com/education/best-global-universities/university-of-namur-529001
viet-nam-national-university-ho-chi-minh-city-vnu-hcm,Viet Nam National University Ho Chi Minh City (VNU-HCM),Vietnam,Asia,Ho Chi Minh City,,https://www.topuniversities.com/universities/viet-nam-national-university-ho-chi-minh-city-vnu-hcm,
banaras-hindu-university,Banaras Hindu University,India,Asia,Varanasi,,https://www.topuniversities.com/universities/banaras-hindu-university,https://www.usnews.com/education/best-global-universities/banaras-hindu-university-503462
usn-comenius-university-in-bratislava-500702,Comenius University in Bratislava,Slovakia,Europe,Bratislava,,,https://www.usnews.com/education/best-global-universities/comenius-university-in-bratislava-500702
usn-shiraz-university-of-medical-science-529286,Shiraz University of Medical Science,Iran,Asia,Shiraz,,,https://www.usnews.com/education/best-global-universities/shiraz-university-of-medical-science-529286
usn-tabriz-university-of-medical-science-529423,Tabriz University of Medical Science,Iran,Asia,Tabriz,,,https://www.usnews.com/education/best-global-universities/tabriz-university-of-medical-science-529423
usn-china-pharmaceutical-university-502614,China Pharmaceutical University,China,,Nanjing,,,https://www.usnews.com/education/best-global-universities/china-pharmaceutical-university-502614
chiba-university,Chiba University,Japan,Asia,Chiba-shi,,https://www.topuniversities.com/universities/chiba-university,https://www.usnews.com/education/best-global-universities/chiba-university-503793
yarmouk-university,Yarmouk University,Jordan,Asia,Irbid,,https://www.topuniversities.com/universities/yarmouk-university,https://www.usnews.com/education/best-global-universities/yarmouk-university-507918
politecnico-di-bari,Politecnico di Bari,Italy,Europe,Bari,,https://www.topuniversities.com/universities/politecnico-di-bari,https://www.usnews.com/education/best-global-universities/politecnico-di-bari-528918
university-nairobi,University of Nairobi,Kenya,Africa,Nairobi,,https://www.topuniversities.com/universities/university-nairobi,https://www.usnews.com/education/best-global-universities/university-of-nairobi-529444
usn-bohai-university-529457,Bohai University,China,,Jinzhou,,,https://www.usnews.com/education/best-global-universities/bohai-university-529457
usn-mohammed-vi-polytechnic-university-530248,Mohammed VI Polytechnic University,Morocco,Africa,Hay Moulay Rachid Ben Guerir,,,https://www.usnews.com/education/best-global-universities/mohammed-vi-polytechnic-university-530248
usn-national-yunlin-university-science-and-technology-529818,National Yunlin University Science and Technology,Taiwan,Asia,Yunlin,,,https://www.usnews.com/education/best-global-universities/national-yunlin-university-science-and-technology-529818
usn-agh-university-of-science-and-technology-504859,AGH University of Science and Technology,Poland,Europe,Krakow,,,https://www.usnews.com/education/best-global-universities/agh-university-of-science-and-technology-504859
usn-mekelle-university-530027,Mekelle University,Ethiopia,Africa,Mekelle,,,https://www.usnews.com/education/best-global-universities/mekelle-university-530027
ernst-moritz-arndt-universitat-greifswald,Ernst-Moritz-Arndt-Universität Greifswald,Germany,Europe,Greifswald,,https://www.topuniversities.com/universities/ernst-moritz-arndt-universitat-greifswald,https://www.usnews.com/education/best-global-universities/ernst-moritz-arndt-universitat-greifswald-501842
university-nevada-reno,University of Nevada - Reno,United States,North America,Reno,,https://www.topuniversities.com/universities/university-nevada-reno,https://www.usnews.com/education/best-global-universities/university-of-nevada-reno-182290
usn-graduate-university-for-advanced-studies-japan-528948,Graduate University for Advanced Studies - Japan,Japan,Asia,Hayama,,,https://www.usnews.com/education/best-global-universities/graduate-university-for-advanced-studies-japan-528948
usn-port-said-university-511764,Port Said University,Egypt,Africa,Port Said Governorate,,,https://www.usnews.com/education/best-global-universities/port-said-university-511764
usn-university-of-casablanca-hassan-2-529470,University of Casablanca Hassan 2,Morocco,Africa,Casablanca,,,https://www.usnews.com/education/best-global-universities/university-of-casablanca-hassan-2-529470
usn-university-of-concepcion-506070,University of Concepción,Chile,Latin America,Concepcion,,,https://www.usnews.com/education/best-global-universities/university-of-concepcion-506070
university-murcia,University of Murcia,Spain,Europe,Murcia,,https://www.topuniversities.com/universities/university-murcia,https://www.usnews.com/education/best-global-universities/university-of-murcia-503573
usn-university-of-perugia-504697,University of Perugia,Italy,Europe,Perugia,,,https://www.usnews.com/education/best-global-universities/university-of-perugia-504697
usn-bahir-dar-university-530158,Bahir Dar University,Ethiopia,Africa,Bahir Dar,,,https://www.usnews.com/education/best-global-universities/bahir-dar-university-530158
usn-fayoum-university-511205,Fayoum University,Egypt,Africa,Al Fayoum,,,https://www.usnews.com/education/best-global-universities/fayoum-university-511205
usn-guangzhou-medical-university-529307,Guangzhou Medical University,China,,Guangzhou,,,https://www.usnews.com/education/best-global-universities/guangzhou-medical-university-529307
usn-nazarbayev-university-529806,Nazarbayev University,Kazakhstan,Asia,Nur-Sultan,,,https://www.usnews.com/education/best-global-universities/nazarbayev-university-529806
usn-northeast-agricultural-university-china-529520,Northeast Agricultural University - China,China,,Harbin,,,https://www.usnews.com/education/best-global-universities/northeast-agricultural-university-china-529520
usn-zhongnan-university-of-economics-law-530034,Zhongnan University of Economics & Law,China,,Wuhan,,,https://www.usnews.com/education/best-global-universities/zhongnan-university-of-economics-law-530034
usn-university-of-arkansas-106397,University of Arkansas,United States,North America,Fayetteville,,,https://www.usnews.com/education/best-global-universities/university-of-arkansas-106397
university-agder,University of Agder,Norway,Europe,Kristiansand,,https://www.topuniversities.com/universities/university-agder,https://www.usnews.com/education/best-global-universities/university-of-agder-529337
usn-brigham-young-university-provo-230038,Brigham Young University--Provo,United States,North America,Provo,,,https://www.usnews.com/education/best-global-universities/brigham-young-university-provo-230038
usn-carol-davila-university-of-medicine-and-pharmacy-529201,Carol Davila University of Medicine and Pharmacy,Romania,Europe,Bucharest,,,https://www.usnews.com/education/best-global-universities/carol-davila-university-of-medicine-and-pharmacy-529201
usn-university-of-udine-504338,University of Udine,Italy,Europe,Udine,,,https://www.usnews.com/education/best-global-universities/university-of-udine-504338
usn-nguyen-tat-thanh-university-nttu-530204,Nguyen Tat Thanh University (NTTU),Vietnam,Asia,Ho Chi Minh City,,,https://www.usnews.com/education/best-global-universities/nguyen-tat-thanh-university-nttu-530204
usn-universite-djillali-liabes-513540,Université Djillali Liabes,Algeria,,Sidi Bel Abbes,,,https://www.usnews.com/education/best-global-universities/universite-djillali-liabes-513540
baku-engineering-university,Baku Engineering University,Azerbaijan,Asia,Khirdalan,,https://www.topuniversities.com/universities/baku-engineering-university,
de-montfort-university,De Montfort University,United Kingdom,Europe,Leicester,,https://www.topuniversities.com/universities/de-montfort-university,https://www.usnews.com/education/best-global-universities/de-montfort-university-529563
gebze-technical-university-gtu,Gebze Technical University (GTU),Türkiye,Asia,Gebze,,https://www.topuniversities.com/universities/gebze-technical-university-gtu,https://www.usnews.com/education/best-global-universities/gebze-technical-university-529430
indian-institute-technology-gandhinagar-iitgn,Indian Institute of Technology Gandhinagar (IITGN),India,Asia,Gandhinagar,,https://www.topuniversities.com/universities/indian-institute-technology-gandhinagar-iitgn,https://www.usnews.com/education/best-global-universities/indian-institute-of-technology-gandhinagar-529780
iscte-university-institute-lisbon,Iscte - University Institute of Lisbon,Portugal,Europe,Lisbon,,https://www.topuniversities.com/universities/iscte-university-institute-lisbon,
khoja-akhmet-yassawi-international-kazakh-turkish-university,Khoja Akhmet Yassawi International Kazakh-Turkish University,Kazakhstan,Asia,Turkestan,,https://www.topuniversities.com/universities/khoja-akhmet-yassawi-international-kazakh-turkish-university,
kuwait-university,Kuwait University,Kuwait,Asia,Kuwait City,,https://www.topuniversities.com/universities/kuwait-university,https://www.usnews.com/education/best-global-universities/kuwait-university-512713
manipal-academy-higher-education-manipal-karnataka-india,"Manipal Academy of Higher Education, Manipal, Karnataka, India",India,Asia,Manipal,,https://www.topuniversities.com/universities/manipal-academy-higher-education-manipal-karnataka-india,
montanuniversitat-leoben,Montanuniversität Leoben,Austria,Europe,Leoben,,https://www.topuniversities.com/universities/montanuniversitat-leoben,
national-technical-university-ukraine-igor-sikorsky-kyiv-polytechnic-institute,"National Technical University of Ukraine ""Igor Sikorsky Kyiv Polytechnic Institute""",Ukraine,Europe,Kyiv,,https://www.topuniversities.com/universities/national-technical-university-ukraine-igor-sikorsky-kyiv-polytechnic-institute,
pontificia-universidad-catolica-de-valparaiso,Pontificia Universidad Católica de Valparaíso,Chile,Latin America,Valparaíso,,https://www.topuniversities.com/universities/pontificia-universidad-catolica-de-valparaiso,https://www.usnews.com/education/best-global-universities/pontificia-universidad-catolica-de-valparaiso-529219
prince-songkla-university,Prince of Songkla University,Thailand,Asia,Hat Yai,,https://www.topuniversities.com/universities/prince-songkla-university,https://www.usnews.com/education/best-global-universities/prince-songkla-university-529017
sechenov-university,Sechenov University,Russia,Europe,Moscow,,https://www.topuniversities.com/universities/sechenov-university,
new-school-new-york-city-paris,"The New School, New York City and Paris",United States,North America,New York,,https://www.topuniversities.com/universities/new-school-new-york-city-paris,
tokyo-university-science,Tokyo University of Science,Japan,Asia,Kagurazaka,,https://www.topuniversities.com/universities/tokyo-university-science,https://www.usnews.com/education/best-global-universities/tokyo-university-of-science-503707
universidad-de-la-habana,Universidad de La Habana,Cuba,Latin America,Havana,,https://www.topuniversities.com/universities/universidad-de-la-habana,
universidad-de-montevideo-um,Universidad de Montevideo (UM),Uruguay,Latin America,Montevideo,,https://www.topuniversities.com/universities/universidad-de-montevideo-um,
universidad-iberoamericana-ciudad-de-mexico-ibero,Universidad Iberoamericana Ciudad de México - IBERO,Mexico,Latin America,Mexico City,,https://www.topuniversities.com/universities/universidad-iberoamericana-ciudad-de-mexico-ibero,
universidade-de-brasilia,Universidade de Brasília,Brazil,Latin America,Brasília,,https://www.topuniversities.com/universities/universidade-de-brasilia,
universita-degli-studi-della-tuscia-university-tuscia,Università degli Studi della Tuscia (University of Tuscia),Italy,Europe,Viterbo,,https://www.topuniversities.com/universities/universita-degli-studi-della-tuscia-university-tuscia,
universita-degli-studi-roma-tre,Università degli studi Roma Tre,Italy,Europe,Rome,,https://www.topuniversities.com/universities/universita-degli-studi-roma-tre,
universitas-hasanuddin,Universitas Hasanuddin,Indonesia,Asia,Makassar,,https://www.topuniversities.com/universities/universitas-hasanuddin,https://www.usnews.com/education/best-global-universities/universitas-hasanuddin-530768
universitat-rovira-i-virgili,Universitat Rovira i Virgili,Spain,Europe,Tarragona,,https://www.topuniversities.com/universities/universitat-rovira-i-virgili,https://www.usnews.com/education/best-global-universities/university-of-rovira-i-virgili-506486
universiti-pendidikan-sultan-idris-upsi,Universiti Pendidikan Sultan Idris (UPSI),Malaysia,Asia,Tanjong Malim,,https://www.topuniversities.com/universities/universiti-pendidikan-sultan-idris-upsi,
university-alicante,University of Alicante,Spain,Europe,Sant Vicent del Raspeig,,https://www.topuniversities.com/universities/university-alicante,https://www.usnews.com/education/best-global-universities/university-of-alicante-503239
university-calabria,University of Calabria,Italy,Europe,Rende,,https://www.topuniversities.com/universities/university-calabria,https://www.usnews.com/education/best-global-universities/university-of-calabria-505594
university-colorado-denver-anschutz-medical-campus,University of Colorado Denver | Anschutz Medical Campus,United States,North America,Denver,,https://www.topuniversities.com/universities/university-colorado-denver-anschutz-medical-campus,
university-hyderabad,University of Hyderabad,India,Asia,Hyderabad,,https://www.topuniversities.com/universities/university-hyderabad,https://www.usnews.com/education/best-global-universities/university-of-hyderabad-528875
university-lincoln,University of Lincoln,United Kingdom,Europe,Lincoln,,https://www.topuniversities.com/universities/university-lincoln,https://www.usnews.com/education/best-global-universities/university-of-lincoln-529675
university-seoul,University of Seoul,South Korea,Asia,Seoul,,https://www.topuniversities.com/universities/university-seoul,https://www.usnews.com/education/best-global-universities/university-of-seoul-528845
university-stavanger,University of Stavanger,Norway,Europe,Stavanger,,https://www.topuniversities.com/universities/university-stavanger,
university-arts-london,University of the Arts London,United Kingdom,Europe,London,,https://www.topuniversities.com/universities/university-arts-london,
university-sunshine-coast,University of the Sunshine Coast,Australia,Oceania,Sippy Downs,,https://www.topuniversities.com/universities/university-sunshine-coast,https://www.usnews.com/education/best-global-universities/university-of-the-sunshine-coast-529403
university-westminster,University of Westminster,United Kingdom,Europe,London,,https://www.topuniversities.com/universities/university-westminster,https://www.usnews.com/education/best-global-universities/university-of-westminster-529456
university-wroclaw,University of Wroclaw,Poland,Europe,Wroclaw,,https://www.topuniversities.com/universities/university-wroclaw,
v-n-karazin-kharkiv-national-university,V. N. Karazin Kharkiv National University,Ukraine,Europe,Kharkiv,,https://www.topuniversities.com/universities/v-n-karazin-kharkiv-national-university,
williams-college,Williams College,United States,North America,Williamstown,,https://www.topuniversities.com/universities/williams-college,
zurich-university-applied-sciences-zhaw,Zurich University of Applied Sciences (ZHAW),Switzerland,Europe,Winterthur,,https://www.topuniversities.com/universities/zurich-university-applied-sciences-zhaw,https://www.usnews.com/education/best-global-universities/zurich-university-of-applied-sciences-530045
usn-sichuan-agricultural-university-529103,Sichuan Agricultural University,China,,Yaan,,,https://www.usnews.com/education/best-global-universities/sichuan-agricultural-university-529103
usn-university-of-ilorin-530228,University of Ilorin,Nigeria,Africa,Ilorin,,,https://www.usnews.com/education/best-global-universities/university-of-ilorin-530228
university-new-hampshire,University of New Hampshire,United States,North America,Durham,,https://www.topuniversities.com/universities/university-new-hampshire,https://www.usnews.com/education/best-global-universities/university-of-new-hampshire-183044
usn-university-of-nigeria-529471,University of Nigeria,Nigeria,Africa,Nsukka,,,https://www.usnews.com/education/best-global-universities/university-of-nigeria-529471
university-tabuk,University of Tabuk,Saudi Arabia,Asia,Tabuk,,https://www.topuniversities.com/universities/university-tabuk,https://www.usnews.com/education/best-global-universities/university-of-tabuk-529786
usn-adam-mickiewicz-university-500923,Adam Mickiewicz University,Poland,Europe,Poznan,,,https://www.usnews.com/education/best-global-universities/adam-mickiewicz-university-500923
usn-qingdao-university-of-science-and-technology-529234,Qingdao University of Science and Technology,China,,Qingdao,,,https://www.usnews.com/education/best-global-universities/qingdao-university-of-science-and-technology-529234
university-colombo,University of Colombo,Sri Lanka,Asia,"Colombo,",,https://www.topuniversities.com/universities/university-colombo,https://www.usnews.com/education/best-global-universities/university-of-colombo-529748
usn-sohag-university-529724,Sohag University,Egypt,Africa,Nasir City,,,https://www.usnews.com/education/best-global-universities/sohag-university-529724
oslo-metropolitan-university,Oslo Metropolitan University,Norway,Europe,Oslo,,https://www.topuniversities.com/universities/oslo-metropolitan-university,https://www.usnews.com/education/best-global-universities/oslo-metropolitan-university-oslomet-529371
utah-state-university,Utah State University,United States,North America,Logan,,https://www.topuniversities.com/universities/utah-state-university,https://www.usnews.com/education/best-global-universities/utah-state-university-230728
usn-juntendo-university-502999,Juntendo University,Japan,Asia,Tokyo,,,https://www.usnews.com/education/best-global-universities/juntendo-university-502999
usn-tribhuvan-university-530037,Tribhuvan University,Nepal,,Kirtipur,,,https://www.usnews.com/education/best-global-universities/tribhuvan-university-530037
usn-university-of-new-england-528095,University of New England,Australia,Oceania,Armidale,,,https://www.usnews.com/education/best-global-universities/university-of-new-england-528095
usn-wuhan-university-of-science-and-technology-529350,Wuhan University of Science and Technology,China,,Wuhan,,,https://www.usnews.com/education/best-global-universities/wuhan-university-of-science-and-technology-529350
universitat-rostock,Universität Rostock,Germany,Europe,Rostock,,https://www.topuniversities.com/universities/universitat-rostock,https://www.usnews.com/education/best-global-universities/university-of-rostock-500634
shaanxi-normal-university,Shaanxi Normal University,China (Mainland),Asia,Xi'an,,https://www.topuniversities.com/universities/shaanxi-normal-university,https://www.usnews.com/education/best-global-universities/shaanxi-normal-university-529190
university-texas-arlington,The University of Texas at Arlington,United States,North America,Arlington,,https://www.topuniversities.com/universities/university-texas-arlington,https://www.usnews.com/education/best-global-universities/university-of-texas-arlington-228769
usn-university-of-brasilia-504217,University of Brasilia,Brazil,Latin America,Brasilia,,,https://www.usnews.com/education/best-global-universities/university-of-brasilia-504217
usn-university-of-opole-530040,University of Opole,Poland,Europe,Opole,,,https://www.usnews.com/education/best-global-universities/university-of-opole-530040
anhui-university,Anhui University,China (Mainland),Asia,Hefei,,https://www.topuniversities.com/universities/anhui-university,https://www.usnews.com/education/best-global-universities/anhui-university-529110
obafemi-awolowo-university,Obafemi Awolowo University,Nigeria,Africa,Osun State,,https://www.topuniversities.com/universities/obafemi-awolowo-university,https://www.usnews.com/education/best-global-universities/obafemi-awolowo-university-529694
usn-peoples-friendship-university-of-russia-529616,Peoples Friendship University of Russia,Russia,Europe,Moscow (Russia),,,https://www.usnews.com/education/best-global-universities/peoples-friendship-university-of-russia-529616
usn-universidad-de-la-republica-uruguay-530030,"Universidad de la Republica, Uruguay",Uruguay,Latin America,Montevideo,,,https://www.usnews.com/education/best-global-universities/universidad-de-la-republica-uruguay-530030
mississippi-state-university,Mississippi State University,United States,North America,Starkville,,https://www.topuniversities.com/universities/mississippi-state-university,https://www.usnews.com/education/best-global-universities/mississippi-state-university-176080
usn-guizhou-university-529303,Guizhou University,China,,Guiyang,,,https://www.usnews.com/education/best-global-universities/guizhou-university-529303
usn-qena-university-530041,Qena University,Egypt,Africa,Qena Governorate,,,https://www.usnews.com/education/best-global-universities/qena-university-530041
usn-hosei-university-530567,Hosei University,Japan,Asia,Tokyo,,,https://www.usnews.com/education/best-global-universities/hosei-university-530567
usn-abdul-wali-khan-university-530212,Abdul Wali Khan University,Pakistan,Asia,Mardan,,,https://www.usnews.com/education/best-global-universities/abdul-wali-khan-university-530212
usn-chitkara-university-punjab-530229,Chitkara University Punjab,India,Asia,Punjab,,,https://www.usnews.com/education/best-global-universities/chitkara-university-punjab-530229
usn-christian-medical-college-and-hospital-vellore-529356,Christian Medical College and Hospital - Vellore,India,Asia,Vellore,,,https://www.usnews.com/education/best-global-universities/christian-medical-college-and-hospital-vellore-529356
usn-cuny-city-college-190567,CUNY--City College,United States,North America,New York City,,,https://www.usnews.com/education/best-global-universities/cuny-city-college-190567
usn-national-university-of-defence-technology-china-505128,National University of Defence Technology - China,China,,Changsha,,,https://www.usnews.com/education/best-global-universities/national-university-of-defence-technology-china-505128
usn-scuola-superiore-santanna-529393,Scuola Superiore Sant'Anna,Italy,Europe,Pisa,,,https://www.usnews.com/education/best-global-universities/scuola-superiore-santanna-529393
al-quds-university,Al-Quds University,Palestinian Territories,Asia,East Jerusalem,,https://www.topuniversities.com/universities/al-quds-university,
altai-state-university,Altai State University,Russia,Europe,Barnaul,,https://www.topuniversities.com/universities/altai-state-university,
amity-university,Amity University,India,Asia,Noida,,https://www.topuniversities.com/universities/amity-university,https://www.usnews.com/education/best-global-universities/amity-university-529512
belarusian-national-technical-university-bntu,Belarusian National Technical University (BNTU),Belarus,Europe,Minsk,,https://www.topuniversities.com/universities/belarusian-national-technical-university-bntu,
bina-nusantara-university-binus,Bina Nusantara University (BINUS),Indonesia,Asia,Jakarta,,https://www.topuniversities.com/universities/bina-nusantara-university-binus,
cy-cergy-paris-university,CY Cergy Paris University,France,Europe,Paris,,https://www.topuniversities.com/universities/cy-cergy-paris-university,https://www.usnews.com/education/best-global-universities/cy-cergy-paris-universite-529718
dhofar-university,Dhofar University,Oman,Asia,Salalah,,https://www.topuniversities.com/universities/dhofar-university,
effat-university,Effat University,Saudi Arabia,Asia,Jeddah,,https://www.topuniversities.com/universities/effat-university,
escuela-superior-politecnica-del-litoral-espol,Escuela Superior Politécnica del Litoral (ESPOL),Ecuador,Latin America,Guayaquil,,https://www.topuniversities.com/universities/escuela-superior-politecnica-del-litoral-espol,
european-university-lefke,European University of Lefke,Northern Cyprus,Europe,Lefke,,https://www.topuniversities.com/universities/european-university-lefke,
gachon-university-seoul-korea,"Gachon University (Seoul, Korea)",South Korea,Asia,Seongnam,,https://www.topuniversities.com/universities/gachon-university-seoul-korea,https://www.usnews.com/education/best-global-universities/gachon-university-529167
instituto-politecnico-nacional-ipn,Instituto Politécnico Nacional (IPN),Mexico,Latin America,Ciudad de México,,https://www.topuniversities.com/universities/instituto-politecnico-nacional-ipn,
kaohsiung-medical-university,Kaohsiung Medical University,Taiwan,Asia,Kaohsiung City,,https://www.topuniversities.com/universities/kaohsiung-medical-university,https://www.usnews.com/education/best-global-universities/kaohsiung-medical-university-505935
khon-kaen-university,Khon Kaen University,Thailand,Asia,Khon Kaen,,https://www.topuniversities.com/universities/khon-kaen-university,https://www.usnews.com/education/best-global-universities/khon-kaen-university-529024
kyrgyz-russian-slavic-university,Kyrgyz Russian Slavic University,Kyrgyzstan,Asia,Bishkek,,https://www.topuniversities.com/universities/kyrgyz-russian-slavic-university,
london-south-bank-university,London South Bank University,United Kingdom,Europe,London,,https://www.topuniversities.com/universities/london-south-bank-university,https://www.usnews.com/education/best-global-universities/london-south-bank-university-530226
louisiana-state-university,Louisiana State University,United States,North America,Baton Rouge,,https://www.topuniversities.com/universities/louisiana-state-university,
middlesex-university,Middlesex University,United Kingdom,Europe,London,,https://www.topuniversities.com/universities/middlesex-university,https://www.usnews.com/education/best-global-universities/middlesex-university-528885
north-south-university,North South University,Bangladesh,Asia,Dhaka,,https://www.topuniversities.com/universities/north-south-university,https://www.usnews.com/education/best-global-universities/north-south-university-nsu-530761
osaka-metropolitan-university,Osaka Metropolitan University,Japan,Asia,Osaka,,https://www.topuniversities.com/universities/osaka-metropolitan-university,https://www.usnews.com/education/best-global-universities/osaka-metropolitan-university-530032
rhodes-university,Rhodes University,South Africa,Africa,Grahamstown,,https://www.topuniversities.com/universities/rhodes-university,https://www.usnews.com/education/best-global-universities/rhodes-university-528999
tallinn-university,Tallinn University,Estonia,Europe,Tallinn,,https://www.topuniversities.com/universities/tallinn-university,
universidad-de-los-andes-chile,Universidad de los Andes - Chile,Chile,Latin America,Santiago,,https://www.topuniversities.com/universities/universidad-de-los-andes-chile,https://www.usnews.com/education/best-global-universities/universidad-de-los-andes-chile-529953
universidad-de-oviedo,Universidad de Oviedo,Spain,Europe,Oviedo,,https://www.topuniversities.com/universities/universidad-de-oviedo,
universidad-del-rosario,Universidad del Rosario,Colombia,Latin America,Bogotá,,https://www.topuniversities.com/universities/universidad-del-rosario,https://www.usnews.com/education/best-global-universities/universidad-del-rosario-530009
universidad-espiritu-santo-uees-ecuador,"Universidad Espíritu Santo (UEES), Ecuador",Ecuador,Latin America,Samborondón,,https://www.topuniversities.com/universities/universidad-espiritu-santo-uees-ecuador,
universidad-europea,Universidad Europea,Spain,Europe,Madrid,,https://www.topuniversities.com/universities/universidad-europea,https://www.usnews.com/education/best-global-universities/universidad-europea-529746
universidade-federal-de-santa-catarina,Universidade Federal de Santa Catarina,Brazil,Latin America,Florianópolis,,https://www.topuniversities.com/universities/universidade-federal-de-santa-catarina,
universita-degli-studi-di-ferrara,Universita' degli Studi di Ferrara,Italy,Europe,Ferrara,,https://www.topuniversities.com/universities/universita-degli-studi-di-ferrara,
universitat-internacional-de-catalunya,Universitat Internacional de Catalunya,Spain,Europe,Barcelona,,https://www.topuniversities.com/universities/universitat-internacional-de-catalunya,https://www.usnews.com/education/best-global-universities/universitat-internacional-de-catalunya-529916
universite-paris-est-creteil-val-de-marne,Université Paris-Est Créteil Val de Marne,France,Europe,Créteil,,https://www.topuniversities.com/universities/universite-paris-est-creteil-val-de-marne,
university-beira-interior,University of Beira Interior,Portugal,Europe,Covilhã,,https://www.topuniversities.com/universities/university-beira-interior,https://www.usnews.com/education/best-global-universities/university-of-beira-interior-529266
university-brighton,University of Brighton,United Kingdom,Europe,Brighton,,https://www.topuniversities.com/universities/university-brighton,https://www.usnews.com/education/best-global-universities/university-of-brighton-528973
university-calcutta,University of Calcutta,India,Asia,Kolkata,,https://www.topuniversities.com/universities/university-calcutta,https://www.usnews.com/education/best-global-universities/university-of-calcutta-529004
university-gdansk,UNIVERSITY OF GDAŃSK,Poland,Europe,Gdańsk,,https://www.topuniversities.com/universities/university-gdansk,https://www.usnews.com/education/best-global-universities/university-of-gdansk-529023
university-maribor,University of Maribor,Slovenia,Europe,Maribor,,https://www.topuniversities.com/universities/university-maribor,https://www.usnews.com/education/best-global-universities/university-of-maribor-528882
university-mumbai,University of Mumbai,India,Asia,Mumbai,,https://www.topuniversities.com/universities/university-mumbai,
university-nizwa,University of Nizwa,Oman,Asia,Nizwa,,https://www.topuniversities.com/universities/university-nizwa,https://www.usnews.com/education/best-global-universities/university-of-nizwa-508895
upes,UPES,India,Asia,Dehradun,,https://www.topuniversities.com/universities/upes,
worcester-polytechnic-institute,Worcester Polytechnic Institute,United States,North America,Worcester,,https://www.topuniversities.com/universities/worcester-polytechnic-institute,https://www.usnews.com/education/best-global-universities/worcester-polytechnic-institute-168421
wroclaw-university-science-technology-wroclaw-tech,Wroclaw University of Science and Technology (Wrocław Tech),Poland,Europe,Wrocław,,https://www.topuniversities.com/universities/wroclaw-university-science-technology-wroclaw-tech,
usn-chongqing-university-of-posts-and-telecommunications-529515,Chongqing University of Posts and Telecommunications,China,,Chongqing,,,https://www.usnews.com/education/best-global-universities/chongqing-university-of-posts-and-telecommunications-529515
usn-cranfield-university-500995,Cranfield University,United Kingdom,Europe,Cranfield,,,https://www.usnews.com/education/best-global-universities/cranfield-university-500995
usn-jimma-university-529904,Jimma University,Ethiopia,Africa,Jimma,,,https://www.usnews.com/education/best-global-universities/jimma-university-529904
usn-tomsk-polytechnic-university-529158,Tomsk Polytechnic University,Russia,Europe,Tomsk,,,https://www.usnews.com/education/best-global-universities/tomsk-polytechnic-university-529158
usn-universite-de-sfax-529029,Universite de Sfax,Tunisia,Africa,Sfax,,,https://www.usnews.com/education/best-global-universities/universite-de-sfax-529029
usn-huzhou-university-529994,Huzhou University,China,,Huzhou,,,https://www.usnews.com/education/best-global-universities/huzhou-university-529994
usn-london-business-school-504845,London Business School,United Kingdom,Europe,London (U.K.),,,https://www.usnews.com/education/best-global-universities/london-business-school-504845
universidad-pablo-de-olavide,Universidad Pablo de Olavide,Spain,Europe,Seville,,https://www.topuniversities.com/universities/universidad-pablo-de-olavide,https://www.usnews.com/education/best-global-universities/universidad-pablo-de-olavide-529051
usn-arizona-state-university-downtown-phoenix-529933,Arizona State University--Downtown Phoenix,United States,North America,Phoenix,,,https://www.usnews.com/education/best-global-universities/arizona-state-university-downtown-phoenix-529933
usn-khwaja-fareed-university-of-engineering-information-technology-pakistan-530571,"Khwaja Fareed University of Engineering & Information Technology, Pakistan",Pakistan,Asia,Rahim Yar Khan,,,https://www.usnews.com/education/best-global-universities/khwaja-fareed-university-of-engineering-information-technology-pakistan-530571
usn-national-university-la-plata-502752,National University La Plata,Argentina,Latin America,Buenos Aires,,,https://www.usnews.com/education/best-global-universities/national-university-la-plata-502752
usn-nanjing-university-of-finance-economics-530042,Nanjing University of Finance & Economics,China,,Nanjing,,,https://www.usnews.com/education/best-global-universities/nanjing-university-of-finance-economics-530042
usn-royal-college-of-surgeons-ireland-528990,Royal College of Surgeons - Ireland,Ireland,Europe,Dublin,,,https://www.usnews.com/education/best-global-universities/royal-college-of-surgeons-ireland-528990
usn-king-saud-bin-abdulaziz-university-for-health-sciences-514629,King Saud bin Abdulaziz University for Health Sciences,Saudi Arabia,Asia,Riyadh,,,https://www.usnews.com/education/best-global-universities/king-saud-bin-abdulaziz-university-for-health-sciences-514629
usn-shanxi-university-529038,Shanxi University,China,,Taiyuan,,,https://www.usnews.com/education/best-global-universities/shanxi-university-529038
usn-southwest-university-of-science-and-technology-529731,Southwest University of Science and Technology,China,,Mianyang,,,https://www.usnews.com/education/best-global-universities/southwest-university-of-science-and-technology-529731
future-university-egypt,Future University in Egypt,Egypt,Africa,New Cairo,,https://www.topuniversities.com/universities/future-university-egypt,https://www.usnews.com/education/best-global-universities/future-university-in-egypt-530234
university-rhode-island,University of Rhode Island,United States,North America,Kingston,,https://www.topuniversities.com/universities/university-rhode-island,https://www.usnews.com/education/best-global-universities/university-of-rhode-island-217484
san-diego-state-university,San Diego State University,United States,North America,San Diego,,https://www.topuniversities.com/universities/san-diego-state-university,https://www.usnews.com/education/best-global-universities/san-diego-state-university-122409
usn-agroparistech-529092,AgroParisTech,France,Europe,Paris,,,https://www.usnews.com/education/best-global-universities/agroparistech-529092
usn-jiangsu-university-of-science-and-technology-529475,Jiangsu University of Science and Technology,China,,Zhenjiang,,,https://www.usnews.com/education/best-global-universities/jiangsu-university-of-science-and-technology-529475
usn-universite-du-quebec-a-montreal-504868,Université du Québec à Montréal,Canada,North America,Montreal,,,https://www.usnews.com/education/best-global-universities/universite-du-quebec-a-montreal-504868
usn-university-of-kragujevac-529278,University of Kragujevac,Serbia,Europe,Kragujevac,,,https://www.usnews.com/education/best-global-universities/university-of-kragujevac-529278
usn-university-of-wuppertal-529387,University of Wuppertal,Germany,Europe,Wuppertal,,,https://www.usnews.com/education/best-global-universities/university-of-wuppertal-529387
southern-methodist-university,Southern Methodist University,United States,North America,Dallas,,https://www.topuniversities.com/universities/southern-methodist-university,https://www.usnews.com/education/best-global-universities/southern-methodist-university-228246
universidad-de-malaga,Universidad de Málaga,Spain,Europe,Málaga,,https://www.topuniversities.com/universities/universidad-de-malaga,https://www.usnews.com/education/best-global-universities/universidad-de-malaga-503965
usn-bucharest-university-of-economic-studies-530222,Bucharest University of Economic Studies,Romania,Europe,București,,,https://www.usnews.com/education/best-global-universities/bucharest-university-of-economic-studies-530222
usn-shahid-beheshti-university-medical-sciences-501678,Shahid Beheshti University Medical Sciences,Iran,Asia,Tehran,,,https://www.usnews.com/education/best-global-universities/shahid-beheshti-university-medical-sciences-501678
loyola-university-chicago,Loyola University Chicago,United States,North America,Chicago,,https://www.topuniversities.com/universities/loyola-university-chicago,https://www.usnews.com/education/best-global-universities/loyola-university-chicago-146719
usn-capital-university-512792,Capital University,Egypt,Africa,Cairo,,,https://www.usnews.com/education/best-global-universities/capital-university-512792
usn-tianjin-medical-university-529011,Tianjin Medical University,China,,Tianjin,,,https://www.usnews.com/education/best-global-universities/tianjin-medical-university-529011
usn-university-of-burgundy-505886,University of Burgundy,France,Europe,Dijon,,,https://www.usnews.com/education/best-global-universities/university-of-burgundy-505886
azerbaijan-university-architecture-construction-azuac,Azerbaijan University of Architecture and Construction (AzUAC),Azerbaijan,Asia,Baku,,https://www.topuniversities.com/universities/azerbaijan-university-architecture-construction-azuac,
chungbuk-national-university,Chungbuk National University,South Korea,Asia,Cheongju,,https://www.topuniversities.com/universities/chungbuk-national-university,https://www.usnews.com/education/best-global-universities/chungbuk-national-university-503344
clark-university,Clark University,United States,North America,Worcester,,https://www.topuniversities.com/universities/clark-university,
gulf-university-science-technology,Gulf University for Science and Technology,Kuwait,Asia,Kuwait City,,https://www.topuniversities.com/universities/gulf-university-science-technology,
imu-university,IMU University,Malaysia,Asia,Kuala Lumpur.,,https://www.topuniversities.com/universities/imu-university,
jouf-university,Jouf University,Saudi Arabia,Asia,Sakaka,,https://www.topuniversities.com/universities/jouf-university,
kanazawa-university,Kanazawa University,Japan,Asia,Kanazawa,,https://www.topuniversities.com/universities/kanazawa-university,https://www.usnews.com/education/best-global-universities/kanazawa-university-503283
macao-polytechnic-university,Macao Polytechnic University,Macau SAR,Asia,,,https://www.topuniversities.com/universities/macao-polytechnic-university,
mendel-university-brno,Mendel University in Brno,Czechia,Europe,Brno,,https://www.topuniversities.com/universities/mendel-university-brno,
nagasaki-university,Nagasaki University,Japan,Asia,Nagasaki City,,https://www.topuniversities.com/universities/nagasaki-university,https://www.usnews.com/education/best-global-universities/nagasaki-university-503741
nlc-buketov-karaganda-national-research-university,NLC «Buketov Karaganda National Research University»,Kazakhstan,Asia,Karaganda,,https://www.topuniversities.com/universities/nlc-buketov-karaganda-national-research-university,
princess-sumaya-university-technology,Princess Sumaya University for Technology,Jordan,Asia,Amman,,https://www.topuniversities.com/universities/princess-sumaya-university-technology,
slovak-university-technology-bratislava,Slovak University of Technology in Bratislava,Slovakia,Europe,Bratislava,,https://www.topuniversities.com/universities/slovak-university-technology-bratislava,
sohar-university,Sohar University,Oman,Asia,Sohar,,https://www.topuniversities.com/universities/sohar-university,
sophia-university,Sophia University,Japan,Asia,Tokyo,,https://www.topuniversities.com/universities/sophia-university,
southwest-university,Southwest University,China (Mainland),Asia,Chongqing,,https://www.topuniversities.com/universities/southwest-university,
tokyo-university-agriculture-technology,Tokyo University of Agriculture and Technology,Japan,Asia,Tokyo,,https://www.topuniversities.com/universities/tokyo-university-agriculture-technology,https://www.usnews.com/education/best-global-universities/tokyo-university-of-agriculture-technology-530497
universidad-anahuac-mexico,Universidad Anáhuac México,Mexico,Latin America,Huixquilucan,,https://www.topuniversities.com/universities/universidad-anahuac-mexico,
universidad-de-cordoba,Universidad de Córdoba,Spain,Europe,Córdoba,,https://www.topuniversities.com/universities/universidad-de-cordoba,https://www.usnews.com/education/best-global-universities/universidad-de-cordoba-505807
universidad-de-valladolid,Universidad de Valladolid,Spain,Europe,Valladolid,,https://www.topuniversities.com/universities/universidad-de-valladolid,https://www.usnews.com/education/best-global-universities/universidad-de-valladolid-501268
universidad-nacional-mayor-de-san-marcos,Universidad Nacional Mayor de San Marcos,Peru,Latin America,Lima,,https://www.topuniversities.com/universities/universidad-nacional-mayor-de-san-marcos,https://www.usnews.com/education/best-global-universities/universidad-nacional-mayor-de-san-marcos-530272
universit-degli-studi-della-campania-luigi-vanvitelli,Universit degli Studi della Campania Luigi Vanvitelli,Italy,Europe,Caserta,,https://www.topuniversities.com/universities/universit-degli-studi-della-campania-luigi-vanvitelli,
universitas-sebelas-maret-uns,Universitas Sebelas Maret (UNS),Indonesia,Asia,Surakarta,,https://www.topuniversities.com/universities/universitas-sebelas-maret-uns,
universite-de-franche-comte,Université de Franche-Comté,France,Europe,Besançon,,https://www.topuniversities.com/universities/universite-de-franche-comte,https://www.usnews.com/education/best-global-universities/universite-de-franche-comte-529386
universite-de-sherbrooke,Université de Sherbrooke,Canada,North America,Sherbrooke,,https://www.topuniversities.com/universities/universite-de-sherbrooke,
universite-du-quebec,Université du Québec,Canada,North America,Québec,,https://www.topuniversities.com/universities/universite-du-quebec,
university-duesseldorf,University Duesseldorf,Germany,Europe,Düsseldorf,,https://www.topuniversities.com/universities/university-duesseldorf,
university-alaska-fairbanks,University of Alaska Fairbanks,United States,North America,Fairbanks,,https://www.topuniversities.com/universities/university-alaska-fairbanks,https://www.usnews.com/education/best-global-universities/university-of-alaska-fairbanks-102614
university-bahrain,University of Bahrain,Bahrain,Asia,Zallaq,,https://www.topuniversities.com/universities/university-bahrain,https://www.usnews.com/education/best-global-universities/university-of-bahrain-507804
university-cyberjaya,University of Cyberjaya,Malaysia,Asia,Cyberjaya,,https://www.topuniversities.com/universities/university-cyberjaya,
university-peshawar,University of Peshawar,Pakistan,Asia,Peshawar,,https://www.topuniversities.com/universities/university-peshawar,https://www.usnews.com/education/best-global-universities/university-of-peshawar-529479
university-santo-tomas,University of Santo Tomas,Philippines,Asia,Manila,,https://www.topuniversities.com/universities/university-santo-tomas,
usn-hanoi-medical-university-530157,Hanoi Medical University,Vietnam,Asia,Hanoi,,,https://www.usnews.com/education/best-global-universities/hanoi-medical-university-530157
usn-university-of-west-england-529164,University of West England,United Kingdom,Europe,Bristol,,,https://www.usnews.com/education/best-global-universities/university-of-west-england-529164
university-wyoming,University of Wyoming,United States,North America,Laramie,,https://www.topuniversities.com/universities/university-wyoming,https://www.usnews.com/education/best-global-universities/university-of-wyoming-240727
shanghai-normal-university,Shanghai Normal University,China (Mainland),Asia,Shanghai,,https://www.topuniversities.com/universities/shanghai-normal-university,https://www.usnews.com/education/best-global-universities/shanghai-normal-university-505334
usn-arba-minch-university-530691,Arba Minch University,Ethiopia,Africa,Arba Minch,,,https://www.usnews.com/education/best-global-universities/arba-minch-university-530691
usn-harbin-medical-university-502045,Harbin Medical University,China,,Harbin,,,https://www.usnews.com/education/best-global-universities/harbin-medical-university-502045
usn-international-islamic-university-pakistan-530049,"International Islamic University, Pakistan",Pakistan,Asia,Islamabad,,,https://www.usnews.com/education/best-global-universities/international-islamic-university-pakistan-530049
usn-mae-fah-luang-university-529090,Mae Fah Luang University,Thailand,Asia,Chiang Rai,,,https://www.usnews.com/education/best-global-universities/mae-fah-luang-university-529090
usn-villanova-university-216597,Villanova University,United States,North America,Villanova,,,https://www.usnews.com/education/best-global-universities/villanova-university-216597
usn-american-university-cairo-530210,American University Cairo,Egypt,Africa,Cairo,,,https://www.usnews.com/education/best-global-universities/american-university-cairo-530210
usn-shandong-normal-university-529300,Shandong Normal University,China,,Jinan,,,https://www.usnews.com/education/best-global-universities/shandong-normal-university-529300
usn-shantou-university-529179,Shantou University,China,,Shantou,,,https://www.usnews.com/education/best-global-universities/shantou-university-529179
usn-suez-university-529787,Suez University,Egypt,Africa,El Salam City,,,https://www.usnews.com/education/best-global-universities/suez-university-529787
usn-zhejiang-af-university-529418,Zhejiang A&F University,China,,Hangzhou,,,https://www.usnews.com/education/best-global-universities/zhejiang-af-university-529418
usn-skolkovo-institute-of-science-and-technology-529683,Skolkovo Institute of Science and Technology,Russia,Europe,Moscow (Russia),,,https://www.usnews.com/education/best-global-universities/skolkovo-institute-of-science-and-technology-529683
srm-institute-science-technology,SRM Institute of Science and Technology,India,Asia,Chennai,,https://www.topuniversities.com/universities/srm-institute-science-technology,https://www.usnews.com/education/best-global-universities/srm-institute-of-science-and-technology-529816
fujian-normal-university,Fujian Normal University,China (Mainland),Asia,Fuzhou,,https://www.topuniversities.com/universities/fujian-normal-university,https://www.usnews.com/education/best-global-universities/fujian-normal-university-529517
usn-federal-university-of-parana-503933,Federal University of Paraná,Brazil,Latin America,Curitiba,,,https://www.usnews.com/education/best-global-universities/federal-university-of-parana-503933
usn-universidad-san-francisco-de-quito-530217,Universidad San Francisco de Quito,Ecuador,Latin America,Quito,,,https://www.usnews.com/education/best-global-universities/universidad-san-francisco-de-quito-530217
university-ioannina,University of Ioannina,Greece,Europe,Ioannina,,https://www.topuniversities.com/universities/university-ioannina,https://www.usnews.com/education/best-global-universities/university-of-ioannina-501360
usn-insead-business-school-501087,INSEAD Business School,France,Europe,Fontainebleau,,,https://www.usnews.com/education/best-global-universities/insead-business-school-501087
usn-university-of-wroclaw-502646,University of Wrocław,Poland,Europe,Wroclaw,,,https://www.usnews.com/education/best-global-universities/university-of-wroclaw-502646
university-salento,University of Salento,Italy,Europe,Lecce (LE),,https://www.topuniversities.com/universities/university-salento,https://www.usnews.com/education/best-global-universities/university-of-salento-528853
new-mexico-state-university,New Mexico State University,United States,North America,Las Cruces,,https://www.topuniversities.com/universities/new-mexico-state-university,https://www.usnews.com/education/best-global-universities/new-mexico-state-university-188030
usn-babol-university-of-medical-sciences-530160,Babol University of Medical Sciences,Iran,Asia,Babol,,,https://www.usnews.com/education/best-global-universities/babol-university-of-medical-sciences-530160
ningbo-university,Ningbo University,China (Mainland),Asia,Ningbo,,https://www.topuniversities.com/universities/ningbo-university,https://www.usnews.com/education/best-global-universities/ningbo-university-529272
usn-otto-von-guericke-university-528861,Otto von Guericke University,Germany,Europe,Magdeburg,,,https://www.usnews.com/education/best-global-universities/otto-von-guericke-university-528861
usn-wuhan-institute-of-technology-529516,Wuhan Institute of Technology,China,,Wuhan,,,https://www.usnews.com/education/best-global-universities/wuhan-institute-of-technology-529516
universitat-de-les-illes-balears,Universitat de les Illes Balears,Spain,Europe,Palma,,https://www.topuniversities.com/universities/universitat-de-les-illes-balears,https://www.usnews.com/education/best-global-universities/universitat-de-les-illes-balears-528855
usn-aswan-university-508412,Aswan University,Egypt,Africa,Sahara City,,,https://www.usnews.com/education/best-global-universities/aswan-university-508412
usn-university-of-petroleum-energy-studies-upes-530238,University of Petroleum & Energy Studies (UPES),India,Asia,Prem Nagar,,,https://www.usnews.com/education/best-global-universities/university-of-petroleum-energy-studies-upes-530238
abylkas-saginov-karaganda-technical-university,Abylkas Saginov Karaganda Technical University,Kazakhstan,Asia,Karaganda,,https://www.topuniversities.com/universities/abylkas-saginov-karaganda-technical-university,
ada-university,ADA University,Azerbaijan,Asia,Baku,,https://www.topuniversities.com/universities/ada-university,
al-nahrain-university,Al Nahrain University,Iraq,Asia,Baghdad,,https://www.topuniversities.com/universities/al-nahrain-university,
almaty-technological-university,Almaty Technological University,Kazakhstan,Asia,Almaty,,https://www.topuniversities.com/universities/almaty-technological-university,
najah-national-university,An-Najah National University,Palestinian Territories,Europe,Nablus,,https://www.topuniversities.com/universities/najah-national-university,https://www.usnews.com/education/best-global-universities/an-najah-national-university-511302
arab-academy-science-technology-maritime-transport-aastmt,"Arab Academy for Science, Technology and Maritime Transport (AASTMT)",Egypt,Africa,Alexandria,,https://www.topuniversities.com/universities/arab-academy-science-technology-maritime-transport-aastmt,https://www.usnews.com/education/best-global-universities/arab-academy-for-science-technology-and-maritime-transport-512745
asfendiyarov-kazakh-national-medical-university,Asfendiyarov Kazakh National Medical University,Kazakhstan,Asia,Almaty,,https://www.topuniversities.com/universities/asfendiyarov-kazakh-national-medical-university,
athens-university-economics-business,Athens University of Economics and Business,Greece,Europe,Athens,,https://www.topuniversities.com/universities/athens-university-economics-business,
beijing-university-posts-telecommunications,Beijing University of Posts and Telecommunications,China (Mainland),Asia,Beijing,,https://www.topuniversities.com/universities/beijing-university-posts-telecommunications,
bergische-universitat-wuppertal,Bergische Universität Wuppertal,Germany,Europe,Wuppertal,,https://www.topuniversities.com/universities/bergische-universitat-wuppertal,
binghamton-university-suny,Binghamton University SUNY,United States,North America,Binghamton,,https://www.topuniversities.com/universities/binghamton-university-suny,https://www.usnews.com/education/best-global-universities/binghamton-university-suny-196079
birmingham-city-university,Birmingham City University,United Kingdom,Europe,Birmingham,,https://www.topuniversities.com/universities/birmingham-city-university,https://www.usnews.com/education/best-global-universities/birmingham-city-university-530225
brac-university,BRAC University,Bangladesh,Asia,Dhaka,,https://www.topuniversities.com/universities/brac-university,
carl-von-ossietzky-universitat-oldenburg,Carl von Ossietzky Universität Oldenburg,Germany,Europe,Oldenburg,,https://www.topuniversities.com/universities/carl-von-ossietzky-universitat-oldenburg,https://www.usnews.com/education/best-global-universities/carl-von-ossietzky-universitat-oldenburg-528947
ceu-universities,CEU Universities,Spain,Europe,Madrid,,https://www.topuniversities.com/universities/ceu-universities,
chitkara-university,Chitkara University,India,Asia,Rajpura,,https://www.topuniversities.com/universities/chitkara-university,
city-university-macau,City University of Macau,Macau SAR,Asia,Macau,,https://www.topuniversities.com/universities/city-university-macau,https://www.usnews.com/education/best-global-universities/city-university-of-macau-530762
clarkson-university,Clarkson University,United States,North America,Potsdam,,https://www.topuniversities.com/universities/clarkson-university,https://www.usnews.com/education/best-global-universities/clarkson-university-190044
cracow-university-technology-politechnika-krakowska,Cracow University of Technology (Politechnika Krakowska),Poland,Europe,Krakow,,https://www.topuniversities.com/universities/cracow-university-technology-politechnika-krakowska,https://www.usnews.com/education/best-global-universities/cracow-university-of-technology-529570
d-serikbayev-east-kazakhstan-technical-university,D. Serikbayev East Kazakhstan Technical University,Kazakhstan,Asia,Ust-Kamenogorsk,,https://www.topuniversities.com/universities/d-serikbayev-east-kazakhstan-technical-university,
daffodil-international-university,Daffodil International University,Bangladesh,Asia,Dhaka,,https://www.topuniversities.com/universities/daffodil-international-university,https://www.usnews.com/education/best-global-universities/daffodil-international-university-530568
dankook-university,Dankook University,South Korea,Asia,Jukjeon,,https://www.topuniversities.com/universities/dankook-university,https://www.usnews.com/education/best-global-universities/dankook-university-529081
ege-university,EGE UNIVERSITY,Türkiye,Asia,İzmir,,https://www.topuniversities.com/universities/ege-university,https://www.usnews.com/education/best-global-universities/ege-university-500691
ferdowsi-university-mashhad,Ferdowsi University of Mashhad,Iran,Asia,Mashhad,,https://www.topuniversities.com/universities/ferdowsi-university-mashhad,https://www.usnews.com/education/best-global-universities/ferdowsi-university-mashhad-502854
financial-university-under-government-russian-federation,Financial University under the Government of the Russian Federation,Russia,Europe,Moscow,,https://www.topuniversities.com/universities/financial-university-under-government-russian-federation,
fordham-university,Fordham University,United States,North America,The Bronx,,https://www.topuniversities.com/universities/fordham-university,https://www.usnews.com/education/best-global-universities/fordham-university-191241
gazi-universitesi,Gazi Üniversitesi,Türkiye,Asia,Ankara,,https://www.topuniversities.com/universities/gazi-universitesi,https://www.usnews.com/education/best-global-universities/gazi-university-506852
glasgow-caledonian-university,Glasgow Caledonian University,United Kingdom,Europe,Glasgow,,https://www.topuniversities.com/universities/glasgow-caledonian-university,https://www.usnews.com/education/best-global-universities/glasgow-caledonian-university-529566
guru-gobind-singh-indraprastha-university,Guru Gobind Singh Indraprastha University,India,Asia,New Delhi,,https://www.topuniversities.com/universities/guru-gobind-singh-indraprastha-university,
gyeongsang-national-university,Gyeongsang National University,South Korea,Asia,Jinju-si,,https://www.topuniversities.com/universities/gyeongsang-national-university,https://www.usnews.com/education/best-global-universities/gyeongsang-national-university-500897
hallym-university,Hallym University,South Korea,Asia,Chuncheon,,https://www.topuniversities.com/universities/hallym-university,https://www.usnews.com/education/best-global-universities/hallym-university-529236
hanoi-university-science-technology,Hanoi University of Science and Technology,Vietnam,Asia,Hanoi,,https://www.topuniversities.com/universities/hanoi-university-science-technology,https://www.usnews.com/education/best-global-universities/hanoi-university-of-science-and-technology-529712
hong-kong-shue-yan-university,Hong Kong Shue Yan University,Hong Kong SAR,Asia,Hong Kong,,https://www.topuniversities.com/universities/hong-kong-shue-yan-university,
howard-university,Howard University,United States,North America,Washington D.C.,,https://www.topuniversities.com/universities/howard-university,https://www.usnews.com/education/best-global-universities/howard-university-131520
immanuel-kant-baltic-federal-university,Immanuel Kant Baltic Federal University,Russia,Europe,Kaliningrad,,https://www.topuniversities.com/universities/immanuel-kant-baltic-federal-university,
indian-institute-technology-bhubaneswar,Indian Institute of Technology Bhubaneswar,India,Asia,Bhubaneswar,,https://www.topuniversities.com/universities/indian-institute-technology-bhubaneswar,https://www.usnews.com/education/best-global-universities/indian-institute-of-technology-bhubaneswar-529756
islamic-university-madinah,Islamic University of Madinah,Saudi Arabia,Asia,Madinah,,https://www.topuniversities.com/universities/islamic-university-madinah,
ivane-javakhishvili-tbilisi-state-university,Ivane Javakhishvili Tbilisi State University,Georgia,Asia,Tbilisi,,https://www.topuniversities.com/universities/ivane-javakhishvili-tbilisi-state-university,https://www.usnews.com/education/best-global-universities/ivane-javakhishvili-tbilisi-state-university-528844
kalinga-institute-industrial-technology-kiit-university,Kalinga Institute of Industrial Technology (KIIT) University,India,Asia,Bhubaneswar,,https://www.topuniversities.com/universities/kalinga-institute-industrial-technology-kiit-university,https://www.usnews.com/education/best-global-universities/kalinga-institute-of-industrial-technology-529846
kangwon-national-university,Kangwon National University,South Korea,Asia,Chuncheon-si,,https://www.topuniversities.com/universities/kangwon-national-university,https://www.usnews.com/education/best-global-universities/kangwon-national-university-500476
king-mongkuts-university-technology-thonburi,King Mongkut's University of Technology Thonburi,Thailand,Asia,Bangkok,,https://www.topuniversities.com/universities/king-mongkuts-university-technology-thonburi,
kookmin-university,Kookmin University,South Korea,Asia,Seoul,,https://www.topuniversities.com/universities/kookmin-university,https://www.usnews.com/education/best-global-universities/kookmin-university-529264
kumamoto-university,Kumamoto University,Japan,Asia,Kumamoto City,,https://www.topuniversities.com/universities/kumamoto-university,https://www.usnews.com/education/best-global-universities/kumamoto-university-505102
kyrgyz-turkish-manas-university,Kyrgyz-Turkish Manas University,Kyrgyzstan,Asia,Bishkek,,https://www.topuniversities.com/universities/kyrgyz-turkish-manas-university,
leeds-beckett-university,Leeds Beckett University,United Kingdom,Europe,Leeds,,https://www.topuniversities.com/universities/leeds-beckett-university,https://www.usnews.com/education/best-global-universities/leeds-beckett-university-529564
lodz-university-technology,Lodz University of Technology,Poland,Europe,Lodz,,https://www.topuniversities.com/universities/lodz-university-technology,https://www.usnews.com/education/best-global-universities/lodz-university-of-technology-529225
london-metropolitan-university,London Metropolitan University,United Kingdom,Europe,London,,https://www.topuniversities.com/universities/london-metropolitan-university,
marmara-university,Marmara University,Türkiye,Asia,Istanbul,,https://www.topuniversities.com/universities/marmara-university,https://www.usnews.com/education/best-global-universities/marmara-university-502695
mate-hungarian-university-agriculture-life-sciences,MATE Hungarian University of Agriculture and Life Sciences,Hungary,Europe,Gödöllő,,https://www.topuniversities.com/universities/mate-hungarian-university-agriculture-life-sciences,
michigan-technological-university,Michigan Technological University,United States,North America,Houghton,,https://www.topuniversities.com/universities/michigan-technological-university,https://www.usnews.com/education/best-global-universities/michigan-technological-university-171128
middle-east-university-jordan,Middle East University Jordan,Jordan,Asia,Amman,,https://www.topuniversities.com/universities/middle-east-university-jordan,
mustansiriyah-university,Mustansiriyah University,Iraq,Asia,Baghdad,,https://www.topuniversities.com/universities/mustansiriyah-university,
mutah-university,Mutah University,Jordan,Asia,Mu'tah,,https://www.topuniversities.com/universities/mutah-university,
mykolas-romeris-university,Mykolas Romeris University,Lithuania,Europe,Vilnius,,https://www.topuniversities.com/universities/mykolas-romeris-university,
narxoz-university,Narxoz University,Kazakhstan,Asia,Almaty,,https://www.topuniversities.com/universities/narxoz-university,
national-chung-cheng-university,National Chung Cheng University,Taiwan,Asia,Minxiong Township,,https://www.topuniversities.com/universities/national-chung-cheng-university,https://www.usnews.com/education/best-global-universities/national-chung-cheng-university-529192
national-technical-university-kharkiv-polytechnic-institute,National Technical University Kharkiv Polytechnic Institute,Ukraine,Europe,Kharkiv,,https://www.topuniversities.com/universities/national-technical-university-kharkiv-polytechnic-institute,
nicolaus-copernicus-university,Nicolaus Copernicus University,Poland,Europe,Toruń,,https://www.topuniversities.com/universities/nicolaus-copernicus-university,https://www.usnews.com/education/best-global-universities/nicolaus-copernicus-university-502450
niigata-university,Niigata University,Japan,Asia,Niigata City,,https://www.topuniversities.com/universities/niigata-university,https://www.usnews.com/education/best-global-universities/niigata-university-504351
north-west-university,North-West University,South Africa,Africa,Potchefstroom,,https://www.topuniversities.com/universities/north-west-university,
northern-borders-university,Northern Borders University,Saudi Arabia,Asia,Arar,,https://www.topuniversities.com/universities/northern-borders-university,
northwest-university-china,Northwest University (China),China (Mainland),Asia,Xi'an,,https://www.topuniversities.com/universities/northwest-university-china,
obuda-university,Obuda University,Hungary,Europe,Budapest,,https://www.topuniversities.com/universities/obuda-university,https://www.usnews.com/education/best-global-universities/obuda-university-530190
okayama-university,Okayama University,Japan,Asia,Okayama City,,https://www.topuniversities.com/universities/okayama-university,https://www.usnews.com/education/best-global-universities/okayama-university-504249
panjab-university-chandigarh,"Panjab University, Chandigarh",India,Asia,Chandigarh,,https://www.topuniversities.com/universities/panjab-university-chandigarh,
pavol-jozef-safarik-university-kosice,Pavol Jozef Šafárik University in Košice,Slovakia,Europe,Košice,,https://www.topuniversities.com/universities/pavol-jozef-safarik-university-kosice,
pontificia-universidad-catolica-del-ecuador-puce,Pontificia Universidad Católica del Ecuador (PUCE),Ecuador,Latin America,Quito,,https://www.topuniversities.com/universities/pontificia-universidad-catolica-del-ecuador-puce,
pontificia-universidade-catolica-de-sao-paulo,Pontifícia Universidade Católica de São Paulo,Brazil,Latin America,São Paulo,,https://www.topuniversities.com/universities/pontificia-universidade-catolica-de-sao-paulo,
poznan-university-life-sciences,Poznan University of Life Sciences,Poland,Europe,Poznań,,https://www.topuniversities.com/universities/poznan-university-life-sciences,https://www.usnews.com/education/best-global-universities/poznan-university-of-life-sciences-529439
poznan-university-technology,Poznan University of Technology,Poland,Europe,Poznan,,https://www.topuniversities.com/universities/poznan-university-technology,https://www.usnews.com/education/best-global-universities/poznan-university-of-technology-529181
prague-university-economics-business,Prague University of Economics and Business,Czechia,Europe,Prague,,https://www.topuniversities.com/universities/prague-university-economics-business,
riga-stradins-university,Riga Stradins University,Latvia,Europe,Riga,,https://www.topuniversities.com/universities/riga-stradins-university,https://www.usnews.com/education/best-global-universities/riga-stradins-university-530163
ritsumeikan-asia-pacific-university,Ritsumeikan Asia Pacific University,Japan,Asia,Beppu City,,https://www.topuniversities.com/universities/ritsumeikan-asia-pacific-university,
robert-gordon-university,Robert Gordon University,United Kingdom,Europe,Aberdeen,,https://www.topuniversities.com/universities/robert-gordon-university,https://www.usnews.com/education/best-global-universities/robert-gordon-university-530770
roskilde-university,Roskilde University,Denmark,Europe,Roskilde,,https://www.topuniversities.com/universities/roskilde-university,https://www.usnews.com/education/best-global-universities/roskilde-university-529554
samarkand-state-university,Samarkand State University,Uzbekistan,Asia,Samarkand,,https://www.topuniversities.com/universities/samarkand-state-university,
seoul-national-university-science-technology,Seoul National University of Science and Technology,South Korea,Asia,Seoul,,https://www.topuniversities.com/universities/seoul-national-university-science-technology,https://www.usnews.com/education/best-global-universities/seoul-national-university-of-science-and-technology-529227
sheffield-hallam-university,Sheffield Hallam University,United Kingdom,Europe,Sheffield,,https://www.topuniversities.com/universities/sheffield-hallam-university,https://www.usnews.com/education/best-global-universities/sheffield-hallam-university-529220
shiv-nadar-university-delhi-ncr,"Shiv Nadar University, Delhi NCR",India,Asia,Dadri,,https://www.topuniversities.com/universities/shiv-nadar-university-delhi-ncr,
siberian-federal-university-sibfu,"Siberian Federal University, SibFU",Russia,Europe,Krasnoyarsk,,https://www.topuniversities.com/universities/siberian-federal-university-sibfu,
silesian-university-technology,Silesian University of Technology,Poland,Europe,Gliwice,,https://www.topuniversities.com/universities/silesian-university-technology,https://www.usnews.com/education/best-global-universities/silesian-university-of-technology-529268
soonchunhyang-university,Soonchunhyang University,South Korea,Asia,Asan,,https://www.topuniversities.com/universities/soonchunhyang-university,https://www.usnews.com/education/best-global-universities/soonchunhyang-university-529275
southern-federal-university,Southern Federal University,Russia,Europe,Rostov-on-Don,,https://www.topuniversities.com/universities/southern-federal-university,https://www.usnews.com/education/best-global-universities/southern-federal-university-529281
sumgayit-state-university,Sumgayit State University,Azerbaijan,Asia,Sumgayit,,https://www.topuniversities.com/universities/sumgayit-state-university,
szechenyi-istvan-university-university-gyor,Széchenyi István University (University of Győr),Hungary,Europe,Győr,,https://www.topuniversities.com/universities/szechenyi-istvan-university-university-gyor,
tashkent-state-technical-university,Tashkent State Technical University,Uzbekistan,Asia,Tashkent,,https://www.topuniversities.com/universities/tashkent-state-technical-university,
technical-university-kosice,Technical University of Kosice,Slovakia,Europe,Košice,,https://www.topuniversities.com/universities/technical-university-kosice,https://www.usnews.com/education/best-global-universities/technical-university-kosice-529578
technische-universitat-chemnitz,Technische Universität Chemnitz,Germany,Europe,Chemnitz,,https://www.topuniversities.com/universities/technische-universitat-chemnitz,https://www.usnews.com/education/best-global-universities/technische-universitat-chemnitz-528989
hashemite-university,The Hashemite University,Jordan,Asia,Zarqa,,https://www.topuniversities.com/universities/hashemite-university,https://www.usnews.com/education/best-global-universities/hashemite-university-507733
tokyo-metropolitan-university,Tokyo Metropolitan University,Japan,Asia,Tokyo,,https://www.topuniversities.com/universities/tokyo-metropolitan-university,https://www.usnews.com/education/best-global-universities/tokyo-metropolitan-university-505425
universidad-andres-bello,Universidad Andrés Bello,Chile,Latin America,Santiago,,https://www.topuniversities.com/universities/universidad-andres-bello,https://www.usnews.com/education/best-global-universities/universidad-andres-bello-529202
universidad-argentina-de-la-empresa-uade,Universidad Argentina de la Empresa (UADE),Argentina,Latin America,Buenos Aires,,https://www.topuniversities.com/universities/universidad-argentina-de-la-empresa-uade,
universidad-austral-de-chile,Universidad Austral de Chile,Chile,Latin America,Valdivia,,https://www.topuniversities.com/universities/universidad-austral-de-chile,https://www.usnews.com/education/best-global-universities/universidad-austral-de-chile-529048
universidad-autonoma-metropolitana-uam,Universidad Autónoma Metropolitana (UAM),Mexico,Latin America,Mexico City,,https://www.topuniversities.com/universities/universidad-autonoma-metropolitana-uam,
universidad-catolica-andres-bello,Universidad Católica Andres Bello,Venezuela,Latin America,Caracas City,,https://www.topuniversities.com/universities/universidad-catolica-andres-bello,
universidad-de-belgrano-ub,Universidad de Belgrano (UB),Argentina,Latin America,Buenos Aires,,https://www.topuniversities.com/universities/universidad-de-belgrano-ub,
universidad-de-castilla-la-mancha,Universidad de Castilla-La Mancha,Spain,Europe,Ciudad Real,,https://www.topuniversities.com/universities/universidad-de-castilla-la-mancha,
universidad-de-extremadura,Universidad de Extremadura,Spain,Europe,Badajoz,,https://www.topuniversities.com/universities/universidad-de-extremadura,https://www.usnews.com/education/best-global-universities/universidad-de-extremadura-529022
universidad-de-guadalajara-udg,Universidad de Guadalajara (UDG),Mexico,Latin America,Guadalajara,,https://www.topuniversities.com/universities/universidad-de-guadalajara-udg,https://www.usnews.com/education/best-global-universities/universidad-de-guadalajara-529203
universidad-de-la-sabana,Universidad de La Sabana,Colombia,Latin America,Bogotá,,https://www.topuniversities.com/universities/universidad-de-la-sabana,
universidad-de-las-americas-puebla-udlap,Universidad de las Américas Puebla (UDLAP),Mexico,Latin America,Cholula,,https://www.topuniversities.com/universities/universidad-de-las-americas-puebla-udlap,
universidad-de-leon,Universidad de León,Spain,Europe,León,,https://www.topuniversities.com/universities/universidad-de-leon,https://www.usnews.com/education/best-global-universities/universidad-de-leon-529228
universidad-de-puerto-rico,Universidad de Puerto Rico,Puerto Rico,Latin America,San Juan,,https://www.topuniversities.com/universities/universidad-de-puerto-rico,
universidad-de-san-andres-udesa,Universidad de San Andrés - UdeSA,Argentina,Latin America,Buenos Aires,,https://www.topuniversities.com/universities/universidad-de-san-andres-udesa,
universidad-eafit,Universidad EAFIT,Colombia,Latin America,Medellin,,https://www.topuniversities.com/universities/universidad-eafit,
universidad-externado-de-colombia,Universidad Externado de Colombia,Colombia,Latin America,Bogotá,,https://www.topuniversities.com/universities/universidad-externado-de-colombia,
universidad-nacional-de-rosario-unr,Universidad Nacional de Rosario (UNR),Argentina,Latin America,Rosario,,https://www.topuniversities.com/universities/universidad-nacional-de-rosario-unr,
universidad-ort-uruguay,Universidad ORT Uruguay,Uruguay,Latin America,Montevideo,,https://www.topuniversities.com/universities/universidad-ort-uruguay,
universidad-pontificia-bolivariana,Universidad Pontificia Bolivariana,Colombia,Latin America,Medellín,,https://www.topuniversities.com/universities/universidad-pontificia-bolivariana,
universidad-rey-juan-carlos,Universidad Rey Juan Carlos,Spain,Europe,Móstoles,,https://www.topuniversities.com/universities/universidad-rey-juan-carlos,https://www.usnews.com/education/best-global-universities/universidad-rey-juan-carlos-529015
universidad-simon-bolivar-usb,Universidad Simón Bolívar (USB),Venezuela,Latin America,Caracas,,https://www.topuniversities.com/universities/universidad-simon-bolivar-usb,
universidad-tecnica-federico-santa-maria-usm,Universidad Técnica Federico Santa María (USM),Chile,Latin America,Valparaíso,,https://www.topuniversities.com/universities/universidad-tecnica-federico-santa-maria-usm,https://www.usnews.com/education/best-global-universities/universidad-tecnica-federico-santa-maria-528919
universidad-torcuato-di-tella,Universidad Torcuato Di Tella,Argentina,Latin America,Buenos Aires,,https://www.topuniversities.com/universities/universidad-torcuato-di-tella,
universidade-federal-de-sao-carlos-ufscar,Universidade Federal de São Carlos (UFSCar),Brazil,Latin America,São Paulo,,https://www.topuniversities.com/universities/universidade-federal-de-sao-carlos-ufscar,
universidade-federal-do-parana-ufpr,Universidade Federal do Paraná - UFPR,Brazil,Latin America,Curitiba,,https://www.topuniversities.com/universities/universidade-federal-do-parana-ufpr,
universit-de-bretagne-occidentale,Universit de Bretagne Occidentale,France,Europe,Brest,,https://www.topuniversities.com/universities/universit-de-bretagne-occidentale,
universit-degli-studi-di-perugia,Universit degli Studi di Perugia,Italy,Europe,PERUGIA,,https://www.topuniversities.com/universities/universit-degli-studi-di-perugia,
universita-degli-studi-di-udine,Università degli Studi di Udine,Italy,Europe,Udine,,https://www.topuniversities.com/universities/universita-degli-studi-di-udine,
universita-degli-studi-g-dannunzio-chieti-pescara,"Universita' degli Studi ""G. d'Annunzio"" Chieti Pescara",Italy,Europe,Chieti,,https://www.topuniversities.com/universities/universita-degli-studi-g-dannunzio-chieti-pescara,
universita-degli-studi-dellaquila,Universita' degli Studi dell'Aquila,Italy,Europe,L'Aquila,,https://www.topuniversities.com/universities/universita-degli-studi-dellaquila,
universitas-sumatera-utara,Universitas Sumatera Utara,Indonesia,Asia,Medan City,,https://www.topuniversities.com/universities/universitas-sumatera-utara,
universitat-de-lleida-university-lleida,Universitat de Lleida (University of Lleida),Spain,Europe,Lleida,,https://www.topuniversities.com/universities/universitat-de-lleida-university-lleida,https://www.usnews.com/education/best-global-universities/universitat-de-lleida-504927
universitat-jaume-i,Universitat Jaume I,Spain,Europe,Castelló de la Plana,,https://www.topuniversities.com/universities/universitat-jaume-i,https://www.usnews.com/education/best-global-universities/universitat-jaume-i-528868
universite-lumiere-lyon-2,Université Lumière Lyon 2,France,Europe,Lyon,,https://www.topuniversities.com/universities/universite-lumiere-lyon-2,
universite-mohammed-v-de-rabat,Université Mohammed V de Rabat,Morocco,Africa,Rabat,,https://www.topuniversities.com/universities/universite-mohammed-v-de-rabat,
universiti-malaysia-perlis,Universiti Malaysia Perlis,Malaysia,Asia,Kangar,,https://www.topuniversities.com/universities/universiti-malaysia-perlis,https://www.usnews.com/education/best-global-universities/university-of-malaysia-perlis-529544
universiti-malaysia-sabah-ums,Universiti Malaysia Sabah (UMS),Malaysia,Asia,Kota Kinabalu,,https://www.topuniversities.com/universities/universiti-malaysia-sabah-ums,https://www.usnews.com/education/best-global-universities/universiti-malaysia-sabah-530050
universiti-malaysia-sarawak-unimas,Universiti Malaysia Sarawak (UNIMAS),Malaysia,Asia,Kuching,,https://www.topuniversities.com/universities/universiti-malaysia-sarawak-unimas,https://www.usnews.com/education/best-global-universities/university-of-malaysia-sarawak-530580
universiti-tun-hussein-onn-malaysia-uthm,Universiti Tun Hussein Onn Malaysia (UTHM),Malaysia,Asia,Batu Pahat,,https://www.topuniversities.com/universities/universiti-tun-hussein-onn-malaysia-uthm,https://www.usnews.com/education/best-global-universities/university-of-tun-hussein-onn-malaysia-529797
university-algarve,University of Algarve,Portugal,Europe,Faro,,https://www.topuniversities.com/universities/university-algarve,
university-balamand,University of Balamand,Lebanon,Asia,Beirut,,https://www.topuniversities.com/universities/university-balamand,
university-cassino-southern-lazio,University of Cassino and Southern Lazio,Italy,Europe,Cassino,,https://www.topuniversities.com/universities/university-cassino-southern-lazio,
university-denver,University of Denver,United States,North America,Denver,,https://www.topuniversities.com/universities/university-denver,https://www.usnews.com/education/best-global-universities/university-of-denver-127060
university-deusto,University of Deusto,Spain,Europe,Bilbao,,https://www.topuniversities.com/universities/university-deusto,https://www.usnews.com/education/best-global-universities/university-of-deusto-530258
university-east-london,University of East London,United Kingdom,Europe,London,,https://www.topuniversities.com/universities/university-east-london,
university-lancashire,University of Lancashire,United Kingdom,Europe,Preston,,https://www.topuniversities.com/universities/university-lancashire,
university-lodz,University of Lodz,Poland,Europe,Lodz,,https://www.topuniversities.com/universities/university-lodz,https://www.usnews.com/education/best-global-universities/university-of-lodz-529007
university-naples-parthenope,University of Naples Parthenope,Italy,Europe,Naples,,https://www.topuniversities.com/universities/university-naples-parthenope,
university-pannonia,University of Pannonia,Hungary,Europe,Veszprém,,https://www.topuniversities.com/universities/university-pannonia,
university-regina,University of Regina,Canada,North America,Regina,,https://www.topuniversities.com/universities/university-regina,https://www.usnews.com/education/best-global-universities/university-of-regina-499970
university-roehampton-london,"University of Roehampton, London",United Kingdom,Europe,London,,https://www.topuniversities.com/universities/university-roehampton-london,
university-salford,University of Salford,United Kingdom,Europe,Salford,,https://www.topuniversities.com/universities/university-salford,https://www.usnews.com/education/best-global-universities/university-of-salford-529039
university-sfax,University of Sfax,Tunisia,Africa,Sfax,,https://www.topuniversities.com/universities/university-sfax,
university-south-bohemia-ceske-budejovice,University of South Bohemia in České Budějovice,Czechia,Europe,České Budějovice,,https://www.topuniversities.com/universities/university-south-bohemia-ceske-budejovice,
university-free-state,University of the Free State,South Africa,Africa,Bloemfontein,,https://www.topuniversities.com/universities/university-free-state,https://www.usnews.com/education/best-global-universities/university-of-the-free-state-529166
university-wolverhampton,University of Wolverhampton,United Kingdom,Europe,Wolverhampton,,https://www.topuniversities.com/universities/university-wolverhampton,https://www.usnews.com/education/best-global-universities/university-of-wolverhampton-529572
van-lang-university,Van Lang University,Vietnam,Asia,Ho Chi Minh City,,https://www.topuniversities.com/universities/van-lang-university,https://www.usnews.com/education/best-global-universities/van-lang-university-530774
vsb-technical-university-ostrava,VSB - Technical University of Ostrava,Czechia,Europe,Ostrava,,https://www.topuniversities.com/universities/vsb-technical-university-ostrava,
william-mary,William & Mary,United States,North America,Williamsburg,,https://www.topuniversities.com/universities/william-mary,https://www.usnews.com/education/best-global-universities/william-mary-231624
xian-jiaotong-liverpool-university,Xi'an Jiaotong Liverpool University,China (Mainland),Asia,Suzhou,,https://www.topuniversities.com/universities/xian-jiaotong-liverpool-university,
yerevan-state-university,Yerevan State University,Armenia,Asia,Yerevan,,https://www.topuniversities.com/universities/yerevan-state-university,
yokohama-city-university,Yokohama City University,Japan,Asia,Yokohama City,,https://www.topuniversities.com/universities/yokohama-city-university,https://www.usnews.com/education/best-global-universities/yokohama-city-university-529035
yokohama-national-university,Yokohama National University,Japan,Asia,Yokohama City,,https://www.topuniversities.com/universities/yokohama-national-university,https://www.usnews.com/education/best-global-universities/yokohama-national-university-529211
yuan-ze-university,Yuan Ze University,Taiwan,Asia,Taoyuan City,,https://www.topuniversities.com/universities/yuan-ze-university,https://www.usnews.com/education/best-global-universities/yuan-ze-university-529068
ataturk-university,Ataturk University,Türkiye,Asia,Erzurum,,https://www.topuniversities.com/universities/ataturk-university,https://www.usnews.com/education/best-global-universities/ataturk-university-500132
usn-anhui-medical-university-529269,Anhui Medical University,China,,Hefei,,,https://www.usnews.com/education/best-global-universities/anhui-medical-university-529269
usn-braunschweig-university-of-technology-505131,Braunschweig University of Technology,Germany,Europe,Braunschweig,,,https://www.usnews.com/education/best-global-universities/braunschweig-university-of-technology-505131
usn-montana-state-university-bozeman-180461,Montana State University Bozeman,United States,North America,Bozeman,,,https://www.usnews.com/education/best-global-universities/montana-state-university-bozeman-180461
usn-universidad-costa-rica-529589,Universidad Costa Rica,Costa Rica,Latin America,San Pedro Montes de Oca,,,https://www.usnews.com/education/best-global-universities/universidad-costa-rica-529589
usn-university-of-montana-180489,University of Montana,United States,North America,Missoula,,,https://www.usnews.com/education/best-global-universities/university-of-montana-180489
usn-foshan-university-529885,Foshan University,China,,Foshan,,,https://www.usnews.com/education/best-global-universities/foshan-university-529885
usn-shanghai-maritime-university-529346,Shanghai Maritime University,China,,Shanghai,,,https://www.usnews.com/education/best-global-universities/shanghai-maritime-university-529346
usn-california-state-university-los-angeles-530209,California State University Los Angeles,United States,North America,Los Angeles,,,https://www.usnews.com/education/best-global-universities/california-state-university-los-angeles-530209
usn-university-of-poitiers-501414,University of Poitiers,France,Europe,Poitiers,,,https://www.usnews.com/education/best-global-universities/university-of-poitiers-501414
kent-state-university,Kent State University,United States,North America,Kent,,https://www.topuniversities.com/universities/kent-state-university,https://www.usnews.com/education/best-global-universities/kent-state-university-203517
usn-federal-university-of-sao-carlos-505014,Federal University of Sao Carlos,Brazil,Latin America,Sao Carlos,,,https://www.usnews.com/education/best-global-universities/federal-university-of-sao-carlos-505014
usn-institut-detudes-politiques-paris-sciences-po-530182,Institut d'Etudes Politiques Paris (Sciences Po),France,Europe,Paris,,,https://www.usnews.com/education/best-global-universities/institut-detudes-politiques-paris-sciences-po-530182
usn-jss-academy-of-higher-education-research-530412,JSS Academy of Higher Education & Research,India,Asia,Sri Shivarathreeshwara Nagara Bannimantap,,,https://www.usnews.com/education/best-global-universities/jss-academy-of-higher-education-research-530412
usn-shaanxi-university-of-science-and-technology-529882,Shaanxi University of Science and Technology,China,,Xi'an,,,https://www.usnews.com/education/best-global-universities/shaanxi-university-of-science-and-technology-529882
usn-university-diego-portales-529669,University Diego Portales,Chile,Latin America,Santiago,,,https://www.usnews.com/education/best-global-universities/university-diego-portales-529669
university-thessaly,University of Thessaly,Greece,Europe,Volos,,https://www.topuniversities.com/universities/university-thessaly,https://www.usnews.com/education/best-global-universities/university-of-thessaly-529034
usn-chengdu-university-of-technology-530199,Chengdu University of Technology,China,,"Sichuan, Chengdu",,,https://www.usnews.com/education/best-global-universities/chengdu-university-of-technology-530199
usn-hebei-university-of-technology-529604,Hebei University of Technology,China,,Tianjin,,,https://www.usnews.com/education/best-global-universities/hebei-university-of-technology-529604
usn-orebro-university-528966,Orebro University,Sweden,Europe,Orebro,,,https://www.usnews.com/education/best-global-universities/orebro-university-528966
usn-universitat-de-girona-528856,Universitat de Girona,Spain,Europe,Girona,,,https://www.usnews.com/education/best-global-universities/universitat-de-girona-528856
usn-university-of-st-gallen-504309,University of St Gallen,Switzerland,Europe,St. Gallen,,,https://www.usnews.com/education/best-global-universities/university-of-st-gallen-504309
jamia-hamdard,Jamia Hamdard,India,Asia,New Delhi,,https://www.topuniversities.com/universities/jamia-hamdard,https://www.usnews.com/education/best-global-universities/jamia-hamdard-university-529132
usn-federal-university-of-pernambuco-506633,Federal University of Pernambuco,Brazil,Latin America,Recife,,,https://www.usnews.com/education/best-global-universities/federal-university-of-pernambuco-506633
usn-iran-university-of-medical-sciences-529414,Iran University of Medical Sciences,Iran,Asia,Tehran,,,https://www.usnews.com/education/best-global-universities/iran-university-of-medical-sciences-529414
usn-kermanshah-university-of-medical-sciences-529623,Kermanshah University of Medical Sciences,Iran,Asia,Kermanshah,,,https://www.usnews.com/education/best-global-universities/kermanshah-university-of-medical-sciences-529623
usn-national-university-of-cordoba-502638,National University of Cordoba,Argentina,Latin America,Cordoba (Argentina),,,https://www.usnews.com/education/best-global-universities/national-university-of-cordoba-502638
usn-urmia-university-of-medical-sciences-530162,Urmia University of Medical Sciences,Iran,Asia,Urmia,,,https://www.usnews.com/education/best-global-universities/urmia-university-of-medical-sciences-530162
usn-western-norway-university-of-applied-sciences-529923,Western Norway University of Applied Sciences,Norway,Europe,Bergen,,,https://www.usnews.com/education/best-global-universities/western-norway-university-of-applied-sciences-529923
usn-guangdong-university-of-foreign-studies-530213,Guangdong University of Foreign Studies,China,,Guangzhou,,,https://www.usnews.com/education/best-global-universities/guangdong-university-of-foreign-studies-530213
usn-kunming-university-of-science-and-technology-529089,Kunming University of Science and Technology,China,,Kunming,,,https://www.usnews.com/education/best-global-universities/kunming-university-of-science-and-technology-529089
usn-zhejiang-ocean-university-530024,Zhejiang Ocean University,China,,Changzhi Island,,,https://www.usnews.com/education/best-global-universities/zhejiang-ocean-university-530024
university-split,University of Split,Croatia,Europe,Split,,https://www.topuniversities.com/universities/university-split,https://www.usnews.com/education/best-global-universities/university-of-split-528851
usn-ryerson-university-499982,Ryerson University,Canada,North America,Toronto,,,https://www.usnews.com/education/best-global-universities/ryerson-university-499982
usn-university-of-oviedo-503830,University of Oviedo,Spain,Europe,Oviedo,,,https://www.usnews.com/education/best-global-universities/university-of-oviedo-503830
usn-fourth-military-medical-university-506665,Fourth Military Medical University,China,,Xi'an,,,https://www.usnews.com/education/best-global-universities/fourth-military-medical-university-506665
usn-open-university-506455,Open University,United Kingdom,Europe,Milton Keynes,,,https://www.usnews.com/education/best-global-universities/open-university-506455
usn-universite-de-monastir-529198,Universite de Monastir,Tunisia,Africa,Monastir,,,https://www.usnews.com/education/best-global-universities/universite-de-monastir-529198
usn-vienna-university-of-economics-529135,Vienna University of Economics,Austria,Europe,Vienna,,,https://www.usnews.com/education/best-global-universities/vienna-university-of-economics-529135
university-khartoum,University of Khartoum,Sudan,Africa,Khartoum,,https://www.topuniversities.com/universities/university-khartoum,https://www.usnews.com/education/best-global-universities/university-of-khartoum-512401
usn-augusta-university-482149,Augusta University,United States,North America,Augusta,,,https://www.usnews.com/education/best-global-universities/augusta-university-482149
usn-henan-normal-university-529271,Henan Normal University,China,,Xinxiang,,,https://www.usnews.com/education/best-global-universities/henan-normal-university-529271
usn-northeast-forestry-university-china-529095,Northeast Forestry University - China,China,,Harbin,,,https://www.usnews.com/education/best-global-universities/northeast-forestry-university-china-529095
usn-university-of-central-punjab-530570,University of Central Punjab,Pakistan,Asia,Lahore,,,https://www.usnews.com/education/best-global-universities/university-of-central-punjab-530570
usn-university-of-savoie-501758,University of Savoie,France,Europe,Chambery,,,https://www.usnews.com/education/best-global-universities/university-of-savoie-501758
usn-mazandaran-university-medical-sciences-529621,Mazandaran University Medical Sciences,Iran,Asia,Sari,,,https://www.usnews.com/education/best-global-universities/mazandaran-university-medical-sciences-529621
usn-paracelsus-private-medical-university-529224,Paracelsus Private Medical University,Austria,Europe,Salzburg,,,https://www.usnews.com/education/best-global-universities/paracelsus-private-medical-university-529224
usn-university-of-eastern-piedmont-amedeo-avogadro-528952,University of Eastern Piedmont Amedeo Avogadro,Italy,Europe,Vercelli,,,https://www.usnews.com/education/best-global-universities/university-of-eastern-piedmont-amedeo-avogadro-528952
usn-university-of-south-bohemia-ceske-budejovice-528817,University of South Bohemia Ceske Budejovice,Czech Republic,,Ceske Budejovice,,,https://www.usnews.com/education/best-global-universities/university-of-south-bohemia-ceske-budejovice-528817
usn-nantong-university-529473,Nantong University,China,,Nantong,,,https://www.usnews.com/education/best-global-universities/nantong-university-529473
usn-old-dominion-university-232982,Old Dominion University,United States,North America,Norfolk,,,https://www.usnews.com/education/best-global-universities/old-dominion-university-232982
usn-qilu-university-of-technology-529482,Qilu University of Technology,China,,Jinan,,,https://www.usnews.com/education/best-global-universities/qilu-university-of-technology-529482
usn-university-of-caen-528879,University of Caen,France,Europe,Caen,,,https://www.usnews.com/education/best-global-universities/university-of-caen-528879
usn-xian-university-of-architecture-and-technology-529487,Xi'an University of Architecture and Technology,China,,Xi'an,,,https://www.usnews.com/education/best-global-universities/xian-university-of-architecture-and-technology-529487
university-peradeniya,University of Peradeniya,Sri Lanka,Asia,Peradeniya,,https://www.topuniversities.com/universities/university-peradeniya,https://www.usnews.com/education/best-global-universities/university-of-peradeniya-529988
usn-hubei-university-529080,Hubei University,China,,Wuhan,,,https://www.usnews.com/education/best-global-universities/hubei-university-529080
usn-university-of-sofia-504656,University of Sofia,Bulgaria,Europe,Sofia,,,https://www.usnews.com/education/best-global-universities/university-of-sofia-504656
usn-central-university-of-finance-and-economics-529634,Central University of Finance and Economics,China,,Beijing,,,https://www.usnews.com/education/best-global-universities/central-university-of-finance-and-economics-529634
usn-hunan-normal-university-529497,Hunan Normal University,China,,Changsha,,,https://www.usnews.com/education/best-global-universities/hunan-normal-university-529497
usn-suny-upstate-medical-university-529713,SUNY Upstate Medical University,United States,North America,Syracuse,,,https://www.usnews.com/education/best-global-universities/suny-upstate-medical-university-529713
usn-isfahan-university-medical-science-529419,Isfahan University Medical Science,Iran,Asia,Isfahan,,,https://www.usnews.com/education/best-global-universities/isfahan-university-medical-science-529419
usn-the-catholic-university-of-america-131283,The Catholic University of America,United States,North America,"Washington, D.C.",,,https://www.usnews.com/education/best-global-universities/the-catholic-university-of-america-131283
british-university-egypt,British University in Egypt,Egypt,Africa,El Shorouk,,https://www.topuniversities.com/universities/british-university-egypt,https://www.usnews.com/education/best-global-universities/british-university-in-egypt-512943
transilvania-university-brasov,Transilvania University of Brasov,Romania,Europe,Brasov,,https://www.topuniversities.com/universities/transilvania-university-brasov,https://www.usnews.com/education/best-global-universities/transilvania-university-of-brasov-529684
usn-najran-university-508814,Najran University,Saudi Arabia,Asia,Saudi Arabia,,,https://www.usnews.com/education/best-global-universities/najran-university-508814
usn-tianjin-polytechnic-university-529130,Tianjin Polytechnic University,China,,Tianjin,,,https://www.usnews.com/education/best-global-universities/tianjin-polytechnic-university-529130
usn-university-of-castilla-la-mancha-505673,University of Castilla-La Mancha,Spain,Europe,Real,,,https://www.usnews.com/education/best-global-universities/university-of-castilla-la-mancha-505673
usn-university-of-sulimanyah-530214,University of Sulimanyah,Iraq,Asia,Sulaimani,,,https://www.usnews.com/education/best-global-universities/university-of-sulimanyah-530214
universidade-federal-da-bahia,Universidade Federal da Bahia,Brazil,Latin America,Salvador,,https://www.topuniversities.com/universities/universidade-federal-da-bahia,https://www.usnews.com/education/best-global-universities/universidade-federal-da-bahia-528977
usn-government-college-university-lahore-530022,Government College University Lahore,Pakistan,Asia,Lahore,,,https://www.usnews.com/education/best-global-universities/government-college-university-lahore-530022
usn-universidade-federal-do-rio-grande-do-norte-529407,Universidade Federal do Rio Grande do Norte,Brazil,Latin America,Natal/RN,,,https://www.usnews.com/education/best-global-universities/universidade-federal-do-rio-grande-do-norte-529407
usn-international-medical-university-529742,International Medical University,Malaysia,Asia,Kuala Lumpur,,,https://www.usnews.com/education/best-global-universities/international-medical-university-529742
usn-second-military-medical-university-505505,Second Military Medical University,China,,Shanghai,,,https://www.usnews.com/education/best-global-universities/second-military-medical-university-505505
usn-university-of-cape-coast-530205,University of Cape Coast,Ghana,Africa,Cape Coast,,,https://www.usnews.com/education/best-global-universities/university-of-cape-coast-530205
usn-zhongkai-university-of-agriculture-engineering-530239,Zhongkai University of Agriculture & Engineering,China,,Guangzhou,,,https://www.usnews.com/education/best-global-universities/zhongkai-university-of-agriculture-engineering-530239
usn-third-military-medical-university-503729,Third Military Medical University,China,,Shapingba,,,https://www.usnews.com/education/best-global-universities/third-military-medical-university-503729
usn-university-of-gondar-529442,University of Gondar,Ethiopia,Africa,Gondar,,,https://www.usnews.com/education/best-global-universities/university-of-gondar-529442
usn-hunan-agricultural-university-529354,Hunan Agricultural University,China,,Changsha,,,https://www.usnews.com/education/best-global-universities/hunan-agricultural-university-529354
usn-wroclaw-medical-university-529400,Wroclaw Medical University,Poland,Europe,Wroclaw,,,https://www.usnews.com/education/best-global-universities/wroclaw-medical-university-529400
usn-henan-polytechnic-university-529521,Henan Polytechnic University,China,,Jiaozuo,,,https://www.usnews.com/education/best-global-universities/henan-polytechnic-university-529521
usn-pontificia-universidade-catolica-do-rio-grande-do-sul-529583,Pontificia Universidade Catolica Do Rio Grande Do Sul,Brazil,Latin America,Porto Alegre,,,https://www.usnews.com/education/best-global-universities/pontificia-universidade-catolica-do-rio-grande-do-sul-529583
usn-university-of-insubria-528983,University of Insubria,Italy,Europe,Varese,,,https://www.usnews.com/education/best-global-universities/university-of-insubria-528983
usn-yanshan-university-529086,Yanshan University,China,,Qinhuangdao,,,https://www.usnews.com/education/best-global-universities/yanshan-university-529086
usn-polytechnic-university-of-bucharest-506097,Polytechnic University of Bucharest,Romania,Europe,Bucharest,,,https://www.usnews.com/education/best-global-universities/polytechnic-university-of-bucharest-506097
universitat-kassel,Universität Kassel,Germany,Europe,Kassel,,https://www.topuniversities.com/universities/universitat-kassel,https://www.usnews.com/education/best-global-universities/universitat-kassel-529151
usn-shahid-beheshti-university-tehran-sbu-502879,Shahid Beheshti University Tehran (SBU),Iran,Asia,Tehran,,,https://www.usnews.com/education/best-global-universities/shahid-beheshti-university-tehran-sbu-502879
usn-universidade-federal-do-abc-ufabc-528920,Universidade Federal do ABC (UFABC),Brazil,Latin America,Santo Andre,,,https://www.usnews.com/education/best-global-universities/universidade-federal-do-abc-ufabc-528920
usn-xian-university-of-technology-529477,Xi'an University of Technology,China,,Xi'an,,,https://www.usnews.com/education/best-global-universities/xian-university-of-technology-529477
usn-hebei-university-529732,Hebei University,China,,Baoding,,,https://www.usnews.com/education/best-global-universities/hebei-university-529732
usn-shanghai-ocean-university-529171,Shanghai Ocean University,China,,Shanghai,,,https://www.usnews.com/education/best-global-universities/shanghai-ocean-university-529171
usn-universite-gustave-eiffel-529800,Universite Gustave-Eiffel,France,Europe,Marne-la-Vallée,,,https://www.usnews.com/education/best-global-universities/universite-gustave-eiffel-529800
university-toledo,University of Toledo,United States,North America,Toledo,,https://www.topuniversities.com/universities/university-toledo,https://www.usnews.com/education/best-global-universities/university-of-toledo-206084
usn-medical-university-gdansk-529056,Medical University Gdansk,Poland,Europe,Gdańsk,,,https://www.usnews.com/education/best-global-universities/medical-university-gdansk-529056
usn-middle-east-university-514495,Middle East University,Jordan,Asia,Amman,,,https://www.usnews.com/education/best-global-universities/middle-east-university-514495
usn-xinjiang-university-529284,Xinjiang University,China,,Xinjiang,,,https://www.usnews.com/education/best-global-universities/xinjiang-university-529284
university-hradec-kralove,University of Hradec Kralove,Czechia,Europe,Hradec Králové,,https://www.topuniversities.com/universities/university-hradec-kralove,https://www.usnews.com/education/best-global-universities/university-of-hradec-kralove-530230
usn-shandong-agricultural-university-529093,Shandong Agricultural University,China,,Tai'an,,,https://www.usnews.com/education/best-global-universities/shandong-agricultural-university-529093
usn-university-of-jeddah-530059,University of Jeddah,Saudi Arabia,Asia,Al Sharafeyah,,,https://www.usnews.com/education/best-global-universities/university-of-jeddah-530059
usn-university-of-texas-rio-grande-valley-227368,University of Texas--Rio Grande Valley,United States,North America,Edinburg,,,https://www.usnews.com/education/best-global-universities/university-of-texas-rio-grande-valley-227368
zhejiang-sci-tech-university,Zhejiang Sci-tech University,China (Mainland),Asia,Zhejiang,,https://www.topuniversities.com/universities/zhejiang-sci-tech-university,https://www.usnews.com/education/best-global-universities/zhejiang-sci-tech-university-529088
usn-qingdao-university-of-technology-529642,Qingdao University of Technology,China,,Qingdao,,,https://www.usnews.com/education/best-global-universities/qingdao-university-of-technology-529642
usn-university-of-vaasa-530169,University of Vaasa,Finland,Europe,Vassa,,,https://www.usnews.com/education/best-global-universities/university-of-vaasa-530169
usn-kerman-university-of-medical-sciences-529929,Kerman University of Medical Sciences,Iran,Asia,Kerman,,,https://www.usnews.com/education/best-global-universities/kerman-university-of-medical-sciences-529929
usn-university-campus-bio-medico-rome-italy-528992,University Campus Bio-Medico - Rome Italy,Italy,Europe,Rome,,,https://www.usnews.com/education/best-global-universities/university-campus-bio-medico-rome-italy-528992
marquette-university,Marquette University.,United States,North America,Milwaukee,,https://www.topuniversities.com/universities/marquette-university,https://www.usnews.com/education/best-global-universities/marquette-university-239105
usn-henan-agricultural-university-529759,Henan Agricultural University,China,,Zhengzhou,,,https://www.usnews.com/education/best-global-universities/henan-agricultural-university-529759
usn-jishou-university-530424,Jishou University,China,,Hunan,,,https://www.usnews.com/education/best-global-universities/jishou-university-530424
usn-magna-graecia-university-of-catanzaro-529254,Magna Graecia University of Catanzaro,Italy,Europe,Catanzaro,,,https://www.usnews.com/education/best-global-universities/magna-graecia-university-of-catanzaro-529254
usn-g-dannunzio-university-of-chieti-pescara-529183,G d'Annunzio University of Chieti-Pescara,Italy,Europe,Chieti,,,https://www.usnews.com/education/best-global-universities/g-dannunzio-university-of-chieti-pescara-529183
usn-medical-university-warsaw-529008,Medical University Warsaw,Poland,Europe,Warsaw,,,https://www.usnews.com/education/best-global-universities/medical-university-warsaw-529008
usn-university-of-rouen-528984,University of Rouen,France,Europe,Mont-Saint-Aignan,,,https://www.usnews.com/education/best-global-universities/university-of-rouen-528984
usn-alborz-university-of-medical-sciences-530763,Alborz University of Medical Sciences,Iran,Asia,Karaj,,,https://www.usnews.com/education/best-global-universities/alborz-university-of-medical-sciences-530763
usn-east-carolina-university-198464,East Carolina University,United States,North America,Greenville,,,https://www.usnews.com/education/best-global-universities/east-carolina-university-198464
usn-guilan-university-of-medical-sciences-530572,Guilan University of Medical Sciences,Iran,Asia,Rasht,,,https://www.usnews.com/education/best-global-universities/guilan-university-of-medical-sciences-530572
usn-ibn-tofail-university-of-kenitra-530231,Ibn Tofail University of Kenitra,Morocco,Africa,Kenitra,,,https://www.usnews.com/education/best-global-universities/ibn-tofail-university-of-kenitra-530231
usn-university-of-the-west-indies-529749,University of the West Indies,Jamaica,,Kingston 7,,,https://www.usnews.com/education/best-global-universities/university-of-the-west-indies-529749
usn-air-university-islamabad-530215,Air University Islamabad,Pakistan,Asia,Islamabad,,,https://www.usnews.com/education/best-global-universities/air-university-islamabad-530215
usn-dalian-polytechnic-university-529903,Dalian Polytechnic University,China,,Dalian,,,https://www.usnews.com/education/best-global-universities/dalian-polytechnic-university-529903
usn-dongbei-university-of-finance-economics-530185,Dongbei University of Finance & Economics,China,,Dalian,,,https://www.usnews.com/education/best-global-universities/dongbei-university-of-finance-economics-530185
usn-university-of-foggia-529562,University of Foggia,Italy,Europe,Foggia,,,https://www.usnews.com/education/best-global-universities/university-of-foggia-529562
usn-firat-university-528830,Firat University,Türkiye,Asia,Elazig,,,https://www.usnews.com/education/best-global-universities/firat-university-528830
usn-istanbul-university-cerrahpasa-529526,Istanbul University - Cerrahpasa,Türkiye,Asia,Istanbul,,,https://www.usnews.com/education/best-global-universities/istanbul-university-cerrahpasa-529526
usn-liaocheng-university-529802,Liaocheng University,China,,Liaocheng,,,https://www.usnews.com/education/best-global-universities/liaocheng-university-529802
asharqiyah-university,A'Sharqiyah University,Oman,Asia,Ibra,,https://www.topuniversities.com/universities/asharqiyah-university,
adamson-university,Adamson University,Philippines,Asia,Manila,,https://www.topuniversities.com/universities/adamson-university,
ahmadu-bello-university-zaria,"Ahmadu Bello University, Zaria",Nigeria,Africa,Zaria,,https://www.topuniversities.com/universities/ahmadu-bello-university-zaria,
al-balqa-applied-university,Al-Balqa Applied University,Jordan,Asia,As-Salt,,https://www.topuniversities.com/universities/al-balqa-applied-university,https://www.usnews.com/education/best-global-universities/al-balqa-applied-university-530236
alexandru-ioan-cuza-university,Alexandru Ioan Cuza University,Romania,Europe,Iași,,https://www.topuniversities.com/universities/alexandru-ioan-cuza-university,https://www.usnews.com/education/best-global-universities/alexandru-ioan-cuza-university-529053
amman-arab-university,Amman Arab University,Jordan,Asia,Amman,,https://www.topuniversities.com/universities/amman-arab-university,
amrita-vishwa-vidyapeetham,Amrita Vishwa Vidyapeetham,India,Asia,Coimbatore,,https://www.topuniversities.com/universities/amrita-vishwa-vidyapeetham,
azerbaijan-state-pedagogical-university,Azerbaijan State Pedagogical University,Azerbaijan,Asia,Baku,,https://www.topuniversities.com/universities/azerbaijan-state-pedagogical-university,
beijing-foreign-studies-university,Beijing Foreign Studies University,China (Mainland),Asia,Beijing,,https://www.topuniversities.com/universities/beijing-foreign-studies-university,
brigham-young-university,Brigham Young University,United States,North America,Provo,,https://www.topuniversities.com/universities/brigham-young-university,
brock-university,Brock University,Canada,North America,St. Catharines,,https://www.topuniversities.com/universities/brock-university,https://www.usnews.com/education/best-global-universities/brock-university-499992
capital-university-egypt,Capital University – Egypt,Egypt,Africa,Helwan,,https://www.topuniversities.com/universities/capital-university-egypt,
chung-yuan-christian-university,Chung Yuan Christian University,Taiwan,Asia,Taoyuan City,,https://www.topuniversities.com/universities/chung-yuan-christian-university,https://www.usnews.com/education/best-global-universities/chung-yuan-christian-university-529072
damascus-university,Damascus University,Syria,Asia,Damascus,,https://www.topuniversities.com/universities/damascus-university,
delta-university-science-technology,Delta University for Science and Technology,Egypt,Africa,Dakahlia,,https://www.topuniversities.com/universities/delta-university-science-technology,
democritus-university-thrace-duth,Democritus University of Thrace (DUTH),Greece,Europe,Komotini,,https://www.topuniversities.com/universities/democritus-university-thrace-duth,https://www.usnews.com/education/best-global-universities/democritus-university-of-thrace-529213
dokuz-eylul-universitesi,Dokuz Eylul Universitesi,Türkiye,Asia,Izmir,,https://www.topuniversities.com/universities/dokuz-eylul-universitesi,https://www.usnews.com/education/best-global-universities/dokuz-eylul-university-503998
empress-catherine-ii-saint-petersburg-mining-university,Empress Catherine II Saint Petersburg Mining University,Russia,Europe,St. Petersburg,,https://www.topuniversities.com/universities/empress-catherine-ii-saint-petersburg-mining-university,
erciyes-university,Erciyes University,Türkiye,Asia,Kayseri,,https://www.topuniversities.com/universities/erciyes-university,https://www.usnews.com/education/best-global-universities/erciyes-university-503419
estonian-university-life-sciences,Estonian University of Life Sciences,Estonia,Europe,Tartu,,https://www.topuniversities.com/universities/estonian-university-life-sciences,https://www.usnews.com/education/best-global-universities/estonian-university-of-life-sciences-529100
florida-atlantic-university-boca-raton,Florida Atlantic University - Boca Raton,United States,North America,Boca Raton,,https://www.topuniversities.com/universities/florida-atlantic-university-boca-raton,
fu-jen-catholic-university,Fu Jen Catholic University,Taiwan,Asia,New Taipei City,,https://www.topuniversities.com/universities/fu-jen-catholic-university,https://www.usnews.com/education/best-global-universities/fu-jen-catholic-university-529258
galgotias-university,Galgotias University,India,Asia,Greater Noida,,https://www.topuniversities.com/universities/galgotias-university,
german-university-technology-oman-gutech,German University of Technology in Oman (GUtech),Oman,Asia,Muscat,,https://www.topuniversities.com/universities/german-university-technology-oman-gutech,
gifu-university,Gifu University,Japan,Asia,Gifu City,,https://www.topuniversities.com/universities/gifu-university,https://www.usnews.com/education/best-global-universities/gifu-university-506304
gunma-university,Gunma University,Japan,Asia,Maebashi,,https://www.topuniversities.com/universities/gunma-university,https://www.usnews.com/education/best-global-universities/gunma-university-504586
ibn-tofail-university,Ibn Tofail University,Morocco,Africa,Kenitra,,https://www.topuniversities.com/universities/ibn-tofail-university,
indian-institute-information-technology-allahabad,"Indian Institute of Information Technology, Allahabad",India,Asia,Prayagraj,,https://www.topuniversities.com/universities/indian-institute-information-technology-allahabad,
instituto-tecnologico-de-buenos-aires-itba,Instituto Tecnológico de Buenos Aires (ITBA),Argentina,Latin America,Buenos Aires,,https://www.topuniversities.com/universities/instituto-tecnologico-de-buenos-aires-itba,
international-christian-university,International Christian University,Japan,Asia,Tokyo,,https://www.topuniversities.com/universities/international-christian-university,
islamic-university-lebanon,Islamic University of Lebanon,Lebanon,Asia,Khalde,,https://www.topuniversities.com/universities/islamic-university-lebanon,
istanbul-aydin-university,Istanbul Aydin University,Türkiye,Asia,Istanbul,,https://www.topuniversities.com/universities/istanbul-aydin-university,https://www.usnews.com/education/best-global-universities/istanbul-aydin-university-529451
iteso-universidad-jesuita-de-guadalajara,"ITESO, Universidad Jesuita de Guadalajara",Mexico,Latin America,Tlaquepaque,,https://www.topuniversities.com/universities/iteso-universidad-jesuita-de-guadalajara,
ivan-franko-national-university-lviv,Ivan Franko National University of Lviv,Ukraine,Europe,Lviv,,https://www.topuniversities.com/universities/ivan-franko-national-university-lviv,
izmir-institute-technology-iztech,Izmir Institute of Technology (IZTECH),Türkiye,Asia,Izmir,,https://www.topuniversities.com/universities/izmir-institute-technology-iztech,
jadara-university,Jadara University,Jordan,Asia,Irbid,,https://www.topuniversities.com/universities/jadara-university,
jeju-national-university,Jeju National University,South Korea,Asia,Jeju City,,https://www.topuniversities.com/universities/jeju-national-university,https://www.usnews.com/education/best-global-universities/jeju-national-university-529118
kagoshima-university,Kagoshima University,Japan,Asia,Kagoshima City,,https://www.topuniversities.com/universities/kagoshima-university,https://www.usnews.com/education/best-global-universities/kagoshima-university-500650
kazakh-british-technical-university,Kazakh-British Technical University,Kazakhstan,Asia,Almaty,,https://www.topuniversities.com/universities/kazakh-british-technical-university,
king-mongkuts-institute-technology-ladkrabang-kmitl,King Mongkuts Institute of Technology Ladkrabang (KMITL),Thailand,Asia,Bangkok,,https://www.topuniversities.com/universities/king-mongkuts-institute-technology-ladkrabang-kmitl,https://www.usnews.com/education/best-global-universities/king-mongkuts-institute-of-technology-ladkrabang-529645
kyrgyz-national-university,Kyrgyz National University,Kyrgyzstan,Asia,Bishkek,,https://www.topuniversities.com/universities/kyrgyz-national-university,
kyushu-institute-technology,Kyushu Institute of Technology,Japan,Asia,Kitakyushu,,https://www.topuniversities.com/universities/kyushu-institute-technology,https://www.usnews.com/education/best-global-universities/kyushu-institute-of-technology-529222
lobachevsky-university,Lobachevsky University,Russia,Europe,Nizhny Novgorod,,https://www.topuniversities.com/universities/lobachevsky-university,
lviv-polytechnic-national-university,Lviv Polytechnic National University,Ukraine,Europe,Lviv,,https://www.topuniversities.com/universities/lviv-polytechnic-national-university,
malmo-university,Malmo University,Sweden,Europe,Malmo,,https://www.topuniversities.com/universities/malmo-university,https://www.usnews.com/education/best-global-universities/malmo-university-529366
nagoya-institute-technology-nit,Nagoya Institute of Technology (NIT),Japan,Asia,Nagoya,,https://www.topuniversities.com/universities/nagoya-institute-technology-nit,https://www.usnews.com/education/best-global-universities/nagoya-institute-of-technology-529083
national-research-saratov-state-university,National Research Saratov State University,Russia,Europe,Saratov,,https://www.topuniversities.com/universities/national-research-saratov-state-university,
national-taipei-university,National Taipei University,Taiwan,Asia,Taipei,,https://www.topuniversities.com/universities/national-taipei-university,
national-taiwan-ocean-university,National Taiwan Ocean University,Taiwan,Asia,Keelung City,,https://www.topuniversities.com/universities/national-taiwan-ocean-university,https://www.usnews.com/education/best-global-universities/national-taiwan-ocean-university-529013
national-university-kyiv-mohyla-academy-naukma,National University of Kyiv-Mohyla Academy (NaUKMA),Ukraine,Europe,Kyiv,,https://www.topuniversities.com/universities/national-university-kyiv-mohyla-academy-naukma,
national-university-science-technology-politehnica-bucharest,National University of Science and Technology POLITEHNICA Bucharest,Romania,Europe,Bucharest,,https://www.topuniversities.com/universities/national-university-science-technology-politehnica-bucharest,
national-university-science-technology-oman,"National University of Science and Technology, Oman",Oman,Asia,Bousher,,https://www.topuniversities.com/universities/national-university-science-technology-oman,
notre-dame-university-louaize-ndu,Notre Dame University-Louaize NDU,Lebanon,Asia,Keserwan,,https://www.topuniversities.com/universities/notre-dame-university-louaize-ndu,
odessa-iimechnikov-national-university,Odessa I.I.Mechnikov National University,Ukraine,Europe,Odessa,,https://www.topuniversities.com/universities/odessa-iimechnikov-national-university,
otto-friedrich-universitat-bamberg,Otto-Friedrich-Universität Bamberg,Germany,Europe,Bamberg,,https://www.topuniversities.com/universities/otto-friedrich-universitat-bamberg,https://www.usnews.com/education/best-global-universities/otto-friedrich-university-bamberg-530255
ozyegin-university,Ozyegin University,Türkiye,Asia,Istanbul,,https://www.topuniversities.com/universities/ozyegin-university,https://www.usnews.com/education/best-global-universities/ozyegin-university-529321
palestine-technical-university-kadoorie,Palestine Technical University - Kadoorie,Palestinian Territories,Europe,Tulkarm,,https://www.topuniversities.com/universities/palestine-technical-university-kadoorie,
paul-valery-university-montpellier,Paul Valéry University Montpellier,France,Europe,Montpellier,,https://www.topuniversities.com/universities/paul-valery-university-montpellier,
portland-state-university,Portland State University,United States,North America,Portland,,https://www.topuniversities.com/universities/portland-state-university,https://www.usnews.com/education/best-global-universities/portland-state-university-209807
pukyong-national-university,Pukyong National University,South Korea,Asia,Busan,,https://www.topuniversities.com/universities/pukyong-national-university,https://www.usnews.com/education/best-global-universities/pukyong-national-university-506231
queen-margaret-university-edinburgh,"Queen Margaret University , Edinburgh",United Kingdom,Europe,Musselburgh,,https://www.topuniversities.com/universities/queen-margaret-university-edinburgh,
riphah-international-university,Riphah International University,Pakistan,Asia,Islamabad,,https://www.topuniversities.com/universities/riphah-international-university,
russian-presidential-academy-national-economy-public-administration,Russian Presidential Academy of National Economy and Public Administration,Russia,Europe,Moscow,,https://www.topuniversities.com/universities/russian-presidential-academy-national-economy-public-administration,
saint-petersburg-electrotechnical-university-etu-leti,Saint Petersburg Electrotechnical University ETU-LETI,Russia,Europe,St. Petersburg,,https://www.topuniversities.com/universities/saint-petersburg-electrotechnical-university-etu-leti,
saken-seifullin-kazakh-agrotechnical-research-university,Saken Seifullin Kazakh Agrotechnical Research University,Kazakhstan,Asia,Astana,,https://www.topuniversities.com/universities/saken-seifullin-kazakh-agrotechnical-research-university,
samara-national-research-university-samara-university,Samara National Research University (Samara University),Russia,Europe,Samara,,https://www.topuniversities.com/universities/samara-national-research-university-samara-university,
sathyabama-institute-science-technology-deemed-be-university,Sathyabama Institute of Science and Technology (Deemed to be University),India,Asia,Chennai,,https://www.topuniversities.com/universities/sathyabama-institute-science-technology-deemed-be-university,https://www.usnews.com/education/best-global-universities/sathyabama-institute-of-science-technology-530127
seattle-university,Seattle University,United States,North America,Seattle,,https://www.topuniversities.com/universities/seattle-university,
selcuk-university,Selcuk University,Türkiye,Asia,Selcuklu,,https://www.topuniversities.com/universities/selcuk-university,https://www.usnews.com/education/best-global-universities/selcuk-university-505792
shanghai-university-finance-economics,Shanghai University of Finance and Economics,China (Mainland),Asia,Shanghai,,https://www.topuniversities.com/universities/shanghai-university-finance-economics,
shinshu-university,Shinshu University,Japan,Asia,Matsumoto City,,https://www.topuniversities.com/universities/shinshu-university,https://www.usnews.com/education/best-global-universities/shinshu-university-505095
siksha-o-anusandhan-deemed-be-university-soa,"Siksha ‘O’ Anusandhan (Deemed to be University), SOA",India,Asia,Bhubaneswar,,https://www.topuniversities.com/universities/siksha-o-anusandhan-deemed-be-university-soa,
slovak-university-agriculture-nitra,Slovak University of Agriculture in Nitra,Slovakia,Europe,Nitra,,https://www.topuniversities.com/universities/slovak-university-agriculture-nitra,
sookmyung-womens-university,Sookmyung Women's University,South Korea,Asia,Seoul,,https://www.topuniversities.com/universities/sookmyung-womens-university,https://www.usnews.com/education/best-global-universities/sookmyung-womens-university-530006
sumy-state-university,Sumy State University,Ukraine,Europe,Sumy,,https://www.topuniversities.com/universities/sumy-state-university,
sungshin-womens-university,Sungshin Women's University,South Korea,Asia,Seoul,,https://www.topuniversities.com/universities/sungshin-womens-university,
tamkang-university,Tamkang University,Taiwan,Asia,New Taipei City,,https://www.topuniversities.com/universities/tamkang-university,https://www.usnews.com/education/best-global-universities/tamkang-university-529251
tashkent-state-transport-university,Tashkent State Transport University,Uzbekistan,Asia,Tashkent,,https://www.topuniversities.com/universities/tashkent-state-transport-university,
tashkent-state-university-economics,Tashkent State University of Economics,Uzbekistan,Asia,Tashkent,,https://www.topuniversities.com/universities/tashkent-state-university-economics,
technical-university-liberec,Technical University of Liberec,Czechia,Europe,Liberec,,https://www.topuniversities.com/universities/technical-university-liberec,https://www.usnews.com/education/best-global-universities/technical-university-liberec-529899
tecnologico-de-costa-rica-tec,Tecnológico de Costa Rica -TEC,Costa Rica,Latin America,Cartago,,https://www.topuniversities.com/universities/tecnologico-de-costa-rica-tec,
telkom-university,Telkom University,Indonesia,Asia,Bandung,,https://www.topuniversities.com/universities/telkom-university,
josip-juraj-strossmayer-university-osijek,The Josip Juraj Strossmayer University of Osijek,Croatia,Europe,Osijek,,https://www.topuniversities.com/universities/josip-juraj-strossmayer-university-osijek,
university-northampton,The University of Northampton,United Kingdom,Europe,Northampton,,https://www.topuniversities.com/universities/university-northampton,
university-notre-dame-australia,"The University of Notre Dame, Australia",Australia,Oceania,Sydney,,https://www.topuniversities.com/universities/university-notre-dame-australia,https://www.usnews.com/education/best-global-universities/university-of-notre-dame-australia-529708
tishk-international-university,Tishk International University,Iraq,Asia,Erbil,,https://www.topuniversities.com/universities/tishk-international-university,
tokushima-university,Tokushima University,Japan,Asia,Tokushima City,,https://www.topuniversities.com/universities/tokushima-university,https://www.usnews.com/education/best-global-universities/tokushima-university-503027
tomas-bata-university-zlin,Tomas Bata University in Zlin,Czechia,Europe,Zlin,,https://www.topuniversities.com/universities/tomas-bata-university-zlin,
tunghai-university,Tunghai University,Taiwan,Asia,Taichung City,,https://www.topuniversities.com/universities/tunghai-university,https://www.usnews.com/education/best-global-universities/tunghai-university-530063
ucam-universidad-catolica-san-antonio-de-murcia,UCAM Universidad Católica San Antonio de Murcia,Spain,Europe,Murcia,,https://www.topuniversities.com/universities/ucam-universidad-catolica-san-antonio-de-murcia,
universidad-autonoma-chapingo,Universidad Autónoma Chapingo,Mexico,Latin America,Texcoco,,https://www.topuniversities.com/universities/universidad-autonoma-chapingo,
universidad-autonoma-de-nuevo-leon,Universidad Autónoma de Nuevo León,Mexico,Latin America,San Nicolás de los Garza,,https://www.topuniversities.com/universities/universidad-autonoma-de-nuevo-leon,https://www.usnews.com/education/best-global-universities/universidad-autonoma-de-nuevo-leon-529185
universidad-autonoma-del-estado-de-mexico-uaemex,Universidad Autónoma del Estado de México (UAEMex),Mexico,Latin America,Toluca de Lerdo,,https://www.topuniversities.com/universities/universidad-autonoma-del-estado-de-mexico-uaemex,
universidad-central-marta-abreu-de-las-villas,"Universidad Central ""Marta Abreu"" de Las Villas",Cuba,Latin America,Santa Clara,,https://www.topuniversities.com/universities/universidad-central-marta-abreu-de-las-villas,
universidad-cientifica-del-sur,Universidad Científica del Sur,Peru,Latin America,Lima,,https://www.topuniversities.com/universities/universidad-cientifica-del-sur,
universidad-de-almeria,Universidad de Almeria,Spain,Europe,Almería,,https://www.topuniversities.com/universities/universidad-de-almeria,https://www.usnews.com/education/best-global-universities/universidad-de-almeria-529210
universidad-de-cadiz,Universidad de Cádiz,Spain,Europe,Cádiz,,https://www.topuniversities.com/universities/universidad-de-cadiz,https://www.usnews.com/education/best-global-universities/universidad-de-cadiz-500766
universidad-de-la-frontera-ufro,Universidad de La Frontera (UFRO),Chile,Latin America,Temuco,,https://www.topuniversities.com/universities/universidad-de-la-frontera-ufro,https://www.usnews.com/education/best-global-universities/universidad-de-la-frontera-529409
universidad-de-las-americas-udla-ecuador,Universidad de Las Américas (UDLA) Ecuador,Ecuador,Latin America,Quito,,https://www.topuniversities.com/universities/universidad-de-las-americas-udla-ecuador,
universidad-de-lima,Universidad de Lima,Peru,Latin America,Lima,,https://www.topuniversities.com/universities/universidad-de-lima,
universidad-de-los-andes-ula-merida,Universidad de Los Andes - (ULA) Mérida,Venezuela,Latin America,Merida,,https://www.topuniversities.com/universities/universidad-de-los-andes-ula-merida,
universidad-de-monterrey-udem,Universidad de Monterrey (UDEM),Mexico,Latin America,San Pedro Garza García,,https://www.topuniversities.com/universities/universidad-de-monterrey-udem,
universidad-de-talca,Universidad de Talca,Chile,Latin America,Talca,,https://www.topuniversities.com/universities/universidad-de-talca,https://www.usnews.com/education/best-global-universities/universidad-de-talca-529584
universidad-del-desarrollo-udd,Universidad del Desarrollo (UDD),Chile,Latin America,Santiago,,https://www.topuniversities.com/universities/universidad-del-desarrollo-udd,https://www.usnews.com/education/best-global-universities/universidad-del-desarrollo-529632
universidad-del-norte,Universidad del Norte,Colombia,Latin America,Barranquilla,,https://www.topuniversities.com/universities/universidad-del-norte,
universidad-del-valle,Universidad del Valle,Colombia,Latin America,Cali,,https://www.topuniversities.com/universities/universidad-del-valle,https://www.usnews.com/education/best-global-universities/universidad-del-valle-529595
universidad-del-valle-de-guatemala-uvg,Universidad del Valle de Guatemala (UVG),Guatemala,Latin America,Guatemala City,,https://www.topuniversities.com/universities/universidad-del-valle-de-guatemala-uvg,
universidad-diego-portales,Universidad Diego Portales,Chile,Latin America,Santiago,,https://www.topuniversities.com/universities/universidad-diego-portales,
universidad-icesi,Universidad ICESI,Colombia,Latin America,Cali,,https://www.topuniversities.com/universities/universidad-icesi,
universidad-miguel-hernandez-de-elche,Universidad Miguel Hernández de Elche,Spain,Europe,Elche,,https://www.topuniversities.com/universities/universidad-miguel-hernandez-de-elche,https://www.usnews.com/education/best-global-universities/universidad-miguel-hernandez-de-elche-529033
universidad-nacional-de-asuncion,Universidad Nacional de Asunción,Paraguay,Latin America,San Lorenzo,,https://www.topuniversities.com/universities/universidad-nacional-de-asuncion,
universidad-nacional-de-cuyo-uncuyo,Universidad Nacional de Cuyo (UNCUYO),Argentina,Latin America,Mendoza,,https://www.topuniversities.com/universities/universidad-nacional-de-cuyo-uncuyo,
universidad-nacional-costa-rica,"Universidad Nacional, Costa Rica",Costa Rica,Latin America,Heredia,,https://www.topuniversities.com/universities/universidad-nacional-costa-rica,
universidade-da-coruna,Universidade da Coruña,Spain,Europe,A Coruña,,https://www.topuniversities.com/universities/universidade-da-coruna,https://www.usnews.com/education/best-global-universities/universidade-da-coruna-529162
universidade-do-estado-do-rio-de-janeiro-uerj,Universidade do Estado do Rio de Janeiro (UERJ),Brazil,Latin America,Rio de Janeiro,,https://www.topuniversities.com/universities/universidade-do-estado-do-rio-de-janeiro-uerj,
universidade-federal-de-pernambuco-ufpe,Universidade Federal de Pernambuco (UFPE),Brazil,Latin America,Recife,,https://www.topuniversities.com/universities/universidade-federal-de-pernambuco-ufpe,
universidade-federal-fluminense,Universidade Federal Fluminense,Brazil,Latin America,Niterói,,https://www.topuniversities.com/universities/universidade-federal-fluminense,https://www.usnews.com/education/best-global-universities/universidade-federal-fluminense-506244
universita-degli-studi-del-molise,Universita' degli Studi del Molise,Italy,Europe,Campobasso,,https://www.topuniversities.com/universities/universita-degli-studi-del-molise,
universita-degli-studi-di-sassari,Universita' degli Studi di Sassari,Italy,Europe,Sassari,,https://www.topuniversities.com/universities/universita-degli-studi-di-sassari,
universitas-muhammadiyah-yogyakarta-umy,Universitas Muhammadiyah Yogyakarta (UMY),Indonesia,Asia,Yogyakarta,,https://www.topuniversities.com/universities/universitas-muhammadiyah-yogyakarta-umy,
universitat-paderborn,Universität Paderborn,Germany,Europe,Paderborn,,https://www.topuniversities.com/universities/universitat-paderborn,https://www.usnews.com/education/best-global-universities/university-of-paderborn-529396
universitat-siegen,Universität Siegen,Germany,Europe,Siegen,,https://www.topuniversities.com/universities/universitat-siegen,https://www.usnews.com/education/best-global-universities/universitat-siegen-529388
west-university-timisoara,Universitatea de Vest din Timisoara / West University of Timisoara,Romania,Europe,Timișoara,,https://www.topuniversities.com/universities/universitatea-de-vest-din-timisoara/west-university-timisoara,
universite-bourgogne-europe,Université Bourgogne Europe,France,Europe,Dijon,,https://www.topuniversities.com/universities/universite-bourgogne-europe,
universite-de-caen-normandie,Université de Caen Normandie,France,Europe,Caen,,https://www.topuniversities.com/universities/universite-de-caen-normandie,
universite-de-poitiers,Université de Poitiers,France,Europe,Poitiers,,https://www.topuniversities.com/universities/universite-de-poitiers,
universite-de-sousse,Université de Sousse,Tunisia,Africa,Sousse,,https://www.topuniversities.com/universities/universite-de-sousse,https://www.usnews.com/education/best-global-universities/universite-de-sousse-529855
universite-paris-nanterre,Université Paris-Nanterre,France,Europe,Paris,,https://www.topuniversities.com/universities/universite-paris-nanterre,
universite-polytechnique-hauts-de-france,Université Polytechnique Hauts‑de‑France,France,Europe,Valenciennes,,https://www.topuniversities.com/universities/universite-polytechnique-hauts-de-france,
universite-sorbonne-paris-nord,Université Sorbonne Paris Nord,France,Europe,Villetaneuse,,https://www.topuniversities.com/universities/universite-sorbonne-paris-nord,
universite-toulouse-jean-jaures,Université Toulouse - Jean Jaurès,France,Europe,Toulouse,,https://www.topuniversities.com/universities/universite-toulouse-jean-jaures,
universiti-teknikal-malaysia-melaka,UNIVERSITI TEKNIKAL MALAYSIA MELAKA,Malaysia,Asia,Alor Gajah,,https://www.topuniversities.com/universities/universiti-teknikal-malaysia-melaka,
university-anbar,University of Anbar,Iraq,Asia,Ramadi,,https://www.topuniversities.com/universities/university-anbar,
university-arkansas-fayetteville,University of Arkansas Fayetteville,United States,North America,Fayetteville,,https://www.topuniversities.com/universities/university-arkansas-fayetteville,
university-dar-es-salaam,University of Dar es Salaam,Tanzania,Africa,Dar es Salaam,,https://www.topuniversities.com/universities/university-dar-es-salaam,https://www.usnews.com/education/best-global-universities/university-of-dar-es-salaam-530608
university-derby,University of Derby,United Kingdom,Europe,Derby,,https://www.topuniversities.com/universities/university-derby,https://www.usnews.com/education/best-global-universities/university-of-derby-530046
university-evora,University of Evora,Portugal,Europe,Evora,,https://www.topuniversities.com/universities/university-evora,https://www.usnews.com/education/best-global-universities/university-of-evora-529404
university-idaho,University of Idaho,United States,North America,Moscow,,https://www.topuniversities.com/universities/university-idaho,https://www.usnews.com/education/best-global-universities/university-of-idaho-142285
university-isfahan,University of Isfahan,Iran,Asia,Isfahan,,https://www.topuniversities.com/universities/university-isfahan,https://www.usnews.com/education/best-global-universities/university-of-isfahan-529204
university-karachi,University of Karachi,Pakistan,Asia,Karachi,,https://www.topuniversities.com/universities/university-karachi,https://www.usnews.com/education/best-global-universities/university-of-karachi-529273
university-management-technology-umt-pakistan,University of Management and Technology (UMT) Pakistan,Pakistan,Asia,Lahore,,https://www.topuniversities.com/universities/university-management-technology-umt-pakistan,
university-memphis,University of Memphis,United States,North America,Memphis,,https://www.topuniversities.com/universities/university-memphis,https://www.usnews.com/education/best-global-universities/university-of-memphis-220862
university-neuchatel,University of Neuchâtel,Switzerland,Europe,Neuchâtel,,https://www.topuniversities.com/universities/university-neuchatel,https://www.usnews.com/education/best-global-universities/university-of-neuchatel-528816
university-new-england-australia,University of New England Australia,Australia,Oceania,Armidale,,https://www.topuniversities.com/universities/university-new-england-australia,
university-nigeria-nsukka,University of Nigeria Nsukka,Nigeria,Africa,Nsukka,,https://www.topuniversities.com/universities/university-nigeria-nsukka,
university-northern-british-columbia,University of Northern British Columbia,Canada,North America,"Prince George,",,https://www.topuniversities.com/universities/university-northern-british-columbia,
university-novi-sad,University of Novi Sad,Serbia,Europe,Novi Sad,,https://www.topuniversities.com/universities/university-novi-sad,https://www.usnews.com/education/best-global-universities/university-of-novi-sad-529165
university-ostrava,University of Ostrava,Czechia,Europe,Ostrava,,https://www.topuniversities.com/universities/university-ostrava,https://www.usnews.com/education/best-global-universities/university-of-ostrava-529711
university-passau,University of Passau,Germany,Europe,Passau,,https://www.topuniversities.com/universities/university-passau,
university-primorska,University of Primorska,Slovenia,Europe,Koper,,https://www.topuniversities.com/universities/university-primorska,https://www.usnews.com/education/best-global-universities/university-of-primorska-530301
university-rijeka,University of Rijeka,Croatia,Europe,Rijeka,,https://www.topuniversities.com/universities/university-rijeka,https://www.usnews.com/education/best-global-universities/university-of-rijeka-529405
university-san-francisco,University of San Francisco,United States,North America,San Francisco,,https://www.topuniversities.com/universities/university-san-francisco,
university-silesia-katowice,University of Silesia in Katowice,Poland,Europe,Katowice,,https://www.topuniversities.com/universities/university-silesia-katowice,
university-south-wales,University of South Wales,United Kingdom,Europe,Pontypridd,,https://www.topuniversities.com/universities/university-south-wales,
university-texas-el-paso,University of Texas El Paso,United States,North America,El Paso,,https://www.topuniversities.com/universities/university-texas-el-paso,https://www.usnews.com/education/best-global-universities/university-of-texas-el-paso-228796
university-aegean,University of the Aegean,Greece,Europe,Mytilene,,https://www.topuniversities.com/universities/university-aegean,https://www.usnews.com/education/best-global-universities/university-of-the-aegean-529685
university-tunis,University of Tunis,Tunisia,Africa,Tunis,,https://www.topuniversities.com/universities/university-tunis,
university-warmia-mazury-olsztyn,University of Warmia and Mazury in Olsztyn,Poland,Europe,Olsztyn,,https://www.topuniversities.com/universities/university-warmia-mazury-olsztyn,
university-zilina,University of Zilina,Slovakia,Europe,Zilina,,https://www.topuniversities.com/universities/university-zilina,
warsaw-university-life-sciences-sggw-wuls-sggw,Warsaw University of Life Sciences SGGW (WULS-SGGW),Poland,Europe,Warsaw,,https://www.topuniversities.com/universities/warsaw-university-life-sciences-sggw-wuls-sggw,
western-michigan-university,Western Michigan University,United States,North America,Kalamazoo,,https://www.topuniversities.com/universities/western-michigan-university,https://www.usnews.com/education/best-global-universities/western-michigan-university-172699
sakarya-university,Sakarya University,Türkiye,Asia,Adapazari,,https://www.topuniversities.com/universities/sakarya-university,https://www.usnews.com/education/best-global-universities/sakarya-university-529484
usn-suzhou-university-of-science-and-technology-529823,Suzhou University of Science and Technology,China,,Suzhou,,,https://www.usnews.com/education/best-global-universities/suzhou-university-of-science-and-technology-529823
usn-universidad-de-la-serena-529880,Universidad de La Serena,Chile,Latin America,La Serena,,,https://www.usnews.com/education/best-global-universities/universidad-de-la-serena-529880
usn-universiti-teknologi-mara-529194,Universiti Teknologi MARA,Malaysia,Asia,Darul Ehsan,,,https://www.usnews.com/education/best-global-universities/universiti-teknologi-mara-529194
usn-anhui-agricultural-university-529528,Anhui Agricultural University,China,,Hefei,,,https://www.usnews.com/education/best-global-universities/anhui-agricultural-university-529528
usn-capital-university-of-economics-business-530280,Capital University of Economics & Business,China,,Beijing,,,https://www.usnews.com/education/best-global-universities/capital-university-of-economics-business-530280
usn-damanhour-university-508118,Damanhour University,Egypt,Africa,Damanhour,,,https://www.usnews.com/education/best-global-universities/damanhour-university-508118
usn-wroclaw-university-of-science-and-technology-502904,Wrocław University of Science and Technology,Poland,Europe,Wroclaw,,,https://www.usnews.com/education/best-global-universities/wroclaw-university-of-science-and-technology-502904
usn-hangzhou-dianzi-university-529256,Hangzhou Dianzi University,China,,Hangzhou,,,https://www.usnews.com/education/best-global-universities/hangzhou-dianzi-university-529256
usn-king-mongkuts-university-of-technology-north-bangkok-529830,King Mongkuts University of Technology North Bangkok,Thailand,Asia,Bangkok,,,https://www.usnews.com/education/best-global-universities/king-mongkuts-university-of-technology-north-bangkok-529830
usn-parthenope-university-naples-529142,Parthenope University Naples,Italy,Europe,Naples,,,https://www.usnews.com/education/best-global-universities/parthenope-university-naples-529142
usn-universidade-federal-de-pelotas-528834,Universidade Federal de Pelotas,Brazil,Latin America,Pelotas,,,https://www.usnews.com/education/best-global-universities/universidade-federal-de-pelotas-528834
usn-university-of-marrakech-cadi-ayyad-529144,University of Marrakech Cadi Ayyad,Morocco,Africa,Marrakech,,,https://www.usnews.com/education/best-global-universities/university-of-marrakech-cadi-ayyad-529144
usn-changzhou-university-529351,Changzhou University,China,,Changzhou,,,https://www.usnews.com/education/best-global-universities/changzhou-university-529351
usn-chongqing-medical-university-529043,Chongqing Medical University,China,,Yuzhong,,,https://www.usnews.com/education/best-global-universities/chongqing-medical-university-529043
usn-gorgan-university-of-agricultural-sciences-natural-resources-530566,Gorgan University of Agricultural Sciences & Natural Resources,Iran,Asia,Gorgan,,,https://www.usnews.com/education/best-global-universities/gorgan-university-of-agricultural-sciences-natural-resources-530566
usn-leuphana-university-luneburg-529466,Leuphana University Luneburg,Germany,Europe,Luneburg,,,https://www.usnews.com/education/best-global-universities/leuphana-university-luneburg-529466
usn-new-york-medical-college-193830,New York Medical College,United States,North America,Valhalla,,,https://www.usnews.com/education/best-global-universities/new-york-medical-college-193830
usn-university-of-angers-528967,University of Angers,France,Europe,Angers,,,https://www.usnews.com/education/best-global-universities/university-of-angers-528967
usn-university-of-picardie-jules-verne-528959,University of Picardie-Jules-Verne,France,Europe,Amiens,,,https://www.usnews.com/education/best-global-universities/university-of-picardie-jules-verne-528959
usn-university-of-teesside-530257,University of Teesside,United Kingdom,Europe,Middlesbrough,,,https://www.usnews.com/education/best-global-universities/university-of-teesside-530257
usn-qufu-normal-university-529543,Qufu Normal University,China,,Qufu,,,https://www.usnews.com/education/best-global-universities/qufu-normal-university-529543
usn-salzburg-university-528953,Salzburg University,Austria,Europe,Salzburg,,,https://www.usnews.com/education/best-global-universities/salzburg-university-528953
usn-tianjin-university-of-technology-529674,Tianjin University of Technology,China,,Tianjin,,,https://www.usnews.com/education/best-global-universities/tianjin-university-of-technology-529674
usn-universite-paul-valery-montpellier-3-506008,Universite Paul-Valery Montpellier 3,France,Europe,Montpellier,,,https://www.usnews.com/education/best-global-universities/universite-paul-valery-montpellier-3-506008
usn-university-of-massachusetts-lowell-166513,University of Massachusetts--Lowell,United States,North America,Lowell,,,https://www.usnews.com/education/best-global-universities/university-of-massachusetts-lowell-166513
jahangirnagar-university,Jahangirnagar University.,Bangladesh,Asia,Dhaka,,https://www.topuniversities.com/universities/jahangirnagar-university,https://www.usnews.com/education/best-global-universities/jahangirnagar-university-530233
universidad-de-tarapaca,Universidad de Tarapaca,Chile,Latin America,Arica,,https://www.topuniversities.com/universities/universidad-de-tarapaca,https://www.usnews.com/education/best-global-universities/universidad-de-tarapaca-530243
usn-birjand-university-of-medical-sciences-530764,Birjand University of Medical Sciences,Iran,Asia,Birjand,,,https://www.usnews.com/education/best-global-universities/birjand-university-of-medical-sciences-530764
usn-florida-atlantic-university-133669,Florida Atlantic University,United States,North America,Boca Raton,,,https://www.usnews.com/education/best-global-universities/florida-atlantic-university-133669
usn-medical-university-lodz-529195,Medical University Lodz,Poland,Europe,Lodz,,,https://www.usnews.com/education/best-global-universities/medical-university-lodz-529195
usn-universite-de-brest-529145,Universite de Brest,France,Europe,Brittany,,,https://www.usnews.com/education/best-global-universities/universite-de-brest-529145
tokai-university,Tokai University,Japan,Asia,Hiratsuka City,,https://www.topuniversities.com/universities/tokai-university,https://www.usnews.com/education/best-global-universities/tokai-university-505943
usn-nanjing-university-of-chinese-medicine-529308,Nanjing University of Chinese Medicine,China,,Nanjing,,,https://www.usnews.com/education/best-global-universities/nanjing-university-of-chinese-medicine-529308
usn-university-of-laquila-528961,University of L'Aquila,Italy,Europe,L'Aquila,,,https://www.usnews.com/education/best-global-universities/university-of-laquila-528961
usn-north-dakota-state-university-200332,North Dakota State University,United States,North America,Fargo,,,https://www.usnews.com/education/best-global-universities/north-dakota-state-university-200332
usn-semnan-university-of-medical-sciences-530409,Semnan University of Medical Sciences,Iran,Asia,Semnan,,,https://www.usnews.com/education/best-global-universities/semnan-university-of-medical-sciences-530409
usn-shandong-first-medical-university-and-shandong-academy-of-medical-sciences-529729,Shandong First Medical University and Shandong Academy of Medical Sciences,China,,Taian,,,https://www.usnews.com/education/best-global-universities/shandong-first-medical-university-and-shandong-academy-of-medical-sciences-529729
usn-university-of-yaounde-i-529161,University of Yaounde I,Cameroon,,Yaounde,,,https://www.usnews.com/education/best-global-universities/university-of-yaounde-i-529161
usn-damietta-university-509246,Damietta University,Egypt,Africa,Kafr Saad,,,https://www.usnews.com/education/best-global-universities/damietta-university-509246
usn-university-of-maine-161253,University of Maine,United States,North America,Orono,,,https://www.usnews.com/education/best-global-universities/university-of-maine-161253
usn-imt-atlantique-529450,IMT Atlantique,France,Europe,Toulouse,,,https://www.usnews.com/education/best-global-universities/imt-atlantique-529450
usn-medical-university-sofia-529176,Medical University Sofia,Bulgaria,Europe,Sofia,,,https://www.usnews.com/education/best-global-universities/medical-university-sofia-529176
usn-shaqra-university-514022,Shaqra University,Saudi Arabia,Asia,Riyadh,,,https://www.usnews.com/education/best-global-universities/shaqra-university-514022
usn-university-of-basilicata-528962,University of Basilicata,Italy,Europe,Potenza,,,https://www.usnews.com/education/best-global-universities/university-of-basilicata-528962
usn-dongguan-university-of-technology-529804,Dongguan University of Technology,China,,Dongguan,,,https://www.usnews.com/education/best-global-universities/dongguan-university-of-technology-529804
usn-northern-illinois-university-147703,Northern Illinois University,United States,North America,DeKalb,,,https://www.usnews.com/education/best-global-universities/northern-illinois-university-147703
usn-pirogov-russian-national-research-medical-university-529909,Pirogov Russian National Research Medical University,Russia,Europe,Moscow (Russia),,,https://www.usnews.com/education/best-global-universities/pirogov-russian-national-research-medical-university-529909
usn-tianjin-university-science-and-technology-529285,Tianjin University Science and Technology,China,,Tianjin,,,https://www.usnews.com/education/best-global-universities/tianjin-university-science-and-technology-529285
usn-universiti-malaysia-pahang-529458,Universiti Malaysia Pahang,Malaysia,Asia,Pahang,,,https://www.usnews.com/education/best-global-universities/universiti-malaysia-pahang-529458
usn-university-of-london-royal-veterinary-college-528814,University of London Royal Veterinary College,United Kingdom,Europe,London (U.K.),,,https://www.usnews.com/education/best-global-universities/university-of-london-royal-veterinary-college-528814
usn-university-of-sassari-528880,University of Sassari,Italy,Europe,Sassari,,,https://www.usnews.com/education/best-global-universities/university-of-sassari-528880
usn-hazara-university-530241,Hazara University,Pakistan,Asia,Dhodial,,,https://www.usnews.com/education/best-global-universities/hazara-university-530241
usn-istinye-university-530263,Istinye University,Türkiye,Asia,Zeytinburnu/İstanbul,,,https://www.usnews.com/education/best-global-universities/istinye-university-530263
usn-universidad-autonoma-de-chile-529688,Universidad Autónoma de Chile,Chile,Latin America,Temuco,,,https://www.usnews.com/education/best-global-universities/universidad-autonoma-de-chile-529688
usn-west-university-of-timisoara-529320,West University of Timisoara,Romania,Europe,Timisoara,,,https://www.usnews.com/education/best-global-universities/west-university-of-timisoara-529320
universidade-federal-de-santa-maria,Universidade Federal de Santa Maria,Brazil,Latin America,Santa Maria,,https://www.topuniversities.com/universities/universidade-federal-de-santa-maria,https://www.usnews.com/education/best-global-universities/universidade-federal-de-santa-maria-ufsm-500881
usn-applied-science-university-jordan-530765,Applied Science University - Jordan,Jordan,Asia,Amman,,,https://www.usnews.com/education/best-global-universities/applied-science-university-jordan-530765
usn-california-polytechnic-state-university-san-luis-obispo-110422,California Polytechnic State University--San Luis Obispo,United States,North America,San Luis Obispo,,,https://www.usnews.com/education/best-global-universities/california-polytechnic-state-university-san-luis-obispo-110422
usn-king-mongkuts-university-of-technology-thonburi-529070,King Mongkuts University of Technology Thonburi,Thailand,Asia,Bangkok,,,https://www.usnews.com/education/best-global-universities/king-mongkuts-university-of-technology-thonburi-529070
usn-rio-de-janeiro-state-university-502771,Rio de Janeiro State University,Brazil,Latin America,Maracana,,,https://www.usnews.com/education/best-global-universities/rio-de-janeiro-state-university-502771
usn-xiangtan-university-529020,Xiangtan University,China,,Xiangtan,,,https://www.usnews.com/education/best-global-universities/xiangtan-university-529020
usn-huaqiao-university-529488,Huaqiao University,China,,Xiamen,,,https://www.usnews.com/education/best-global-universities/huaqiao-university-529488
usn-jiangxi-normal-university-529313,Jiangxi Normal University,China,,Nanchang,,,https://www.usnews.com/education/best-global-universities/jiangxi-normal-university-529313
usn-national-institute-for-applied-sciences-lyon-505713,National Institute for Applied Sciences - Lyon,France,Europe,Villeurbanne,,,https://www.usnews.com/education/best-global-universities/national-institute-for-applied-sciences-lyon-505713
usn-tobb-ekonomi-ve-teknoloji-university-529325,TOBB Ekonomi ve Teknoloji University,Türkiye,Asia,Ankara,,,https://www.usnews.com/education/best-global-universities/tobb-ekonomi-ve-teknoloji-university-529325
bangladesh-agricultural-university,Bangladesh Agricultural University,Bangladesh,Asia,Mymensingh,,https://www.topuniversities.com/universities/bangladesh-agricultural-university,https://www.usnews.com/education/best-global-universities/bangladesh-agricultural-university-bau-530271
usn-babol-noshirvani-university-of-technology-529310,Babol Noshirvani University of Technology,Iran,Asia,Babol,,,https://www.usnews.com/education/best-global-universities/babol-noshirvani-university-of-technology-529310
usn-jiangxi-university-of-science-and-technology-529889,Jiangxi University of Science and Technology,China,,Jiangxi,,,https://www.usnews.com/education/best-global-universities/jiangxi-university-of-science-and-technology-529889
usn-k-n-toosi-university-of-technology-529705,K. N. Toosi University of Technology,Iran,Asia,Tehran,,,https://www.usnews.com/education/best-global-universities/k-n-toosi-university-of-technology-529705
beijing-university-chinese-medicine,Beijing University of Chinese Medicine,China (Mainland),Asia,Beijing,,https://www.topuniversities.com/universities/beijing-university-chinese-medicine,https://www.usnews.com/education/best-global-universities/beijing-university-of-chinese-medicine-529730
university-augsburg,University of Augsburg,Germany,Europe,Augsburg,,https://www.topuniversities.com/universities/university-augsburg,https://www.usnews.com/education/best-global-universities/university-of-augsburg-528954
usn-islamic-university-of-al-madinah-514268,Islamic University of Al Madinah,Saudi Arabia,Asia,Madinah,,,https://www.usnews.com/education/best-global-universities/islamic-university-of-al-madinah-514268
usn-postgraduate-institute-of-medical-education-and-research-pgimer-chandigarh-529687,Postgraduate Institute of Medical Education and Research (PGIMER)--Chandigarh,India,Asia,Chandigarh,,,https://www.usnews.com/education/best-global-universities/postgraduate-institute-of-medical-education-and-research-pgimer-chandigarh-529687
usn-shandong-university-of-finance-economics-530179,Shandong University of Finance & Economics,China,,Jinan,,,https://www.usnews.com/education/best-global-universities/shandong-university-of-finance-economics-530179
usn-university-of-north-carolina-greensboro-199148,University of North Carolina--Greensboro,United States,North America,Greensboro,,,https://www.usnews.com/education/best-global-universities/university-of-north-carolina-greensboro-199148
usn-wuhan-textile-university-529883,Wuhan Textile University,China,,Wuhan,,,https://www.usnews.com/education/best-global-universities/wuhan-textile-university-529883
usn-xian-university-of-science-and-technology-529798,Xi'an University of Science and Technology,China,,Xi’an,,,https://www.usnews.com/education/best-global-universities/xian-university-of-science-and-technology-529798
usn-qingdao-agricultural-university-529491,Qingdao Agricultural University,China,,Qingdao,,,https://www.usnews.com/education/best-global-universities/qingdao-agricultural-university-529491
universidade-federal-do-ceara-ufc,Universidade Federal do Ceará (UFC),Brazil,Latin America,Fortaleza,,https://www.topuniversities.com/universities/universidade-federal-do-ceara-ufc,https://www.usnews.com/education/best-global-universities/universidade-federal-do-ceara-503817
usn-bahcesehir-university-529754,Bahçeşehir University,Türkiye,Asia,Istanbul,,,https://www.usnews.com/education/best-global-universities/bahcesehir-university-529754
usn-taiyuan-university-of-science-and-technology-529841,Taiyuan University of Science and Technology,China,,Taiyuan,,,https://www.usnews.com/education/best-global-universities/taiyuan-university-of-science-and-technology-529841
usn-university-of-orleans-528865,University of Orleans,France,Europe,Orleans,,,https://www.usnews.com/education/best-global-universities/university-of-orleans-528865
usn-uttaranchal-university-530766,Uttaranchal University,India,Asia,Dehradun,,,https://www.usnews.com/education/best-global-universities/uttaranchal-university-530766
usn-anhui-university-of-technology-529084,Anhui University of Technology,China,,Ma'anshan,,,https://www.usnews.com/education/best-global-universities/anhui-university-of-technology-529084
usn-heilongjiang-university-529289,Heilongjiang University,China,,Harbin,,,https://www.usnews.com/education/best-global-universities/heilongjiang-university-529289
usn-henan-university-of-science-and-technology-529653,Henan University of Science and Technology,China,,Luoyang,,,https://www.usnews.com/education/best-global-universities/henan-university-of-science-and-technology-529653
usn-mendel-university-brno-529109,Mendel University Brno,Czech Republic,,Brno,,,https://www.usnews.com/education/best-global-universities/mendel-university-brno-529109
usn-north-university-of-china-529839,North University of China,China,,Taiyuan,,,https://www.usnews.com/education/best-global-universities/north-university-of-china-529839
usn-universidade-federal-de-juiz-de-fora-529150,Universidade Federal de Juiz de Fora,Brazil,Latin America,Juiz de Fora,,,https://www.usnews.com/education/best-global-universities/universidade-federal-de-juiz-de-fora-529150
usn-universite-ferhat-abbas-setif-509582,Université Ferhat Abbas Setif,Algeria,,Setif,,,https://www.usnews.com/education/best-global-universities/universite-ferhat-abbas-setif-509582
usn-linyi-university-529970,Linyi University,China,,Linyi,,,https://www.usnews.com/education/best-global-universities/linyi-university-529970
usn-shandong-university-of-technology-529853,Shandong University of Technology,China,,Zibo,,,https://www.usnews.com/education/best-global-universities/shandong-university-of-technology-529853
university-sarajevo,University of Sarajevo,Bosnia & Herzegovina,Europe,Sarajevo,,https://www.topuniversities.com/universities/university-sarajevo,https://www.usnews.com/education/best-global-universities/university-of-sarajevo-530250
usn-hebei-agricultural-university-529877,Hebei Agricultural University,China,,Baoding,,,https://www.usnews.com/education/best-global-universities/hebei-agricultural-university-529877
usn-loma-linda-university-117636,Loma Linda University,United States,North America,Loma Linda,,,https://www.usnews.com/education/best-global-universities/loma-linda-university-117636
usn-taiyuan-university-of-technology-529111,Taiyuan University of Technology,China,,Taiyuan,,,https://www.usnews.com/education/best-global-universities/taiyuan-university-of-technology-529111
usn-technical-university-of-ostrava-529411,Technical University of Ostrava,Czech Republic,,Ostrava - Poruba,,,https://www.usnews.com/education/best-global-universities/technical-university-of-ostrava-529411
usn-universidade-federal-de-goias-529175,Universidade Federal de Goias,Brazil,Latin America,Goiania,,,https://www.usnews.com/education/best-global-universities/universidade-federal-de-goias-529175
usn-universite-de-carthage-529240,Universite de Carthage,Tunisia,Africa,Tunis,,,https://www.usnews.com/education/best-global-universities/universite-de-carthage-529240
usn-graphic-era-university-530576,Graphic Era University,India,Asia,Dehradun,,,https://www.usnews.com/education/best-global-universities/graphic-era-university-530576
usn-california-state-university-fullerton-110565,California State University--Fullerton,United States,North America,Fullerton,,,https://www.usnews.com/education/best-global-universities/california-state-university-fullerton-110565
usn-xuzhou-medical-college-529926,Xuzhou Medical College,China,,Xuzhou,,,https://www.usnews.com/education/best-global-universities/xuzhou-medical-college-529926
cukurova-university,Cukurova University,Türkiye,Asia,Adana,,https://www.topuniversities.com/universities/cukurova-university,https://www.usnews.com/education/best-global-universities/cukurova-university-528939
usn-inner-mongolia-university-529483,Inner Mongolia University,China,,Hohhot,,,https://www.usnews.com/education/best-global-universities/inner-mongolia-university-529483
usn-university-of-camerino-529174,University of Camerino,Italy,Europe,Camerino,,,https://www.usnews.com/education/best-global-universities/university-of-camerino-529174
usn-university-of-the-philippines-diliman-529699,University of the Philippines Diliman,Philippines,Asia,Quezon City,,,https://www.usnews.com/education/best-global-universities/university-of-the-philippines-diliman-529699
usn-bi-norwegian-business-school-499993,BI Norwegian Business School,Norway,Europe,Olso,,,https://www.usnews.com/education/best-global-universities/bi-norwegian-business-school-499993
usn-instituto-universitario-de-lisboa-529551,Instituto Universitario de Lisboa,Portugal,Europe,Lisbon,,,https://www.usnews.com/education/best-global-universities/instituto-universitario-de-lisboa-529551
usn-capital-normal-university-529223,Capital Normal University,China,,Beijing,,,https://www.usnews.com/education/best-global-universities/capital-normal-university-529223
usn-central-south-university-of-forestry-and-technology-529997,Central South University of Forestry and Technology,China,,Changsha,,,https://www.usnews.com/education/best-global-universities/central-south-university-of-forestry-and-technology-529997
usn-guizhou-university-of-finance-economics-530611,Guizhou University of Finance & Economics,China,,Guiyang,,,https://www.usnews.com/education/best-global-universities/guizhou-university-of-finance-economics-530611
usn-university-of-sadat-city-530767,University of Sadat City,Egypt,Africa,Sadat City,,,https://www.usnews.com/education/best-global-universities/university-of-sadat-city-530767
usn-university-of-south-china-529496,University of South China,China,,Hengyang,,,https://www.usnews.com/education/best-global-universities/university-of-south-china-529496
usn-california-state-university-sacramento-110617,California State University--Sacramento,United States,North America,Sacramento,,,https://www.usnews.com/education/best-global-universities/california-state-university-sacramento-110617
usn-indian-institute-of-science-education-and-research-pune-529311,Indian Institute of Science Education and Research - Pune,India,Asia,Pashan,,,https://www.usnews.com/education/best-global-universities/indian-institute-of-science-education-and-research-pune-529311
usn-taizhou-university-529962,Taizhou University,China,,Taizhou,,,https://www.usnews.com/education/best-global-universities/taizhou-university-529962
usn-universidade-federal-de-uberlandia-529244,Universidade Federal de Uberlandia,Brazil,Latin America,Uberlandia,,,https://www.usnews.com/education/best-global-universities/universidade-federal-de-uberlandia-529244
usn-yantai-university-529490,Yantai University,China,,Yantai,,,https://www.usnews.com/education/best-global-universities/yantai-university-529490
usn-thapar-university-529291,Thapar University,India,Asia,Patiala,,,https://www.usnews.com/education/best-global-universities/thapar-university-529291
usn-beijing-university-of-civil-engineering-and-architecture-529765,Beijing University of Civil Engineering and Architecture,China,,Beijing,,,https://www.usnews.com/education/best-global-universities/beijing-university-of-civil-engineering-and-architecture-529765
usn-university-of-akron-200800,University of Akron,United States,North America,Akron,,,https://www.usnews.com/education/best-global-universities/university-of-akron-200800
usn-guangxi-normal-university-529504,Guangxi Normal University,China,,Guilin,,,https://www.usnews.com/education/best-global-universities/guangxi-normal-university-529504
usn-shanghai-university-of-traditional-chinese-medicine-529292,Shanghai University of Traditional Chinese Medicine,China,,Shanghai,,,https://www.usnews.com/education/best-global-universities/shanghai-university-of-traditional-chinese-medicine-529292
usn-sichuan-normal-university-529719,Sichuan Normal University,China,,Chengdu,,,https://www.usnews.com/education/best-global-universities/sichuan-normal-university-529719
benemerita-universidad-autonoma-de-puebla,Benemerita Universidad Autonoma de Puebla,Mexico,Latin America,Puebla,,https://www.topuniversities.com/universities/benemerita-universidad-autonoma-de-puebla,https://www.usnews.com/education/best-global-universities/benemerita-universidad-autonoma-de-puebla-528925
usn-embry-riddle-aeronautical-university-133553,Embry-Riddle Aeronautical University,United States,North America,Orlando,,,https://www.usnews.com/education/best-global-universities/embry-riddle-aeronautical-university-133553
usn-chongqing-normal-university-530005,Chongqing Normal University,China,,Chongqing,,,https://www.usnews.com/education/best-global-universities/chongqing-normal-university-530005
usn-university-of-bisha-530573,University of Bisha,Saudi Arabia,Asia,Bisha,,,https://www.usnews.com/education/best-global-universities/university-of-bisha-530573
usn-university-of-zambia-529619,University of Zambia,Zambia,,Lusaka,,,https://www.usnews.com/education/best-global-universities/university-of-zambia-529619
akdeniz-universitesi,Akdeniz Üniversitesi,Türkiye,Asia,Antalya,,https://www.topuniversities.com/universities/akdeniz-universitesi,https://www.usnews.com/education/best-global-universities/akdeniz-university-529050
american-international-university-bangladesh-aiub,American International University-Bangladesh (AIUB),Bangladesh,Asia,Dhaka,,https://www.topuniversities.com/universities/american-international-university-bangladesh-aiub,
benha-university-egypt,Benha University - Egypt,Egypt,Africa,Benha,,https://www.topuniversities.com/universities/benha-university-egypt,
california-polytechnic-state-university,California Polytechnic State University,United States,North America,San Luis Obispo,,https://www.topuniversities.com/universities/california-polytechnic-state-university,
can-tho-university,Can Tho University,Vietnam,Asia,Can Tho,,https://www.topuniversities.com/universities/can-tho-university,https://www.usnews.com/education/best-global-universities/can-tho-university-530307
canterbury-christ-church-university,Canterbury Christ Church University,United Kingdom,Europe,Canterbury,,https://www.topuniversities.com/universities/canterbury-christ-church-university,
china-university-political-science-law,China University of Political Science and Law,China (Mainland),Asia,Beijing,,https://www.topuniversities.com/universities/china-university-political-science-law,
chittagong-university-engineering-technology,Chittagong University of Engineering and Technology,Bangladesh,Asia,Chittagong,,https://www.topuniversities.com/universities/chittagong-university-engineering-technology,
depaul-university,DePaul University,United States,North America,Chicago,,https://www.topuniversities.com/universities/depaul-university,https://www.usnews.com/education/best-global-universities/depaul-university-144740
doshisha-university,Doshisha University,Japan,Asia,Kyoto,,https://www.topuniversities.com/universities/doshisha-university,
escuela-politecnica-nacional,Escuela Politécnica Nacional,Ecuador,Latin America,Quito,,https://www.topuniversities.com/universities/escuela-politecnica-nacional,
feng-chia-university,Feng Chia University,Taiwan,Asia,Taichung City,,https://www.topuniversities.com/universities/feng-chia-university,https://www.usnews.com/education/best-global-universities/feng-chia-university-529287
georgian-technical-university,Georgian Technical University,Georgia,Asia,Tbilisi,,https://www.topuniversities.com/universities/georgian-technical-university,
german-university-cairo,German University in Cairo,Egypt,Africa,Cairo,,https://www.topuniversities.com/universities/german-university-cairo,
ho-chi-minh-city-university-technology-hutech,Ho Chi Minh City University of Technology (HUTECH).,Vietnam,Asia,Thu Duc,,https://www.topuniversities.com/universities/ho-chi-minh-city-university-technology-hutech,https://www.usnews.com/education/best-global-universities/ho-chi-minh-city-university-of-technology-hcmcut-530247
hongik-university,Hongik University,South Korea,Asia,Seoul,,https://www.topuniversities.com/universities/hongik-university,
i-razzakov-kyrgyz-state-technical-university,I. Razzakov Kyrgyz State Technical University.,Kyrgyzstan,Asia,Bishkek,,https://www.topuniversities.com/universities/i-razzakov-kyrgyz-state-technical-university,
industrial-university-ho-chi-minh-city-iuh,Industrial University of Ho Chi Minh City (IUH),Vietnam,Asia,Ho Chi Minh,,https://www.topuniversities.com/universities/industrial-university-ho-chi-minh-city-iuh,https://www.usnews.com/education/best-global-universities/industrial-university-of-ho-chi-minh-city-530669
instituto-tecnologico-de-santo-domingo-intec,Instituto Tecnológico de Santo Domingo (INTEC).,Dominican Republic,Latin America,Santo Domingo,,https://www.topuniversities.com/universities/instituto-tecnologico-de-santo-domingo-intec,
international-islamic-university-islamabad-iiu,"International Islamic University, Islamabad (IIU).",Pakistan,Asia,Islamabad,,https://www.topuniversities.com/universities/international-islamic-university-islamabad-iiu,
islamic-university-technology,Islamic University of Technology.,Bangladesh,Asia,Gazipur,,https://www.topuniversities.com/universities/islamic-university-technology,
karadeniz-technical-university,Karadeniz Technical University.,Türkiye,Asia,Trabzon,,https://www.topuniversities.com/universities/karadeniz-technical-university,https://www.usnews.com/education/best-global-universities/karadeniz-technical-university-529187
kazakh-ablai-khan-university-international-relations-world-languages,Kazakh Ablai Khan University of International Relations and World Languages,Kazakhstan,Asia,Almaty,,https://www.topuniversities.com/universities/kazakh-ablai-khan-university-international-relations-world-languages,
khulna-university-engineering-technology,Khulna University of Engineering and Technology,Bangladesh,Asia,Khulna,,https://www.topuniversities.com/universities/khulna-university-engineering-technology,
king-mongkuts-university-technology-north-bangkok-kmutnb,King Mongkut's University of Technology North Bangkok (KMUTNB).,Thailand,Asia,Bangkok,,https://www.topuniversities.com/universities/king-mongkuts-university-technology-north-bangkok-kmutnb,
kyoto-institute-technology,Kyoto Institute of Technology.,Japan,Asia,Kyoto,,https://www.topuniversities.com/universities/kyoto-institute-technology,
lublin-university-technology,Lublin University of Technology,Poland,Europe,Lublin,,https://www.topuniversities.com/universities/lublin-university-technology,https://www.usnews.com/education/best-global-universities/lublin-university-of-technology-529771
meiji-university,Meiji University,Japan,Asia,Tokyo,,https://www.topuniversities.com/universities/meiji-university,https://www.usnews.com/education/best-global-universities/meiji-university-530012
national-chinyi-university-technology,National Chinyi University of Technology,Taiwan,Asia,Taichung City,,https://www.topuniversities.com/universities/national-chinyi-university-technology,
national-dong-hwa-university,National Dong Hwa University,Taiwan,Asia,Hualien,,https://www.topuniversities.com/universities/national-dong-hwa-university,https://www.usnews.com/education/best-global-universities/national-dong-hwa-university-529226
national-research-university-moscow-power-engineering-institute-mpei,National Research University Moscow Power Engineering Institute (MPEI),Russia,Europe,Moscow,,https://www.topuniversities.com/universities/national-research-university-moscow-power-engineering-institute-mpei,
nelson-mandela-university,Nelson Mandela University,South Africa,Africa,Port Elizabeth,,https://www.topuniversities.com/universities/nelson-mandela-university,
pondicherry-university,Pondicherry University,India,Asia,Puducherry,,https://www.topuniversities.com/universities/pondicherry-university,https://www.usnews.com/education/best-global-universities/pondicherry-university-529502
pontificia-universidad-catolica-madre-y-maestra-pucmm,Pontificia Universidad Católica Madre y Maestra (PUCMM),Dominican Republic,Latin America,Santiago de los Caballeros,,https://www.topuniversities.com/universities/pontificia-universidad-catolica-madre-y-maestra-pucmm,
pontificia-universidade-catolica-do-rio-grande-do-sul-pucrs,"Pontifícia Universidade Católica do Rio Grande do Sul, PUCRS",Brazil,Latin America,Porto Alegre,,https://www.topuniversities.com/universities/pontificia-universidade-catolica-do-rio-grande-do-sul-pucrs,
shahjalal-university-science-technology,Shahjalal University of Science and Technology,Bangladesh,Asia,Sylhet,,https://www.topuniversities.com/universities/shahjalal-university-science-technology,
shanghai-international-studies-university,Shanghai International Studies University,China (Mainland),Asia,Shanghai,,https://www.topuniversities.com/universities/shanghai-international-studies-university,https://www.usnews.com/education/best-global-universities/shanghai-international-studies-university-530773
silpakorn-university,Silpakorn University,Thailand,Asia,Bangkok,,https://www.topuniversities.com/universities/silpakorn-university,
stefan-cel-mare-university-suceava,Stefan cel Mare University of Suceava,Romania,Europe,Suceava,,https://www.topuniversities.com/universities/stefan-cel-mare-university-suceava,
suranaree-university-technology,Suranaree University of Technology,Thailand,Asia,Nakhon Ratchasima,,https://www.topuniversities.com/universities/suranaree-university-technology,https://www.usnews.com/education/best-global-universities/suranaree-university-of-technology-529335
technical-university-cluj-napoca,Technical University of Cluj-Napoca,Romania,Europe,Cluj-Napoca,,https://www.topuniversities.com/universities/technical-university-cluj-napoca,https://www.usnews.com/education/best-global-universities/technical-university-of-cluj-napoca-529805
technical-university-sofia,Technical University of Sofia,Bulgaria,Europe,Sofia,,https://www.topuniversities.com/universities/technical-university-sofia,
islamia-university-bahawalpurpakistan,"The Islamia University of Bahawalpur,Pakistan",Pakistan,Asia,Bahawalpur,,https://www.topuniversities.com/universities/islamia-university-bahawalpurpakistan,
university-georgia-tbilisi,"The University of Georgia, Tbilisi",Georgia,Asia,Tbilisi City,,https://www.topuniversities.com/universities/university-georgia-tbilisi,
toraighyrov-university,Toraighyrov University,Kazakhstan,Asia,Pavlodar,,https://www.topuniversities.com/universities/toraighyrov-university,
universidad-autonoma-de-guadalajara-uag,Universidad Autónoma de Guadalajara (UAG),Mexico,Latin America,Guadalajara,,https://www.topuniversities.com/universities/universidad-autonoma-de-guadalajara-uag,
universidad-catolica-del-norte,Universidad Católica del Norte,Chile,Latin America,Antofagasta,,https://www.topuniversities.com/universities/universidad-catolica-del-norte,https://www.usnews.com/education/best-global-universities/universidad-catolica-del-norte-529588
universidad-de-la-laguna,Universidad de La Laguna,Spain,Europe,San Cristóbal de La Laguna,,https://www.topuniversities.com/universities/universidad-de-la-laguna,
universidad-de-san-carlos-de-guatemala,Universidad de San Carlos de Guatemala,Guatemala,Latin America,Guatemala City,,https://www.topuniversities.com/universities/universidad-de-san-carlos-de-guatemala,
universidad-de-valparaiso-uv,Universidad de Valparaíso (UV),Chile,Latin America,Valparaíso,,https://www.topuniversities.com/universities/universidad-de-valparaiso-uv,https://www.usnews.com/education/best-global-universities/universidad-de-valparaiso-529585
universidad-nacional-del-centro-de-la-provincia-de-buenos-aires-unicen,Universidad Nacional del Centro de la Provincia de Buenos Aires (UNICEN),Argentina,Latin America,Tandil,,https://www.topuniversities.com/universities/universidad-nacional-del-centro-de-la-provincia-de-buenos-aires-unicen,
universidad-nacional-del-litoral,Universidad Nacional del Litoral,Argentina,Latin America,Santa Fe,,https://www.topuniversities.com/universities/universidad-nacional-del-litoral,
universidad-peruana-de-ciencias-aplicadas-upc,Universidad Peruana de Ciencias Aplicadas (UPC),Peru,Latin America,Monterrico,,https://www.topuniversities.com/universities/universidad-peruana-de-ciencias-aplicadas-upc,
universidad-tecnologica-centroamericana-unitec,Universidad Tecnológica Centroamericana (UNITEC),Honduras,Latin America,Tegucigalpa,,https://www.topuniversities.com/universities/universidad-tecnologica-centroamericana-unitec,
universidad-tecnologica-de-panama-utp,Universidad Tecnológica de Panamá (UTP),Panama,Latin America,Panama City,,https://www.topuniversities.com/universities/universidad-tecnologica-de-panama-utp,
universidad-tecnologica-nacional-utn,Universidad Tecnológica Nacional (UTN),Argentina,Latin America,Capital Federal,,https://www.topuniversities.com/universities/universidad-tecnologica-nacional-utn,
universidade-federal-de-vicosa-ufv,Universidade Federal de Viçosa (UFV),Brazil,Latin America,Viçosa,,https://www.topuniversities.com/universities/universidade-federal-de-vicosa-ufv,
universidade-presbiteriana-mackenzie,Universidade Presbiteriana Mackenzie,Brazil,Latin America,São Paulo,,https://www.topuniversities.com/universities/universidade-presbiteriana-mackenzie,
universitas-andalas,Universitas Andalas,Indonesia,Asia,Padang,,https://www.topuniversities.com/universities/universitas-andalas,
universitas-negeri-padang,Universitas Negeri Padang,Indonesia,Asia,Padang,,https://www.topuniversities.com/universities/universitas-negeri-padang,
universitas-negeri-yogyakarta,Universitas Negeri Yogyakarta,Indonesia,Asia,Yogyakarta,,https://www.topuniversities.com/universities/universitas-negeri-yogyakarta,
universitas-pendidikan-indonesia,Universitas Pendidikan Indonesia,Indonesia,Asia,Bandung,,https://www.topuniversities.com/universities/universitas-pendidikan-indonesia,
universitas-trisakti-usakti,Universitas Trisakti (USAKTI),Indonesia,Asia,"Jakarta Barat,",,https://www.topuniversities.com/universities/universitas-trisakti-usakti,
universitat-trier,Universität Trier,Germany,Europe,Trier,,https://www.topuniversities.com/universities/universitat-trier,https://www.usnews.com/education/best-global-universities/universitat-trier-529550
universite-de-limoges,Université de Limoges,France,Europe,Limoges,,https://www.topuniversities.com/universities/universite-de-limoges,
universite-de-rouen,Université de Rouen,France,,Rouen,,https://www.topuniversities.com/universities/universite-de-rouen,
universiti-kuala-lumpur-unikl,Universiti Kuala Lumpur (UniKL),Malaysia,Asia,KUALA LUMPUR,,https://www.topuniversities.com/universities/universiti-kuala-lumpur-unikl,
universiti-malaysia-kelantan,Universiti Malaysia Kelantan,Malaysia,Asia,Bachok,,https://www.topuniversities.com/universities/universiti-malaysia-kelantan,
university-kaiserslautern-landau-rptu,University of Kaiserslautern-Landau (RPTU),Germany,Europe,Kaiserslautern,,https://www.topuniversities.com/universities/university-kaiserslautern-landau-rptu,
university-kerbala,University of Kerbala,Iraq,Asia,Karbala,,https://www.topuniversities.com/universities/university-kerbala,
university-kufa,University of Kufa,Iraq,Asia,Kufa,,https://www.topuniversities.com/universities/university-kufa,
university-miskolc,University of Miskolc,Hungary,Europe,Miskolc,,https://www.topuniversities.com/universities/university-miskolc,
university-moratuwa,University of Moratuwa,Sri Lanka,Asia,Moratuwa,,https://www.topuniversities.com/universities/university-moratuwa,
university-pardubice,University of Pardubice,Czechia,Europe,Pardubice,,https://www.topuniversities.com/universities/university-pardubice,
university-petra,University of Petra,Jordan,Asia,Amman,,https://www.topuniversities.com/universities/university-petra,
university-san-diego,University of San Diego,United States,North America,San Diego,,https://www.topuniversities.com/universities/university-san-diego,
university-sri-jayewardenapura,University of Sri Jayewardenapura,Sri Lanka,Asia,Nugegoda,,https://www.topuniversities.com/universities/university-sri-jayewardenapura,
university-tyumen,University of Tyumen,Russia,Europe,Tyumen,,https://www.topuniversities.com/universities/university-tyumen,
walailak-university,Walailak University,Thailand,Asia,Thasala,,https://www.topuniversities.com/universities/walailak-university,https://www.usnews.com/education/best-global-universities/walailak-university-530595
yessenov-university,Yessenov University,Kazakhstan,Asia,Aktau,,https://www.topuniversities.com/universities/yessenov-university,
zarqa-university-zu,Zarqa University (ZU),Jordan,Asia,Zarqa,,https://www.topuniversities.com/universities/zarqa-university-zu,
usn-chongqing-technology-and-business-university-529956,Chongqing Technology and Business University,China,,Chongqing,,,https://www.usnews.com/education/best-global-universities/chongqing-technology-and-business-university-529956
usn-guangzhou-university-of-chinese-medicine-529492,Guangzhou University of Chinese Medicine,China,,Guangzhou,,,https://www.usnews.com/education/best-global-universities/guangzhou-university-of-chinese-medicine-529492
usn-indian-institute-of-technology-iit-bhu-varanasi-529539,Indian Institute of Technology (IIT BHU) - Varanasi,India,Asia,Varanasi,,,https://www.usnews.com/education/best-global-universities/indian-institute-of-technology-iit-bhu-varanasi-529539
usn-linnaeus-university-529159,Linnaeus University,Sweden,Europe,Vaxjo,,,https://www.usnews.com/education/best-global-universities/linnaeus-university-529159
usn-mohammed-first-university-of-oujda-529326,Mohammed First University of Oujda,Morocco,Africa,Oujda,,,https://www.usnews.com/education/best-global-universities/mohammed-first-university-of-oujda-529326
usn-ahvaz-jundishapur-university-of-medical-sciences-529917,Ahvaz Jundishapur University of Medical Sciences,Iran,Asia,Ahvaz,,,https://www.usnews.com/education/best-global-universities/ahvaz-jundishapur-university-of-medical-sciences-529917
usn-golestan-university-of-medical-sciences-530401,Golestan University of Medical Sciences,Iran,Asia,Gorgan,,,https://www.usnews.com/education/best-global-universities/golestan-university-of-medical-sciences-530401
usn-hamburg-university-of-technology-529340,Hamburg University of Technology,Germany,Europe,Hamburg,,,https://www.usnews.com/education/best-global-universities/hamburg-university-of-technology-529340
usn-hochiminh-city-university-of-medicine-pharmacy-530695,Hochiminh City University of Medicine & Pharmacy,Vietnam,Asia,Boise,,,https://www.usnews.com/education/best-global-universities/hochiminh-city-university-of-medicine-pharmacy-530695
usn-minjiang-university-530235,Minjiang University,China,,Fuzhou,,,https://www.usnews.com/education/best-global-universities/minjiang-university-530235
usn-national-polytechnic-institute-506818,National Polytechnic Institute,Mexico,Latin America,Mexico City,,,https://www.usnews.com/education/best-global-universities/national-polytechnic-institute-506818
usn-nelson-mandela-metropolitan-university-529355,Nelson Mandela Metropolitan University,South Africa,Africa,Port Elizabeth,,,https://www.usnews.com/education/best-global-universities/nelson-mandela-metropolitan-university-529355
usn-saint-johns-university-530053,Saint John's University,United States,North America,Staten Island,,,https://www.usnews.com/education/best-global-universities/saint-johns-university-530053
usn-suny-downstate-health-sciences-university-529728,SUNY Downstate Health Sciences University,United States,North America,Brooklyn,,,https://www.usnews.com/education/best-global-universities/suny-downstate-health-sciences-university-529728
usn-universidad-publica-de-navarra-529169,Universidad Publica de Navarra,Spain,Europe,Pamplona,,,https://www.usnews.com/education/best-global-universities/universidad-publica-de-navarra-529169
usn-university-of-bialystok-530232,University of Bialystok,Poland,Europe,Białystok,,,https://www.usnews.com/education/best-global-universities/university-of-bialystok-530232
usn-university-of-gujrat-530259,University of Gujrat,Pakistan,Asia,Punjab,,,https://www.usnews.com/education/best-global-universities/university-of-gujrat-530259
usn-university-of-paris-nord-paris-xiii-528858,University of Paris Nord - Paris XIII,France,Europe,Villetaneuse,,,https://www.usnews.com/education/best-global-universities/university-of-paris-nord-paris-xiii-528858
usn-jiangxi-agricultural-university-530062,Jiangxi Agricultural University,China,,Nanchang,,,https://www.usnews.com/education/best-global-universities/jiangxi-agricultural-university-530062
usn-universita-degli-studi-del-sannio-benevento-529691,Università degli Studi del Sannio-Benevento,Italy,Europe,Benevento,,,https://www.usnews.com/education/best-global-universities/universita-degli-studi-del-sannio-benevento-529691
usn-university-of-south-eastern-norway-529689,University of South-Eastern Norway,Norway,Europe,Kongsberg,,,https://www.usnews.com/education/best-global-universities/university-of-south-eastern-norway-529689
usn-gla-university-530275,GLA University,India,Asia,Mathura,,,https://www.usnews.com/education/best-global-universities/gla-university-530275
usn-jawaharlal-institute-of-postgraduate-medical-education-research-530405,Jawaharlal Institute of Postgraduate Medical Education & Research,India,Asia,Puducherry,,,https://www.usnews.com/education/best-global-universities/jawaharlal-institute-of-postgraduate-medical-education-research-530405
usn-kinki-university-kindai-university-505855,Kinki University (Kindai University),Japan,Asia,Higashiosaka,,,https://www.usnews.com/education/best-global-universities/kinki-university-kindai-university-505855
usn-china-three-gorges-university-529478,China Three Gorges University,China,,Yichang,,,https://www.usnews.com/education/best-global-universities/china-three-gorges-university-529478
usn-ibn-zohr-university-of-agadir-530253,Ibn Zohr University of Agadir,Morocco,Africa,Agadir,,,https://www.usnews.com/education/best-global-universities/ibn-zohr-university-of-agadir-530253
usn-ontario-tech-university-530625,Ontario Tech University,Canada,North America,Oshawa,,,https://www.usnews.com/education/best-global-universities/ontario-tech-university-530625
usn-sidi-mohamed-ben-abdellah-university-of-fez-530071,Sidi Mohamed Ben Abdellah University of Fez,Morocco,Africa,Fes-Menkes,,,https://www.usnews.com/education/best-global-universities/sidi-mohamed-ben-abdellah-university-of-fez-530071
usn-zhejiang-university-of-finance-and-economics-529822,Zhejiang University of Finance and Economics,China,,Hangzhou,,,https://www.usnews.com/education/best-global-universities/zhejiang-university-of-finance-and-economics-529822
usn-hunan-university-of-science-and-technology-529481,Hunan University of Science and Technology,China,,Xiangtan,,,https://www.usnews.com/education/best-global-universities/hunan-university-of-science-and-technology-529481
usn-jiangsu-normal-university-529282,Jiangsu Normal University,China,,Xuzhou,,,https://www.usnews.com/education/best-global-universities/jiangsu-normal-university-529282
usn-majmaah-university-513835,Majmaah University,Saudi Arabia,Asia,Al Majma'ah,,,https://www.usnews.com/education/best-global-universities/majmaah-university-513835
usn-polytechnic-institute-of-porto-529555,Polytechnic Institute of Porto,Portugal,Europe,Porto,,,https://www.usnews.com/education/best-global-universities/polytechnic-institute-of-porto-529555
usn-shiraz-university-of-technology-529462,Shiraz University of Technology,Iran,Asia,Shiraz,,,https://www.usnews.com/education/best-global-universities/shiraz-university-of-technology-529462
usn-university-of-zimbabwe-529992,University of Zimbabwe,Zimbabwe,,Harare,,,https://www.usnews.com/education/best-global-universities/university-of-zimbabwe-529992
usn-nanchang-hangkong-university-529611,Nanchang Hangkong University,China,,Nanchang,,,https://www.usnews.com/education/best-global-universities/nanchang-hangkong-university-529611
usn-slovak-university-of-agriculture-nitra-530458,Slovak University of Agriculture Nitra,Slovakia,Europe,76 Nitra-Chrenová,,,https://www.usnews.com/education/best-global-universities/slovak-university-of-agriculture-nitra-530458
usn-southwest-petroleum-university-529461,Southwest Petroleum University,China,,Chengdu,,,https://www.usnews.com/education/best-global-universities/southwest-petroleum-university-529461
usn-universidad-de-jaen-529044,Universidad de Jaen,Spain,Europe,Jaen,,,https://www.usnews.com/education/best-global-universities/universidad-de-jaen-529044
usn-university-of-veterinary-animal-science---pakistan-530076,University of Veterinary & Animal Science - Pakistan,Pakistan,Asia,Punjab,,,https://www.usnews.com/education/best-global-universities/university-of-veterinary-animal-science---pakistan-530076
usn-guilin-university-of-electronic-technology-529505,Guilin University of Electronic Technology,China,,Guilin,,,https://www.usnews.com/education/best-global-universities/guilin-university-of-electronic-technology-529505
usn-university-of-francois-rabelais-tours-505177,University of Francois Rabelais - Tours,France,Europe,Tours,,,https://www.usnews.com/education/best-global-universities/university-of-francois-rabelais-tours-505177
usn-university-of-limoges-529157,University of Limoges,France,Europe,Limoges,,,https://www.usnews.com/education/best-global-universities/university-of-limoges-529157
usn-jiangxi-university-of-finance-economics-530180,Jiangxi University of Finance & Economics,China,,Nanchang,,,https://www.usnews.com/education/best-global-universities/jiangxi-university-of-finance-economics-530180
usn-taras-shevchenko-national-university-kiev-529168,Taras Shevchenko National University Kiev,Ukraine,Europe,Kyiv,,,https://www.usnews.com/education/best-global-universities/taras-shevchenko-national-university-kiev-529168
usn-tianjin-normal-university-529963,Tianjin Normal University,China,,Tianjin,,,https://www.usnews.com/education/best-global-universities/tianjin-normal-university-529963
usn-tokyo-medical-university-529058,Tokyo Medical University,Japan,Asia,Tokyo,,,https://www.usnews.com/education/best-global-universities/tokyo-medical-university-529058
usn-university-of-arkansas-medical-sciences-106263,University of Arkansas Medical Sciences,United States,North America,Little Rock,,,https://www.usnews.com/education/best-global-universities/university-of-arkansas-medical-sciences-106263
usn-chongqing-jiaotong-university-529852,Chongqing Jiaotong University,China,,Chongqing,,,https://www.usnews.com/education/best-global-universities/chongqing-jiaotong-university-529852
usn-suny-college-of-environmental-science-196103,SUNY College of Environmental Science,United States,North America,Syracuse,,,https://www.usnews.com/education/best-global-universities/suny-college-of-environmental-science-196103
usn-university-of-medicine-pharmacy-of-craiova-530161,University of Medicine & Pharmacy of Craiova,Romania,Europe,Craiova,,,https://www.usnews.com/education/best-global-universities/university-of-medicine-pharmacy-of-craiova-530161
usn-al-mustaqbal-university-college-530569,Al-Mustaqbal University College,Iraq,Asia,Hillah,,,https://www.usnews.com/education/best-global-universities/al-mustaqbal-university-college-530569
usn-guangdong-ocean-university-530011,Guangdong Ocean University,China,,Zhanjiang,,,https://www.usnews.com/education/best-global-universities/guangdong-ocean-university-530011
usn-hubei-university-of-technology-529727,Hubei University of Technology,China,,Wuhan,,,https://www.usnews.com/education/best-global-universities/hubei-university-of-technology-529727
usn-metropolitan-autonomous-university-500675,Metropolitan Autonomous University,Mexico,Latin America,Mexico City,,,https://www.usnews.com/education/best-global-universities/metropolitan-autonomous-university-500675
usn-nord-university-530051,Nord University,Norway,Europe,Bodø,,,https://www.usnews.com/education/best-global-universities/nord-university-530051
usn-university-of-sargodha-530013,University of Sargodha,Pakistan,Asia,Punjab,,,https://www.usnews.com/education/best-global-universities/university-of-sargodha-530013
usn-hunan-university-of-technology-529606,Hunan University of Technology,China,,Zhuzhou,,,https://www.usnews.com/education/best-global-universities/hunan-university-of-technology-529606
usn-warsaw-university-of-life-sciences-529101,Warsaw University of Life Sciences,Poland,Europe,Warsaw,,,https://www.usnews.com/education/best-global-universities/warsaw-university-of-life-sciences-529101
usn-federal-university-of-vicosa-503863,Federal University of Vicosa,Brazil,Latin America,Vicosa,,,https://www.usnews.com/education/best-global-universities/federal-university-of-vicosa-503863
usn-jonkoping-university-529670,Jonkoping University,Sweden,Europe,Jonkoping,,,https://www.usnews.com/education/best-global-universities/jonkoping-university-529670
usn-northern-border-university-530578,Northern Border University,Saudi Arabia,Asia,Arar,,,https://www.usnews.com/education/best-global-universities/northern-border-university-530578
usn-nova-southeastern-university-136215,Nova Southeastern University,United States,North America,Ft. Lauderdale,,,https://www.usnews.com/education/best-global-universities/nova-southeastern-university-136215
usn-university-of-science-and-technology-529395,University of Science and Technology,South Korea,Asia,Daejeon,,,https://www.usnews.com/education/best-global-universities/university-of-science-and-technology-529395
usn-florida-institute-of-technology-133881,Florida Institute of Technology,United States,North America,Melbourne (U.S.),,,https://www.usnews.com/education/best-global-universities/florida-institute-of-technology-133881
usn-fujian-medical-university-529622,Fujian Medical University,China,,Fuzhou,,,https://www.usnews.com/education/best-global-universities/fujian-medical-university-529622
usn-tuscia-university-529091,Tuscia University,Italy,Europe,Viterbo,,,https://www.usnews.com/education/best-global-universities/tuscia-university-529091
usn-abdelmalek-essaadi-university-of-tetouan-530298,Abdelmalek Essaadi University of Tetouan,Morocco,Africa,Tétouan,,,https://www.usnews.com/education/best-global-universities/abdelmalek-essaadi-university-of-tetouan-530298
usn-guru-nanak-dev-university-529309,Guru Nanak Dev University,India,Asia,Amritsar,,,https://www.usnews.com/education/best-global-universities/guru-nanak-dev-university-529309
usn-shaoxing-university-530004,Shaoxing University,China,,Shaoxing,,,https://www.usnews.com/education/best-global-universities/shaoxing-university-530004
usn-university-of-central-lancashire-529003,University of Central Lancashire,United Kingdom,Europe,Preston,,,https://www.usnews.com/education/best-global-universities/university-of-central-lancashire-529003
usn-university-of-kurdistan-529983,University of Kurdistan,Iran,Asia,Sanandaj,,,https://www.usnews.com/education/best-global-universities/university-of-kurdistan-529983
usn-national-institute-of-technology-rourkela-529700,National Institute of Technology Rourkela,India,Asia,Rourkela,,,https://www.usnews.com/education/best-global-universities/national-institute-of-technology-rourkela-529700
usn-pontificia-universidade-catolica-do-parana-529597,Pontificia Universidade Catolica do Parana,Brazil,Latin America,Curitiba,,,https://www.usnews.com/education/best-global-universities/pontificia-universidade-catolica-do-parana-529597
usn-creighton-university-181002,Creighton University,United States,North America,Omaha,,,https://www.usnews.com/education/best-global-universities/creighton-university-181002
usn-pakistan-institute-of-engineering-applied-science-530048,Pakistan Institute of Engineering & Applied Science,Pakistan,Asia,Nilore,,,https://www.usnews.com/education/best-global-universities/pakistan-institute-of-engineering-applied-science-530048
usn-university-of-technology-iraq-510905,University of Technology - Iraq,Iraq,Asia,Baghdad,,,https://www.usnews.com/education/best-global-universities/university-of-technology-iraq-510905
usn-university-of-urbino-529329,University of Urbino,Italy,Europe,Urbino,,,https://www.usnews.com/education/best-global-universities/university-of-urbino-529329
usn-university-of-veterinary-medicine-vienna-528974,University of Veterinary Medicine Vienna,Austria,Europe,Vienna,,,https://www.usnews.com/education/best-global-universities/university-of-veterinary-medicine-vienna-528974
usn-hawassa-university-530262,Hawassa University,Ethiopia,Africa,Hawassa,,,https://www.usnews.com/education/best-global-universities/hawassa-university-530262
usn-homi-bhabha-national-institute-529784,Homi Bhabha National Institute,India,Asia,Mumbai,,,https://www.usnews.com/education/best-global-universities/homi-bhabha-national-institute-529784
usn-university-of-massachusetts-dartmouth-167987,University of Massachusetts--Dartmouth,United States,North America,Dartmouth,,,https://www.usnews.com/education/best-global-universities/university-of-massachusetts-dartmouth-167987
usn-university-osnabruck-529402,University Osnabruck,Germany,Europe,Osnabruck,,,https://www.usnews.com/education/best-global-universities/university-osnabruck-529402
usn-urmia-university-529525,Urmia University,Iran,Asia,Urmia,,,https://www.usnews.com/education/best-global-universities/urmia-university-529525
usn-anhui-normal-university-529314,Anhui Normal University,China,,Wuhu,,,https://www.usnews.com/education/best-global-universities/anhui-normal-university-529314
usn-malaviya-national-institute-of-technology-jaipur-529640,Malaviya National Institute of Technology Jaipur,India,Asia,Jaipur,,,https://www.usnews.com/education/best-global-universities/malaviya-national-institute-of-technology-jaipur-529640
usn-shanghai-university-of-engineering-science-529812,Shanghai University of Engineering Science,China,,Shanghai,,,https://www.usnews.com/education/best-global-universities/shanghai-university-of-engineering-science-529812
usn-central-michigan-university-169248,Central Michigan University,United States,North America,Mount Pleasant,,,https://www.usnews.com/education/best-global-universities/central-michigan-university-169248
usn-ecole-de-technologie-superieure-canada-529339,Ecole de Technologie Superieure - Canada,Canada,North America,Montreal,,,https://www.usnews.com/education/best-global-universities/ecole-de-technologie-superieure-canada-529339
usn-european-university-cyprus-530411,European University Cyprus,Cyprus,Asia,Nicosia,,,https://www.usnews.com/education/best-global-universities/european-university-cyprus-530411
usn-jimei-university-530020,Jimei University,China,,Xiamen,,,https://www.usnews.com/education/best-global-universities/jimei-university-530020
usn-liaoning-university-529509,Liaoning University,China,,Shenyang,,,https://www.usnews.com/education/best-global-universities/liaoning-university-529509
usn-texas-state-university-228459,Texas State University,United States,North America,San Marcos,,,https://www.usnews.com/education/best-global-universities/texas-state-university-228459
usn-suleyman-demirel-university-528971,Suleyman Demirel University,Türkiye,Asia,Isparta,,,https://www.usnews.com/education/best-global-universities/suleyman-demirel-university-528971
usn-universidad-de-las-palmas-de-gran-canaria-529049,Universidad de Las Palmas de Gran Canaria,Spain,Europe,Las Palmas de Gran Canaria,,,https://www.usnews.com/education/best-global-universities/universidad-de-las-palmas-de-gran-canaria-529049
usn-university-cheikh-anta-diop-dakar-530237,University Cheikh Anta Diop Dakar,Sénégal,,Dakar,,,https://www.usnews.com/education/best-global-universities/university-cheikh-anta-diop-dakar-530237
usn-hamadan-university-of-medical-sciences-530251,Hamadan University of Medical Sciences,Iran,Asia,Hamadan Province,,,https://www.usnews.com/education/best-global-universities/hamadan-university-of-medical-sciences-530251
usn-pomeranian-medical-university-529424,Pomeranian Medical University,Poland,Europe,Szczecin,,,https://www.usnews.com/education/best-global-universities/pomeranian-medical-university-529424
usn-zhejiang-university-of-science-technology-530269,Zhejiang University of Science & Technology,China,,Hangzhou,,,https://www.usnews.com/education/best-global-universities/zhejiang-university-of-science-technology-530269
usn-ecole-nationale-superieure-de-chimie-de-montpellier-529615,Ecole nationale superieure de chimie de Montpellier,France,Europe,Montpellier,,,https://www.usnews.com/education/best-global-universities/ecole-nationale-superieure-de-chimie-de-montpellier-529615
usn-escuela-politecnica-nacional-ecuador-530418,Escuela Politecnica Nacional Ecuador,Ecuador,Latin America,Quito,,,https://www.usnews.com/education/best-global-universities/escuela-politecnica-nacional-ecuador-530418
usn-inland-norway-university-of-applied-sciences-530471,Inland Norway University of Applied Sciences,Norway,Europe,Norway,,,https://www.usnews.com/education/best-global-universities/inland-norway-university-of-applied-sciences-530471
usn-universite-de-la-manouba-529717,Université de la Manouba,Tunisia,Africa,Manouba,,,https://www.usnews.com/education/best-global-universities/universite-de-la-manouba-529717
usn-university-of-alabama-huntsville-100706,University of Alabama--Huntsville,United States,North America,Huntsville,,,https://www.usnews.com/education/best-global-universities/university-of-alabama-huntsville-100706
usn-university-of-babylon-530650,University of Babylon,Iraq,Asia,Hillah,,,https://www.usnews.com/education/best-global-universities/university-of-babylon-530650
usn-malardalen-university-529796,Malardalen University,Sweden,Europe,Västerås,,,https://www.usnews.com/education/best-global-universities/malardalen-university-529796
usn-saints-cyril-and-methodius-university-of-skopje-529546,Saints Cyril and Methodius University of Skopje,North Macedonia,,Skopje,,,https://www.usnews.com/education/best-global-universities/saints-cyril-and-methodius-university-of-skopje-529546
usn-jilin-agricultural-university-530080,Jilin Agricultural University,China,,Changchun,,,https://www.usnews.com/education/best-global-universities/jilin-agricultural-university-530080
usn-kwangwoon-university-529280,Kwangwoon University,South Korea,Asia,Seoul,,,https://www.usnews.com/education/best-global-universities/kwangwoon-university-529280
usn-saudi-electronic-university-530615,Saudi Electronic University,Saudi Arabia,Asia,Riyadh,,,https://www.usnews.com/education/best-global-universities/saudi-electronic-university-530615
usn-wilfrid-laurier-university-529247,Wilfrid Laurier University,Canada,North America,Waterloo,,,https://www.usnews.com/education/best-global-universities/wilfrid-laurier-university-529247
usn-indian-institute-of-science-education-and-research-kolkata-529446,Indian Institute of Science Education and Research - Kolkata,India,Asia,Nadia,,,https://www.usnews.com/education/best-global-universities/indian-institute-of-science-education-and-research-kolkata-529446
usn-miami-university-oxford-204024,Miami University--Oxford,United States,North America,Oxford,,,https://www.usnews.com/education/best-global-universities/miami-university-oxford-204024
usn-shandong-technology-business-university-530620,Shandong Technology & Business University,China,,Yantai,,,https://www.usnews.com/education/best-global-universities/shandong-technology-business-university-530620
usn-bingol-university-529789,Bingol University,Türkiye,Asia,Bingöl,,,https://www.usnews.com/education/best-global-universities/bingol-university-529789
usn-durban-university-of-technology-530223,Durban University of Technology,South Africa,Africa,Durban,,,https://www.usnews.com/education/best-global-universities/durban-university-of-technology-530223
usn-guangdong-medical-university-529485,Guangdong Medical University,China,,Zhanjiang,,,https://www.usnews.com/education/best-global-universities/guangdong-medical-university-529485
usn-indian-statistical-institute-kolkata-529534,Indian Statistical Institute Kolkata,India,Asia,Kolkata,,,https://www.usnews.com/education/best-global-universities/indian-statistical-institute-kolkata-529534
usn-istanbul-medeniyet-university-529954,Istanbul Medeniyet University,Türkiye,Asia,İstanbul,,,https://www.usnews.com/education/best-global-universities/istanbul-medeniyet-university-529954
usn-reichman-university-530026,Reichman University,Israel,Asia,Herzliya,,,https://www.usnews.com/education/best-global-universities/reichman-university-530026
usn-al-baha-university-514891,Al Baha University,Saudi Arabia,Asia,Al Baha,,,https://www.usnews.com/education/best-global-universities/al-baha-university-514891
usn-china-jiliang-university-529306,China Jiliang University,China,,Hangzhou,,,https://www.usnews.com/education/best-global-universities/china-jiliang-university-529306
usn-harbin-university-of-science-and-technology-529815,Harbin University of Science and Technology,China,,Harbin,,,https://www.usnews.com/education/best-global-universities/harbin-university-of-science-and-technology-529815
usn-indian-institute-of-technology-iit-jodhpur-530261,Indian Institute of Technology (IIT) - Jodhpur,India,Asia,Karwar Jheepasani,,,https://www.usnews.com/education/best-global-universities/indian-institute-of-technology-iit-jodhpur-530261
usn-southern-illinois-university-carbondale-149222,Southern Illinois University--Carbondale,United States,North America,Carbondale,,,https://www.usnews.com/education/best-global-universities/southern-illinois-university-carbondale-149222
usn-universidade-do-algarve-528821,Universidade do Algarve,Portugal,Europe,Faro,,,https://www.usnews.com/education/best-global-universities/universidade-do-algarve-528821
usn-ningxia-university-529972,Ningxia University,China,,Yinchuan,,,https://www.usnews.com/education/best-global-universities/ningxia-university-529972
usn-tibet-university-530582,Tibet University,China,,Chengguan District,,,https://www.usnews.com/education/best-global-universities/tibet-university-530582
usn-university-kashan-529415,University Kashan,Iran,Asia,Kashan,,,https://www.usnews.com/education/best-global-universities/university-kashan-529415
usn-agricultural-university-of-athens-501891,Agricultural University of Athens,Greece,Europe,Athens (Greece),,,https://www.usnews.com/education/best-global-universities/agricultural-university-of-athens-501891
usn-anadolu-university-529229,Anadolu University,Türkiye,Asia,Tepebasi,,,https://www.usnews.com/education/best-global-universities/anadolu-university-529229
usn-dalian-medical-university-529283,Dalian Medical University,China,,Dalian,,,https://www.usnews.com/education/best-global-universities/dalian-medical-university-529283
usn-ehime-university-505737,Ehime University,Japan,Asia,Matsuyama,,,https://www.usnews.com/education/best-global-universities/ehime-university-505737
usn-institute-technology-of-bandung-529995,Institute Technology of Bandung,Indonesia,Asia,Bandung,,,https://www.usnews.com/education/best-global-universities/institute-technology-of-bandung-529995
usn-kingston-university-529552,Kingston University,United Kingdom,Europe,Kingston upon Thames,,,https://www.usnews.com/education/best-global-universities/kingston-university-529552
usn-northeast-electric-power-university-529809,Northeast Electric Power University,China,,Jilin City,,,https://www.usnews.com/education/best-global-universities/northeast-electric-power-university-529809
usn-university-of-north-dakota-200280,University of North Dakota,United States,North America,Grand Forks,,,https://www.usnews.com/education/best-global-universities/university-of-north-dakota-200280
usn-yangtze-university-529494,Yangtze University,China,,Jingzhou,,,https://www.usnews.com/education/best-global-universities/yangtze-university-529494
usn-guangdong-university-of-petrochemical-technology-530254,Guangdong University of Petrochemical Technology,China,,Guangdong,,,https://www.usnews.com/education/best-global-universities/guangdong-university-of-petrochemical-technology-530254
usn-henan-university-of-technology-529673,Henan University of Technology,China,,Zhengzhou,,,https://www.usnews.com/education/best-global-universities/henan-university-of-technology-529673
usn-louisiana-state-university-health-sciences-center-159373,Louisiana State University Health Sciences Center,United States,North America,New Orleans,,,https://www.usnews.com/education/best-global-universities/louisiana-state-university-health-sciences-center-159373
usn-minzu-university-of-china-530279,Minzu University of China,China,,Beijing,,,https://www.usnews.com/education/best-global-universities/minzu-university-of-china-530279
usn-nara-institute-of-science-528981,Nara Institute of Science,Japan,Asia,Ikoma,,,https://www.usnews.com/education/best-global-universities/nara-institute-of-science-528981
usn-sanjay-gandhi-postgraduate-institute-of-medical-sciences-529743,Sanjay Gandhi Postgraduate Institute of Medical Sciences,India,Asia,Lucknow,,,https://www.usnews.com/education/best-global-universities/sanjay-gandhi-postgraduate-institute-of-medical-sciences-529743
usn-university-of-engineering-and-technology-taxila-529768,University of Engineering and Technology--Taxila,Pakistan,Asia,Taxila,,,https://www.usnews.com/education/best-global-universities/university-of-engineering-and-technology-taxila-529768
usn-university-of-mohaghegh-ardabili-529803,University of Mohaghegh Ardabili,Iran,Asia,Ardabil,,,https://www.usnews.com/education/best-global-universities/university-of-mohaghegh-ardabili-529803
usn-chapman-university-111948,Chapman University,United States,North America,Orange,,,https://www.usnews.com/education/best-global-universities/chapman-university-111948
usn-chengdu-university-of-traditional-chinese-medicine-530083,Chengdu University of Traditional Chinese Medicine,China,,Chengdu,,,https://www.usnews.com/education/best-global-universities/chengdu-university-of-traditional-chinese-medicine-530083
usn-international-hellenic-university-530577,International Hellenic University,Greece,Europe,Thermi,,,https://www.usnews.com/education/best-global-universities/international-hellenic-university-530577
usn-montclair-state-university-185590,Montclair State University,United States,North America,Montclair,,,https://www.usnews.com/education/best-global-universities/montclair-state-university-185590
usn-opole-university-of-technology-530189,Opole University of Technology,Poland,Europe,Opole,,,https://www.usnews.com/education/best-global-universities/opole-university-of-technology-530189
usn-rikkyo-university-529655,Rikkyo University,Japan,Asia,Tokyo,,,https://www.usnews.com/education/best-global-universities/rikkyo-university-529655
usn-university-of-abomey-calavi-530256,University of Abomey Calavi,Benin,,Abomey-Calavi,,,https://www.usnews.com/education/best-global-universities/university-of-abomey-calavi-530256
usn-biruni-university-530574,Biruni University,Türkiye,Asia,Zeytinburnu/İstanbul,,,https://www.usnews.com/education/best-global-universities/biruni-university-530574
usn-florida-am-university-133650,Florida A&M University,United States,North America,Tallahassee,,,https://www.usnews.com/education/best-global-universities/florida-am-university-133650
usn-iuliu-hatieganu-university-of-medicine-and-pharmacy-529214,Iuliu Hatieganu University of Medicine and Pharmacy,Romania,Europe,Cluj-Napoca,,,https://www.usnews.com/education/best-global-universities/iuliu-hatieganu-university-of-medicine-and-pharmacy-529214
usn-open-university-of-the-netherlands-529763,Open University of the Netherlands,Netherlands,Europe,Heerlen,,,https://www.usnews.com/education/best-global-universities/open-university-of-the-netherlands-529763
usn-shanxi-agricultural-university-529878,Shanxi Agricultural University,China,,Jinzhong,,,https://www.usnews.com/education/best-global-universities/shanxi-agricultural-university-529878
usn-shenzhen-technology-university-530277,Shenzhen Technology University,China,,Shenzhen Guangdong,,,https://www.usnews.com/education/best-global-universities/shenzhen-technology-university-530277
usn-universidade-federal-da-paraiba-529248,Universidade Federal da Paraiba,Brazil,Latin America,Joao Pessoa,,,https://www.usnews.com/education/best-global-universities/universidade-federal-da-paraiba-529248
usn-university-of-agricultural-sciences-veterinary-medicine-cluj-napoca-530242,University of Agricultural Sciences & Veterinary Medicine Cluj Napoca,Romania,Europe,Cluj-Napoca,,,https://www.usnews.com/education/best-global-universities/university-of-agricultural-sciences-veterinary-medicine-cluj-napoca-530242
usn-university-of-maragheh-530197,University of Maragheh,Iran,Asia,Maragheh,,,https://www.usnews.com/education/best-global-universities/university-of-maragheh-530197
usn-albany-medical-college-529365,Albany Medical College,United States,North America,Albany,,,https://www.usnews.com/education/best-global-universities/albany-medical-college-529365
usn-guangxi-minzu-university-530245,Guangxi Minzu University,China,,Nanning,,,https://www.usnews.com/education/best-global-universities/guangxi-minzu-university-530245
usn-northeast-petroleum-university-529819,Northeast Petroleum University,China,,Daqing,,,https://www.usnews.com/education/best-global-universities/northeast-petroleum-university-529819
usn-siirt-university-530579,Siirt University,Türkiye,Asia,Siirt,,,https://www.usnews.com/education/best-global-universities/siirt-university-530579
usn-southwest-medical-university-529931,Southwest Medical University,China,,Luzhou,,,https://www.usnews.com/education/best-global-universities/southwest-medical-university-529931
usn-bahria-university-530769,Bahria University,Pakistan,Asia,Islamabad,,,https://www.usnews.com/education/best-global-universities/bahria-university-530769
usn-university-of-cassino-529646,University of Cassino,Italy,Europe,Cassino,,,https://www.usnews.com/education/best-global-universities/university-of-cassino-529646
usn-university-of-london-school-oriental-and-african-studies-soas-529061,University of London School Oriental and African Studies (SOAS),United Kingdom,Europe,London (U.K.),,,https://www.usnews.com/education/best-global-universities/university-of-london-school-oriental-and-african-studies-soas-529061
usn-university-of-madras-529221,University of Madras,India,Asia,Chennai,,,https://www.usnews.com/education/best-global-universities/university-of-madras-529221
usn-university-of-silesia-529010,University of Silesia,Poland,Europe,Katowice,,,https://www.usnews.com/education/best-global-universities/university-of-silesia-529010
usn-alagappa-university-529893,Alagappa University,India,Asia,Karaikudi,,,https://www.usnews.com/education/best-global-universities/alagappa-university-529893
usn-boise-state-university-142115,Boise State University,United States,North America,Boise,,,https://www.usnews.com/education/best-global-universities/boise-state-university-142115
usn-san-jose-state-university-122755,San Jose State University,United States,North America,San Jose,,,https://www.usnews.com/education/best-global-universities/san-jose-state-university-122755
usn-shanghai-institute-of-technology-529887,Shanghai Institute of Technology,China,,Shanghai,,,https://www.usnews.com/education/best-global-universities/shanghai-institute-of-technology-529887
usn-xuzhou-university-of-technology-530581,Xuzhou University of Technology,China,,Yaan,,,https://www.usnews.com/education/best-global-universities/xuzhou-university-of-technology-530581
usn-bowling-green-state-university-201441,Bowling Green State University,United States,North America,Bowling Green,,,https://www.usnews.com/education/best-global-universities/bowling-green-state-university-201441
usn-izmir-yuksek-teknoloji-enstitusu-529316,Izmir Yuksek Teknoloji Enstitusu,Türkiye,Asia,Izmir,,,https://www.usnews.com/education/best-global-universities/izmir-yuksek-teknoloji-enstitusu-529316
usn-baqiyatallah-university-of-medical-sciences-bmsu-529531,Baqiyatallah University of Medical Sciences (BMSU),Iran,Asia,Tehran,,,https://www.usnews.com/education/best-global-universities/baqiyatallah-university-of-medical-sciences-bmsu-529531
usn-shahid-chamran-university-of-ahvaz-529810,Shahid Chamran University of Ahvaz,Iran,Asia,Ahvaz,,,https://www.usnews.com/education/best-global-universities/shahid-chamran-university-of-ahvaz-529810
usn-universidad-de-antofagasta-529879,Universidad de Antofagasta,Chile,Latin America,Antofagasta,,,https://www.usnews.com/education/best-global-universities/universidad-de-antofagasta-529879
usn-universitat-de-vic-universitat-central-de-catalunya-uvic-ucc-530270,Universitat de Vic - Universitat Central de Catalunya (UVic-UCC),Spain,Europe,Barcelona,,,https://www.usnews.com/education/best-global-universities/universitat-de-vic-universitat-central-de-catalunya-uvic-ucc-530270
usn-university-of-guilan-529421,University of Guilan,Iran,Asia,Rasht,,,https://www.usnews.com/education/best-global-universities/university-of-guilan-529421
usn-xian-technological-university-529890,Xi'an Technological University,China,,Xi'an,,,https://www.usnews.com/education/best-global-universities/xian-technological-university-529890
usn-anhui-university-of-science-and-technology-529833,Anhui University of Science and Technology,China,,Huainan,,,https://www.usnews.com/education/best-global-universities/anhui-university-of-science-and-technology-529833
usn-chongqing-university-of-technology-529845,Chongqing University of Technology,China,,Banan,,,https://www.usnews.com/education/best-global-universities/chongqing-university-of-technology-529845
usn-ilia-state-university-529448,Ilia State University,Georgia,Asia,Tbilisi,,,https://www.usnews.com/education/best-global-universities/ilia-state-university-529448
usn-san-francisco-state-university-122597,San Francisco State University,United States,North America,San Francisco,,,https://www.usnews.com/education/best-global-universities/san-francisco-state-university-122597
usn-universidade-federal-do-para-529218,Universidade Federal do Para,Brazil,Latin America,Belem,,,https://www.usnews.com/education/best-global-universities/universidade-federal-do-para-529218
usn-university-of-reims-champagne-ardenne-529182,University of Reims Champagne-Ardenne,France,Europe,Reims,,,https://www.usnews.com/education/best-global-universities/university-of-reims-champagne-ardenne-529182
usn-university-of-west-bohemia-pilsen-529565,University of West Bohemia Pilsen,Czech Republic,,Pilsen,,,https://www.usnews.com/education/best-global-universities/university-of-west-bohemia-pilsen-529565
usn-xihua-university-529829,Xihua University,China,,Chengdu,,,https://www.usnews.com/education/best-global-universities/xihua-university-529829
usn-azarbaijan-shahid-madani-university-530260,Azarbaijan Shahid Madani University,Iran,Asia,Tabriz,,,https://www.usnews.com/education/best-global-universities/azarbaijan-shahid-madani-university-530260
usn-california-state-university-northridge-110608,California State University--Northridge,United States,North America,Northridge,,,https://www.usnews.com/education/best-global-universities/california-state-university-northridge-110608
usn-poznan-university-of-medical-sciences-529261,Poznan University of Medical Sciences,Poland,Europe,Poznan,,,https://www.usnews.com/education/best-global-universities/poznan-university-of-medical-sciences-529261
usn-shahid-bahonar-university-of-kerman-sbuk-529425,Shahid Bahonar University of Kerman (SBUK),Iran,Asia,Kerman,,,https://www.usnews.com/education/best-global-universities/shahid-bahonar-university-of-kerman-sbuk-529425
usn-universidade-federal-do-espirito-santo-529299,Universidade Federal do Espirito Santo,Brazil,Latin America,Vitoria,,,https://www.usnews.com/education/best-global-universities/universidade-federal-do-espirito-santo-529299
usn-university-of-malakand-530575,University of Malakand,Pakistan,Asia,Dir Lower,,,https://www.usnews.com/education/best-global-universities/university-of-malakand-530575
usn-kunming-medical-university-529921,Kunming Medical University,China,,Kunming,,,https://www.usnews.com/education/best-global-universities/kunming-medical-university-529921
usn-lithuanian-university-of-health-sciences-529363,Lithuanian University of Health Sciences,Lithuania,Europe,Kaunas,,,https://www.usnews.com/education/best-global-universities/lithuanian-university-of-health-sciences-529363
usn-national-kaohsiung-university-of-science-and-technology-529460,National Kaohsiung University of Science and Technology,Taiwan,Asia,Ciaotou,,,https://www.usnews.com/education/best-global-universities/national-kaohsiung-university-of-science-and-technology-529460
usn-shenyang-pharmaceutical-university-501409,Shenyang Pharmaceutical University,China,,Shenyang,,,https://www.usnews.com/education/best-global-universities/shenyang-pharmaceutical-university-501409
usn-uniformed-services-university-of-the-health-sciences-528993,Uniformed Services University of the Health Sciences,United States,North America,Bethesda,,,https://www.usnews.com/education/best-global-universities/uniformed-services-university-of-the-health-sciences-528993
usn-universitat-oberta-de-catalunya-529982,Universitat Oberta de Catalunya,Spain,Europe,Barcelona,,,https://www.usnews.com/education/best-global-universities/universitat-oberta-de-catalunya-529982
usn-university-of-missouri-st-louis-178420,University of Missouri--St. Louis,United States,North America,St. Louis,,,https://www.usnews.com/education/best-global-universities/university-of-missouri-st-louis-178420
usn-fujian-university-of-technology-530178,Fujian University of Technology,China,,Fuzhou,,,https://www.usnews.com/education/best-global-universities/fujian-university-of-technology-530178
usn-institute-of-tropical-medicine-529905,Institute of Tropical Medicine,Belgium,Europe,Antwerp,,,https://www.usnews.com/education/best-global-universities/institute-of-tropical-medicine-529905
usn-university-of-koblenz-and-landau-529467,University of Koblenz and Landau,Germany,Europe,Mainz,,,https://www.usnews.com/education/best-global-universities/university-of-koblenz-and-landau-529467
usn-brandenburg-university-of-technology-cottbus-529323,Brandenburg University of Technology Cottbus,Germany,Europe,Cottbus,,,https://www.usnews.com/education/best-global-universities/brandenburg-university-of-technology-cottbus-529323
usn-guilin-university-of-technology-529886,Guilin University of Technology,China,,Guilin,,,https://www.usnews.com/education/best-global-universities/guilin-university-of-technology-529886
usn-hubei-university-of-arts-science-530313,Hubei University of Arts & Science,China,,Xiangyang,,,https://www.usnews.com/education/best-global-universities/hubei-university-of-arts-science-530313
usn-universidad-autonoma-de-sinaloa-530176,Universidad Autonoma de Sinaloa,Mexico,Latin America,Culiacán,,,https://www.usnews.com/education/best-global-universities/universidad-autonoma-de-sinaloa-530176
usn-al-ayen-university-530771,Al-Ayen University,Iraq,Asia,Nasiriyah,,,https://www.usnews.com/education/best-global-universities/al-ayen-university-530771
usn-anhui-polytechnic-university-530282,Anhui Polytechnic University,China,,Anhui,,,https://www.usnews.com/education/best-global-universities/anhui-polytechnic-university-530282
usn-karpagam-academy-of-higher-education-kahe-530772,Karpagam Academy of Higher Education (KAHE),India,Asia,Tamil Nadu,,,https://www.usnews.com/education/best-global-universities/karpagam-academy-of-higher-education-kahe-530772
usn-lakehead-university-529172,Lakehead University,Canada,North America,Thunder Bay,,,https://www.usnews.com/education/best-global-universities/lakehead-university-529172
usn-shanghai-university-of-electric-power-529644,Shanghai University of Electric Power,China,,Shanghai,,,https://www.usnews.com/education/best-global-universities/shanghai-university-of-electric-power-529644
usn-shenyang-agricultural-university-529736,Shenyang Agricultural University,China,,Shenyang,,,https://www.usnews.com/education/best-global-universities/shenyang-agricultural-university-529736
usn-south-central-university-for-nationalities-529493,South Central University for Nationalities,China,,Wuhan,,,https://www.usnews.com/education/best-global-universities/south-central-university-for-nationalities-529493
usn-zhengzhou-university-of-light-industry-529838,Zhengzhou University of Light Industry,China,,Zhengzhou,,,https://www.usnews.com/education/best-global-universities/zhengzhou-university-of-light-industry-529838
usn-hangzhou-city-university-530335,Hangzhou City University,China,,Hangzhou,,,https://www.usnews.com/education/best-global-universities/hangzhou-city-university-530335
usn-north-minzu-university-530276,North Minzu University,China,,Yinchuan,,,https://www.usnews.com/education/best-global-universities/north-minzu-university-530276
usn-showa-university-529125,Showa University,Japan,Asia,Tokyo,,,https://www.usnews.com/education/best-global-universities/showa-university-529125
usn-universidade-federal-de-lavras-529105,Universidade Federal de Lavras,Brazil,Latin America,Lavras,,,https://www.usnews.com/education/best-global-universities/universidade-federal-de-lavras-529105
usn-universidad-nacional-de-educacion-a-distancia-uned-529230,Universidad Nacional de Educacion a Distancia (UNED),Spain,Europe,Madrid,,,https://www.usnews.com/education/best-global-universities/universidad-nacional-de-educacion-a-distancia-uned-529230
usn-university-of-malawi-529362,University of Malawi,Malawi,,Zomba,,,https://www.usnews.com/education/best-global-universities/university-of-malawi-529362
usn-bogor-agricultural-university-529875,Bogor Agricultural University,Indonesia,Asia,Bogor,,,https://www.usnews.com/education/best-global-universities/bogor-agricultural-university-529875
usn-bundeswehr-university-munich-529851,Bundeswehr University Munich,Germany,Europe,Neubiberg,,,https://www.usnews.com/education/best-global-universities/bundeswehr-university-munich-529851
usn-karlstad-university-529993,Karlstad University,Sweden,Europe,Karlstad,,,https://www.usnews.com/education/best-global-universities/karlstad-university-529993
usn-medical-university-silesia-529276,Medical University Silesia,Poland,Europe,Katowice,,,https://www.usnews.com/education/best-global-universities/medical-university-silesia-529276
usn-universite-de-gabes-530056,Universite de Gabes,Tunisia,Africa,Zrig Eddakhlania,,,https://www.usnews.com/education/best-global-universities/universite-de-gabes-530056
usn-university-of-craiova-530492,University of Craiova,Romania,Europe,Craiova,,,https://www.usnews.com/education/best-global-universities/university-of-craiova-530492
usn-george-emil-palade-university-of-medicine-pharmacy-science-technology-of-targu-mures-530167,"George Emil Palade University of Medicine, Pharmacy, Science, & Technology of Targu Mures",Romania,Europe,Târgu Mureș,,,https://www.usnews.com/education/best-global-universities/george-emil-palade-university-of-medicine-pharmacy-science-technology-of-targu-mures-530167
usn-japan-advanced-institute-of-science-and-technology-529613,Japan Advanced Institute of Science and Technology,Japan,Asia,Nomi,,,https://www.usnews.com/education/best-global-universities/japan-advanced-institute-of-science-and-technology-529613
usn-sefako-makgatho-health-sciences-university-530586,Sefako Makgatho Health Sciences University,South Africa,Africa,Pretoria,,,https://www.usnews.com/education/best-global-universities/sefako-makgatho-health-sciences-university-530586
usn-sharda-university-530583,Sharda University,India,Asia,Greater Noida,,,https://www.usnews.com/education/best-global-universities/sharda-university-530583
usn-siberian-federal-university-529557,Siberian Federal University,Russia,Europe,Krasnoyarsk,,,https://www.usnews.com/education/best-global-universities/siberian-federal-university-529557
usn-university-of-rwanda-530267,University of Rwanda,Rwanda,,Kigali,,,https://www.usnews.com/education/best-global-universities/university-of-rwanda-530267
usn-yeditepe-university-529952,Yeditepe University,Türkiye,Asia,Istanbul,,,https://www.usnews.com/education/best-global-universities/yeditepe-university-529952
usn-jain-university-529958,Jain University,India,Asia,Bangalore,,,https://www.usnews.com/education/best-global-universities/jain-university-529958
usn-jiaxing-university-529959,Jiaxing University,China,,Jiaxing,,,https://www.usnews.com/education/best-global-universities/jiaxing-university-529959
usn-north-carolina-at-state-university-199102,North Carolina A&T State University,United States,North America,Greensboro,,,https://www.usnews.com/education/best-global-universities/north-carolina-at-state-university-199102
usn-oakland-university-171571,Oakland University,United States,North America,Rochester,,,https://www.usnews.com/education/best-global-universities/oakland-university-171571
usn-universidade-federal-de-sergipe-529586,Universidade Federal de Sergipe,Brazil,Latin America,Sao Cristovao,,,https://www.usnews.com/education/best-global-universities/universidade-federal-de-sergipe-529586
usn-fujita-health-university-529208,Fujita Health University,Japan,Asia,Toyoake,,,https://www.usnews.com/education/best-global-universities/fujita-health-university-529208
usn-karamanoglu-mehmetbey-university-530174,Karamanoglu Mehmetbey University,Türkiye,Asia,Karaman,,,https://www.usnews.com/education/best-global-universities/karamanoglu-mehmetbey-university-530174
usn-rowan-university-184782,Rowan University,United States,North America,Glassboro,,,https://www.usnews.com/education/best-global-universities/rowan-university-184782
usn-szent-istvan-university-529455,Szent Istvan University,Hungary,Europe,Godollo,,,https://www.usnews.com/education/best-global-universities/szent-istvan-university-529455
usn-istanbul-medipol-university-529950,Istanbul Medipol University,Türkiye,Asia,"Beykoz, İstanbul",,,https://www.usnews.com/education/best-global-universities/istanbul-medipol-university-529950
usn-ariel-university-530014,Ariel University,Israel,Asia,Ari'el,,,https://www.usnews.com/education/best-global-universities/ariel-university-530014
usn-bartin-university-530284,Bartin University,Türkiye,Asia,Türkiye,,,https://www.usnews.com/education/best-global-universities/bartin-university-530284
usn-slovak-university-of-technology-bratislava-529184,Slovak University of Technology Bratislava,Slovakia,Europe,Bratislava,,,https://www.usnews.com/education/best-global-universities/slovak-university-of-technology-bratislava-529184
usn-universidad-politecnica-de-cartagena-529561,Universidad Politecnica de Cartagena,Spain,Europe,Cartagena,,,https://www.usnews.com/education/best-global-universities/universidad-politecnica-de-cartagena-529561
usn-western-washington-university-237011,Western Washington University,United States,North America,Bellingham,,,https://www.usnews.com/education/best-global-universities/western-washington-university-237011
usn-delhi-technological-university-529835,Delhi Technological University,India,Asia,Delhi,,,https://www.usnews.com/education/best-global-universities/delhi-technological-university-529835
usn-east-china-jiaotong-university-529827,East China Jiaotong University,China,,Nanchang,,,https://www.usnews.com/education/best-global-universities/east-china-jiaotong-university-529827
usn-east-china-university-of-technology-529973,East China University of Technology,China,,Nanchang,,,https://www.usnews.com/education/best-global-universities/east-china-university-of-technology-529973
usn-huaibei-normal-university-529612,Huaibei Normal University,China,,Huaibei,,,https://www.usnews.com/education/best-global-universities/huaibei-normal-university-529612
usn-university-of-electro-communications-japan-529005,University of Electro-Communications - Japan,Japan,Asia,Tokyo,,,https://www.usnews.com/education/best-global-universities/university-of-electro-communications-japan-529005
usn-university-of-jammu-529652,University of Jammu,India,Asia,Jammu Tawi,,,https://www.usnews.com/education/best-global-universities/university-of-jammu-529652
usn-university-of-puerto-rico-mayaguez-243197,University of Puerto Rico--Mayaguez,United States,North America,Mayaguez,,,https://www.usnews.com/education/best-global-universities/university-of-puerto-rico-mayaguez-243197
usn-university-of-ryukyus-529099,University of Ryukyus,Japan,Asia,Nishihara,,,https://www.usnews.com/education/best-global-universities/university-of-ryukyus-529099
usn-yasouj-university-529429,Yasouj University,Iran,Asia,Yasuj,,,https://www.usnews.com/education/best-global-universities/yasouj-university-529429
usn-bu-ali-sina-university-529463,Bu Ali Sina University,Iran,Asia,Hamedan,,,https://www.usnews.com/education/best-global-universities/bu-ali-sina-university-529463
usn-guangdong-university-of-finance-economics-530777,Guangdong University of Finance & Economics,China,,Guangdong,,,https://www.usnews.com/education/best-global-universities/guangdong-university-of-finance-economics-530777
usn-yunnan-normal-university-530007,Yunnan Normal University,China,,Kunming,,,https://www.usnews.com/education/best-global-universities/yunnan-normal-university-530007
usn-zhejiang-shuren-university-530776,Zhejiang Shuren University,China,,Hangzhou,,,https://www.usnews.com/education/best-global-universities/zhejiang-shuren-university-530776
usn-shanxi-medical-university-529915,Shanxi Medical University,China,,Jinzhong,,,https://www.usnews.com/education/best-global-universities/shanxi-medical-university-529915
usn-technical-university-freiberg-529085,Technical University Freiberg,Germany,Europe,Freiberg,,,https://www.usnews.com/education/best-global-universities/technical-university-freiberg-529085
usn-university-of-minnesota-duluth-174233,University of Minnesota--Duluth,United States,North America,Duluth,,,https://www.usnews.com/education/best-global-universities/university-of-minnesota-duluth-174233
usn-university-of-tras-os-montes-and-alto-douro-529241,University of Tras-os-Montes and Alto Douro,Portugal,Europe,Vila Real,,,https://www.usnews.com/education/best-global-universities/university-of-tras-os-montes-and-alto-douro-529241
usn-witten-herdecke-university-529274,Witten Herdecke University,Germany,Europe,Witten,,,https://www.usnews.com/education/best-global-universities/witten-herdecke-university-529274
usn-wuyi-university-530153,Wuyi University,China,,Jiiangmen City,,,https://www.usnews.com/education/best-global-universities/wuyi-university-530153
usn-yancheng-institute-of-technology-529888,Yancheng Institute of Technology,China,,Yancheng,,,https://www.usnews.com/education/best-global-universities/yancheng-institute-of-technology-529888
usn-bharathidasan-university-529541,Bharathidasan University,India,Asia,Tiruchirappalli,,,https://www.usnews.com/education/best-global-universities/bharathidasan-university-529541
usn-chongqing-university-of-science-technology-530292,Chongqing University of Science & Technology,China,,Chongqing,,,https://www.usnews.com/education/best-global-universities/chongqing-university-of-science-technology-530292
usn-hellenic-open-university-529783,Hellenic Open University,Greece,Europe,Patra,,,https://www.usnews.com/education/best-global-universities/hellenic-open-university-529783
usn-hubei-university-of-medicine-530078,Hubei University of Medicine,China,,Hubei,,,https://www.usnews.com/education/best-global-universities/hubei-university-of-medicine-530078
usn-jacobs-university-528936,Jacobs University,Germany,Europe,Bremen,,,https://www.usnews.com/education/best-global-universities/jacobs-university-528936
usn-nihon-university-504934,Nihon University,Japan,Asia,Tokyo,,,https://www.usnews.com/education/best-global-universities/nihon-university-504934
usn-shenzhen-polytechnic-university-530295,Shenzhen Polytechnic University,China,,Shenzhen,,,https://www.usnews.com/education/best-global-universities/shenzhen-polytechnic-university-530295
usn-southwest-forestry-university-china-530311,Southwest Forestry University - China,China,,Kunming,,,https://www.usnews.com/education/best-global-universities/southwest-forestry-university-china-530311
usn-ball-state-university-150136,Ball State University,United States,North America,Muncie,,,https://www.usnews.com/education/best-global-universities/ball-state-university-150136
usn-huaiyin-institute-of-technology-529857,Huaiyin Institute of Technology,China,,Huai'an,,,https://www.usnews.com/education/best-global-universities/huaiyin-institute-of-technology-529857
usn-incheon-national-university-529412,Incheon National University,South Korea,Asia,Yeonsu-gu,,,https://www.usnews.com/education/best-global-universities/incheon-national-university-529412
usn-ondokuz-mayis-university-504179,Ondokuz Mayis University,Türkiye,Asia,Samsun,,,https://www.usnews.com/education/best-global-universities/ondokuz-mayis-university-504179
usn-shihezi-university-529961,Shihezi University,China,,Shihezi,,,https://www.usnews.com/education/best-global-universities/shihezi-university-529961
usn-universidad-del-norte-colombia-530266,Universidad del Norte Colombia,Colombia,Latin America,Atlantico,,,https://www.usnews.com/education/best-global-universities/universidad-del-norte-colombia-530266
usn-university-of-pavol-jozef-safarik-kosice-528995,University of Pavol Jozef Safarik Kosice,Slovakia,Europe,Kosice,,,https://www.usnews.com/education/best-global-universities/university-of-pavol-jozef-safarik-kosice-528995
usn-yanan-university-530130,Yan'an University,China,,Yan'An,,,https://www.usnews.com/education/best-global-universities/yanan-university-530130
usn-kennesaw-state-university-140164,Kennesaw State University,United States,North America,Kennesaw,,,https://www.usnews.com/education/best-global-universities/kennesaw-state-university-140164
usn-moulay-ismail-university-of-meknes-530268,Moulay Ismail University of Meknes,Morocco,Africa,BP: 298,,,https://www.usnews.com/education/best-global-universities/moulay-ismail-university-of-meknes-530268
usn-south-dakota-state-university-219356,South Dakota State University,United States,North America,Brookings,,,https://www.usnews.com/education/best-global-universities/south-dakota-state-university-219356
usn-uludag-university-529206,Uludag University,Türkiye,Asia,Gorukle,,,https://www.usnews.com/education/best-global-universities/uludag-university-529206
usn-binzhou-medical-university-530074,Binzhou Medical University,China,,Shandong,,,https://www.usnews.com/education/best-global-universities/binzhou-medical-university-530074
usn-imam-khomeini-international-university-529643,Imam Khomeini International University,Iran,Asia,Qazvin,,,https://www.usnews.com/education/best-global-universities/imam-khomeini-international-university-529643
usn-tianjin-university-of-commerce-530273,Tianjin University of Commerce,China,,Tianjin,,,https://www.usnews.com/education/best-global-universities/tianjin-university-of-commerce-530273
usn-university-of-toyama-501284,University of Toyama,Japan,Asia,Toyama,,,https://www.usnews.com/education/best-global-universities/university-of-toyama-501284
usn-arid-agriculture-university-529662,Arid Agriculture University,Pakistan,Asia,Rawalpindi,,,https://www.usnews.com/education/best-global-universities/arid-agriculture-university-529662
usn-avignon-universite-529720,Avignon Université,France,Europe,Avignon,,,https://www.usnews.com/education/best-global-universities/avignon-universite-529720
usn-beijing-information-science-and-technology-university-529868,Beijing Information Science and Technology University,China,,Beijing,,,https://www.usnews.com/education/best-global-universities/beijing-information-science-and-technology-university-529868
usn-cuny-hunter-college-190594,CUNY--Hunter College,United States,North America,New York City,,,https://www.usnews.com/education/best-global-universities/cuny-hunter-college-190594
usn-kagawa-university-529279,Kagawa University,Japan,Asia,Takamatsu,,,https://www.usnews.com/education/best-global-universities/kagawa-university-529279
usn-shanghai-university-of-sport-530338,Shanghai University of Sport,China,,Shanghai,,,https://www.usnews.com/education/best-global-universities/shanghai-university-of-sport-530338
usn-university-of-warmia-529107,University of Warmia,Poland,Europe,Olsztyn,,,https://www.usnews.com/education/best-global-universities/university-of-warmia-529107
usn-university-of-zielona-gora-529987,University of Zielona Gora,Poland,Europe,Zielona Góra,,,https://www.usnews.com/education/best-global-universities/university-of-zielona-gora-529987
usn-xian-university-of-posts-and-telecommunications-529862,Xi'an University of Posts and Telecommunications,China,,Xi'an,,,https://www.usnews.com/education/best-global-universities/xian-university-of-posts-and-telecommunications-529862
usn-harbin-normal-university-529965,Harbin Normal University,China,,Harbin,,,https://www.usnews.com/education/best-global-universities/harbin-normal-university-529965
usn-nanjing-institute-of-technology-529873,Nanjing Institute of Technology,China,,Nanjing,,,https://www.usnews.com/education/best-global-universities/nanjing-institute-of-technology-529873
usn-national-institute-of-technology-kurukshetra-529844,National Institute of Technology Kurukshetra,India,Asia,Kurukshetra,,,https://www.usnews.com/education/best-global-universities/national-institute-of-technology-kurukshetra-529844
usn-universidade-federal-de-mato-grosso-do-sul-530198,Universidade Federal de Mato Grosso do Sul,Brazil,Latin America,Campo Grande,,,https://www.usnews.com/education/best-global-universities/universidade-federal-de-mato-grosso-do-sul-530198
usn-guizhou-medical-university-529927,Guizhou Medical University,China,,Guiyang,,,https://www.usnews.com/education/best-global-universities/guizhou-medical-university-529927
usn-indian-institute-of-technology-iit-mandi-530093,Indian Institute of Technology (IIT) - Mandi,India,Asia,Kamand,,,https://www.usnews.com/education/best-global-universities/indian-institute-of-technology-iit-mandi-530093
usn-kyoto-prefectural-university-of-medicine-529120,Kyoto Prefectural University of Medicine,Japan,Asia,Kyoto,,,https://www.usnews.com/education/best-global-universities/kyoto-prefectural-university-of-medicine-529120
usn-muhimbili-university-of-health-and-allied-sciences-529617,Muhimbili University of Health and Allied Sciences,Tanzania,Africa,Dar es Salaam,,,https://www.usnews.com/education/best-global-universities/muhimbili-university-of-health-and-allied-sciences-529617
usn-universidad-mayor-530294,Universidad Mayor,Chile,Latin America,Las Condes,,,https://www.usnews.com/education/best-global-universities/universidad-mayor-530294
usn-university-nacional-cuyo-mendoza-529408,University Nacional Cuyo Mendoza,Argentina,Latin America,Mendoza,,,https://www.usnews.com/education/best-global-universities/university-nacional-cuyo-mendoza-529408
usn-university-of-chittagong-530779,University of Chittagong,Bangladesh,Asia,Chittagong,,,https://www.usnews.com/education/best-global-universities/university-of-chittagong-530779
usn-university-of-occupational-and-environmental-health-japan-529360,University of Occupational and Environmental Health - Japan,Japan,Asia,Fukuoka,,,https://www.usnews.com/education/best-global-universities/university-of-occupational-and-environmental-health-japan-529360
usn-california-state-university-long-beach-110583,California State University--Long Beach,United States,North America,Long Beach,,,https://www.usnews.com/education/best-global-universities/california-state-university-long-beach-110583
usn-changchun-university-of-science-and-technology-529860,Changchun University of Science and Technology,China,,Changchun,,,https://www.usnews.com/education/best-global-universities/changchun-university-of-science-and-technology-529860
usn-guangxi-medical-university-529620,Guangxi Medical University,China,,Nanning,,,https://www.usnews.com/education/best-global-universities/guangxi-medical-university-529620
usn-lanzhou-university-of-technology-529641,Lanzhou University of Technology,China,,Lanzhou,,,https://www.usnews.com/education/best-global-universities/lanzhou-university-of-technology-529641
usn-srm-university-ap-530780,SRM University-AP,India,Asia,Mangalagiri,,,https://www.usnews.com/education/best-global-universities/srm-university-ap-530780
usn-georgia-southern-university-139931,Georgia Southern University,United States,North America,Statesboro,,,https://www.usnews.com/education/best-global-universities/georgia-southern-university-139931
usn-hangzhou-medical-college-530123,Hangzhou Medical College,China,,Hangzhou,,,https://www.usnews.com/education/best-global-universities/hangzhou-medical-college-530123
usn-hebei-normal-university-530092,Hebei Normal University,China,,Shijiazhuang,,,https://www.usnews.com/education/best-global-universities/hebei-normal-university-530092
usn-indian-institute-of-technology-patna-529821,Indian Institute of Technology - Patna,India,Asia,Patna,,,https://www.usnews.com/education/best-global-universities/indian-institute-of-technology-patna-529821
usn-universite-de-valenciennes-et-du-hainaut-cambresis-529196,Universite de Valenciennes et du Hainaut-Cambresis,France,Europe,Valenciennes,,,https://www.usnews.com/education/best-global-universities/universite-de-valenciennes-et-du-hainaut-cambresis-529196
usn-jikei-university-529126,Jikei University,Japan,Asia,Tokyo,,,https://www.usnews.com/education/best-global-universities/jikei-university-529126
usn-kharazmi-university-530055,Kharazmi University,Iran,Asia,Tehran,,,https://www.usnews.com/education/best-global-universities/kharazmi-university-530055
usn-necmettin-erbakan-university-529726,Necmettin Erbakan University,Türkiye,Asia,Meram,,,https://www.usnews.com/education/best-global-universities/necmettin-erbakan-university-529726
usn-university-of-agriculture-in-krakow-529737,University of Agriculture in Krakow,Poland,Europe,Krakow,,,https://www.usnews.com/education/best-global-universities/university-of-agriculture-in-krakow-529737
usn-university-of-mazandaran-529472,University of Mazandaran,Iran,Asia,Babolsar,,,https://www.usnews.com/education/best-global-universities/university-of-mazandaran-529472
usn-shenyang-university-of-technology-529847,Shenyang University of Technology,China,,Shenyang,,,https://www.usnews.com/education/best-global-universities/shenyang-university-of-technology-529847
usn-university-of-quebec-trois-rivieres-529999,University of Quebec Trois Rivieres,Canada,North America,Trois-Rivières,,,https://www.usnews.com/education/best-global-universities/university-of-quebec-trois-rivieres-529999
usn-wuhan-polytechnic-university-530264,Wuhan Polytechnic University,China,,Wuhan,,,https://www.usnews.com/education/best-global-universities/wuhan-polytechnic-university-530264
usn-lanzhou-jiaotong-university-529614,Lanzhou Jiaotong University,China,,Lanzhou,,,https://www.usnews.com/education/best-global-universities/lanzhou-jiaotong-university-529614
usn-lorestan-university-529981,Lorestan University,Iran,Asia,Khorramabad,,,https://www.usnews.com/education/best-global-universities/lorestan-university-529981
usn-maharshi-dayanand-university-530297,Maharshi Dayanand University,India,Asia,Pitampura,,,https://www.usnews.com/education/best-global-universities/maharshi-dayanand-university-530297
usn-pandit-deendayal-energy-university-530585,Pandit Deendayal Energy University,India,Asia,Gandhinagar,,,https://www.usnews.com/education/best-global-universities/pandit-deendayal-energy-university-530585
usn-shahrood-university-of-technology-529465,Shahrood University of Technology,Iran,Asia,Shahrood,,,https://www.usnews.com/education/best-global-universities/shahrood-university-of-technology-529465
usn-university-of-louisiana-lafayette-160658,University of Louisiana--Lafayette,United States,North America,Lafayette,,,https://www.usnews.com/education/best-global-universities/university-of-louisiana-lafayette-160658
usn-university-of-yazd-529540,University of Yazd,Iran,Asia,Yazd,,,https://www.usnews.com/education/best-global-universities/university-of-yazd-529540
usn-guangdong-pharmaceutical-university-530070,Guangdong Pharmaceutical University,China,,Guangdong Province,,,https://www.usnews.com/education/best-global-universities/guangdong-pharmaceutical-university-530070
usn-indian-institute-of-technology-ropar-529980,Indian Institute of Technology - Ropar,India,Asia,Rupnagar,,,https://www.usnews.com/education/best-global-universities/indian-institute-of-technology-ropar-529980
usn-ludong-university-530021,Ludong University,China,,Yantai,,,https://www.usnews.com/education/best-global-universities/ludong-university-530021
usn-nanjing-audit-university-530278,Nanjing Audit University,China,,Nanjing,,,https://www.usnews.com/education/best-global-universities/nanjing-audit-university-530278
usn-national-university-of-rosario-529046,National University of Rosario,Argentina,Latin America,Santa Fe,,,https://www.usnews.com/education/best-global-universities/national-university-of-rosario-529046
usn-yamagata-university-529042,Yamagata University,Japan,Asia,Yamagata,,,https://www.usnews.com/education/best-global-universities/yamagata-university-529042
usn-gansu-agricultural-university-530100,Gansu Agricultural University,China,,Lanzhou,,,https://www.usnews.com/education/best-global-universities/gansu-agricultural-university-530100
usn-nagoya-city-university-529121,Nagoya City University,Japan,Asia,Nagoya,,,https://www.usnews.com/education/best-global-universities/nagoya-city-university-529121
usn-university-of-kaiserslautern-528867,University of Kaiserslautern,Germany,Europe,Kaiserslautern,,,https://www.usnews.com/education/best-global-universities/university-of-kaiserslautern-528867
usn-university-of-nis-529197,University of Nis,Serbia,Europe,Nis,,,https://www.usnews.com/education/best-global-universities/university-of-nis-529197
usn-duzce-university-530069,Duzce University,Türkiye,Asia,Yörük,,,https://www.usnews.com/education/best-global-universities/duzce-university-530069
usn-university-of-west-attica-530310,University of West Attica,Greece,Europe,Egaleo,,,https://www.usnews.com/education/best-global-universities/university-of-west-attica-530310
usn-maria-curie-sklodowska-university-529239,Maria Curie-Sklodowska University,Poland,Europe,Lublin,,,https://www.usnews.com/education/best-global-universities/maria-curie-sklodowska-university-529239
usn-san-pablo-ceu-university-530306,San Pablo CEU University,Spain,Europe,Madrid,,,https://www.usnews.com/education/best-global-universities/san-pablo-ceu-university-530306
usn-texas-tech-university-health-sciences-center-229337,Texas Tech University Health Sciences Center,United States,North America,Lubbock,,,https://www.usnews.com/education/best-global-universities/texas-tech-university-health-sciences-center-229337
usn-universite-abou-bekr-belkaid-530781,Universite Abou Bekr Belkaid,Algeria,,Tlemcen,,,https://www.usnews.com/education/best-global-universities/universite-abou-bekr-belkaid-530781
usn-universite-de-haute-alsace-uha-528946,Universite de Haute-Alsace (UHA),France,Europe,Mulhouse,,,https://www.usnews.com/education/best-global-universities/universite-de-haute-alsace-uha-528946
usn-hainan-medical-university-530089,Hainan Medical University,China,,Haikou,,,https://www.usnews.com/education/best-global-universities/hainan-medical-university-530089
usn-koneru-lakshmaiah-education-foundation-k-l-deemed-to-be-university-530323,Koneru Lakshmaiah Education Foundation (K L Deemed to be University),India,Asia,Vaddeswaram,,,https://www.usnews.com/education/best-global-universities/koneru-lakshmaiah-education-foundation-k-l-deemed-to-be-university-530323
usn-liaoning-normal-university-530118,Liaoning Normal University,China,,Dalian,,,https://www.usnews.com/education/best-global-universities/liaoning-normal-university-530118
usn-shenyang-aerospace-university-529849,Shenyang Aerospace University,China,,Shenyang,,,https://www.usnews.com/education/best-global-universities/shenyang-aerospace-university-529849
usn-tokyo-womens-medical-university-529047,Tokyo Women's Medical University,Japan,Asia,Tokyo,,,https://www.usnews.com/education/best-global-universities/tokyo-womens-medical-university-529047
usn-xinyang-normal-university-529975,Xinyang Normal University,China,,Xinyang,,,https://www.usnews.com/education/best-global-universities/xinyang-normal-university-529975
usn-north-china-university-of-water-resources-and-electric-power-529824,North China University of Water Resources and Electric Power,China,,Zhengzhou,,,https://www.usnews.com/education/best-global-universities/north-china-university-of-water-resources-and-electric-power-529824
usn-saga-university-529232,Saga University,Japan,Asia,Saga,,,https://www.usnews.com/education/best-global-universities/saga-university-529232
usn-southwest-minzu-university-529977,Southwest Minzu University,China,,Chengdu,,,https://www.usnews.com/education/best-global-universities/southwest-minzu-university-529977
usn-universidade-federal-do-rio-grande-529672,Universidade Federal do Rio Grande,Brazil,Latin America,Rio Grande,,,https://www.usnews.com/education/best-global-universities/universidade-federal-do-rio-grande-529672
usn-dow-university-of-health-sciences-529934,Dow University of Health Sciences,Pakistan,Asia,Karachi,,,https://www.usnews.com/education/best-global-universities/dow-university-of-health-sciences-529934
usn-kocaeli-university-529277,Kocaeli University,Türkiye,Asia,Umuttepe Yerleskesi,,,https://www.usnews.com/education/best-global-universities/kocaeli-university-529277
usn-kurume-university-529122,Kurume University,Japan,Asia,Kurume,,,https://www.usnews.com/education/best-global-universities/kurume-university-529122
usn-tshwane-university-of-technology-529469,Tshwane University of Technology,South Africa,Africa,Pretoria,,,https://www.usnews.com/education/best-global-universities/tshwane-university-of-technology-529469
usn-hirosaki-university-529263,Hirosaki University,Japan,Asia,Hirosaki,,,https://www.usnews.com/education/best-global-universities/hirosaki-university-529263
usn-national-institute-of-technology-warangal-529770,National Institute of Technology Warangal,India,Asia,Warangal,,,https://www.usnews.com/education/best-global-universities/national-institute-of-technology-warangal-529770
usn-university-of-oradea-530265,University of Oradea,Romania,Europe,Romania,,,https://www.usnews.com/education/best-global-universities/university-of-oradea-530265
usn-gauhati-university-529649,Gauhati University,India,Asia,Guwahai,,,https://www.usnews.com/education/best-global-universities/gauhati-university-529649
usn-hafr-albatin-university-530782,Hafr Albatin University,Saudi Arabia,Asia,Hafar Al Batin,,,https://www.usnews.com/education/best-global-universities/hafr-albatin-university-530782
usn-medical-university-of-bialystok-529631,Medical University of Bialystok,Poland,Europe,Bialystok,,,https://www.usnews.com/education/best-global-universities/medical-university-of-bialystok-529631
usn-ming-chi-university-of-technology-529894,Ming Chi University of Technology,Taiwan,Asia,New Taipei City,,,https://www.usnews.com/education/best-global-universities/ming-chi-university-of-technology-529894
usn-shanmugha-arts-science-technology-and-research-academy-529523,"Shanmugha Arts, Science, Technology and Research Academy",India,Asia,Thanjavur,,,https://www.usnews.com/education/best-global-universities/shanmugha-arts-science-technology-and-research-academy-529523
usn-university-of-south-dakota-219471,University of South Dakota,United States,North America,Vermillion,,,https://www.usnews.com/education/best-global-universities/university-of-south-dakota-219471
usn-university-of-veterinary-medicine-hannover-foundation-529714,"University of Veterinary Medicine Hannover, Foundation",Germany,Europe,Hannover,,,https://www.usnews.com/education/best-global-universities/university-of-veterinary-medicine-hannover-foundation-529714
usn-china-west-normal-university-529957,China West Normal University,China,,Nanchong,,,https://www.usnews.com/education/best-global-universities/china-west-normal-university-529957
usn-texas-christian-university-228875,Texas Christian University,United States,North America,Fort Worth,,,https://www.usnews.com/education/best-global-universities/texas-christian-university-228875
usn-university-of-jj-strossmayer-osijek-529579,University of JJ Strossmayer Osijek,Croatia,Europe,Osijek,,,https://www.usnews.com/education/best-global-universities/university-of-jj-strossmayer-osijek-529579
usn-university-of-montenegro-530066,University of Montenegro,Montenegro,,Podgorica,,,https://www.usnews.com/education/best-global-universities/university-of-montenegro-530066
usn-vetagro-sup-529725,VetAgro Sup,France,Europe,Marcy-l'Etoile,,,https://www.usnews.com/education/best-global-universities/vetagro-sup-529725
usn-recep-tayyip-erdogan-university-530141,Recep Tayyip Erdogan University,Türkiye,Asia,Merkez,,,https://www.usnews.com/education/best-global-universities/recep-tayyip-erdogan-university-530141
usn-universita-mediterranea-di-reggio-calabria-529840,Universita Mediterranea di Reggio Calabria,Italy,Europe,Reggio Calabria,,,https://www.usnews.com/education/best-global-universities/universita-mediterranea-di-reggio-calabria-529840
usn-almaarefa-university-530783,Almaarefa University,Saudi Arabia,Asia,Riyadh,,,https://www.usnews.com/education/best-global-universities/almaarefa-university-530783
usn-ecole-nationale-veterinaire-dalfort-529353,Ecole Nationale Veterinaire d'Alfort,France,Europe,Maisons-Alfort,,,https://www.usnews.com/education/best-global-universities/ecole-nationale-veterinaire-dalfort-529353
usn-fukuoka-university-529259,Fukuoka University,Japan,Asia,Fukuoka,,,https://www.usnews.com/education/best-global-universities/fukuoka-university-529259
usn-nanchang-institute-technology-530589,Nanchang Institute Technology,China,,Nanchang,,,https://www.usnews.com/education/best-global-universities/nanchang-institute-technology-530589
usn-university-of-leoben-529074,University of Leoben,Austria,Europe,Leoben,,,https://www.usnews.com/education/best-global-universities/university-of-leoben-529074
usn-university-zanjan-530052,University Zanjan,Iran,Asia,Zanjan,,,https://www.usnews.com/education/best-global-universities/university-zanjan-530052
usn-gik-institute-engineering-science-technology-530592,GIK Institute Engineering Science & Technology,Pakistan,Asia,Topi,,,https://www.usnews.com/education/best-global-universities/gik-institute-engineering-science-technology-530592
usn-harran-university-530058,Harran University,Türkiye,Asia,Şanlıurfa,,,https://www.usnews.com/education/best-global-universities/harran-university-530058
usn-hebei-medical-university-529919,Hebei Medical University,China,,Shijiazhuang,,,https://www.usnews.com/education/best-global-universities/hebei-medical-university-529919
usn-hubei-university-of-science-technology-530597,Hubei University of Science & Technology,China,,Xianning,,,https://www.usnews.com/education/best-global-universities/hubei-university-of-science-technology-530597
usn-lobachevsky-state-university-nizhni-novgorod-529207,Lobachevsky State University Nizhni Novgorod,Russia,Europe,Nizhny Novgorod,,,https://www.usnews.com/education/best-global-universities/lobachevsky-state-university-nizhni-novgorod-529207
usn-national-institute-of-technology-silchar-529775,National Institute of Technology Silchar,India,Asia,Silchar,,,https://www.usnews.com/education/best-global-universities/national-institute-of-technology-silchar-529775
usn-punjab-agricultural-university-529438,Punjab Agricultural University,India,Asia,Ludhiana,,,https://www.usnews.com/education/best-global-universities/punjab-agricultural-university-529438
usn-yunnan-agricultural-university-529760,Yunnan Agricultural University,China,,Kunming,,,https://www.usnews.com/education/best-global-universities/yunnan-agricultural-university-529760
usn-lucian-blaga-university-of-sibiu-530784,Lucian Blaga University of Sibiu,Romania,Europe,Sibiu,,,https://www.usnews.com/education/best-global-universities/lucian-blaga-university-of-sibiu-530784
usn-national-institute-of-technology-patna-530249,National Institute of Technology Patna,India,Asia,Bihar,,,https://www.usnews.com/education/best-global-universities/national-institute-of-technology-patna-530249
usn-santa-clara-university-122931,Santa Clara University,United States,North America,San Jose,,,https://www.usnews.com/education/best-global-universities/santa-clara-university-122931
usn-shahrekord-university-529831,Shahrekord University,Iran,Asia,Shahrekord,,,https://www.usnews.com/education/best-global-universities/shahrekord-university-529831
usn-soongsil-university-529260,Soongsil University,South Korea,Asia,Seoul,,,https://www.usnews.com/education/best-global-universities/soongsil-university-529260
usn-universidad-de-la-rioja-529556,Universidad de La Rioja,Spain,Europe,Logrono,,,https://www.usnews.com/education/best-global-universities/universidad-de-la-rioja-529556
usn-zhejiang-chinese-medical-university-529949,Zhejiang Chinese Medical University,China,,Hangzhou,,,https://www.usnews.com/education/best-global-universities/zhejiang-chinese-medical-university-529949
usn-jean-monnet-university-501383,Jean Monnet University,France,Europe,Saint-Etienne,,,https://www.usnews.com/education/best-global-universities/jean-monnet-university-501383
usn-medical-university-of-lublin-529305,Medical University of Lublin,Poland,Europe,Lublin,,,https://www.usnews.com/education/best-global-universities/medical-university-of-lublin-529305
usn-national-university-of-mar-del-plata-529217,National University of Mar del Plata,Argentina,Latin America,Buenos Aires,,,https://www.usnews.com/education/best-global-universities/national-university-of-mar-del-plata-529217
usn-northwest-normal-university-china-529605,Northwest Normal University - China,China,,Lanzhou,,,https://www.usnews.com/education/best-global-universities/northwest-normal-university-china-529605
usn-shaanxi-university-of-technology-530439,Shaanxi University of Technology,China,,Hantai District,,,https://www.usnews.com/education/best-global-universities/shaanxi-university-of-technology-530439
usn-universidade-estadual-de-londrina-529115,Universidade Estadual de Londrina,Brazil,Latin America,Londrina,,,https://www.usnews.com/education/best-global-universities/universidade-estadual-de-londrina-529115
usn-university-of-technology-of-compiegne-529344,University of Technology of Compiegne,France,Europe,Compiegne,,,https://www.usnews.com/education/best-global-universities/university-of-technology-of-compiegne-529344
usn-christ-university-530591,Christ University,India,Asia,Bengaluru,,,https://www.usnews.com/education/best-global-universities/christ-university-530591
usn-nitte-deemed-to-be-university-530785,NITTE (Deemed to be University),India,Asia,Mangaluru,,,https://www.usnews.com/education/best-global-universities/nitte-deemed-to-be-university-530785
usn-semnan-university-529459,Semnan University,Iran,Asia,Semnan,,,https://www.usnews.com/education/best-global-universities/semnan-university-529459
usn-visva-bharati-university-529447,Visva Bharati University,India,Asia,Santiniketan,,,https://www.usnews.com/education/best-global-universities/visva-bharati-university-529447
usn-xinxiang-medical-university-529948,Xinxiang Medical University,China,,Xinxiang,,,https://www.usnews.com/education/best-global-universities/xinxiang-medical-university-529948
usn-sichuan-university-of-science-and-engineering-529979,Sichuan University of Science and Engineering,China,,Zigong,,,https://www.usnews.com/education/best-global-universities/sichuan-university-of-science-and-engineering-529979
usn-technische-universitat-ilmenau-529347,Technische Universitat Ilmenau,Germany,Europe,Ilmenau,,,https://www.usnews.com/education/best-global-universities/technische-universitat-ilmenau-529347
usn-toho-university-529265,Toho University,Japan,Asia,Tokyo,,,https://www.usnews.com/education/best-global-universities/toho-university-529265
usn-university-of-allahabad-530287,University of Allahabad,India,Asia,Prayagraj,,,https://www.usnews.com/education/best-global-universities/university-of-allahabad-530287
usn-university-of-science-and-technology-houari-boumediene-529820,University of Science and Technology Houari Boumediene,Algeria,,Algiers,,,https://www.usnews.com/education/best-global-universities/university-of-science-and-technology-houari-boumediene-529820
usn-birla-institute-of-technology-mesra-529871,Birla Institute of Technology Mesra,India,Asia,Ranchi,,,https://www.usnews.com/education/best-global-universities/birla-institute-of-technology-mesra-529871
usn-jianghan-university-530073,Jianghan University,China,,Wuhan,,,https://www.usnews.com/education/best-global-universities/jianghan-university-530073
usn-hubei-normal-university-530283,Hubei Normal University,China,,Huangshi,,,https://www.usnews.com/education/best-global-universities/hubei-normal-university-530283
usn-mersin-university-528942,Mersin University,Türkiye,Asia,Mersin,,,https://www.usnews.com/education/best-global-universities/mersin-university-528942
usn-ssn-college-of-engineering-530289,SSN College of Engineering,India,Asia,Tamil Nadu,,,https://www.usnews.com/education/best-global-universities/ssn-college-of-engineering-530289
usn-chaoyang-university-of-technology-530191,Chaoyang University of Technology,Taiwan,Asia,Taichung City,,,https://www.usnews.com/education/best-global-universities/chaoyang-university-of-technology-530191
usn-inje-university-500285,Inje University,South Korea,Asia,Gimhae-si,,,https://www.usnews.com/education/best-global-universities/inje-university-500285
usn-keimyung-university-529536,Keimyung University,South Korea,Asia,Daegu,,,https://www.usnews.com/education/best-global-universities/keimyung-university-529536
usn-tokyo-university-of-marine-science-technology-530054,Tokyo University of Marine Science & Technology,Japan,Asia,Minato City,,,https://www.usnews.com/education/best-global-universities/tokyo-university-of-marine-science-technology-530054
usn-universidade-estadual-de-maringa-529117,Universidade Estadual de Maringa,Brazil,Latin America,Maringa,,,https://www.usnews.com/education/best-global-universities/universidade-estadual-de-maringa-529117
usn-universite-badji-mokhtar-annaba-529722,Université Badji Mokhtar--Annaba,Algeria,,Annaba,,,https://www.usnews.com/education/best-global-universities/universite-badji-mokhtar-annaba-529722
usn-bozok-university-530281,Bozok University,Türkiye,Asia,Yozgat Merkez/Yozgat,,,https://www.usnews.com/education/best-global-universities/bozok-university-530281
usn-jichi-medical-university-529127,Jichi Medical University,Japan,Asia,Shimotsuke,,,https://www.usnews.com/education/best-global-universities/jichi-medical-university-529127
usn-periyar-university-530293,Periyar University,India,Asia,Mayur Vihar,,,https://www.usnews.com/education/best-global-universities/periyar-university-530293
usn-siksha-o-anusandhan-university-530099,Siksha 'O' Anusandhan University,India,Asia,Bhubaneswar,,,https://www.usnews.com/education/best-global-universities/siksha-o-anusandhan-university-530099
usn-universidad-francisco-de-vitoria-530590,Universidad Francisco de Vitoria,Spain,Europe,Pozuelo de Alarcón,,,https://www.usnews.com/education/best-global-universities/universidad-francisco-de-vitoria-530590
usn-universite-de-technologie-de-belfort-montbeliard-utbm-529767,Université de Technologie de Belfort-Montbéliard (UTBM),France,Europe,Belfort,,,https://www.usnews.com/education/best-global-universities/universite-de-technologie-de-belfort-montbeliard-utbm-529767
usn-university-of-kashmir-530084,University of Kashmir,India,Asia,Srinagar,,,https://www.usnews.com/education/best-global-universities/university-of-kashmir-530084
usn-university-of-southern-mississippi-176372,University of Southern Mississippi,United States,North America,Hattiesburg,,,https://www.usnews.com/education/best-global-universities/university-of-southern-mississippi-176372
usn-gannan-normal-university-530425,Gannan Normal University,China,,Ganzhou,,,https://www.usnews.com/education/best-global-universities/gannan-normal-university-530425
usn-louisiana-state-university-health-sciences-center-shreveport-529937,Louisiana State University Health Sciences Center--Shreveport,United States,North America,Shreveport,,,https://www.usnews.com/education/best-global-universities/louisiana-state-university-health-sciences-center-shreveport-529937
usn-university-of-science-and-technology-liaoning-529900,University of Science and Technology Liaoning,China,,Anshan,,,https://www.usnews.com/education/best-global-universities/university-of-science-and-technology-liaoning-529900
usn-wroclaw-university-of-environmental-and-life-sciences-529558,Wrocław University of Environmental and Life Sciences,Poland,Europe,Wroclaw,,,https://www.usnews.com/education/best-global-universities/wroclaw-university-of-environmental-and-life-sciences-529558
usn-chengdu-university-of-information-technology-530085,Chengdu University of Information Technology,China,,Chengdu,,,https://www.usnews.com/education/best-global-universities/chengdu-university-of-information-technology-530085
usn-dalian-minzu-university-530336,Dalian Minzu University,China,,Dalian,,,https://www.usnews.com/education/best-global-universities/dalian-minzu-university-530336
usn-huaiyin-normal-university-530064,Huaiyin Normal University,China,,Huaian,,,https://www.usnews.com/education/best-global-universities/huaiyin-normal-university-530064
usn-shanxi-normal-university-530121,Shanxi Normal University,China,,Xi'an,,,https://www.usnews.com/education/best-global-universities/shanxi-normal-university-530121
usn-universidad-autonoma-de-baja-california-529594,Universidad Autonoma de Baja California,Mexico,Latin America,Mexicali,,,https://www.usnews.com/education/best-global-universities/universidad-autonoma-de-baja-california-529594
usn-universidad-de-huelva-529193,Universidad de Huelva,Spain,Europe,Huelva,,,https://www.usnews.com/education/best-global-universities/universidad-de-huelva-529193
usn-universidade-federal-de-mato-grosso-529468,Universidade Federal de Mato Grosso,Brazil,Latin America,Mato Grosso,,,https://www.usnews.com/education/best-global-universities/universidade-federal-de-mato-grosso-529468
usn-university-of-south-alabama-102094,University of South Alabama,United States,North America,Mobile,,,https://www.usnews.com/education/best-global-universities/university-of-south-alabama-102094
usn-hebei-university-of-science-technology-530112,Hebei University of Science & Technology,China,,Shijiazhuang,,,https://www.usnews.com/education/best-global-universities/hebei-university-of-science-technology-530112
usn-north-china-university-of-science-and-technology-529518,North China University of Science and Technology,China,,Tangshen,,,https://www.usnews.com/education/best-global-universities/north-china-university-of-science-and-technology-529518
usn-dunarea-de-jos-university-galati-530308,Dunarea De Jos University Galati,Romania,Europe,Galați,,,https://www.usnews.com/education/best-global-universities/dunarea-de-jos-university-galati-530308
usn-sinop-university-529790,Sinop University,Türkiye,Asia,Sinop,,,https://www.usnews.com/education/best-global-universities/sinop-university-529790
usn-university-of-molise-529577,University of Molise,Italy,Europe,Campobasso,,,https://www.usnews.com/education/best-global-universities/university-of-molise-529577
usn-changshu-institute-of-technology-530312,Changshu Institute of Technology,China,,Jiangsu,,,https://www.usnews.com/education/best-global-universities/changshu-institute-of-technology-530312
usn-cumhuriyet-university-530091,Cumhuriyet University,Türkiye,Asia,Merkez,,,https://www.usnews.com/education/best-global-universities/cumhuriyet-university-530091
usn-jiangsu-ocean-university-530321,Jiangsu Ocean University,China,,Lianyungang,,,https://www.usnews.com/education/best-global-universities/jiangsu-ocean-university-530321
usn-luoyang-normal-university-529964,Luoyang Normal University,China,,Luoyang,,,https://www.usnews.com/education/best-global-universities/luoyang-normal-university-529964
usn-shahid-sadoughi-university-of-medical-sciences-530786,Shahid Sadoughi University of Medical Sciences,Iran,Asia,Yazd,,,https://www.usnews.com/education/best-global-universities/shahid-sadoughi-university-of-medical-sciences-530786
usn-shandong-university-of-traditional-chinese-medicine-530106,Shandong University of Traditional Chinese Medicine,China,,Jinan,,,https://www.usnews.com/education/best-global-universities/shandong-university-of-traditional-chinese-medicine-530106
usn-universidad-catolica-de-murcia-529906,Universidad Catolica de Murcia,Spain,Europe,Murcia,,,https://www.usnews.com/education/best-global-universities/universidad-catolica-de-murcia-529906
usn-xian-polytechnic-university-530156,Xi'an Polytechnic University,China,,Xi'an,,,https://www.usnews.com/education/best-global-universities/xian-polytechnic-university-530156
usn-gaziantep-university-528972,Gaziantep University,Türkiye,Asia,Gaziantep,,,https://www.usnews.com/education/best-global-universities/gaziantep-university-528972
usn-henan-institute-of-science-technology-530107,Henan Institute of Science & Technology,China,,"Xinxiang,",,,https://www.usnews.com/education/best-global-universities/henan-institute-of-science-technology-530107
usn-nippon-medical-school-529119,Nippon Medical School,Japan,Asia,Tokyo,,,https://www.usnews.com/education/best-global-universities/nippon-medical-school-529119
usn-university-of-bergamo-530067,University of Bergamo,Italy,Europe,Bergamo,,,https://www.usnews.com/education/best-global-universities/university-of-bergamo-530067
usn-claremont-graduate-university-530002,Claremont Graduate University,United States,North America,Claremont,,,https://www.usnews.com/education/best-global-universities/claremont-graduate-university-530002
usn-edge-hill-university-530096,Edge Hill University,United Kingdom,Europe,Ormskirk,,,https://www.usnews.com/education/best-global-universities/edge-hill-university-530096
usn-liaoning-university-of-technology-529801,Liaoning University of Technology,China,,Jinzhou,,,https://www.usnews.com/education/best-global-universities/liaoning-university-of-technology-529801
usn-qinghai-university-530077,Qinghai University,China,,Qinghai,,,https://www.usnews.com/education/best-global-universities/qinghai-university-530077
usn-eskisehir-osmangazi-university-529293,Eskisehir Osmangazi University,Türkiye,Asia,Meselik Yerleskesi,,,https://www.usnews.com/education/best-global-universities/eskisehir-osmangazi-university-529293
usn-mid-sweden-university-529628,Mid-Sweden University,Sweden,Europe,Sundsvall,,,https://www.usnews.com/education/best-global-universities/mid-sweden-university-529628
usn-annamalai-university-529255,Annamalai University,India,Asia,Annamalai nagar,,,https://www.usnews.com/education/best-global-universities/annamalai-university-529255
usn-east-tennessee-state-university-220075,East Tennessee State University,United States,North America,Johnson City,,,https://www.usnews.com/education/best-global-universities/east-tennessee-state-university-220075
usn-shandong-jianzhu-university-529832,Shandong Jianzhu University,China,,Jinan,,,https://www.usnews.com/education/best-global-universities/shandong-jianzhu-university-529832
usn-university-of-colorado-at-colorado-springs-530588,University of Colorado at Colorado Springs,United States,North America,Colorado Springs,,,https://www.usnews.com/education/best-global-universities/university-of-colorado-at-colorado-springs-530588
usn-victor-babes-university-of-medicine-and-pharmacy-timisoara-529547,"Victor Babes University of Medicine and Pharmacy, Timisoara",Romania,Europe,Timisoara,,,https://www.usnews.com/education/best-global-universities/victor-babes-university-of-medicine-and-pharmacy-timisoara-529547
usn-nagaoka-university-of-technology-529077,Nagaoka University of Technology,Japan,Asia,Nagaoka,,,https://www.usnews.com/education/best-global-universities/nagaoka-university-of-technology-529077
usn-tomas-bata-university-zlin-530194,Tomas Bata University Zlin,Czech Republic,,Zlín,,,https://www.usnews.com/education/best-global-universities/tomas-bata-university-zlin-530194
usn-university-of-north-carolina-wilmington-199218,University of North Carolina--Wilmington,United States,North America,Wilmington,,,https://www.usnews.com/education/best-global-universities/university-of-north-carolina-wilmington-199218
usn-university-of-puerto-rico-medical-sciences-campus-243203,University of Puerto Rico--Medical Sciences Campus,United States,North America,San Juan,,,https://www.usnews.com/education/best-global-universities/university-of-puerto-rico-medical-sciences-campus-243203
usn-institute-of-chemical-technology-mumbai-529413,Institute of Chemical Technology - Mumbai,India,Asia,Mumbai,,,https://www.usnews.com/education/best-global-universities/institute-of-chemical-technology-mumbai-529413
usn-institut-national-des-sciences-appliquees-de-toulouse-529716,Institut National des Sciences Appliquées de Toulouse,France,Europe,Toulouse,,,https://www.usnews.com/education/best-global-universities/institut-national-des-sciences-appliquees-de-toulouse-529716
usn-pochon-cha-university-529476,Pochon Cha University,South Korea,Asia,Pocheon,,,https://www.usnews.com/education/best-global-universities/pochon-cha-university-529476
usn-tianjin-university-of-traditional-chinese-medicine-530110,Tianjin University of Traditional Chinese Medicine,China,,Tianjin,,,https://www.usnews.com/education/best-global-universities/tianjin-university-of-traditional-chinese-medicine-530110
usn-universidade-tecnologica-federal-do-parana-529590,Universidade Tecnologica Federal do Parana,Brazil,Latin America,Curitiba,,,https://www.usnews.com/education/best-global-universities/universidade-tecnologica-federal-do-parana-529590
usn-universite-de-dschang-530594,Universite de Dschang,Cameroon,,Dschang,,,https://www.usnews.com/education/best-global-universities/universite-de-dschang-530594
usn-islamic-university-college-507428,Islamic University College,Iraq,Asia,Najaf,,,https://www.usnews.com/education/best-global-universities/islamic-university-college-507428
usn-universidad-de-burgos-530018,Universidad de Burgos,Spain,Europe,Burgos,,,https://www.usnews.com/education/best-global-universities/universidad-de-burgos-530018
usn-university-of-rzeszow-529560,University of Rzeszow,Poland,Europe,Rzeszow,,,https://www.usnews.com/education/best-global-universities/university-of-rzeszow-529560
usn-xinjiang-medical-university-529930,Xinjiang Medical University,China,,Ürümqi,,,https://www.usnews.com/education/best-global-universities/xinjiang-medical-university-529930
usn-national-institute-of-technology-jamshedpur-530668,National Institute of Technology Jamshedpur,India,Asia,Jamshedpur,,,https://www.usnews.com/education/best-global-universities/national-institute-of-technology-jamshedpur-530668
usn-ningbo-university-of-technology-530433,Ningbo University of Technology,China,,Ningbo,,,https://www.usnews.com/education/best-global-universities/ningbo-university-of-technology-530433
usn-trent-university-499979,Trent University,Canada,North America,Peterborough,,,https://www.usnews.com/education/best-global-universities/trent-university-499979
usn-universidad-autonoma-de-san-luis-potosi-528932,Universidad Autonoma de San Luis Potosi,Mexico,Latin America,Mexico City,,,https://www.usnews.com/education/best-global-universities/universidad-autonoma-de-san-luis-potosi-528932
usn-kafkas-university-529317,Kafkas University,Türkiye,Asia,Merkez,,,https://www.usnews.com/education/best-global-universities/kafkas-university-529317
usn-kalasalingam-academy-of-research-education-530304,Kalasalingam Academy of Research & Education,India,Asia,Krishnankoil Srivilliputhur,,,https://www.usnews.com/education/best-global-universities/kalasalingam-academy-of-research-education-530304
usn-lusofona-university-530593,Lusofona University,Portugal,Europe,Lisbon,,,https://www.usnews.com/education/best-global-universities/lusofona-university-530593
usn-polytechnic-university-of-timisoara-529464,Polytechnic University of Timisoara,Romania,Europe,Timisoara,,,https://www.usnews.com/education/best-global-universities/polytechnic-university-of-timisoara-529464
usn-wakayama-medical-university-529624,Wakayama Medical University,Japan,Asia,Wakayama,,,https://www.usnews.com/education/best-global-universities/wakayama-medical-university-529624
usn-xiamen-university-of-technology-529817,Xiamen University of Technology,China,,Xiamen,,,https://www.usnews.com/education/best-global-universities/xiamen-university-of-technology-529817
usn-zunyi-medical-university-530104,Zunyi Medical University,China,,"Zunyi, Guizhou",,,https://www.usnews.com/education/best-global-universities/zunyi-medical-university-530104
usn-kitasato-university-505240,Kitasato University,Japan,Asia,Tokyo,,,https://www.usnews.com/education/best-global-universities/kitasato-university-505240
usn-shivaji-university-529073,Shivaji University,India,Asia,Kolhapur,,,https://www.usnews.com/education/best-global-universities/shivaji-university-529073
usn-universidade-federal-de-sao-joao-del-rei-529322,Universidade Federal de Sao Joao del-Rei,Brazil,Latin America,Sao Joao del-Rei,,,https://www.usnews.com/education/best-global-universities/universidade-federal-de-sao-joao-del-rei-529322
usn-yanbian-university-529511,Yanbian University,China,,Yanji,,,https://www.usnews.com/education/best-global-universities/yanbian-university-529511
usn-dali-university-530332,Dali University,China,,Dali,,,https://www.usnews.com/education/best-global-universities/dali-university-530332
usn-shimane-university-529295,Shimane University,Japan,Asia,Matsue,,,https://www.usnews.com/education/best-global-universities/shimane-university-529295
usn-chongqing-university-of-arts-and-sciences-529897,Chongqing University of Arts and Sciences,China,,Yongchuan,,,https://www.usnews.com/education/best-global-universities/chongqing-university-of-arts-and-sciences-529897
usn-chosun-university-529249,Chosun University,South Korea,Asia,Gwangju,,,https://www.usnews.com/education/best-global-universities/chosun-university-529249
usn-duquesne-university-212106,Duquesne University,United States,North America,Pittsburgh,,,https://www.usnews.com/education/best-global-universities/duquesne-university-212106
usn-erzincan-binali-yildirim-university-529318,Erzincan Binali Yildirim University,Türkiye,Asia,Erzincan merkez,,,https://www.usnews.com/education/best-global-universities/erzincan-binali-yildirim-university-529318
usn-guizhou-normal-university-530138,Guizhou Normal University,China,,Guiyang,,,https://www.usnews.com/education/best-global-universities/guizhou-normal-university-530138
usn-jilin-normal-university-529884,Jilin Normal University,China,,Siping,,,https://www.usnews.com/education/best-global-universities/jilin-normal-university-529884
usn-kastamonu-university-530322,Kastamonu University,Türkiye,Asia,Kastamonu,,,https://www.usnews.com/education/best-global-universities/kastamonu-university-530322
usn-universidade-federal-do-maranhao-530082,Universidade Federal do Maranhao,Brazil,Latin America,São Luís,,,https://www.usnews.com/education/best-global-universities/universidade-federal-do-maranhao-530082
usn-universidad-nacional-del-comahue-529608,Universidad Nacional del Comahue,Argentina,Latin America,Neuquen,,,https://www.usnews.com/education/best-global-universities/universidad-nacional-del-comahue-529608
usn-universite-de-bejaia-530788,Universite de Bejaia,Algeria,,Bejaia,,,https://www.usnews.com/education/best-global-universities/universite-de-bejaia-530788
usn-national-institute-of-technology-karnataka-529773,National Institute of Technology Karnataka,India,Asia,Mangalore,,,https://www.usnews.com/education/best-global-universities/national-institute-of-technology-karnataka-529773
usn-payame-noor-university-529865,Payame Noor University,Iran,Asia,Tehran,,,https://www.usnews.com/education/best-global-universities/payame-noor-university-529865
usn-universidad-catolica-del-maule-530349,Universidad Catolica del Maule,Chile,Latin America,Maule,,,https://www.usnews.com/education/best-global-universities/universidad-catolica-del-maule-530349
usn-universidad-de-sonora-530019,Universidad de Sonora,Mexico,Latin America,Hermosillo,,,https://www.usnews.com/education/best-global-universities/universidad-de-sonora-530019
usn-chouaib-doukkali-university-of-el-jadida-530607,Chouaib Doukkali University of El Jadida,Morocco,Africa,El Jadida,,,https://www.usnews.com/education/best-global-universities/chouaib-doukkali-university-of-el-jadida-530607
usn-instituto-politecnico-de-braganca-529114,Instituto Politecnico de Braganca,Portugal,Europe,Braganca,,,https://www.usnews.com/education/best-global-universities/instituto-politecnico-de-braganca-529114
usn-ningxia-medical-university-529941,Ningxia Medical University,China,,Yinchuan,,,https://www.usnews.com/education/best-global-universities/ningxia-medical-university-529941
usn-universidad-del-bio-bio-530302,Universidad del Bio-Bio,Chile,Latin America,Bio Bio,,,https://www.usnews.com/education/best-global-universities/universidad-del-bio-bio-530302
usn-acibadem-university-529928,Acibadem University,Türkiye,Asia,Istanbul,,,https://www.usnews.com/education/best-global-universities/acibadem-university-529928
usn-civil-aviation-university-of-china-529856,Civil Aviation University of China,China,,Tianjin,,,https://www.usnews.com/education/best-global-universities/civil-aviation-university-of-china-529856
usn-cleveland-state-university-202134,Cleveland State University,United States,North America,Cleveland,,,https://www.usnews.com/education/best-global-universities/cleveland-state-university-202134
usn-kunsan-national-university-529872,Kunsan National University,South Korea,Asia,Gunsan,,,https://www.usnews.com/education/best-global-universities/kunsan-national-university-529872
usn-persian-gulf-university-530601,Persian Gulf University,Iran,Asia,Bushehr,,,https://www.usnews.com/education/best-global-universities/persian-gulf-university-530601
usn-university-of-prince-edward-island-499971,University of Prince Edward Island,Canada,North America,Charlottetown,,,https://www.usnews.com/education/best-global-universities/university-of-prince-edward-island-499971
usn-yancheng-teachers-university-530438,Yancheng Teachers University,China,,Yancheng,,,https://www.usnews.com/education/best-global-universities/yancheng-teachers-university-530438
usn-yildirim-beyazit-university-530103,Yildirim Beyazit University,Türkiye,Asia,Ankara,,,https://www.usnews.com/education/best-global-universities/yildirim-beyazit-university-530103
usn-hamamatsu-university-school-of-medicine-529625,Hamamatsu University School of Medicine,Japan,Asia,Hamamatsu,,,https://www.usnews.com/education/best-global-universities/hamamatsu-university-school-of-medicine-529625
usn-saint-marianna-university-529908,Saint Marianna University,Japan,Asia,Kawasaki City,,,https://www.usnews.com/education/best-global-universities/saint-marianna-university-529908
usn-university-of-dayton-202480,University of Dayton,United States,North America,Dayton,,,https://www.usnews.com/education/best-global-universities/university-of-dayton-202480
usn-adiyaman-university-529319,Adiyaman University,Türkiye,Asia,Adiyaman merkez,,,https://www.usnews.com/education/best-global-universities/adiyaman-university-529319
usn-naresuan-university-530075,Naresuan University,Thailand,Asia,Phitsanulok,,,https://www.usnews.com/education/best-global-universities/naresuan-university-530075
usn-razi-university-529417,Razi University,Iran,Asia,Taq-e Bostan,,,https://www.usnews.com/education/best-global-universities/razi-university-529417
usn-saint-marys-university-canada-530317,Saint Marys University - Canada,Canada,North America,Nova Scotia,,,https://www.usnews.com/education/best-global-universities/saint-marys-university-canada-530317
usn-guangdong-polytechnic-normal-university-530603,Guangdong Polytechnic Normal University,China,,Tianhe,,,https://www.usnews.com/education/best-global-universities/guangdong-polytechnic-normal-university-530603
usn-indian-institute-of-science-education-research-iiser---thiruvananthapuram-530435,Indian Institute of Science Education & Research (IISER) - Thiruvananthapuram,India,Asia,Vithura,,,https://www.usnews.com/education/best-global-universities/indian-institute-of-science-education-research-iiser---thiruvananthapuram-530435
usn-xijing-university-530358,Xijing University,China,,Xi’an,,,https://www.usnews.com/education/best-global-universities/xijing-university-530358
usn-central-school-of-lyon-529054,Central School of Lyon,France,Europe,Ecully,,,https://www.usnews.com/education/best-global-universities/central-school-of-lyon-529054
usn-kansai-medical-university-529913,Kansai Medical University,Japan,Asia,Hirakata,,,https://www.usnews.com/education/best-global-universities/kansai-medical-university-529913
usn-universidade-federal-rural-de-pernambuco-ufrpe-529592,Universidade Federal Rural de Pernambuco (UFRPE),Brazil,Latin America,Recife,,,https://www.usnews.com/education/best-global-universities/universidade-federal-rural-de-pernambuco-ufrpe-529592
usn-babasaheb-bhimrao-ambedkar-university-530789,Babasaheb Bhimrao Ambedkar University,India,Asia,Lucknow,,,https://www.usnews.com/education/best-global-universities/babasaheb-bhimrao-ambedkar-university-530789
usn-laurentian-university-529599,Laurentian University,Canada,North America,Sudbury,,,https://www.usnews.com/education/best-global-universities/laurentian-university-529599
usn-nanning-normal-university-530447,Nanning Normal University,China,,Nanning,,,https://www.usnews.com/education/best-global-universities/nanning-normal-university-530447
usn-universidade-federal-de-amazonas-530010,Universidade Federal de Amazonas,Brazil,Latin America,Manaus,,,https://www.usnews.com/education/best-global-universities/universidade-federal-de-amazonas-530010
usn-aichi-medical-university-529374,Aichi Medical University,Japan,Asia,Nagakute,,,https://www.usnews.com/education/best-global-universities/aichi-medical-university-529374
usn-beijing-sport-university-530790,Beijing Sport University,China,,Beijing,,,https://www.usnews.com/education/best-global-universities/beijing-sport-university-530790
usn-centre-of-postgraduate-medical-education-529907,Centre of Postgraduate Medical Education,Poland,Europe,Warsaw,,,https://www.usnews.com/education/best-global-universities/centre-of-postgraduate-medical-education-529907
usn-gandhi-institute-of-technology-management-gitam-530314,Gandhi Institute of Technology & Management (GITAM),India,Asia,Visakhapatnam,,,https://www.usnews.com/education/best-global-universities/gandhi-institute-of-technology-management-gitam-530314
usn-universidad-catolica-de-la-santisima-concepcion-530285,Universidad Catolica de la Santisima Concepcion,Chile,Latin America,Concepcion,,,https://www.usnews.com/education/best-global-universities/universidad-catolica-de-la-santisima-concepcion-530285
usn-universite-perpignan-via-domitia-529018,Universite Perpignan Via Domitia,France,Europe,Perpignan,,,https://www.usnews.com/education/best-global-universities/universite-perpignan-via-domitia-529018
usn-changsha-university-530671,Changsha University,China,,Changsha,,,https://www.usnews.com/education/best-global-universities/changsha-university-530671
usn-inner-mongolia-agricultural-university-530105,Inner Mongolia Agricultural University,China,,Hohhot,,,https://www.usnews.com/education/best-global-universities/inner-mongolia-agricultural-university-530105
usn-saratov-state-university-529657,Saratov State University,Russia,Europe,Saratov,,,https://www.usnews.com/education/best-global-universities/saratov-state-university-529657
usn-visvesvaraya-technological-university-530468,Visvesvaraya Technological University,India,Asia,Belagavi,,,https://www.usnews.com/education/best-global-universities/visvesvaraya-technological-university-530468
usn-wannan-medical-college-530145,Wannan Medical College,China,,Wuhu,,,https://www.usnews.com/education/best-global-universities/wannan-medical-college-530145
usn-amrita-vishwa-vidyapeetham-coimbatore-530605,Amrita Vishwa Vidyapeetham Coimbatore,India,Asia,Coimbatore,,,https://www.usnews.com/education/best-global-universities/amrita-vishwa-vidyapeetham-coimbatore-530605
usn-hunan-university-of-chinese-medicine-530079,Hunan University of Chinese Medicine,China,,Changsha City,,,https://www.usnews.com/education/best-global-universities/hunan-university-of-chinese-medicine-530079
usn-karabuk-university-530124,Karabuk University,Türkiye,Asia,Kılavuzlar/Karabük Merkez,,,https://www.usnews.com/education/best-global-universities/karabuk-university-530124
usn-nanjing-xiaozhuang-university-530599,Nanjing Xiaozhuang University,China,,Nanjing,,,https://www.usnews.com/education/best-global-universities/nanjing-xiaozhuang-university-530599
usn-west-pomeranian-university-of-technology-529891,West Pomeranian University of Technology,Poland,Europe,Szczecin,,,https://www.usnews.com/education/best-global-universities/west-pomeranian-university-of-technology-529891
usn-anhui-jianzhu-university-530328,Anhui Jianzhu University,China,,Hefei,,,https://www.usnews.com/education/best-global-universities/anhui-jianzhu-university-530328
usn-hainan-normal-university-530344,Hainan Normal University,China,,Hainan,,,https://www.usnews.com/education/best-global-universities/hainan-normal-university-530344
usn-kyorin-university-529361,Kyorin University,Japan,Asia,Tokyo,,,https://www.usnews.com/education/best-global-universities/kyorin-university-529361
usn-tu-clausthal-529078,TU Clausthal,Germany,Europe,Clausthal-Zellerfeld,,,https://www.usnews.com/education/best-global-universities/tu-clausthal-529078
usn-chuzhou-university-530791,Chuzhou University,China,,Anhui,,,https://www.usnews.com/education/best-global-universities/chuzhou-university-530791
usn-gaziosmanpasa-university-528975,Gaziosmanpasa University,Türkiye,Asia,Tokat,,,https://www.usnews.com/education/best-global-universities/gaziosmanpasa-university-528975
usn-indian-institute-of-science-education-and-research-mohali-529967,Indian Institute of Science Education and Research - Mohali,India,Asia,SAS Nagar,,,https://www.usnews.com/education/best-global-universities/indian-institute-of-science-education-and-research-mohali-529967
usn-national-university-of-the-littoral-529233,National University of the Littoral,Argentina,Latin America,Santa Fe,,,https://www.usnews.com/education/best-global-universities/national-university-of-the-littoral-529233
usn-national-university-of-the-south-529267,National University of the South,Argentina,Latin America,Buenos Aires,,,https://www.usnews.com/education/best-global-universities/national-university-of-the-south-529267
usn-shanghai-university-of-medicine-health-sciences-530333,Shanghai University of Medicine & Health Sciences,China,,Shanghai,,,https://www.usnews.com/education/best-global-universities/shanghai-university-of-medicine-health-sciences-530333
usn-sultan-moulay-slimane-university-of-beni-mellal-530367,Sultan Moulay Slimane University of Beni Mellal,Morocco,Africa,Morocco,,,https://www.usnews.com/education/best-global-universities/sultan-moulay-slimane-university-of-beni-mellal-530367
usn-universidade-federal-do-piaui-530023,Universidade Federal do Piaui,Brazil,Latin America,Teresina,,,https://www.usnews.com/education/best-global-universities/universidade-federal-do-piaui-530023
usn-zhongyuan-university-of-technology-530155,Zhongyuan University of Technology,China,,Zhengzhou,,,https://www.usnews.com/education/best-global-universities/zhongyuan-university-of-technology-530155
usn-beijing-union-university-530792,Beijing Union University,China,,Beijing,,,https://www.usnews.com/education/best-global-universities/beijing-union-university-530792
usn-shandong-second-medical-university-530111,Shandong Second Medical University,China,,Weifang,,,https://www.usnews.com/education/best-global-universities/shandong-second-medical-university-530111
usn-kumoh-national-university-technology-530329,Kumoh National University Technology,South Korea,Asia,Gyeongbuk,,,https://www.usnews.com/education/best-global-universities/kumoh-national-university-technology-530329
usn-sam-houston-state-university-227881,Sam Houston State University,United States,North America,Huntsville,,,https://www.usnews.com/education/best-global-universities/sam-houston-state-university-227881
usn-university-of-yamanashi-529231,University of Yamanashi,Japan,Asia,Kofu,,,https://www.usnews.com/education/best-global-universities/university-of-yamanashi-529231
usn-chung-shan-medical-university-529116,Chung Shan Medical University,Taiwan,Asia,Taichung City,,,https://www.usnews.com/education/best-global-universities/chung-shan-medical-university-529116
usn-giresun-university-529785,Giresun University,Türkiye,Asia,Giresun,,,https://www.usnews.com/education/best-global-universities/giresun-university-529785
usn-illinois-state-university-145813,Illinois State University,United States,North America,Normal,,,https://www.usnews.com/education/best-global-universities/illinois-state-university-145813
usn-tyumen-state-university-529665,Tyumen State University,Russia,Europe,Tyumen,,,https://www.usnews.com/education/best-global-universities/tyumen-state-university-529665
usn-jiangxi-university-of-traditional-chinese-medicine-530117,Jiangxi University of Traditional Chinese Medicine,China,,Nanchang,,,https://www.usnews.com/education/best-global-universities/jiangxi-university-of-traditional-chinese-medicine-530117
usn-shahid-rajaee-teacher-training-university-srttu-530318,Shahid Rajaee Teacher Training University (SRTTU),Iran,Asia,Tehran,,,https://www.usnews.com/education/best-global-universities/shahid-rajaee-teacher-training-university-srttu-530318
usn-tianjin-chengjian-university-529858,Tianjin Chengjian University,China,,Tianjin,,,https://www.usnews.com/education/best-global-universities/tianjin-chengjian-university-529858
usn-universidad-de-guanajuato-529416,Universidad de Guanajuato,Mexico,Latin America,Guanajuato,,,https://www.usnews.com/education/best-global-universities/universidad-de-guanajuato-529416
usn-university-of-danang-530596,University of Danang,Vietnam,Asia,Danang,,,https://www.usnews.com/education/best-global-universities/university-of-danang-530596
usn-wright-state-university-206604,Wright State University,United States,North America,Dayton,,,https://www.usnews.com/education/best-global-universities/wright-state-university-206604
usn-dr-b-r-ambedkar-national-institute-of-technology-jalandhar-530305,Dr B R Ambedkar National Institute of Technology Jalandhar,India,Asia,Jalandhar,,,https://www.usnews.com/education/best-global-universities/dr-b-r-ambedkar-national-institute-of-technology-jalandhar-530305
usn-german-sport-university-cologne-529747,German Sport University Cologne,Germany,Europe,Cologne,,,https://www.usnews.com/education/best-global-universities/german-sport-university-cologne-529747
usn-university-of-teramo-530299,University of Teramo,Italy,Europe,Via Renato Balzarini,,,https://www.usnews.com/education/best-global-universities/university-of-teramo-530299
usn-manipal-university-jaipur-530602,Manipal University Jaipur,India,Asia,Jaipur,,,https://www.usnews.com/education/best-global-universities/manipal-university-jaipur-530602
usn-universidad-san-sebastian-530609,Universidad San Sebastian,Chile,Latin America,Santiago,,,https://www.usnews.com/education/best-global-universities/universidad-san-sebastian-530609
usn-university-of-burdwan-530288,University of Burdwan,India,Asia,Bardhaman,,,https://www.usnews.com/education/best-global-universities/university-of-burdwan-530288
usn-vel-tech-rangarajan-dr-sagunthala-rd-institute-of-science-technology-530651,Vel Tech Rangarajan Dr Sagunthala R&D Institute of Science & Technology,India,Asia,Chennai,,,https://www.usnews.com/education/best-global-universities/vel-tech-rangarajan-dr-sagunthala-rd-institute-of-science-technology-530651
usn-hubei-university-of-chinese-medicine-530413,Hubei University of Chinese Medicine,China,,Hubei,,,https://www.usnews.com/education/best-global-universities/hubei-university-of-chinese-medicine-530413
usn-jiangsu-university-of-technology-530339,Jiangsu University of Technology,China,,Jiangsu,,,https://www.usnews.com/education/best-global-universities/jiangsu-university-of-technology-530339
usn-university-of-lethbridge-529030,University of Lethbridge,Canada,North America,Lethbridge,,,https://www.usnews.com/education/best-global-universities/university-of-lethbridge-529030
usn-chengdu-medical-college-530356,Chengdu Medical College,China,,Chengdu,,,https://www.usnews.com/education/best-global-universities/chengdu-medical-college-530356
usn-north-china-university-of-technology-529799,North China University of Technology,China,,Beijing,,,https://www.usnews.com/education/best-global-universities/north-china-university-of-technology-529799
usn-universidad-veracruzana-529598,Universidad Veracruzana,Mexico,Latin America,Xalapa,,,https://www.usnews.com/education/best-global-universities/universidad-veracruzana-529598
usn-university-of-mysore-530426,University of Mysore,India,Asia,Mysuru,,,https://www.usnews.com/education/best-global-universities/university-of-mysore-530426
usn-university-of-north-florida-136172,University of North Florida,United States,North America,Jacksonville,,,https://www.usnews.com/education/best-global-universities/university-of-north-florida-136172
usn-canakkale-onsekiz-mart-university-530086,Canakkale Onsekiz Mart University,Türkiye,Asia,merkez/Çanakkale,,,https://www.usnews.com/education/best-global-universities/canakkale-onsekiz-mart-university-530086
usn-shizuoka-university-503668,Shizuoka University,Japan,Asia,"Suruga-ku, Shizuoka City",,,https://www.usnews.com/education/best-global-universities/shizuoka-university-503668
usn-tottori-university-529530,Tottori University,Japan,Asia,Tottori City,,,https://www.usnews.com/education/best-global-universities/tottori-university-529530
usn-universite-dartois-529974,Universite d'Artois,France,Europe,Arras,,,https://www.usnews.com/education/best-global-universities/universite-dartois-529974
usn-grigore-t-popa-university-of-medicine-and-pharmacy-529245,Grigore T Popa University of Medicine and Pharmacy,Romania,Europe,Iasi,,,https://www.usnews.com/education/best-global-universities/grigore-t-popa-university-of-medicine-and-pharmacy-529245
usn-kwansei-gakuin-university-530072,Kwansei Gakuin University,Japan,Asia,Hyogo,,,https://www.usnews.com/education/best-global-universities/kwansei-gakuin-university-530072
usn-universidade-federal-de-alagoas-529580,Universidade Federal de Alagoas,Brazil,Latin America,Maceio,,,https://www.usnews.com/education/best-global-universities/universidade-federal-de-alagoas-529580
usn-air-force-engineering-university-529837,Air Force Engineering University,China,,Xi'an,,,https://www.usnews.com/education/best-global-universities/air-force-engineering-university-529837
usn-hebei-university-of-engineering-530108,Hebei University of Engineering,China,,Handan,,,https://www.usnews.com/education/best-global-universities/hebei-university-of-engineering-530108
usn-indian-institute-of-science-education-and-research-bhopal-529738,Indian Institute of Science Education and Research - Bhopal,India,Asia,Bhopal,,,https://www.usnews.com/education/best-global-universities/indian-institute-of-science-education-and-research-bhopal-529738
usn-i-shou-university-529910,I Shou University,Taiwan,Asia,Kaohsiung City,,,https://www.usnews.com/education/best-global-universities/i-shou-university-529910
usn-saitama-medical-university-529373,Saitama Medical University,Japan,Asia,Iruma,,,https://www.usnews.com/education/best-global-universities/saitama-medical-university-529373
usn-teikyo-university-529123,Teikyo University,Japan,Asia,Tokyo,,,https://www.usnews.com/education/best-global-universities/teikyo-university-529123
usn-tokyo-university-of-agriculture-504314,Tokyo University of Agriculture,Japan,Asia,Tokyo,,,https://www.usnews.com/education/best-global-universities/tokyo-university-of-agriculture-504314
usn-universidad-industrial-de-santander-530035,Universidad Industrial de Santander,Colombia,Latin America,Bucaramanga,,,https://www.usnews.com/education/best-global-universities/universidad-industrial-de-santander-530035
usn-university-of-basrah-510010,University of Basrah,Iraq,Asia,Basrah,,,https://www.usnews.com/education/best-global-universities/university-of-basrah-510010
usn-yamaguchi-university-505526,Yamaguchi University,Japan,Asia,Yamaguchi City,,,https://www.usnews.com/education/best-global-universities/yamaguchi-university-505526
usn-guangxi-university-of-science-technology-530341,Guangxi University of Science & Technology,China,,Liuzhou,,,https://www.usnews.com/education/best-global-universities/guangxi-university-of-science-technology-530341
usn-kohat-university-of-science-technology-530600,Kohat University of Science & Technology,Pakistan,Asia,Kohat,,,https://www.usnews.com/education/best-global-universities/kohat-university-of-science-technology-530600
usn-sahand-university-of-technology-529513,Sahand University of Technology,Iran,Asia,Tabriz,,,https://www.usnews.com/education/best-global-universities/sahand-university-of-technology-529513
usn-manonmaniam-sundaranar-university-530707,Manonmaniam Sundaranar University,India,Asia,Tirunelveli,,,https://www.usnews.com/education/best-global-universities/manonmaniam-sundaranar-university-530707
usn-maulana-azad-national-institute-of-technology-bhopal-529813,Maulana Azad National Institute of Technology Bhopal,India,Asia,Bhopal,,,https://www.usnews.com/education/best-global-universities/maulana-azad-national-institute-of-technology-bhopal-529813
usn-shandong-jiaotong-university-530656,Shandong Jiaotong University,China,,Jinan,,,https://www.usnews.com/education/best-global-universities/shandong-jiaotong-university-530656
usn-celal-bayar-university-530090,Celal Bayar University,Türkiye,Asia,Manisa,,,https://www.usnews.com/education/best-global-universities/celal-bayar-university-530090
usn-karunya-institute-of-technology-sciences-530316,Karunya Institute of Technology & Sciences,India,Asia,Coimbatore,,,https://www.usnews.com/education/best-global-universities/karunya-institute-of-technology-sciences-530316
usn-national-institute-of-technology-hamirpur-529836,National Institute of Technology Hamirpur,India,Asia,Hamirpur,,,https://www.usnews.com/education/best-global-universities/national-institute-of-technology-hamirpur-529836
usn-izmir-katip-celebi-university-530088,Izmir Katip Celebi University,Türkiye,Asia,Izmir,,,https://www.usnews.com/education/best-global-universities/izmir-katip-celebi-university-530088
usn-jiangxi-science-technology-normal-university-530363,Jiangxi Science & Technology Normal University,China,,Nanchang,,,https://www.usnews.com/education/best-global-universities/jiangxi-science-technology-normal-university-530363
usn-mahatma-gandhi-university-kerala-529968,"Mahatma Gandhi University, Kerala",India,Asia,Kerala,,,https://www.usnews.com/education/best-global-universities/mahatma-gandhi-university-kerala-529968
usn-universidad-michoacana-de-san-nicolas-de-hidalgo-529330,Universidad Michoacana de San Nicolas de Hidalgo,Mexico,Latin America,Morelia,,,https://www.usnews.com/education/best-global-universities/universidad-michoacana-de-san-nicolas-de-hidalgo-529330
usn-shenyang-university-of-chemical-technology-530327,Shenyang University of Chemical Technology,China,,Shenyang,,,https://www.usnews.com/education/best-global-universities/shenyang-university-of-chemical-technology-530327
usn-universite-du-maine-529656,Universite du Maine,France,Europe,Le Mans,,,https://www.usnews.com/education/best-global-universities/universite-du-maine-529656
usn-university-of-pau-and-pays-adour-529180,University of Pau and Pays Adour,France,Europe,Pyrenees-Atlantiques,,,https://www.usnews.com/education/best-global-universities/university-of-pau-and-pays-adour-529180
usn-university-of-szczecin-530291,University of Szczecin,Poland,Europe,Aleja Papieża Jana Pawła,,,https://www.usnews.com/education/best-global-universities/university-of-szczecin-530291
usn-zhengzhou-university-of-aeronautics-530623,Zhengzhou University of Aeronautics,China,,Zhengzhou,,,https://www.usnews.com/education/best-global-universities/zhengzhou-university-of-aeronautics-530623
usn-dong-a-university-529242,Dong A University,South Korea,Asia,Busan,,,https://www.usnews.com/education/best-global-universities/dong-a-university-529242
usn-universidade-do-estado-de-santa-catarina-530008,Universidade do Estado de Santa Catarina,Brazil,Latin America,Florianópolis,,,https://www.usnews.com/education/best-global-universities/universidade-do-estado-de-santa-catarina-530008
usn-abant-izzet-baysal-university-530087,Abant Izzet Baysal University,Türkiye,Asia,Bolu,,,https://www.usnews.com/education/best-global-universities/abant-izzet-baysal-university-530087
usn-heilongjiang-bayi-agricultural-university-530365,Heilongjiang Bayi Agricultural University,China,,Daqing,,,https://www.usnews.com/education/best-global-universities/heilongjiang-bayi-agricultural-university-530365
usn-qinghai-normal-university-530793,Qinghai Normal University,China,,Qinghai,,,https://www.usnews.com/education/best-global-universities/qinghai-normal-university-530793
usn-agricultural-university-lublin-529610,Agricultural University Lublin,Poland,Europe,Lublin,,,https://www.usnews.com/education/best-global-universities/agricultural-university-lublin-529610
usn-gh-asachi-technical-university-529082,GH Asachi Technical University,Romania,Europe,Iasi,,,https://www.usnews.com/education/best-global-universities/gh-asachi-technical-university-529082
usn-shenyang-normal-university-530428,Shenyang Normal University,China,,Shenyang,,,https://www.usnews.com/education/best-global-universities/shenyang-normal-university-530428
usn-chongqing-three-gorges-university-530794,Chongqing Three Gorges University,China,,Wanzhou District,,,https://www.usnews.com/education/best-global-universities/chongqing-three-gorges-university-530794
usn-konya-technical-university-530604,Konya Technical University,Türkiye,Asia,Konya,,,https://www.usnews.com/education/best-global-universities/konya-technical-university-530604
usn-universidad-nacional-de-tucuman-530016,Universidad Nacional de Tucuman,Argentina,Latin America,San Miguel de Tucuman,,,https://www.usnews.com/education/best-global-universities/universidad-nacional-de-tucuman-530016
usn-kalyani-university-530324,Kalyani University,India,Asia,Nadia,,,https://www.usnews.com/education/best-global-universities/kalyani-university-530324
usn-netaji-subhas-university-of-technology-530181,Netaji Subhas University of Technology,India,Asia,Delhi,,,https://www.usnews.com/education/best-global-universities/netaji-subhas-university-of-technology-530181
usn-saitama-university-529191,Saitama University,Japan,Asia,Saitama City,,,https://www.usnews.com/education/best-global-universities/saitama-university-529191
usn-shibaura-institute-of-technology-530300,Shibaura Institute of Technology,Japan,Asia,Tokyo,,,https://www.usnews.com/education/best-global-universities/shibaura-institute-of-technology-530300
usn-university-of-quebec-chicoutimi-530286,University of Quebec Chicoutimi,Canada,North America,Quebec,,,https://www.usnews.com/education/best-global-universities/university-of-quebec-chicoutimi-530286
usn-yangtze-normal-university-529978,Yangtze Normal University,China,,Chongqing,,,https://www.usnews.com/education/best-global-universities/yangtze-normal-university-529978
usn-liaoning-petrochemical-university-530140,Liaoning Petrochemical University,China,,Wanghua,,,https://www.usnews.com/education/best-global-universities/liaoning-petrochemical-university-530140
usn-mie-university-529216,Mie University,Japan,Asia,Tsu,,,https://www.usnews.com/education/best-global-universities/mie-university-529216
usn-national-defense-medical-center-529936,National Defense Medical Center,Taiwan,Asia,Taipei,,,https://www.usnews.com/education/best-global-universities/national-defense-medical-center-529936
usn-sardar-vallabhbhai-national-institute-of-technology-529639,Sardar Vallabhbhai National Institute of Technology,India,Asia,Surat,,,https://www.usnews.com/education/best-global-universities/sardar-vallabhbhai-national-institute-of-technology-529639
usn-vilnius-gediminas-technical-university-529345,Vilnius Gediminas Technical University,Lithuania,Europe,Vilnius,,,https://www.usnews.com/education/best-global-universities/vilnius-gediminas-technical-university-529345
usn-anhui-university-of-chinese-medicine-530364,Anhui University of Chinese Medicine,China,,Hefei,,,https://www.usnews.com/education/best-global-universities/anhui-university-of-chinese-medicine-530364
usn-changchun-university-of-technology-529892,Changchun University of Technology,China,,Changchun,,,https://www.usnews.com/education/best-global-universities/changchun-university-of-technology-529892
usn-jiujiang-university-530795,Jiujiang University,China,,Jiujiang,,,https://www.usnews.com/education/best-global-universities/jiujiang-university-530795
usn-punjabi-university-530135,Punjabi University,India,Asia,Patiala,,,https://www.usnews.com/education/best-global-universities/punjabi-university-530135
usn-universidade-federal-do-triangulo-mineiro-529757,Universidade Federal do Triângulo Mineiro,Brazil,Latin America,Abadia,,,https://www.usnews.com/education/best-global-universities/universidade-federal-do-triangulo-mineiro-529757
usn-ecole-nationale-veterinaire-de-toulouse-529876,Ecole Nationale Veterinaire de Toulouse,France,Europe,Toulouse,,,https://www.usnews.com/education/best-global-universities/ecole-nationale-veterinaire-de-toulouse-529876
usn-kangnung-wonju-national-university-529998,Kangnung Wonju National University,South Korea,Asia,Gangneung,,,https://www.usnews.com/education/best-global-universities/kangnung-wonju-national-university-529998
usn-nanyang-normal-university-529739,Nanyang Normal University,China,,Nanyang,,,https://www.usnews.com/education/best-global-universities/nanyang-normal-university-529739
usn-qiqihar-university-530353,Qiqihar University,China,,Qiqihar,,,https://www.usnews.com/education/best-global-universities/qiqihar-university-530353
usn-universidade-federal-de-ouro-preto-529582,Universidade Federal de Ouro Preto,Brazil,Latin America,Ouro Preto,,,https://www.usnews.com/education/best-global-universities/universidade-federal-de-ouro-preto-529582
usn-baskent-university-529924,Baskent University,Türkiye,Asia,Ankara,,,https://www.usnews.com/education/best-global-universities/baskent-university-529924
usn-hankuk-university-foreign-studies-529503,Hankuk University Foreign Studies,South Korea,Asia,Seoul,,,https://www.usnews.com/education/best-global-universities/hankuk-university-foreign-studies-529503
usn-indian-institute-of-engineering-science-technology-shibpur-529842,Indian Institute of Engineering Science Technology Shibpur,India,Asia,Howrah,,,https://www.usnews.com/education/best-global-universities/indian-institute-of-engineering-science-technology-shibpur-529842
usn-james-madison-university-232423,James Madison University,United States,North America,Harrisonburg,,,https://www.usnews.com/education/best-global-universities/james-madison-university-232423
usn-national-chin-yi-university-of-technology-530340,National Chin-Yi University of Technology,Taiwan,Asia,Taichung City,,,https://www.usnews.com/education/best-global-universities/national-chin-yi-university-of-technology-530340
usn-svkms-nmims-deemed-to-be-university-530414,SVKM's NMIMS (Deemed to be University),India,Asia,Chennai,,,https://www.usnews.com/education/best-global-universities/svkms-nmims-deemed-to-be-university-530414
usn-inonu-university-529951,Inonu University,Türkiye,Asia,Malatya,,,https://www.usnews.com/education/best-global-universities/inonu-university-529951
usn-lucknow-university-530429,Lucknow University,India,Asia,Lucknow,,,https://www.usnews.com/education/best-global-universities/lucknow-university-530429
usn-nigde-omer-halisdemir-university-530337,Nigde Omer Halisdemir University,Türkiye,Asia,Bor Yolu Uzeri 51240 Nigde Center/Nigde,,,https://www.usnews.com/education/best-global-universities/nigde-omer-halisdemir-university-530337
